draw_no,draw_date,number_1,number_2,number_3,number_4,number_5,sales_amount,sales_count,total_prize
99000001,2010-09-06,16,18,35,36,39,6439225,257569,2030625
99000002,2010-09-07,01,11,12,28,32,5781825,231273,2780875
99000003,2010-09-08,03,14,29,33,38,9487025,379481,7974125
99000004,2010-09-09,05,12,14,18,34,9055525,362221,5136250
99000005,2010-09-10,05,13,15,23,31,8951725,358069,4243500
99000006,2010-09-13,03,06,15,24,31,11456325,458253,4662750
99000007,2010-09-14,05,09,24,32,36,8116750,324670,2980000
99000008,2010-09-15,03,11,21,29,39,12127000,485080,5145125
99000009,2010-09-16,03,06,12,14,21,10064950,402598,3573000
99000010,2010-09-17,02,05,09,25,35,8990025,359601,5020750
99000011,2010-09-20,03,08,09,15,28,10931525,437261,10018000
99000012,2010-09-21,02,08,12,30,34,8859550,354382,2976750
99000013,2010-09-22,08,18,23,33,36,10970450,438818,5102875
99000014,2010-09-23,15,28,30,31,36,11031550,441262,3593125
99000015,2010-09-24,02,09,13,21,33,9360200,374408,3510625
99000016,2010-09-27,04,25,30,33,39,11537800,461512,4239625
99000017,2010-09-28,14,26,31,35,37,8208225,328329,5705250
99000018,2010-09-29,02,14,24,34,37,11897675,475907,6197125
99000019,2010-09-30,05,14,16,24,34,9918700,396748,3863125
99000020,2010-10-01,13,24,27,28,35,9298325,371933,6314750
99000021,2010-10-04,09,13,20,34,35,11758750,470350,3250000
99000022,2010-10-05,14,18,23,28,33,8804525,352181,6262125
99000023,2010-10-06,14,16,20,22,29,13314000,532560,6330625
99000024,2010-10-07,02,19,32,33,39,11091500,443660,4700125
99000025,2010-10-08,04,16,18,29,31,9618075,384723,3119375
99000026,2010-10-11,01,06,07,24,35,12011300,480452,6001625
99000027,2010-10-12,01,08,09,23,39,9027875,361115,4166625
99000028,2010-10-13,09,11,21,24,30,13224450,528978,5505625
99000029,2010-10-14,05,17,27,28,29,10551275,422051,8254750
99000030,2010-10-15,01,04,12,24,25,9067450,362698,3894625
99000031,2010-10-18,05,12,27,30,32,11078450,443138,3272500
99000032,2010-10-19,21,23,27,30,36,8079675,323187,3240625
99000033,2010-10-20,09,11,15,29,37,12072600,482904,6830500
99000034,2010-10-21,15,17,18,23,27,9358500,374340,3513000
99000035,2010-10-22,01,03,11,19,32,8500075,340003,3507500
99000036,2010-10-25,02,05,06,30,36,11048700,441948,4576375
99000037,2010-10-26,08,11,12,15,18,7655850,306234,4967750
99000038,2010-10-27,02,07,15,27,35,11348725,453949,5599875
99000039,2010-10-28,01,06,12,33,37,9496950,379878,4228250
99000040,2010-10-29,02,07,11,17,38,8567325,342693,3647000
99000041,2010-11-01,09,15,16,21,29,10688525,427541,5663875
99000042,2010-11-02,04,06,13,19,20,7913225,316529,3899250
99000043,2010-11-03,24,30,31,32,33,11765225,470609,7746000
99000044,2010-11-04,01,08,21,26,39,9412525,376501,4694500
99000045,2010-11-05,01,04,05,24,37,8839950,353598,3155375
99000046,2010-11-08,04,08,12,15,38,11343000,453720,6872375
99000047,2010-11-09,04,14,19,31,38,8383200,335328,1715625
99000048,2010-11-10,07,25,28,33,36,12183125,487325,10341250
99000049,2010-11-11,05,09,24,34,36,10268525,410741,6332500
99000050,2010-11-12,06,08,16,21,23,8988600,359544,5307500
99000051,2010-11-15,05,06,22,32,39,11268850,450754,3947500
99000052,2010-11-16,06,14,24,26,29,8253275,330131,3854875
99000053,2010-11-17,13,15,20,28,36,12312275,492491,6624750
99000054,2010-11-18,01,07,18,30,31,10167200,406688,5900250
99000055,2010-11-19,07,09,13,20,24,8696025,347841,2407375
99000056,2010-11-22,04,08,25,35,36,11409375,456375,6444875
99000057,2010-11-23,01,27,33,38,39,8713800,348552,4718000
99000058,2010-11-24,01,10,16,24,25,12900875,516035,13149625
99000059,2010-11-25,03,12,13,19,39,9413300,376532,5219875
99000060,2010-11-26,04,09,17,18,20,8378300,335132,4129750
99000061,2010-11-29,03,15,19,31,35,10609525,424381,5249750
99000062,2010-11-30,04,12,14,19,32,7690625,307625,3647125
99000063,2010-12-01,03,18,22,23,33,11971300,478852,9109375
99000064,2010-12-02,13,16,18,29,30,10028825,401153,4169000
99000065,2010-12-03,03,16,31,32,35,8839000,353560,3018250
99000066,2010-12-06,07,16,18,20,34,11369100,454764,3743875
99000067,2010-12-07,03,12,25,28,33,8010875,320435,6135375
99000068,2010-12-08,01,17,20,28,36,12210975,488439,4061125
99000069,2010-12-09,12,13,29,33,34,9808250,392330,3540250
99000070,2010-12-10,14,15,25,30,35,8634125,345365,7463250
99000071,2010-12-13,15,20,27,37,38,11488600,459544,6306750
99000072,2010-12-14,01,11,24,25,30,7923225,316929,4325250
99000073,2010-12-15,05,09,20,28,32,11612225,464489,6857750
99000074,2010-12-16,02,21,22,37,38,8878100,355124,5927250
99000075,2010-12-17,05,09,12,16,29,7940575,317623,4349125
99000076,2010-12-20,19,21,22,28,36,10223300,408932,4465125
99000077,2010-12-21,08,20,21,34,39,7811600,312464,4522125
99000078,2010-12-22,01,06,12,17,33,10778425,431137,7129875
99000079,2010-12-23,02,06,08,09,11,10086400,403456,6823250
99000080,2010-12-24,10,12,16,34,38,8038075,321523,4012500
99000081,2010-12-27,03,15,24,26,34,10441625,417665,6859875
99000082,2010-12-28,11,19,22,28,38,7645525,305821,4780750
99000083,2010-12-29,06,20,23,26,35,11983475,479339,5781125
99000084,2010-12-30,08,12,23,28,29,9491800,379672,5699000
99000085,2010-12-31,22,25,30,32,34,8368100,334724,6001500
100000001,2011-01-01,02,13,24,25,36,6097200,243888,3064250
100000002,2011-01-03,11,13,20,25,35,10298125,411925,4542375
100000003,2011-01-04,06,08,10,16,36,7990000,319600,3735750
100000004,2011-01-05,05,17,26,29,32,12281750,491270,7260000
100000005,2011-01-06,07,28,31,32,36,9673375,386935,5343625
100000006,2011-01-07,10,11,18,34,38,8691375,347655,3964250
100000007,2011-01-08,03,10,14,18,35,8317800,332712,4062875
100000008,2011-01-10,04,10,20,32,39,11025550,441022,6048625
100000009,2011-01-11,03,09,13,25,37,7702500,308100,4243500
100000010,2011-01-12,01,02,04,21,32,11667100,466684,6891500
100000011,2011-01-13,05,14,23,31,32,9970200,398808,7588250
100000012,2011-01-14,08,14,27,28,36,8842050,353682,7782500
100000013,2011-01-15,08,17,18,30,36,8846400,353856,2472750
100000014,2011-01-17,02,05,17,28,36,10953725,438149,5517625
100000015,2011-01-18,03,05,11,22,37,8205625,328225,3194875
100000016,2011-01-19,18,20,22,29,33,12502225,500089,6344875
100000017,2011-01-20,04,15,26,28,31,10025025,401001,7237875
100000018,2011-01-21,18,23,31,36,39,8453100,338124,3209500
100000019,2011-01-22,03,20,23,24,37,9746625,389865,4047375
100000020,2011-01-24,04,06,10,19,25,11363875,454555,10489375
100000021,2011-01-25,14,15,18,21,29,8385850,335434,3828250
100000022,2011-01-26,07,12,19,25,35,12751450,510058,10293125
100000023,2011-01-27,05,14,18,20,37,10498375,419935,4668500
100000024,2011-01-28,15,24,33,38,39,9019425,360777,5894750
100000025,2011-01-29,05,20,22,35,38,10738375,429535,3484125
100000026,2011-01-31,09,16,21,25,36,11720450,468818,8126750
100000027,2011-02-01,18,23,26,32,39,8590425,343617,5404375
100000028,2011-02-02,06,08,16,22,26,11249825,449993,4801250
100000029,2011-02-03,11,12,22,24,39,9458175,378327,3653875
100000030,2011-02-04,09,17,25,32,37,8019075,320763,4913125
100000031,2011-02-05,08,30,32,37,38,11011100,440444,3537000
100000032,2011-02-07,02,13,19,28,37,11278625,451145,8203750
100000033,2011-02-08,04,19,24,28,35,7669350,306774,3300375
100000034,2011-02-09,05,17,22,36,39,13133025,525321,7069500
100000035,2011-02-10,02,03,10,20,28,11459925,458397,6237875
100000036,2011-02-11,18,26,28,29,39,9424675,376987,4965375
100000037,2011-02-12,12,17,22,26,27,11884325,475373,5713750
100000038,2011-02-14,01,07,19,27,38,12282325,491293,7639000
100000039,2011-02-15,03,11,18,30,37,9004575,360183,5286125
100000040,2011-02-16,02,08,21,22,36,13755550,550222,10404000
100000041,2011-02-17,25,29,33,34,37,11679125,467165,8684750
100000042,2011-02-18,03,06,08,23,24,9565675,382627,6388250
100000043,2011-02-19,08,13,23,26,37,11308000,452320,4136250
100000044,2011-02-21,11,19,26,30,33,12371350,494854,5226375
100000045,2011-02-22,07,26,34,36,38,9026300,361052,3882000
100000046,2011-02-23,01,04,17,24,37,13732950,549318,8016000
100000047,2011-02-24,05,11,14,18,20,11061225,442449,14977000
100000048,2011-02-25,08,13,24,31,38,9771100,390844,3864250
100000049,2011-02-26,04,08,18,22,25,10974675,438987,4871000
100000050,2011-02-28,01,07,17,20,35,11671250,466850,3946500
100000051,2011-03-01,06,30,36,37,38,8668250,346730,5260250
100000052,2011-03-02,07,14,23,27,34,13386325,535453,7941375
100000053,2011-03-03,03,04,07,21,38,11082850,443314,4211875
100000054,2011-03-04,08,12,33,36,39,9534200,381368,8265250
100000055,2011-03-05,02,06,14,33,37,11601975,464079,4065625
100000056,2011-03-07,06,08,10,28,32,12453450,498138,8818625
100000057,2011-03-08,02,11,12,18,36,9552975,382119,5142125
100000058,2011-03-09,07,08,31,32,34,14086150,563446,5227625
100000059,2011-03-10,04,09,24,25,35,11416225,456649,12646750
100000060,2011-03-11,05,09,14,25,38,10336525,413461,8258250
100000061,2011-03-12,13,15,25,28,37,12760175,510407,11688375
100000062,2011-03-14,05,16,19,28,35,12945600,517824,7895000
100000063,2011-03-15,06,09,23,31,39,9676950,387078,3686625
100000064,2011-03-16,09,16,20,33,34,14293250,571730,4730375
100000065,2011-03-17,11,21,23,29,30,11145550,445822,7804750
100000066,2011-03-18,22,33,36,38,39,10041175,401647,9233750
100000067,2011-03-19,02,09,13,25,29,12512025,500481,4340250
100000068,2011-03-21,05,11,14,29,38,12783500,511340,4758625
100000069,2011-03-22,08,18,27,29,39,9330775,373231,5823750
100000070,2011-03-23,05,12,13,14,21,13844075,553763,6370875
100000071,2011-03-24,04,17,18,30,34,10636850,425474,4180375
100000072,2011-03-25,07,22,23,26,39,9273150,370926,6487500
100000073,2011-03-26,02,06,19,23,35,10843150,433726,5292875
100000074,2011-03-28,06,25,27,28,29,11864950,474598,7728375
100000075,2011-03-29,04,18,28,31,35,8851825,354073,2872125
100000076,2011-03-30,01,03,16,27,32,13225150,529006,19846000
100000077,2011-03-31,21,22,29,33,36,10773750,430950,7960000
100000078,2011-04-01,06,07,28,31,36,9680775,387231,4014750
100000079,2011-04-02,02,12,19,33,34,11344125,453765,5685125
100000080,2011-04-04,05,07,18,22,31,11360800,454432,4212000
100000081,2011-04-05,07,10,11,13,39,8114875,324595,4120750
100000082,2011-04-06,11,13,17,20,23,13497950,539918,5668750
100000083,2011-04-07,04,07,21,22,35,11282775,451311,4840750
100000084,2011-04-08,10,13,18,25,33,9984175,399367,4033000
100000085,2011-04-09,05,10,26,28,34,12986375,519455,6070250
100000086,2011-04-11,03,09,21,31,32,12999875,519995,6136875
100000087,2011-04-12,05,12,21,35,37,9497775,379911,3736125
100000088,2011-04-13,06,11,26,30,32,13734175,549367,4402000
100000089,2011-04-14,05,08,24,35,37,11134800,445392,7599000
100000090,2011-04-15,08,11,16,30,37,9423525,376941,2459125
100000091,2011-04-16,05,12,28,30,35,11210875,448435,7290500
100000092,2011-04-18,04,10,24,28,30,12075950,483038,3415500
100000093,2011-04-19,01,15,32,34,38,9061075,362443,11032750
100000094,2011-04-20,02,05,12,15,35,13299700,531988,7586875
100000095,2011-04-21,02,20,31,36,37,10971200,438848,4608000
100000096,2011-04-22,09,11,14,23,26,9261300,370452,9964000
100000097,2011-04-23,16,21,29,30,33,11173375,446935,10952375
100000098,2011-04-25,06,10,14,23,32,12360475,494419,8879375
100000099,2011-04-26,14,15,29,33,38,8858875,354355,2685250
100000100,2011-04-27,02,06,19,38,39,13071775,522871,4659625
100000101,2011-04-28,01,16,24,32,38,10547875,421915,2955375
100000102,2011-04-29,04,27,28,36,38,8877700,355108,7426875
100000103,2011-04-30,02,03,06,24,39,10786150,431446,3400625
100000104,2011-05-02,02,19,24,33,36,10979325,439173,3061125
100000105,2011-05-03,01,05,07,08,37,8169450,326778,8050375
100000106,2011-05-04,02,09,11,24,26,12517525,500701,6619250
100000107,2011-05-05,02,04,15,19,35,11041175,441647,4098375
100000108,2011-05-06,04,09,25,31,32,9376550,375062,4184875
100000109,2011-05-07,11,12,16,21,24,11965200,478608,6537000
100000110,2011-05-09,02,12,24,33,38,11847075,473883,6100500
100000111,2011-05-10,02,22,24,31,36,9391125,375645,6108500
100000112,2011-05-11,03,07,16,35,36,14116725,564669,4539250
100000113,2011-05-12,01,14,18,30,34,11069250,442770,8984625
100000114,2011-05-13,03,06,13,18,23,9317725,372709,6362750
100000115,2011-05-14,02,05,12,26,30,10618775,424751,6941000
100000116,2011-05-16,18,19,20,31,38,11675200,467008,5223125
100000117,2011-05-17,02,03,07,18,27,8679700,347188,3072375
100000118,2011-05-18,09,18,22,33,39,13043475,521739,8099750
100000119,2011-05-19,05,16,26,27,37,11835850,473434,5532125
100000120,2011-05-20,07,21,33,36,37,8953450,358138,3676250
100000121,2011-05-21,12,19,25,29,32,11759600,470384,8384500
100000122,2011-05-23,14,15,17,33,35,11537300,461492,9745375
100000123,2011-05-24,04,25,28,36,39,8794725,351789,10926375
100000124,2011-05-25,02,12,16,36,37,13078575,523143,8830125
100000125,2011-05-26,20,26,34,35,37,10699350,427974,4561875
100000126,2011-05-27,01,12,13,21,25,8886125,355445,5051875
100000127,2011-05-28,04,05,09,34,39,10515175,420607,4520125
100000128,2011-05-30,01,02,11,34,36,11331475,453259,4636125
100000129,2011-05-31,03,08,27,35,39,8449000,337960,6730875
100000130,2011-06-01,05,11,15,29,39,12302750,492110,4329750
100000131,2011-06-02,12,15,23,24,28,10217500,408700,8715000
100000132,2011-06-03,01,15,24,25,30,8921175,356847,3224125
100000133,2011-06-04,22,23,24,34,38,10711475,428459,4296375
100000134,2011-06-06,09,22,31,32,34,10251175,410047,4154625
100000135,2011-06-07,03,05,13,14,17,8323025,332921,5439250
100000136,2011-06-08,13,22,23,29,30,12705175,508207,3444750
100000137,2011-06-09,23,26,28,29,35,10299950,411998,6726000
100000138,2011-06-10,04,16,21,25,36,9061100,362444,9209500
100000139,2011-06-11,08,15,17,29,37,12180800,487232,6845375
100000140,2011-06-13,01,02,09,23,38,12038425,481537,6641750
100000141,2011-06-14,23,25,26,33,36,8903075,356123,4708875
100000142,2011-06-15,13,14,15,26,32,12821475,512859,5822750
100000143,2011-06-16,14,26,29,37,38,10648675,425947,3344500
100000144,2011-06-17,06,16,24,35,38,8780700,351228,4281625
100000145,2011-06-18,02,06,15,21,34,10486700,419468,3811250
100000146,2011-06-20,09,13,14,19,35,11157125,446285,3687750
100000147,2011-06-21,05,07,13,15,31,8421400,336856,3884500
100000148,2011-06-22,19,23,25,34,39,12217925,488717,6597625
100000149,2011-06-23,04,21,27,36,39,10205800,408232,5050000
100000150,2011-06-24,12,23,25,26,33,8947025,357881,6539625
100000151,2011-06-25,14,22,24,32,38,10837450,433498,11752000
100000152,2011-06-27,04,05,12,15,20,11547250,461890,5240125
100000153,2011-06-28,19,22,28,31,39,8385525,335421,3968750
100000154,2011-06-29,01,02,05,27,35,12225450,489018,7256875
100000155,2011-06-30,02,04,07,14,30,10555100,422204,4108125
100000156,2011-07-01,01,02,10,17,28,8885500,355420,6081250
100000157,2011-07-02,03,12,31,34,36,10507350,420294,7339250
100000158,2011-07-04,01,02,06,17,30,11149750,445990,3495250
100000159,2011-07-05,02,05,21,23,36,8554600,342184,4949625
100000160,2011-07-06,02,09,26,34,36,12882825,515313,4425750
100000161,2011-07-07,03,20,28,35,39,10519775,420791,8265750
100000162,2011-07-08,04,08,15,18,38,9413675,376547,12466125
100000163,2011-07-09,09,21,22,25,30,11226750,449070,5955625
100000164,2011-07-11,01,03,12,14,18,11901100,476044,5337875
100000165,2011-07-12,10,14,17,21,31,8742200,349688,3726750
100000166,2011-07-13,09,14,21,32,36,12281550,491262,3463875
100000167,2011-07-14,08,09,18,24,33,10201900,408076,5115125
100000168,2011-07-15,07,13,14,20,33,8587425,343497,3370500
100000169,2011-07-16,08,27,29,32,36,10386550,415462,3614625
100000170,2011-07-18,02,12,14,29,39,11005825,440233,5213875
100000171,2011-07-19,02,14,32,33,39,8497475,339899,4236250
100000172,2011-07-20,16,17,26,31,39,12338225,493529,4443375
100000173,2011-07-21,14,15,20,27,30,9979625,399185,4622000
100000174,2011-07-22,03,05,10,15,37,8975550,359022,6918625
100000175,2011-07-23,05,20,26,27,31,10985600,439424,2639000
100000176,2011-07-25,05,09,14,18,35,10591575,423663,5142375
100000177,2011-07-26,01,17,32,34,36,8444125,337765,5817000
100000178,2011-07-27,20,21,23,26,33,12243600,489744,7976125
100000179,2011-07-28,04,09,27,30,36,10155700,406228,4786625
100000180,2011-07-29,03,04,16,20,27,8982975,359319,1899000
100000181,2011-07-30,01,06,10,13,17,10360250,414410,5560500
100000182,2011-08-01,01,10,12,19,24,11171250,446850,5906750
100000183,2011-08-02,03,13,22,25,39,8639975,345599,6877000
100000184,2011-08-03,03,04,13,14,39,12140600,485624,7592375
100000185,2011-08-04,09,10,33,37,38,10348150,413926,7072625
100000186,2011-08-05,14,18,22,25,33,9276025,371041,3842875
100000187,2011-08-06,14,19,23,24,28,11095750,443830,8069000
100000188,2011-08-08,13,15,18,37,39,11738975,469559,6225250
100000189,2011-08-09,07,14,22,29,35,9005900,360236,4846125
100000190,2011-08-10,16,17,20,22,26,13255425,530217,10300000
100000191,2011-08-11,09,13,14,19,37,11224075,448963,6594000
100000192,2011-08-12,20,29,34,37,39,9728575,389143,3045375
100000193,2011-08-13,04,06,10,18,28,11477700,459108,5189375
100000194,2011-08-15,16,23,33,36,38,11684850,467394,9937125
100000195,2011-08-16,01,10,18,21,22,9248375,369935,3339000
100000196,2011-08-17,03,14,15,20,28,12958875,518355,9395375
100000197,2011-08-18,07,08,16,19,34,11121200,444848,5633625
100000198,2011-08-19,08,11,13,30,38,9194000,367760,5519250
100000199,2011-08-20,02,07,21,24,31,10742750,429710,7344875
100000200,2011-08-22,09,13,26,27,38,11186400,447456,4700125
100000201,2011-08-23,07,14,15,23,30,8265725,330629,5008125
100000202,2011-08-24,13,16,22,35,39,12499575,499983,7342250
100000203,2011-08-25,02,03,05,22,37,10618300,424732,7728500
100000204,2011-08-26,15,22,28,32,36,8561075,342443,7782250
100000205,2011-08-27,01,02,12,29,35,10529525,421181,9403375
100000206,2011-08-29,04,07,11,21,34,10517475,420699,10216000
100000207,2011-08-30,06,08,10,22,36,7953575,318143,6330000
100000208,2011-08-31,06,17,25,34,37,12617375,504695,6988750
100000209,2011-09-01,12,22,32,37,38,10692825,427713,5991000
100000210,2011-09-02,03,04,10,11,18,8740450,349618,4262250
100000211,2011-09-03,19,22,33,34,37,11255900,450236,7175625
100000212,2011-09-05,02,11,22,28,35,11686500,467460,7530500
100000213,2011-09-06,25,30,32,33,34,9330825,373233,5443000
100000214,2011-09-07,09,20,23,27,29,13183325,527333,17046250
100000215,2011-09-08,02,15,17,21,36,11358300,454332,9499000
100000216,2011-09-09,14,18,26,28,36,9649075,385963,9006250
100000217,2011-09-10,02,03,17,23,35,12156375,486255,4923500
100000218,2011-09-12,12,18,22,24,39,11595650,463826,10290875
100000219,2011-09-13,01,04,09,10,16,9270200,370808,7855375
100000220,2011-09-14,13,16,19,23,36,13326175,533047,9425875
100000221,2011-09-15,05,14,19,30,34,11541125,461645,5940750
100000222,2011-09-16,13,18,23,27,38,9298375,371935,4738375
100000223,2011-09-17,04,15,27,28,38,11478675,459147,6415000
100000224,2011-09-19,05,11,22,28,35,12029800,481192,9255625
100000225,2011-09-20,14,16,32,34,37,9059800,362392,7926125
100000226,2011-09-21,04,05,07,15,16,13598600,543944,4594375
100000227,2011-09-22,01,10,20,29,32,11092100,443684,6176875
100000228,2011-09-23,02,07,15,25,34,9557700,382308,5262500
100000229,2011-09-24,19,20,23,29,39,11374950,454998,4786750
100000230,2011-09-26,04,08,14,29,33,12013750,480550,6251125
100000231,2011-09-27,05,07,14,34,35,8857200,354288,4494250
100000232,2011-09-28,07,13,16,27,28,13143500,525740,7787750
100000233,2011-09-29,06,12,14,15,28,11951000,478040,9038000
100000234,2011-09-30,04,14,21,27,37,10029200,401168,3742625
100000235,2011-10-01,02,09,13,23,27,12003000,480120,6343375
100000236,2011-10-03,15,16,22,31,39,11803150,472126,7233500
100000237,2011-10-04,02,12,18,34,38,9192425,367697,5002750
100000238,2011-10-05,17,22,23,33,36,14192150,567686,11180875
100000239,2011-10-06,11,14,19,37,38,13112850,524514,9154750
100000240,2011-10-07,09,12,23,30,33,10854725,434189,3082500
100000241,2011-10-08,07,10,19,27,33,12432725,497309,3755250
100000242,2011-10-10,02,18,20,33,34,12376700,495068,6016000
100000243,2011-10-11,09,15,20,25,29,9757575,390303,5298125
100000244,2011-10-12,04,14,33,34,37,13940425,557617,12620875
100000245,2011-10-13,06,19,31,35,39,11916300,476652,6074750
100000246,2011-10-14,01,17,24,33,34,10135275,405411,6144500
100000247,2011-10-15,11,17,22,26,31,12571025,502841,5688875
100000248,2011-10-17,11,30,33,38,39,12672375,506895,6371750
100000249,2011-10-18,01,13,18,23,26,9906225,396249,5643875
100000250,2011-10-19,15,16,21,23,29,13984550,559382,7671000
100000251,2011-10-20,14,22,23,34,39,11507200,460288,9594000
100000252,2011-10-21,20,21,24,33,37,10681300,427252,5872375
100000253,2011-10-22,02,12,24,35,39,12467525,498701,8219125
100000254,2011-10-24,05,21,27,31,34,12826975,513079,5647125
100000255,2011-10-25,06,11,28,35,39,9847550,393902,4243500
100000256,2011-10-26,01,11,13,22,36,14218675,568747,8747250
100000257,2011-10-27,02,16,24,32,35,12142075,485683,5162500
100000258,2011-10-28,02,11,16,20,27,10268050,410722,2472500
100000259,2011-10-29,03,14,16,25,37,11521300,460852,9085000
100000260,2011-10-31,03,12,16,27,38,12491950,499678,3838375
100000261,2011-11-01,07,08,26,34,37,9102275,364091,6454000
100000262,2011-11-02,10,15,16,23,38,13298875,531955,8446750
100000263,2011-11-03,08,19,21,36,39,11360450,454418,5307750
100000264,2011-11-04,02,21,33,37,38,9907075,396283,6907375
100000265,2011-11-05,02,05,07,18,34,13115375,524615,6465250
100000266,2011-11-07,07,16,34,37,39,12012650,480506,7128500
100000267,2011-11-08,13,16,18,21,27,9619225,384769,4198500
100000268,2011-11-09,12,20,23,27,28,13200550,528022,10610250
100000269,2011-11-10,01,07,08,27,28,11488800,459552,3382625
100000270,2011-11-11,04,11,19,22,33,10109125,404365,15127875
100000271,2011-11-12,14,21,24,33,35,12882350,515294,10571875
100000272,2011-11-14,03,05,10,14,30,13690250,547610,7221875
100000273,2011-11-15,04,08,09,21,38,9664300,386572,4613375
100000274,2011-11-16,12,27,28,29,32,14134625,565385,9708625
100000275,2011-11-17,05,11,19,20,36,11910525,476421,4659625
100000276,2011-11-18,10,26,28,34,37,10566450,422658,9107875
100000277,2011-11-19,05,06,08,09,16,12045150,481806,7625750
100000278,2011-11-21,03,04,09,23,25,13079075,523163,7569125
100000279,2011-11-22,02,04,10,14,21,10086500,403460,6295125
100000280,2011-11-23,02,16,18,28,36,14107275,564291,6394250
100000281,2011-11-24,07,09,20,26,34,11978275,479131,7362375
100000282,2011-11-25,06,09,12,19,30,10714475,428579,3472625
100000283,2011-11-26,12,16,18,22,25,11941425,477657,5211750
100000284,2011-11-28,05,09,15,27,30,13058000,522320,5178250
100000285,2011-11-29,03,07,12,19,37,9917625,396705,3865375
100000286,2011-11-30,05,12,21,22,24,14016850,560674,6190625
100000287,2011-12-01,06,10,13,15,20,11545875,461835,6045625
100000288,2011-12-02,01,12,18,24,37,9976650,399066,3756375
100000289,2011-12-03,05,13,14,32,33,11861400,474456,5477500
100000290,2011-12-05,06,15,26,31,38,12381750,495270,7808375
100000291,2011-12-06,18,19,28,35,38,10201350,408054,5809375
100000292,2011-12-07,12,13,15,29,34,14438825,577553,6834250
100000293,2011-12-08,04,05,19,23,34,12103125,484125,4397625
100000294,2011-12-09,15,24,27,33,35,10326500,413060,7249250
100000295,2011-12-10,08,19,31,35,37,12469800,498792,5830375
100000296,2011-12-12,05,06,07,16,22,13252700,530108,6683625
100000297,2011-12-13,12,13,27,28,32,9932925,397317,7609000
100000298,2011-12-14,05,06,18,20,30,14051850,562074,6301000
100000299,2011-12-15,05,07,22,26,31,12159150,486366,3485000
100000300,2011-12-16,06,13,27,28,29,10218725,408749,12787875
100000301,2011-12-17,01,07,17,20,35,13172000,526880,6034250
100000302,2011-12-19,07,08,17,28,34,13014525,520581,5028500
100000303,2011-12-20,02,05,07,15,17,9912225,396489,4357000
100000304,2011-12-21,02,07,17,25,32,14136850,565474,6938750
100000305,2011-12-22,03,10,19,23,33,11594825,463793,6735125
100000306,2011-12-23,01,10,23,27,32,10333050,413322,4672500
100000307,2011-12-24,23,24,29,35,38,11618025,464721,5034375
100000308,2011-12-26,07,22,27,30,33,11690625,467625,5767250
100000309,2011-12-27,02,04,05,19,36,9884250,395370,5509000
100000310,2011-12-28,03,04,20,24,28,13916225,556649,7112875
100000311,2011-12-29,03,13,16,21,30,11323650,452946,4158000
100000312,2011-12-30,05,15,17,28,38,9710050,388402,5696375
100000313,2011-12-31,08,18,19,26,30,12545575,501823,6300875
101000001,2012-01-02,16,30,31,32,35,12358225,494329,4151250
101000002,2012-01-03,01,14,25,29,36,8899400,355976,6579875
101000003,2012-01-04,03,09,16,25,31,12799325,511973,3761375
101000004,2012-01-05,10,17,21,34,39,10745375,429815,7940875
101000005,2012-01-06,07,08,15,25,29,9243525,369741,3886500
101000006,2012-01-07,03,13,16,24,27,12124550,484982,7059000
101000007,2012-01-09,02,04,10,14,35,13028625,521145,9862125
101000008,2012-01-10,02,05,21,33,39,10436400,417456,5370625
101000009,2012-01-11,06,19,29,38,39,14975775,599031,6277375
101000010,2012-01-12,02,10,13,26,38,12094525,483781,2631250
101000011,2012-01-13,01,04,17,31,35,10658050,426322,4788875
101000012,2012-01-14,09,17,32,34,38,12574275,502971,4818250
101000013,2012-01-16,03,09,18,28,29,12919425,516777,7556250
101000014,2012-01-17,04,17,22,33,37,10265500,410620,9069000
101000015,2012-01-18,04,05,22,27,31,14838850,593554,6145375
101000016,2012-01-19,04,05,13,19,29,11980675,479227,5210375
101000017,2012-01-20,18,23,28,29,30,10436900,417476,6020625
101000018,2012-01-21,06,17,18,33,38,14472300,578892,5852125
101000019,2012-01-23,02,07,18,28,29,12299400,491976,6719375
101000020,2012-01-24,17,20,22,26,37,10064300,402572,5992625
101000021,2012-01-25,09,26,30,35,39,14069925,562797,6954000
101000022,2012-01-26,08,10,18,26,36,12343900,493756,7522500
101000023,2012-01-27,09,16,22,31,37,11036875,441475,5238625
101000024,2012-01-28,02,13,20,22,34,15354925,614197,8265875
101000025,2012-01-30,08,21,32,33,38,14890025,595601,8904000
101000026,2012-01-31,12,23,26,31,34,11127600,445104,8995125
101000027,2012-02-01,04,08,12,32,36,16349975,653999,5508875
101000028,2012-02-02,07,16,21,29,30,13294425,531777,5557250
101000029,2012-02-03,07,08,23,33,39,11058775,442351,4527875
101000030,2012-02-04,12,14,28,32,37,14954600,598184,12021250
101000031,2012-02-06,01,25,26,30,37,15243575,609743,5360500
101000032,2012-02-07,06,10,24,28,36,10285075,411403,8976125
101000033,2012-02-08,03,08,26,32,39,14504225,580169,5066875
101000034,2012-02-09,07,14,16,17,38,12775100,511004,7337750
101000035,2012-02-10,07,08,15,17,37,11190075,447603,15975875
101000036,2012-02-11,01,04,09,15,29,15514050,620562,7131875
101000037,2012-02-13,02,06,07,20,26,14373775,574951,6197500
101000038,2012-02-14,03,04,20,21,22,10487475,419499,4304125
101000039,2012-02-15,02,08,12,16,33,15101400,604056,10829625
101000040,2012-02-16,06,07,13,15,21,13294075,531763,6197375
101000041,2012-02-17,13,17,32,36,39,10984575,439383,4499875
101000042,2012-02-18,09,16,21,37,39,13684275,547371,4676500
101000043,2012-02-20,07,25,27,28,35,14781475,591259,12951375
101000044,2012-02-21,08,10,22,26,27,11370600,454824,6064875
101000045,2012-02-22,03,23,25,30,32,16391025,655641,11040375
101000046,2012-02-23,05,12,16,33,35,13411475,536459,9244750
101000047,2012-02-24,09,24,34,37,38,12131025,485241,14499125
101000048,2012-02-25,22,26,31,35,37,13777650,551106,7023625
101000049,2012-02-27,02,12,18,26,37,13995925,559837,4808250
101000050,2012-02-28,15,20,26,35,38,10319625,412785,3829500
101000051,2012-02-29,06,14,29,30,35,15262075,610483,6882750
101000052,2012-03-01,05,09,10,13,15,13078750,523150,9597500
101000053,2012-03-02,03,10,20,27,38,11447075,457883,3199375
101000054,2012-03-03,01,13,23,25,36,14583625,583345,8792500
101000055,2012-03-05,08,11,15,27,36,14640925,585637,6684625
101000056,2012-03-06,13,18,20,22,23,11008375,440335,4276125
101000057,2012-03-07,03,04,15,19,20,15564000,622560,8078000
101000058,2012-03-08,03,04,09,21,34,12922475,516899,5781000
101000059,2012-03-09,16,22,27,30,36,11227350,449094,4561625
101000060,2012-03-10,10,29,32,34,36,14088775,563551,6137875
101000061,2012-03-12,04,24,29,32,35,13382050,535282,4287125
101000062,2012-03-13,15,16,27,29,38,10172850,406914,4694250
101000063,2012-03-14,06,07,08,10,12,14600175,584007,12626125
101000064,2012-03-15,15,24,25,29,30,12583475,503339,4447000
101000065,2012-03-16,10,20,23,30,36,10668950,426758,6256375
101000066,2012-03-17,12,15,18,23,36,13176025,527041,7681375
101000067,2012-03-19,05,10,26,29,35,13831225,553249,7865750
101000068,2012-03-20,06,10,13,17,25,10484275,419371,4270250
101000069,2012-03-21,22,26,27,32,35,14661975,586479,7452750
101000070,2012-03-22,09,12,13,19,24,12599425,503977,6003500
101000071,2012-03-23,02,03,08,19,30,10742000,429680,5196125
101000072,2012-03-24,08,27,31,32,39,12200675,488027,4545875
101000073,2012-03-26,12,15,24,32,37,13025800,521032,5789125
101000074,2012-03-27,14,15,17,30,32,10057350,402294,2486250
101000075,2012-03-28,12,20,22,31,36,14392625,575705,5857625
101000076,2012-03-29,01,13,18,23,39,12168275,486731,7257250
101000077,2012-03-30,01,02,03,09,38,10601925,424077,6908375
101000078,2012-03-31,08,09,15,21,36,11992500,479700,6201625
101000079,2012-04-02,03,05,13,27,32,13109975,524399,6165875
101000080,2012-04-03,18,19,21,27,30,9963850,398554,3093500
101000081,2012-04-04,11,24,28,37,39,12822850,512914,10555500
101000082,2012-04-05,01,08,09,15,32,11730250,469210,5989250
101000083,2012-04-06,17,21,22,29,36,10519075,420763,6391750
101000084,2012-04-07,04,18,24,29,32,13153275,526131,4796875
101000085,2012-04-09,02,09,13,15,25,12872075,514883,8337625
101000086,2012-04-10,05,17,19,27,33,10427900,417116,5430000
101000087,2012-04-11,04,16,19,22,32,14513000,580520,5146750
101000088,2012-04-12,04,06,13,36,37,12264775,490591,4737125
101000089,2012-04-13,01,15,29,37,38,10301625,412065,4880000
101000090,2012-04-14,03,17,27,28,36,12266525,490661,7476375
101000091,2012-04-16,03,11,13,19,21,12801800,512072,4729250
101000092,2012-04-17,03,09,10,28,33,9596375,383855,3444500
101000093,2012-04-18,24,29,30,33,38,13204050,528162,7922500
101000094,2012-04-19,04,14,19,25,30,11551975,462079,5678500
101000095,2012-04-20,02,11,18,31,33,10028675,401147,3603250
101000096,2012-04-21,02,04,05,13,32,12899350,515974,7252750
101000097,2012-04-23,03,20,25,34,36,12523175,500927,7976625
101000098,2012-04-24,06,11,22,24,30,9493675,379747,4868250
101000099,2012-04-25,13,14,21,31,33,13097700,523908,7804875
101000100,2012-04-26,01,02,08,11,14,11097750,443910,4000250
101000101,2012-04-27,08,15,17,26,32,9476050,379042,9080875
101000102,2012-04-28,04,17,21,29,35,11856275,474251,5822625
101000103,2012-04-30,04,08,09,13,32,12301775,492071,6322250
101000104,2012-05-01,02,04,13,17,29,9156000,366240,4510625
101000105,2012-05-02,03,07,22,24,39,12955875,518235,7421625
101000106,2012-05-03,05,14,25,28,36,11456175,458247,11505500
101000107,2012-05-04,04,08,19,31,38,10204400,408176,5061250
101000108,2012-05-05,08,13,20,27,37,12436275,497451,7738500
101000109,2012-05-07,17,20,22,24,37,12984275,519371,4775500
101000110,2012-05-08,07,16,22,28,31,9957175,398287,3366875
101000111,2012-05-09,14,17,23,25,33,13715750,548630,9079875
101000112,2012-05-10,03,05,06,17,30,11826650,473066,6838500
101000113,2012-05-11,06,18,20,25,38,10404950,416198,2948500
101000114,2012-05-12,04,16,21,34,38,12710475,508419,4259125
101000115,2012-05-14,15,21,24,32,34,12074325,482973,5536125
101000116,2012-05-15,08,14,27,29,34,9446675,377867,5203125
101000117,2012-05-16,03,08,16,20,35,13276425,531057,4116375
101000118,2012-05-17,13,14,21,38,39,10741650,429666,4049875
101000119,2012-05-18,04,11,12,34,38,9611925,384477,4830500
101000120,2012-05-19,12,14,18,28,31,12102725,484109,4488625
101000121,2012-05-21,06,13,19,22,23,12189050,487562,7625250
101000122,2012-05-22,07,09,18,19,37,9293475,371739,4335625
101000123,2012-05-23,06,07,10,37,39,13155475,526219,4461500
101000124,2012-05-24,09,23,24,36,39,10815375,432615,5829625
101000125,2012-05-25,06,10,16,25,32,9452025,378081,4538000
101000126,2012-05-26,14,20,25,29,38,11244175,449767,5028625
101000127,2012-05-28,01,04,05,10,32,11658050,466322,7261750
101000128,2012-05-29,05,07,14,25,33,8874450,354978,3919250
101000129,2012-05-30,05,07,10,20,39,12698350,507934,4591000
101000130,2012-05-31,14,18,23,31,39,10535000,421400,4680000
101000131,2012-06-01,01,11,28,36,38,9606225,384249,5375000
101000132,2012-06-02,01,06,14,16,18,11495250,459810,3827000
101000133,2012-06-04,09,13,17,19,34,11733050,469322,11326000
101000134,2012-06-05,13,18,21,23,35,9862375,394495,4794500
101000135,2012-06-06,01,11,13,25,29,13874525,554981,4688750
101000136,2012-06-07,03,33,34,37,39,11342475,453699,9253000
101000137,2012-06-08,02,03,10,21,27,9908725,396349,3978000
101000138,2012-06-09,02,15,19,23,24,12253825,490153,6684625
101000139,2012-06-11,08,30,34,37,38,12108375,484335,9064625
101000140,2012-06-12,05,13,24,31,35,8648525,345941,4930250
101000141,2012-06-13,01,05,09,17,25,13365925,534637,6586375
101000142,2012-06-14,04,17,28,31,33,11513100,460524,4811500
101000143,2012-06-15,03,04,10,31,38,9625375,385015,3058875
101000144,2012-06-16,07,09,23,32,38,11597625,463905,6134625
101000145,2012-06-18,09,12,14,18,26,12269200,490768,15320250
101000146,2012-06-19,05,08,27,29,30,8765525,350621,8744250
101000147,2012-06-20,05,07,16,23,37,11711750,468470,4906000
101000148,2012-06-21,05,06,10,36,38,10805250,432210,6585500
101000149,2012-06-22,04,08,11,12,16,9834200,393368,4660750
101000150,2012-06-23,01,07,16,25,32,11472625,458905,5116750
101000151,2012-06-25,04,21,28,33,37,11578450,463138,7218875
101000152,2012-06-26,09,10,27,35,39,9120225,364809,5377375
101000153,2012-06-27,01,02,06,21,37,13068300,522732,4977750
101000154,2012-06-28,04,10,25,26,27,10394875,415795,4090375
101000155,2012-06-29,03,16,20,25,37,9209500,368380,3917000
101000156,2012-06-30,03,05,07,27,38,11198375,447935,6592375
101000157,2012-07-02,02,06,10,13,27,11300750,452030,5102875
101000158,2012-07-03,08,09,16,26,30,8603675,344147,4115250
101000159,2012-07-04,05,19,24,28,35,12278650,491146,10261000
101000160,2012-07-05,04,21,26,36,39,11040350,441614,6080375
101000161,2012-07-06,05,24,25,29,36,9671800,386872,3607875
101000162,2012-07-07,01,17,30,34,35,11830650,473226,5766375
101000163,2012-07-09,03,04,13,15,26,11799350,471974,6620625
101000164,2012-07-10,08,10,12,17,34,9382175,375287,4285125
101000165,2012-07-11,06,15,18,34,37,13376575,535063,5599875
101000166,2012-07-12,03,05,12,21,33,10826925,433077,5253625
101000167,2012-07-13,13,15,17,19,21,9373625,374945,4724750
101000168,2012-07-14,05,11,23,32,38,11270750,450830,10219875
101000169,2012-07-16,07,31,33,36,37,11605625,464225,7977000
101000170,2012-07-17,01,11,13,22,37,8944500,357780,5556875
101000171,2012-07-18,04,08,26,28,35,13116250,524650,14737125
101000172,2012-07-19,06,09,14,18,35,10926575,437063,10268250
101000173,2012-07-20,11,22,27,29,31,9415175,376607,6873625
101000174,2012-07-21,05,10,12,30,33,11526725,461069,11165750
101000175,2012-07-23,01,06,16,22,38,11627200,465088,4543750
101000176,2012-07-24,05,07,11,13,29,8796325,351853,6906250
101000177,2012-07-25,22,24,27,34,37,13100475,524019,9827375
101000178,2012-07-26,07,09,14,19,23,10618775,424751,6132125
101000179,2012-07-27,09,14,24,36,37,9947525,397901,2365875
101000180,2012-07-28,15,30,31,32,38,11622525,464901,5980125
101000181,2012-07-30,04,17,23,25,37,11045925,441837,6828500
101000182,2012-07-31,01,13,16,36,37,9031025,361241,3451500
101000183,2012-08-01,08,10,29,33,36,12570550,502822,6915125
101000184,2012-08-02,01,19,34,35,37,8738950,349558,3866625
101000185,2012-08-03,02,18,21,22,28,9989625,399585,12059000
101000186,2012-08-04,01,05,10,13,22,12709650,508386,4805875
101000187,2012-08-06,07,18,29,30,33,13041675,521667,5640500
101000188,2012-08-07,05,09,11,29,32,9805875,392235,4102875
101000189,2012-08-08,11,12,18,33,39,14255150,570206,7738375
101000190,2012-08-09,02,14,32,34,38,11675775,467031,6313250
101000191,2012-08-10,01,05,18,23,28,10796975,431879,5513500
101000192,2012-08-11,15,25,27,28,34,12601375,504055,6160250
101000193,2012-08-13,04,17,28,32,39,12896000,515840,4964375
101000194,2012-08-14,15,18,19,29,37,9765900,390636,4944375
101000195,2012-08-15,04,07,15,19,25,13970100,558804,3983375
101000196,2012-08-16,04,18,21,24,32,11577200,463088,4181250
101000197,2012-08-17,19,20,24,33,38,9994500,399780,3752750
101000198,2012-08-18,04,17,19,20,26,12119375,484775,4510750
101000199,2012-08-20,15,26,32,37,39,12239725,489589,5855625
101000200,2012-08-21,05,18,22,24,29,9555325,382213,6325625
101000201,2012-08-22,01,07,12,25,26,13894000,555760,8204875
101000202,2012-08-23,06,19,21,34,36,11497225,459889,6168375
101000203,2012-08-24,13,19,23,31,39,9778525,391141,5611250
101000204,2012-08-25,11,20,21,29,32,11834375,473375,6940875
101000205,2012-08-27,02,06,14,15,17,12700100,508004,5637375
101000206,2012-08-28,11,14,18,22,29,9375800,375032,4362625
101000207,2012-08-29,02,08,16,37,39,13488375,539535,7305375
101000208,2012-08-30,14,18,32,37,38,10996050,439842,6714750
101000209,2012-08-31,11,23,29,34,37,9865250,394610,5637125
101000210,2012-09-01,16,17,30,32,33,12036175,481447,5635875
101000211,2012-09-03,02,23,27,31,39,12574675,502987,5555250
101000212,2012-09-04,05,18,21,24,25,9656900,386276,6996875
101000213,2012-09-05,05,07,12,18,31,14002325,560093,5853250
101000214,2012-09-06,02,03,21,36,37,12042425,481697,6065750
101000215,2012-09-07,02,03,04,06,25,10166300,406652,4638250
101000216,2012-09-08,07,10,21,25,33,12547250,501890,4849250
101000217,2012-09-10,07,17,26,33,37,12698350,507934,5723625
101000218,2012-09-11,15,17,29,31,37,10094200,403768,4658375
101000219,2012-09-12,01,07,11,19,25,14143825,565753,8421750
101000220,2012-09-13,04,07,20,23,35,11922200,476888,4810500
101000221,2012-09-14,01,13,16,30,39,10016525,400661,4061125
101000222,2012-09-15,04,16,21,31,37,11756125,470245,5101625
101000223,2012-09-17,08,22,28,35,39,12357500,494300,11541625
101000224,2012-09-18,01,04,06,12,26,9519125,380765,3909250
101000225,2012-09-19,02,04,09,10,32,12789850,511594,8636375
101000226,2012-09-20,08,13,18,30,35,12201825,488073,5088125
101000227,2012-09-21,13,15,23,25,36,10037975,401519,5702375
101000228,2012-09-22,01,16,22,24,28,11806025,472241,6999500
101000229,2012-09-24,01,14,15,30,37,12283950,491358,4346750
101000230,2012-09-25,14,16,19,22,29,9368525,374741,5492500
101000231,2012-09-26,02,19,23,32,36,13449975,537999,6523500
101000232,2012-09-27,05,21,26,31,32,11195450,447818,5604625
101000233,2012-09-28,21,25,33,35,37,9380850,375234,7177250
101000234,2012-09-29,07,18,20,29,32,11531075,461243,6618875
101000235,2012-10-01,17,27,32,33,38,12025175,481007,8992000
101000236,2012-10-02,02,03,14,28,32,9411200,376448,3794625
101000237,2012-10-03,02,03,12,14,24,13244775,529791,6477500
101000238,2012-10-04,08,16,24,30,32,12007800,480312,4751750
101000239,2012-10-05,05,08,13,27,34,9972300,398892,7739250
101000240,2012-10-06,17,19,20,23,37,13125325,525013,10497875
101000241,2012-10-08,06,11,13,23,34,12783000,511320,4660750
101000242,2012-10-09,10,11,23,26,37,9663150,386526,3505500
101000243,2012-10-10,13,17,19,27,36,13196150,527846,5985875
101000244,2012-10-11,17,27,32,36,38,12166825,486673,5754000
101000245,2012-10-12,12,19,23,25,31,10756075,430243,5267000
101000246,2012-10-13,01,05,14,17,22,12755450,510218,6556250
101000247,2012-10-15,04,14,15,19,23,13001600,520064,14569125
101000248,2012-10-16,02,15,20,32,39,10876350,435054,5328000
101000249,2012-10-17,09,14,20,22,35,14406575,576263,6277250
101000250,2012-10-18,02,17,28,31,36,11955525,478221,6951750
101000251,2012-10-19,02,08,25,27,32,10546525,421861,7029125
101000252,2012-10-20,16,21,23,35,36,12542425,501697,6356125
101000253,2012-10-22,17,25,26,27,35,13205275,528211,5842000
101000254,2012-10-23,07,09,15,21,30,10087575,403503,4728125
101000255,2012-10-24,05,12,18,27,32,14008625,560345,11151625
101000256,2012-10-25,01,03,10,14,38,12190975,487639,8330625
101000257,2012-10-26,01,06,14,15,34,10792650,431706,4697750
101000258,2012-10-27,14,18,19,23,32,12711600,508464,12104250
101000259,2012-10-29,10,15,18,20,22,13475975,539039,6336750
101000260,2012-10-30,13,20,30,32,35,10376250,415050,4695625
101000261,2012-10-31,11,26,28,34,35,14425050,577002,6359500
101000262,2012-11-01,16,22,30,32,34,12159575,486383,3102750
101000263,2012-11-02,04,15,17,30,31,11294375,451775,4360500
101000264,2012-11-03,04,06,11,16,22,13023300,520932,5534500
101000265,2012-11-05,05,07,23,29,39,13428025,537121,14685875
101000266,2012-11-06,07,16,24,28,35,10707675,428307,5288250
101000267,2012-11-07,04,05,14,28,32,15119400,604776,8333500
101000268,2012-11-08,01,04,05,22,32,12701650,508066,4898125
101000269,2012-11-09,07,08,17,31,33,11105700,444228,6928875
101000270,2012-11-10,02,06,17,28,33,14292550,571702,4559375
101000271,2012-11-12,01,13,17,26,38,14062000,562480,4630250
101000272,2012-11-13,01,10,22,25,29,10405925,416237,5538250
101000273,2012-11-14,03,14,15,23,36,14620100,584804,17553875
101000274,2012-11-15,09,31,34,35,37,12600925,504037,16839250
101000275,2012-11-16,04,12,21,22,31,10944800,437792,7514500
101000276,2012-11-17,04,09,15,27,36,11863625,474545,4743750
101000277,2012-11-19,01,03,06,22,30,12726075,509043,4579750
101000278,2012-11-20,06,11,18,24,36,10058725,402349,5356125
101000279,2012-11-21,12,17,25,32,39,14151400,566056,10207875
101000280,2012-11-22,01,07,08,22,39,11856075,474243,4822750
101000281,2012-11-23,12,16,22,28,31,10466075,418643,4737250
101000282,2012-11-24,03,09,11,13,26,12395300,495812,6198375
101000283,2012-11-26,05,08,17,26,35,11915025,476601,8118750
101000284,2012-11-27,12,18,22,26,27,9730950,389238,3862125
101000285,2012-11-28,08,09,26,36,38,13471675,538867,4700125
101000286,2012-11-29,06,16,30,31,38,10980125,439205,2966625
101000287,2012-11-30,06,11,27,28,37,9911950,396478,5623375
101000288,2012-12-01,02,13,22,33,38,11780300,471212,6259375
101000289,2012-12-03,03,26,27,34,37,12245825,489833,5609125
101000290,2012-12-04,05,16,19,23,39,9950000,398000,9121125
101000291,2012-12-05,01,02,05,12,19,13649950,545998,7160250
101000292,2012-12-06,12,17,26,33,37,11245825,449833,5073375
101000293,2012-12-07,08,13,18,30,31,10971200,438848,7506750
101000294,2012-12-08,06,13,18,31,35,12385325,495413,3027375
101000295,2012-12-10,20,26,34,35,37,13968200,558728,8927500
101000296,2012-12-11,02,13,14,23,29,10662300,426492,6933125
101000297,2012-12-12,02,16,18,24,34,15456875,618275,5047625
101000298,2012-12-13,02,13,19,24,32,12654350,506174,4218750
101000299,2012-12-14,01,10,15,35,36,11046550,441862,7977000
101000300,2012-12-15,11,22,24,27,31,13325375,533015,7250250
101000301,2012-12-17,03,04,25,31,36,13658400,546336,6907250
101000302,2012-12-18,01,02,08,28,35,9989125,399565,5163250
101000303,2012-12-19,13,18,22,29,37,14504875,580195,11498750
101000304,2012-12-20,04,12,17,27,38,12732500,509300,11805875
101000305,2012-12-21,08,18,32,34,37,11694875,467795,7383750
101000306,2012-12-22,03,05,12,29,31,14840225,593609,7132250
101000307,2012-12-24,09,15,20,31,35,13715700,548628,6170625
101000308,2012-12-25,13,19,20,30,32,11044450,441778,6392000
101000309,2012-12-26,08,22,24,27,31,15276800,611072,9452375
101000310,2012-12-27,03,17,24,25,30,12933000,517320,4359000
101000311,2012-12-28,17,26,28,30,38,11247975,449919,6448875
101000312,2012-12-29,08,18,20,28,36,13536900,541476,7185375
101000313,2012-12-31,02,05,15,16,31,12408075,496323,11430750
102000001,2013-01-01,01,16,22,26,33,9841925,393677,5622625
102000002,2013-01-02,01,05,16,29,35,14843250,593730,4637125
102000003,2013-01-03,06,13,20,27,29,12005175,480207,5105250
102000004,2013-01-04,14,16,17,25,33,11594900,463796,5195125
102000005,2013-01-05,02,07,21,26,34,15365175,614607,15143750
102000006,2013-01-07,11,21,31,36,39,14680475,587219,8620875
102000007,2013-01-08,01,03,20,22,31,10881575,435263,6568500
102000008,2013-01-09,17,18,22,31,33,15328725,613149,9556750
102000009,2013-01-10,03,06,21,27,35,13520375,540815,4461625
102000010,2013-01-11,18,24,31,35,39,11913150,476526,4191125
102000011,2013-01-12,02,10,16,25,32,14668300,586732,8555250
102000012,2013-01-14,04,05,06,10,39,13973475,558939,4751750
102000013,2013-01-15,05,12,13,16,24,10555950,422238,4545000
102000014,2013-01-16,01,06,16,17,29,15103075,604123,7177250
102000015,2013-01-17,10,13,21,33,38,12588600,503544,4931625
102000016,2013-01-18,03,19,29,34,37,11236250,449450,10997500
102000017,2013-01-19,03,19,26,33,38,13926125,557045,4393125
102000018,2013-01-21,08,14,17,21,29,13804850,552194,6772000
102000019,2013-01-22,17,20,25,32,39,10873275,434931,4440125
102000020,2013-01-23,05,10,18,24,34,15296825,611873,8419250
102000021,2013-01-24,11,18,27,35,39,13060900,522436,4996000
102000022,2013-01-25,15,16,25,32,37,10986775,439471,7760875
102000023,2013-01-26,04,16,25,30,31,13850075,554003,5549500
102000024,2013-01-28,04,06,09,22,33,13821275,552851,10580125
102000025,2013-01-29,06,13,26,28,34,11041450,441658,7952500
102000026,2013-01-30,06,09,28,38,39,15402900,616116,4357125
102000027,2013-01-31,02,06,10,22,26,12986275,519451,4454750
102000028,2013-02-01,10,14,23,31,39,11904925,476197,6642250
102000029,2013-02-02,05,06,11,20,27,15167025,606681,6946375
102000030,2013-02-04,02,30,33,34,37,14296425,571857,10115875
102000031,2013-02-05,17,21,33,36,38,11546750,461870,9947500
102000032,2013-02-06,13,14,19,21,34,16968500,678740,8687875
102000033,2013-02-07,09,10,21,31,34,14361450,574458,4386125
102000034,2013-02-08,07,08,09,12,36,11868900,474756,12900625
102000035,2013-02-09,01,17,20,25,37,11086700,443468,6378500
102000036,2013-02-11,08,09,34,38,39,11520750,460830,4250250
102000037,2013-02-12,04,06,11,22,35,10597100,423884,10580875
102000038,2013-02-13,01,11,27,28,33,15878075,635123,7779125
102000039,2013-02-14,12,16,19,28,35,13894050,555762,5659750
102000040,2013-02-15,10,18,19,34,36,12207025,488281,5632625
102000041,2013-02-16,04,15,25,34,39,15730125,629205,5670875
102000042,2013-02-18,07,11,15,20,25,15383500,615340,5655125
102000043,2013-02-19,04,19,20,26,39,11343925,453757,3118500
102000044,2013-02-20,03,04,10,20,24,16437400,657496,8043125
102000045,2013-02-21,06,15,16,30,39,14129250,565170,5383875
102000046,2013-02-22,02,23,24,27,38,12595475,503819,7774750
102000047,2013-02-23,04,21,26,30,37,15425225,617009,7245750
102000048,2013-02-25,04,05,07,08,27,15224000,608960,8944625
102000049,2013-02-26,18,26,29,36,38,11380300,455212,7715000
102000050,2013-02-27,01,08,16,30,37,15899125,635965,6638500
102000051,2013-02-28,11,17,27,29,35,13051575,522063,8181625
102000052,2013-03-01,01,03,09,17,19,12260225,490409,5634625
102000053,2013-03-02,04,08,09,15,30,14755525,590221,5978000
102000054,2013-03-04,15,18,23,29,32,14477925,579117,12456000
102000055,2013-03-05,10,24,35,37,39,11630450,465218,7085875
102000056,2013-03-06,04,19,26,36,39,16395600,655824,7044375
102000057,2013-03-07,02,05,07,29,32,14026425,561057,9001000
102000058,2013-03-08,14,15,26,28,39,12092000,483680,6337125
102000059,2013-03-09,07,14,22,34,38,14339125,573565,8247875
102000060,2013-03-11,02,06,21,27,33,15239800,609592,13631750
102000061,2013-03-12,03,14,20,31,33,11824875,472995,6772500
102000062,2013-03-13,01,05,32,34,39,16318750,652750,8140000
102000063,2013-03-14,09,14,17,35,36,13490825,539633,7834250
102000064,2013-03-15,06,09,15,28,39,12132225,485289,5986750
102000065,2013-03-16,19,21,24,35,37,14390725,575629,8026500
102000066,2013-03-18,02,03,23,30,36,14799550,591982,7590250
102000067,2013-03-19,03,08,18,19,29,11477800,459112,8953125
102000068,2013-03-20,02,09,21,23,37,15586775,623471,5481875
102000069,2013-03-21,08,13,22,28,34,13274800,530992,8092875
102000070,2013-03-22,05,13,21,31,32,11882325,475293,5951000
102000071,2013-03-23,06,09,15,38,39,13879900,555196,12242500
102000072,2013-03-25,10,11,17,19,38,14415625,576625,5814000
102000073,2013-03-26,02,14,21,26,36,11098475,443939,6392000
102000074,2013-03-27,12,19,26,27,31,15432100,617284,7438500
102000075,2013-03-28,10,12,28,34,35,12690475,507619,7473250
102000076,2013-03-29,11,21,30,32,39,11820725,472829,6021750
102000077,2013-03-30,06,08,10,14,39,14125975,565039,4138625
102000078,2013-04-01,02,03,12,25,31,13954000,558160,8436875
102000079,2013-04-02,06,08,25,26,27,10969150,438766,3159000
102000080,2013-04-03,11,14,16,21,33,15034675,601387,8955875
102000081,2013-04-04,02,03,14,19,22,11725000,469000,5299375
102000082,2013-04-05,01,03,27,31,32,10449700,417988,4498625
102000083,2013-04-06,11,14,16,30,37,13357675,534307,4573125
102000084,2013-04-08,02,14,17,27,31,14043975,561759,9588125
102000085,2013-04-09,06,18,30,35,36,11035400,441416,4463750
102000086,2013-04-10,02,05,15,18,20,15981475,639259,8810500
102000087,2013-04-11,12,15,16,20,31,12377775,495111,3699000
102000088,2013-04-12,01,09,11,18,34,11771250,470850,4763125
102000089,2013-04-13,02,10,16,27,31,14228950,569158,7896000
102000090,2013-04-15,01,12,17,25,28,14141350,565654,6902750
102000091,2013-04-16,09,11,31,36,37,11368275,454731,5027500
102000092,2013-04-17,03,04,18,25,37,15007475,600299,6418875
102000093,2013-04-18,14,17,20,32,39,12029650,481186,7659000
102000094,2013-04-19,07,10,21,28,37,11840150,473606,6214000
102000095,2013-04-20,03,05,06,13,31,13826600,553064,9063875
102000096,2013-04-22,01,03,10,21,34,13023125,520925,3983625
102000097,2013-04-23,24,31,35,37,38,10566650,422666,9561000
102000098,2013-04-24,09,23,28,31,37,14818575,592743,4905000
102000099,2013-04-25,04,09,19,25,34,12032225,481289,6732875
102000100,2013-04-26,04,11,20,28,35,11059800,442392,5184625
102000101,2013-04-27,08,14,26,36,38,12901400,516056,11206375
102000102,2013-04-29,06,08,18,25,37,13780425,551217,12697500
102000103,2013-04-30,02,03,04,15,16,11194500,447780,9919750
102000104,2013-05-01,03,15,16,34,37,14515900,580636,7073750
102000105,2013-05-02,06,10,12,18,34,12580925,503237,4242250
102000106,2013-05-03,11,13,16,21,34,11625150,465006,4888000
102000107,2013-05-04,06,14,22,25,33,13943475,557739,11773750
102000108,2013-05-06,05,25,31,36,37,14643975,585759,9157000
102000109,2013-05-07,06,20,22,33,38,11429625,457185,3611125
102000110,2013-05-08,02,22,24,37,39,15871200,634848,8351375
102000111,2013-05-09,02,26,33,34,39,13210500,528420,6871375
102000112,2013-05-10,02,08,16,22,35,12086600,483464,3997000
102000113,2013-05-11,03,06,10,22,28,14161025,566441,8765750
102000114,2013-05-13,02,04,10,19,27,14478400,579136,5980250
102000115,2013-05-14,14,17,24,27,30,11007125,440285,7018250
102000116,2013-05-15,06,22,26,34,37,14944175,597767,22878500
102000117,2013-05-16,06,17,24,29,36,13469525,538781,4768875
102000118,2013-05-17,08,18,20,30,36,11633625,465345,5341500
102000119,2013-05-18,01,09,16,18,29,14486525,579461,7701750
102000120,2013-05-20,05,06,10,22,24,13952250,558090,18226125
102000121,2013-05-21,08,18,19,29,34,11658025,466321,5355500
102000122,2013-05-22,07,11,22,30,36,15356600,614264,7960125
102000123,2013-05-23,05,14,21,32,35,13155225,526209,9745625
102000124,2013-05-24,02,11,12,22,31,11812850,472514,8119000
102000125,2013-05-25,06,07,15,20,38,13849050,553962,6407750
102000126,2013-05-27,12,14,22,25,34,14052350,562094,6626000
102000127,2013-05-28,23,34,35,36,37,11160025,446401,13466625
102000128,2013-05-29,19,21,22,32,39,14782925,591317,9536125
102000129,2013-05-30,07,19,21,30,39,13037950,521518,3779875
102000130,2013-05-31,09,27,30,31,32,11856175,474247,5684500
102000131,2013-06-01,04,14,22,32,38,13321075,532843,4795875
102000132,2013-06-03,01,06,11,30,37,14024725,560989,8025625
102000133,2013-06-04,03,10,18,34,39,11505175,460207,8901375
102000134,2013-06-05,02,15,22,33,36,15877725,635109,18186875
102000135,2013-06-06,07,09,21,31,33,13802075,552083,6303125
102000136,2013-06-07,08,10,11,20,21,12314150,492566,7067000
102000137,2013-06-08,04,08,12,20,21,14840375,593615,7159875
102000138,2013-06-10,01,02,10,35,36,14507175,580287,7830625
102000139,2013-06-11,06,10,21,25,30,11497850,459914,4525875
102000140,2013-06-12,01,06,34,37,39,14368300,574732,15113125
102000141,2013-06-13,13,20,22,36,37,13544825,541793,8058250
102000142,2013-06-14,13,24,33,34,39,12409925,496397,5706000
102000143,2013-06-15,13,14,20,24,33,14725000,589000,5064625
102000144,2013-06-17,06,09,12,24,38,14673450,586938,4959000
102000145,2013-06-18,03,07,10,36,39,11104950,444198,5116250
102000146,2013-06-19,03,06,21,23,39,15221525,608861,6057000
102000147,2013-06-20,06,20,23,24,28,12860875,514435,5355000
102000148,2013-06-21,01,12,15,19,32,11730625,469225,5384125
102000149,2013-06-22,10,18,20,36,37,13604900,544196,12171250
102000150,2013-06-24,02,09,13,20,39,13829825,553193,6933750
102000151,2013-06-25,07,14,18,26,32,11337800,453512,4179125
102000152,2013-06-26,02,08,14,31,35,14996400,599856,5962375
102000153,2013-06-27,01,19,20,25,36,12339500,493580,4575375
102000154,2013-06-28,03,09,12,19,23,11094775,443791,4308500
102000155,2013-06-29,06,15,26,34,36,13147575,525903,6977125
102000156,2013-07-01,11,17,25,33,37,13178900,527156,11528500
102000157,2013-07-02,13,20,22,26,34,10983775,439351,6296375
102000158,2013-07-03,02,03,04,10,12,14775500,591020,13728875
102000159,2013-07-04,01,14,19,24,31,12784625,511385,6450500
102000160,2013-07-05,09,10,20,25,26,11839000,473560,8996375
102000161,2013-07-06,01,06,20,33,34,13753000,550120,7177375
102000162,2013-07-08,01,22,24,32,37,13916350,556654,8945750
102000163,2013-07-09,14,21,22,31,34,11829550,473182,8041875
102000164,2013-07-10,17,24,25,35,36,16351525,654061,9894000
102000165,2013-07-11,04,07,16,17,20,13212900,528516,6314250
102000166,2013-07-12,22,27,30,35,37,11977675,479107,5634000
102000167,2013-07-13,01,04,06,23,30,12426525,497061,4829625
102000168,2013-07-15,10,14,16,22,36,13297025,531881,8194375
102000169,2013-07-16,02,04,06,15,39,11938750,477550,8195500
102000170,2013-07-17,01,02,15,31,39,15012275,600491,5512375
102000171,2013-07-18,03,07,11,21,33,12167800,486712,8286125
102000172,2013-07-19,10,14,18,25,36,11998625,479945,9277875
102000173,2013-07-20,21,26,30,33,39,15154225,606169,4164750
102000174,2013-07-22,03,15,22,35,39,14037675,561507,8399125
102000175,2013-07-23,05,15,21,22,34,11679100,467164,6485500
102000176,2013-07-24,01,04,23,26,34,15423400,616936,5051125
102000177,2013-07-25,01,06,17,21,33,13158275,526331,4904875
102000178,2013-07-26,04,05,08,18,39,12184325,487373,5195250
102000179,2013-07-27,11,14,23,30,39,13572700,542908,4020625
102000180,2013-07-29,14,19,27,33,37,13840225,553609,7393500
102000181,2013-07-30,09,14,19,27,31,11105100,444204,4301750
102000182,2013-07-31,07,09,24,27,28,14599600,583984,6591375
102000183,2013-08-01,09,21,27,31,32,12386925,495477,4263625
102000184,2013-08-02,17,22,23,33,37,11437775,457511,9802625
102000185,2013-08-03,06,21,26,36,39,13626475,545059,9392375
102000186,2013-08-05,09,15,26,27,34,14465925,578637,6409750
102000187,2013-08-06,12,18,19,24,36,11898775,475951,8001000
102000188,2013-08-07,07,16,27,30,39,15596875,623875,8305125
102000189,2013-08-08,01,03,12,16,25,13611625,544465,4170375
102000190,2013-08-09,01,05,08,28,34,12053150,482126,6781250
102000191,2013-08-10,02,09,11,19,35,14092000,563680,8791500
102000192,2013-08-12,22,25,30,31,36,14342400,573696,6878125
102000193,2013-08-13,04,10,17,18,25,11667350,466694,5814875
102000194,2013-08-14,01,04,07,08,23,13966700,558668,9548125
102000195,2013-08-15,01,02,08,28,36,12794200,511768,5419125
102000196,2013-08-16,01,06,13,22,29,11646300,465852,8086500
102000197,2013-08-17,02,21,29,34,38,13841050,553642,7263000
102000198,2013-08-19,11,21,25,31,33,13680775,547231,9354625
102000199,2013-08-20,19,25,28,30,31,10391600,415664,3317375
102000200,2013-08-21,11,15,26,31,34,11749825,469993,5065375
102000201,2013-08-22,06,10,11,13,28,11959000,478360,4136500
102000202,2013-08-23,03,14,25,37,39,10554300,422172,10189875
102000203,2013-08-24,01,19,26,27,39,12911325,516453,7150875
102000204,2013-08-26,19,22,24,29,36,13625350,545014,11338125
102000205,2013-08-27,11,15,26,34,39,10838850,433554,11198625
102000206,2013-08-28,01,02,05,24,27,14843450,593738,6347000
102000207,2013-08-29,02,05,08,25,34,10956325,438253,4940875
102000208,2013-08-30,07,18,20,21,37,10919550,436782,6564375
102000209,2013-08-31,05,14,17,20,36,12046400,481856,6151875
102000210,2013-09-02,15,20,21,30,31,13585800,543432,6481875
102000211,2013-09-03,02,04,08,20,34,10793275,431731,5213125
102000212,2013-09-04,12,21,31,34,37,14742950,589718,11417250
102000213,2013-09-05,04,07,13,25,37,13072825,522913,5119875
102000214,2013-09-06,06,09,17,24,34,11824400,472976,7278375
102000215,2013-09-07,08,14,19,25,39,13730900,549236,7636250
102000216,2013-09-09,03,06,23,29,38,14096825,563873,7920750
102000217,2013-09-10,02,16,21,22,29,10868825,434753,6365000
102000218,2013-09-11,09,16,17,34,35,15051050,602042,6912375
102000219,2013-09-12,12,15,18,23,27,12370850,494834,13527000
102000220,2013-09-13,02,08,24,26,39,11261175,450447,7234250
102000221,2013-09-14,09,14,16,27,37,14147425,565897,8734125
102000222,2013-09-16,03,13,19,30,34,13461075,538443,6838500
102000223,2013-09-17,02,03,15,22,25,11337425,453497,6815625
102000224,2013-09-18,14,15,17,29,38,15184100,607364,6285125
102000225,2013-09-19,07,16,20,31,36,11631600,465264,7171500
102000226,2013-09-20,01,15,23,32,39,10406350,416254,7274000
102000227,2013-09-21,11,15,22,23,39,12208050,488322,7683125
102000228,2013-09-23,01,21,22,35,38,13164700,526588,5718375
102000229,2013-09-24,01,03,05,21,28,10931250,437250,5134250
102000230,2013-09-25,08,09,10,18,39,14478650,579146,9146125
102000231,2013-09-26,09,17,29,37,39,12185550,487422,6644000
102000232,2013-09-27,02,03,27,28,36,11542275,461691,9851125
102000233,2013-09-28,05,13,14,23,26,13431725,537269,6889375
102000234,2013-09-30,09,16,17,24,31,12583500,503340,7352500
102000235,2013-10-01,05,06,20,29,38,11605200,464208,4246750
102000236,2013-10-02,03,05,20,23,36,14639975,585599,4360375
102000237,2013-10-03,05,08,13,20,22,12222175,488887,4965625
102000238,2013-10-04,02,14,20,25,35,11752450,470098,5704625
102000239,2013-10-05,07,16,25,37,38,13664550,546582,7214875
102000240,2013-10-07,03,18,24,30,39,13717900,548716,6970125
102000241,2013-10-08,07,15,22,26,28,11455550,458222,6645000
102000242,2013-10-09,19,22,24,32,35,15782600,631304,7306125
102000243,2013-10-10,16,19,20,25,36,12595375,503815,6124375
102000244,2013-10-11,03,18,21,38,39,12272475,490899,7906125
102000245,2013-10-12,07,13,23,26,28,15307275,612291,8008375
102000246,2013-10-14,07,16,30,32,35,14810825,592433,6072500
102000247,2013-10-15,04,08,12,31,32,11753850,470154,8046625
102000248,2013-10-16,01,07,20,26,38,15472025,618881,4818250
102000249,2013-10-17,05,07,14,16,37,13075375,523015,7701375
102000250,2013-10-18,06,14,28,29,38,11969850,478794,3949875
102000251,2013-10-19,01,20,23,25,38,13631975,545279,3811500
102000252,2013-10-21,04,14,29,37,39,14078575,563143,5891625
102000253,2013-10-22,04,20,29,30,38,11370850,454834,4013750
102000254,2013-10-23,09,16,25,35,36,14855375,594215,10092625
102000255,2013-10-24,14,20,31,33,36,12394950,495798,4406375
102000256,2013-10-25,04,14,22,33,35,11439650,457586,5386500
102000257,2013-10-26,09,11,16,27,33,13308775,532351,8633375
102000258,2013-10-28,09,15,17,19,33,13516025,540641,7126625
102000259,2013-10-29,09,15,24,28,29,10743225,429729,5508625
102000260,2013-10-30,09,32,34,38,39,14564325,582573,13400500
102000261,2013-10-31,04,18,26,29,36,12722550,508902,5740750
102000262,2013-11-01,09,13,23,24,30,11514150,460566,4637875
102000263,2013-11-02,12,21,26,29,32,13022350,520894,5540625
102000264,2013-11-04,04,17,22,26,31,13600975,544039,7719125
102000265,2013-11-05,05,07,16,35,37,11702225,468089,17335875
102000266,2013-11-06,03,14,18,22,33,15954275,638171,10347000
102000267,2013-11-07,10,13,19,34,38,13675750,547030,8020000
102000268,2013-11-08,14,15,21,34,39,12323475,492939,8189500
102000269,2013-11-09,22,24,27,36,39,15167650,606706,11676125
102000270,2013-11-11,01,05,19,21,29,15144700,605788,5962375
102000271,2013-11-12,03,13,19,29,31,11814025,472561,4299375
102000272,2013-11-13,17,29,32,33,38,15576200,623048,6528125
102000273,2013-11-14,06,13,15,18,20,13409075,536363,7069000
102000274,2013-11-15,03,08,13,33,37,11983775,479351,5272375
102000275,2013-11-16,02,07,11,17,27,13933275,557331,14386125
102000276,2013-11-18,01,03,06,08,15,14237525,569501,8360625
102000277,2013-11-19,15,22,31,38,39,10887925,435517,7108625
102000278,2013-11-20,13,17,21,33,35,15270225,610809,9949000
102000279,2013-11-21,07,11,20,35,38,13608775,544351,6183750
102000280,2013-11-22,04,05,16,30,39,12263050,490522,7269125
102000281,2013-11-23,17,23,32,35,37,14238450,569538,9168125
102000282,2013-11-25,06,18,20,23,33,14106250,564250,6745375
102000283,2013-11-26,09,22,31,32,34,11771600,470864,8524125
102000284,2013-11-27,04,15,27,37,39,15866625,634665,10117875
102000285,2013-11-28,01,08,10,19,37,12933050,517322,7231125
102000286,2013-11-29,16,21,22,30,39,11604775,464191,6967375
102000287,2013-11-30,14,16,18,21,26,13949250,557970,6352750
102000288,2013-12-02,08,30,34,35,36,13597475,543899,5669875
102000289,2013-12-03,05,06,18,19,29,10538350,421534,5628375
102000290,2013-12-04,18,26,32,33,37,15080750,603230,6060250
102000291,2013-12-05,04,09,21,24,34,13178475,527139,6375375
102000292,2013-12-06,04,20,29,31,32,12107075,484283,3621250
102000293,2013-12-07,18,19,22,24,28,14666425,586657,7897250
102000294,2013-12-09,05,11,15,24,33,14557225,582289,6794750
102000295,2013-12-10,04,12,26,29,30,12025525,481021,6581125
102000296,2013-12-11,04,06,18,25,38,16048275,641931,8280000
102000297,2013-12-12,03,16,20,21,30,13351925,534077,5442625
102000298,2013-12-13,15,18,19,29,32,12561850,502474,10078750
102000299,2013-12-14,20,31,32,33,39,14524525,580981,9911000
102000300,2013-12-16,17,32,33,35,38,14349200,573968,7770875
102000301,2013-12-17,06,14,20,26,35,11089475,443579,5843125
102000302,2013-12-18,02,04,15,27,34,15803950,632158,15073500
102000303,2013-12-19,15,18,20,32,39,13203375,528135,6975875
102000304,2013-12-20,07,13,22,28,32,12128200,485128,8200875
102000305,2013-12-21,03,05,19,29,37,15049500,601980,13162250
102000306,2013-12-23,18,20,27,31,35,14080400,563216,8763875
102000307,2013-12-24,08,12,15,16,27,12306550,492262,7019750
102000308,2013-12-25,03,04,17,33,39,15292350,611694,10494625
102000309,2013-12-26,12,20,26,27,31,15035750,601430,6632375
102000310,2013-12-27,09,11,16,17,35,12328125,493125,9059000
102000311,2013-12-28,05,08,13,20,26,14675925,587037,9450625
102000312,2013-12-30,01,05,12,16,33,15292875,611715,4241250
102000313,2013-12-31,16,19,30,36,38,12399050,495962,5920750
103000001,2014-01-01,05,13,24,26,34,13339600,533584,4063500
103000002,2014-01-02,08,14,19,27,30,12378400,495136,5725625
103000003,2014-01-03,10,27,28,32,37,11794625,471785,9393000
103000004,2014-01-04,05,14,19,25,39,14640350,585614,9073625
103000005,2014-01-06,13,16,17,31,38,15295225,611809,8353875
103000006,2014-01-07,05,06,10,19,23,12463850,498554,6202125
103000007,2014-01-08,04,06,17,28,33,15897300,635892,7714500
103000008,2014-01-09,06,15,17,27,33,13504475,540179,4461500
103000009,2014-01-10,08,13,16,26,39,12577225,503089,12521875
103000010,2014-01-11,06,08,10,19,32,16146375,645855,6916125
103000011,2014-01-13,10,11,13,35,38,15324300,612972,5097375
103000012,2014-01-14,09,16,17,21,34,11660850,466434,10391125
103000013,2014-01-15,03,18,30,31,36,16220500,648820,12612500
103000014,2014-01-16,05,08,09,14,23,14160525,566421,7194375
103000015,2014-01-17,22,24,31,32,37,12773150,510926,11388000
103000016,2014-01-18,02,07,15,21,38,15458050,618322,14490250
103000017,2014-01-20,14,21,31,34,38,15868275,634731,6819375
103000018,2014-01-21,04,07,11,21,27,12177300,487092,6108125
103000019,2014-01-22,19,24,25,29,31,16373300,654932,9142625
103000020,2014-01-23,05,08,16,21,30,14323200,572928,8454875
103000021,2014-01-24,03,21,34,37,38,13080075,523203,10810625
103000022,2014-01-25,02,20,30,31,38,16015950,640638,6254750
103000023,2014-01-27,26,27,28,30,38,15959975,638399,7075875
103000024,2014-01-28,02,05,10,15,19,13005275,520211,6491875
103000025,2014-01-29,17,19,25,37,38,17704225,708169,6616125
103000026,2014-01-30,17,21,23,24,34,12833675,513347,7331250
103000027,2014-01-31,08,19,23,24,35,12945700,517828,3586375
103000028,2014-02-01,21,28,29,31,37,13227075,529083,8343625
103000029,2014-02-03,03,08,16,22,33,14540900,581636,9741125
103000030,2014-02-04,11,18,21,33,37,12993000,519720,8067250
103000031,2014-02-05,28,29,36,38,39,18092825,723713,18464250
103000032,2014-02-06,02,07,20,30,36,15889300,635572,7750000
103000033,2014-02-07,05,13,19,32,38,14099350,563974,11441375
103000034,2014-02-08,02,10,21,22,33,18493500,739740,9162875
103000035,2014-02-10,06,09,11,14,28,16506200,660248,13448625
103000036,2014-02-11,11,13,20,21,28,13230575,529223,5221875
103000037,2014-02-12,11,13,15,16,29,17641275,705651,6184000
103000038,2014-02-13,04,05,06,32,33,15360000,614400,7132250
103000039,2014-02-14,03,08,11,21,37,13528200,541128,9042625
103000040,2014-02-15,04,07,14,21,22,17136550,685462,8139250
103000041,2014-02-17,01,06,10,16,34,16463400,658536,14130500
103000042,2014-02-18,13,16,30,32,38,13300900,532036,5829375
103000043,2014-02-19,02,05,08,17,34,16054575,642183,10927375
103000044,2014-02-20,04,05,15,16,19,14879525,595181,7423500
103000045,2014-02-21,06,07,08,10,37,13993150,559726,7117875
103000046,2014-02-22,13,17,27,37,38,16391600,655664,7975000
103000047,2014-02-24,12,13,27,33,39,16013650,640546,12608125
103000048,2014-02-25,03,04,07,12,22,12685125,507405,5416625
103000049,2014-02-26,06,17,21,35,38,16827950,673118,14434750
103000050,2014-02-27,03,30,31,37,38,14754675,590187,8186375
103000051,2014-02-28,03,20,23,24,26,13019625,520785,9574500
103000052,2014-03-01,05,12,16,30,36,16140825,645633,7221000
103000053,2014-03-03,19,25,26,30,38,14828725,593149,7170000
103000054,2014-03-04,01,02,07,17,25,12101625,484065,5667750
103000055,2014-03-05,01,04,12,13,36,16869950,674798,4860000
103000056,2014-03-06,15,16,22,31,35,13526975,541079,9177375
103000057,2014-03-07,05,16,22,23,38,13292350,531694,5214250
103000058,2014-03-08,09,17,18,22,23,15119075,604763,6752125
103000059,2014-03-10,02,13,22,34,35,15387000,615480,4273625
103000060,2014-03-11,13,23,25,31,38,12573000,502920,6998375
103000061,2014-03-12,14,19,29,31,38,16732500,669300,8283875
103000062,2014-03-13,06,17,24,27,33,14717925,588717,11018000
103000063,2014-03-14,01,14,15,36,38,14009050,560362,4246875
103000064,2014-03-15,06,07,23,25,31,15700375,628015,5466250
103000065,2014-03-17,01,04,10,23,39,15788850,631554,8317125
103000066,2014-03-18,12,14,16,18,35,12428425,497137,5866500
103000067,2014-03-19,02,07,11,12,37,16489325,659573,7708375
103000068,2014-03-20,01,07,17,24,34,13917975,556719,5195250
103000069,2014-03-21,03,08,09,14,39,12524775,500991,9886875
103000070,2014-03-22,08,21,23,26,38,14758675,590347,10429500
103000071,2014-03-24,05,17,27,36,39,15115975,604639,7972625
103000072,2014-03-25,02,06,11,35,38,11955575,478223,5964500
103000073,2014-03-26,02,17,24,34,37,15982500,639300,11963625
103000074,2014-03-27,01,02,07,08,14,14206725,568269,11682625
103000075,2014-03-28,01,02,09,11,39,13371450,534858,6023250
103000076,2014-03-29,11,24,26,29,35,14330350,573214,4743750
103000077,2014-03-31,02,22,23,34,35,15185100,607404,5108625
103000078,2014-04-01,01,10,14,17,34,12313850,492554,8267000
103000079,2014-04-02,04,07,11,20,38,16438100,657524,22059500
103000080,2014-04-03,01,03,12,28,31,14745125,589805,9343750
103000081,2014-04-04,06,09,20,24,34,12495075,499803,5191625
103000082,2014-04-05,04,12,21,25,30,14278575,571143,6265000
103000083,2014-04-07,05,09,11,31,39,15356150,614246,7044625
103000084,2014-04-08,16,19,20,34,35,12478825,499153,4947750
103000085,2014-04-09,07,09,12,16,31,16836200,673448,5833875
103000086,2014-04-10,07,17,20,24,31,14549225,581969,6767750
103000087,2014-04-11,08,11,13,16,21,13899500,555980,11085000
103000088,2014-04-12,14,18,25,34,38,15974700,638988,10573000
103000089,2014-04-14,05,06,15,24,37,16409700,656388,16463750
103000090,2014-04-15,06,09,14,15,36,13203975,528159,5245750
103000091,2014-04-16,01,03,12,29,33,17561925,702477,11904000
103000092,2014-04-17,04,14,18,28,29,14639025,585561,6151500
103000093,2014-04-18,19,27,29,37,38,13404675,536187,8787000
103000094,2014-04-19,04,13,35,36,37,15494450,619778,5842875
103000095,2014-04-21,19,20,27,29,33,15533625,621345,4110750
103000096,2014-04-22,04,09,25,30,39,12421425,496857,7653750
103000097,2014-04-23,07,14,16,26,33,16607725,664309,5645250
103000098,2014-04-24,04,07,16,17,35,14263775,570551,9232750
103000099,2014-04-25,05,07,33,38,39,13436200,537448,6030875
103000100,2014-04-26,08,15,23,24,33,14710875,588435,9813625
103000101,2014-04-28,03,17,19,22,38,15314400,612576,8806750
103000102,2014-04-29,03,08,21,25,33,12416075,496643,5320500
103000103,2014-04-30,05,06,23,26,29,15935100,637404,8290125
103000104,2014-05-01,10,17,22,34,39,13020000,520800,8786750
103000105,2014-05-02,01,08,11,14,38,12574175,502967,14011875
103000106,2014-05-03,03,13,14,23,37,15236650,609466,8933125
103000107,2014-05-05,04,08,13,21,37,16000325,640013,5358250
103000108,2014-05-06,05,06,23,24,39,12524250,500970,8619375
103000109,2014-05-07,12,19,21,36,39,16753325,670133,7076875
103000110,2014-05-08,01,09,27,28,36,14367950,574718,6177250
103000111,2014-05-09,05,25,34,36,39,13029625,521185,3603375
103000112,2014-05-10,01,08,17,36,37,16182300,647292,7557500
103000113,2014-05-12,06,09,11,14,24,15007100,600284,11823625
103000114,2014-05-13,05,06,12,16,31,12877075,515083,6133375
103000115,2014-05-14,03,14,18,28,38,16351675,654067,10068500
103000116,2014-05-15,06,13,21,34,35,13242125,529685,7357125
103000117,2014-05-16,07,09,28,31,33,12900950,516038,8120375
103000118,2014-05-17,03,13,17,25,37,15885750,635430,9383125
103000119,2014-05-19,07,08,18,19,27,14684100,587364,8724000
103000120,2014-05-20,12,19,30,32,35,12170175,486807,5404375
103000121,2014-05-21,05,07,11,20,29,14865275,594611,11868750
103000122,2014-05-22,10,13,29,31,32,13110875,524435,4579750
103000123,2014-05-23,05,16,18,20,21,12284100,491364,5520125
103000124,2014-05-24,02,16,27,37,38,14216925,568677,9863500
103000125,2014-05-26,02,05,12,19,38,14069900,562796,6457250
103000126,2014-05-27,13,27,31,35,39,11354075,454163,6234625
103000127,2014-05-28,02,08,12,20,27,14977475,599099,5745875
103000128,2014-05-29,07,22,23,25,28,12167475,486699,7764375
103000129,2014-05-30,01,07,15,18,31,12057650,482306,4435750
103000130,2014-05-31,09,12,16,26,31,14165875,566635,5617875
103000131,2014-06-02,11,13,26,34,36,12427000,497080,5682375
103000132,2014-06-03,01,03,26,38,39,10977475,439099,11518875
103000133,2014-06-04,04,10,13,29,32,13953350,558134,10606000
103000134,2014-06-05,12,18,24,28,38,13423650,536946,7877875
103000135,2014-06-06,05,07,18,30,34,12344125,493765,8490625
103000136,2014-06-07,04,18,26,27,30,14242050,569682,3450375
103000137,2014-06-09,01,07,16,17,32,13625575,545023,6435875
103000138,2014-06-10,14,15,16,29,31,11881125,475245,5721625
103000139,2014-06-11,01,11,13,17,31,15565450,622618,11816250
103000140,2014-06-12,04,12,14,34,35,13318475,532739,10970625
103000141,2014-06-13,12,19,35,37,38,12844025,513761,9437625
103000142,2014-06-14,11,20,23,37,38,15605025,624201,7911625
103000143,2014-06-16,02,14,16,36,39,15042325,601693,13422125
103000144,2014-06-17,05,12,13,22,36,12348525,493941,6459375
103000145,2014-06-18,04,12,17,23,25,15869850,634794,7270500
103000146,2014-06-19,01,19,30,34,39,13626925,545077,7206625
103000147,2014-06-20,04,10,16,24,25,12576300,503052,5270375
103000148,2014-06-21,02,04,18,20,29,14270075,570803,6060250
103000149,2014-06-23,05,12,19,34,36,14337000,573480,11251625
103000150,2014-06-24,02,15,27,28,38,12035150,481406,7951000
103000151,2014-06-25,04,13,14,30,31,15447975,617919,10183000
103000152,2014-06-26,02,10,11,12,30,13675450,547018,5699125
103000153,2014-06-27,25,32,35,36,39,12360800,494432,8507125
103000154,2014-06-28,02,06,10,20,30,14463200,578528,9811875
103000155,2014-06-30,06,13,30,34,39,13800125,552005,5005125
103000156,2014-07-01,13,23,28,29,31,11932050,477282,5919625
103000157,2014-07-02,08,10,26,34,37,15431625,617265,9273125
103000158,2014-07-03,02,16,19,23,28,12909575,516383,3913750
103000159,2014-07-04,04,09,22,32,35,12234400,489376,7235625
103000160,2014-07-05,09,13,17,18,33,14578625,583145,7058250
103000161,2014-07-07,02,13,15,29,35,14460800,578432,3555000
103000162,2014-07-08,09,11,13,19,30,11648900,465956,3997000
103000163,2014-07-09,01,15,16,17,35,15523800,620952,6572000
103000164,2014-07-10,03,13,20,27,32,13633800,545352,5574000
103000165,2014-07-11,03,23,25,34,37,12423425,496937,7032375
103000166,2014-07-12,05,21,32,33,35,14866900,594676,8395625
103000167,2014-07-14,05,10,15,17,26,14257800,570312,4851000
103000168,2014-07-15,14,19,25,27,28,11596825,463873,8661125
103000169,2014-07-16,14,18,21,26,32,15621450,624858,5288375
103000170,2014-07-17,03,09,11,14,34,13076250,523050,5200500
103000171,2014-07-18,05,09,25,34,36,12119850,484794,3746250
103000172,2014-07-19,03,15,18,27,35,14009750,560390,8655750
103000173,2014-07-21,01,07,13,19,37,14013675,560547,12056000
103000174,2014-07-22,06,27,28,35,38,11334700,453388,6498875
103000175,2014-07-23,02,07,11,12,34,12487650,499506,7612000
103000176,2014-07-24,03,10,13,25,39,12846275,513851,8040125
103000177,2014-07-25,02,10,17,20,29,11423450,456938,4835250
103000178,2014-07-26,02,05,12,17,33,14038100,561524,5921625
103000179,2014-07-28,07,11,25,26,28,13938025,557521,8588625
103000180,2014-07-29,02,04,26,32,35,11269200,450768,5435875
103000181,2014-07-30,12,23,28,37,39,14837275,593491,10024250
103000182,2014-07-31,01,06,20,24,33,12970075,518803,5727875
103000183,2014-08-01,05,09,16,18,31,11512375,460495,10950750
103000184,2014-08-02,05,15,24,26,29,13840975,553639,4585500
103000185,2014-08-04,10,12,20,23,27,13656550,546262,5791375
103000186,2014-08-05,01,11,16,32,39,11741450,469658,5209875
103000187,2014-08-06,06,08,11,15,38,15860150,634406,9399250
103000188,2014-08-07,10,17,18,37,39,13233625,529345,7295375
103000189,2014-08-08,08,18,27,31,34,12369650,494786,5567500
103000190,2014-08-09,13,20,25,28,30,13966300,558652,12418000
103000191,2014-08-11,05,18,20,28,38,14641075,585643,6996000
103000192,2014-08-12,03,14,23,24,37,11394550,455782,6883750
103000193,2014-08-13,12,16,23,30,32,15636000,625440,8086250
103000194,2014-08-14,19,21,29,32,34,13272000,530880,10237750
103000195,2014-08-15,03,07,12,20,39,12552725,502109,5103750
103000196,2014-08-16,06,10,16,22,26,14413625,576545,10169500
103000197,2014-08-18,09,18,19,20,35,13777125,551085,8681250
103000198,2014-08-19,12,15,32,34,38,11489750,459590,6412125
103000199,2014-08-20,09,15,26,37,39,15828325,633133,7832250
103000200,2014-08-21,10,23,29,34,36,13297275,531891,7779000
103000201,2014-08-22,03,04,18,37,38,12637800,505512,7075125
103000202,2014-08-23,08,09,11,17,30,14468025,578721,10214375
103000203,2014-08-25,03,10,13,23,34,14372025,574881,6234750
103000204,2014-08-26,15,19,28,36,39,11701175,468047,6954375
103000205,2014-08-27,10,17,18,23,34,15218875,608755,16655375
103000206,2014-08-28,05,10,22,24,36,13300975,532039,4685625
103000207,2014-08-29,04,05,11,16,20,12078400,483136,5119875
103000208,2014-08-30,20,23,25,26,37,13936850,557474,5884750
103000209,2014-09-01,02,11,15,25,33,13992850,559714,7531500
103000210,2014-09-02,16,19,24,31,38,11236525,449461,7476250
103000211,2014-09-03,10,17,25,33,34,15089525,603581,9687000
103000212,2014-09-04,13,14,15,27,30,13238825,529553,9622125
103000213,2014-09-05,13,15,20,32,37,12718600,508744,5021875
103000214,2014-09-06,14,18,31,34,38,15790125,631605,11728375
103000215,2014-09-08,04,17,20,30,39,14435250,577410,8829375
103000216,2014-09-09,02,07,19,25,39,12276400,491056,5080500
103000217,2014-09-10,03,10,11,16,17,16442825,657713,11905500
103000218,2014-09-11,18,20,23,32,35,15348525,613941,11953750
103000219,2014-09-12,03,13,17,20,31,13602850,544114,6129875
103000220,2014-09-13,08,24,27,31,37,15419800,616792,8141000
103000221,2014-09-15,05,13,14,16,18,15320700,612828,9309000
103000222,2014-09-16,13,17,23,35,36,12843325,513733,5635125
103000223,2014-09-17,01,10,15,26,38,16644850,665794,14048875
103000224,2014-09-18,01,15,22,23,38,14586450,583458,3940625
103000225,2014-09-19,07,10,12,18,36,12954650,518186,4756375
103000226,2014-09-20,03,13,15,27,36,15190525,607621,5595375
103000227,2014-09-22,03,04,05,07,37,15619500,624780,9330375
103000228,2014-09-23,05,07,08,09,17,12226575,489063,10093125
103000229,2014-09-24,17,28,29,30,38,15639225,625569,9475250
103000230,2014-09-25,13,14,27,28,39,13673925,546957,9315500
103000231,2014-09-26,04,26,28,38,39,12867100,514684,5755125
103000232,2014-09-27,05,12,14,15,23,15238700,609548,9002125
103000233,2014-09-29,02,03,16,22,27,15953275,638131,8473125
103000234,2014-09-30,05,08,14,27,28,12330825,493233,5623375
103000235,2014-10-01,12,17,22,37,38,16311850,652474,14257500
103000236,2014-10-02,04,17,36,37,39,14368475,574739,10502750
103000237,2014-10-03,04,05,23,35,36,13718150,548726,8840000
103000238,2014-10-04,05,14,16,22,33,16238200,649528,9979750
103000239,2014-10-06,20,21,25,27,36,16987300,679492,7159250
103000240,2014-10-07,04,05,19,20,22,13433050,537322,4692375
103000241,2014-10-08,02,05,06,17,32,17333300,693332,8766875
103000242,2014-10-09,09,13,18,23,32,14796900,591876,12785125
103000243,2014-10-10,11,19,31,35,36,12924450,516978,6798375
103000244,2014-10-11,05,06,09,10,22,15408350,616334,12171625
103000245,2014-10-13,04,14,21,27,35,15962750,638510,8628125
103000246,2014-10-14,05,14,21,33,35,12976850,519074,5689750
103000247,2014-10-15,06,09,18,29,30,17267000,690680,13455375
103000248,2014-10-16,01,12,26,29,32,14615650,584626,6624625
103000249,2014-10-17,18,19,24,35,37,13287500,531500,5812625
103000250,2014-10-18,09,14,23,31,36,15621275,624851,10732375
103000251,2014-10-20,04,09,23,32,33,16005625,640225,6762000
103000252,2014-10-21,02,06,19,22,33,12763750,510550,5835125
103000253,2014-10-22,15,19,28,29,39,16477425,659097,10168500
103000254,2014-10-23,03,05,14,18,19,14710125,588405,10484750
103000255,2014-10-24,07,12,25,33,37,13710675,548427,7010750
103000256,2014-10-25,05,10,27,31,39,15268000,610720,7073875
103000257,2014-10-27,02,03,05,23,37,15491800,619672,8662625
103000258,2014-10-28,05,10,27,29,30,12635675,505427,4288500
103000259,2014-10-29,07,15,18,20,34,16331675,653267,12068375
103000260,2014-10-30,08,09,14,31,34,14045750,561830,7162875
103000261,2014-10-31,06,11,18,27,38,12940000,517600,10113250
103000262,2014-11-01,11,17,34,36,37,15106650,604266,11701125
103000263,2014-11-03,05,12,28,29,34,15536600,621464,8216375
103000264,2014-11-04,09,11,16,36,37,12420550,496822,4255875
103000265,2014-11-05,03,08,29,34,38,17035375,681415,8632750
103000266,2014-11-06,05,13,26,27,28,14894125,595765,10159500
103000267,2014-11-07,13,17,27,34,36,13878400,555136,7510000
103000268,2014-11-08,16,20,24,26,38,16037650,641506,6370500
103000269,2014-11-10,11,19,25,37,39,16391100,655644,18478250
103000270,2014-11-11,08,13,20,30,34,14350800,574032,5333500
103000271,2014-11-12,05,06,09,12,20,17608450,704338,15293750
103000272,2014-11-13,08,21,27,30,37,14866475,594659,7063875
103000273,2014-11-14,01,04,19,22,33,13693825,547753,16711125
103000274,2014-11-15,16,21,25,27,37,16828500,673140,7013000
103000275,2014-11-17,08,16,18,19,31,15414850,616594,6288625
103000276,2014-11-18,14,19,23,25,26,13172675,526907,6445125
103000277,2014-11-19,23,27,29,32,36,17448125,697925,16615750
103000278,2014-11-20,07,11,25,30,38,15727100,629084,7020875
103000279,2014-11-21,02,24,36,37,38,14511400,580456,9169750
103000280,2014-11-22,05,09,10,22,25,15987650,639506,12697000
103000281,2014-11-24,10,18,25,26,39,15964700,638588,4447000
103000282,2014-11-25,03,08,14,32,37,13217525,528701,7579875
103000283,2014-11-26,04,05,07,15,36,17175725,687029,13367375
103000284,2014-11-27,02,14,19,20,35,15122825,604913,8675500
103000285,2014-11-28,23,26,30,34,39,13623475,544939,8538375
103000286,2014-11-29,02,16,18,23,30,15111300,604452,4144125
103000287,2014-12-01,10,12,20,27,37,14923850,596954,10450625
103000288,2014-12-02,17,19,22,24,37,12675325,507013,9017500
103000289,2014-12-03,09,20,21,23,35,17225950,689038,7148125
103000290,2014-12-04,11,16,18,19,28,13809050,552362,8666750
103000291,2014-12-05,14,16,20,25,36,14108375,564335,8498875
103000292,2014-12-06,01,14,18,32,37,16625225,665009,6099750
103000293,2014-12-08,02,08,24,27,35,15820225,632809,6495750
103000294,2014-12-09,04,09,13,21,32,12992075,519683,6079250
103000295,2014-12-10,03,11,30,33,39,17843875,713755,13128125
103000296,2014-12-11,11,13,32,33,37,14884575,595383,6003000
103000297,2014-12-12,03,17,24,36,38,13715125,548605,7190875
103000298,2014-12-13,17,22,25,35,37,15820700,632828,9991625
103000299,2014-12-15,17,20,23,26,35,16010725,640429,8779625
103000300,2014-12-16,04,21,22,24,34,12893125,515725,6202125
103000301,2014-12-17,02,04,25,26,36,16468475,658739,7543625
103000302,2014-12-18,04,05,16,23,32,14024550,560982,10353625
103000303,2014-12-19,10,15,17,22,27,13648575,545943,7890375
103000304,2014-12-20,04,15,17,21,22,16619500,664780,5811250
103000305,2014-12-22,06,08,17,27,29,15214875,608595,7284375
103000306,2014-12-23,11,18,21,30,38,12668025,506721,6684750
103000307,2014-12-24,08,19,24,33,36,16874600,674984,10685375
103000308,2014-12-25,16,21,26,28,29,13609250,544370,6222250
103000309,2014-12-26,07,27,31,33,34,12942800,517712,8681375
103000310,2014-12-27,11,16,28,32,34,14978025,599121,6635625
103000311,2014-12-29,07,19,20,26,39,14585425,583417,5706625
103000312,2014-12-30,04,05,21,24,26,12799100,511964,5349250
103000313,2014-12-31,05,19,26,30,33,16326275,653051,4151125
104000001,2015-01-01,10,11,21,26,32,13038125,521525,5856625
104000002,2015-01-02,07,09,18,28,30,12197450,487898,4353625
104000003,2015-01-03,09,14,28,31,32,14546850,581874,5083750
104000004,2015-01-05,09,10,16,24,28,15063900,602556,5176125
104000005,2015-01-06,16,19,20,26,36,12737350,509494,9950000
104000006,2015-01-07,12,13,14,36,37,17318025,692721,11189875
104000007,2015-01-08,12,15,21,26,29,14240900,569636,6830750
104000008,2015-01-09,01,08,09,11,17,13580650,543226,13089000
104000009,2015-01-10,04,12,26,31,37,17889600,715584,7462000
104000010,2015-01-12,07,15,24,34,37,16238025,649521,8528625
104000011,2015-01-13,12,13,26,33,39,13373075,534923,14670500
104000012,2015-01-14,05,12,19,30,35,17438225,697529,13000125
104000013,2015-01-15,09,11,12,17,34,15508650,620346,9432375
104000014,2015-01-16,05,09,16,28,33,14243300,569732,9012875
104000015,2015-01-17,04,13,23,32,39,16639925,665597,11216625
104000016,2015-01-19,10,12,29,37,38,16608875,664355,14363375
104000017,2015-01-20,02,14,17,28,32,13909000,556360,7216250
104000018,2015-01-21,02,16,18,32,35,17609325,704373,6739625
104000019,2015-01-22,01,11,15,24,32,15150150,606006,5975500
104000020,2015-01-23,06,07,08,10,16,13986450,559458,9928250
104000021,2015-01-24,05,07,12,13,15,15564175,622567,9529500
104000022,2015-01-26,01,02,09,10,21,16491950,659678,9618000
104000023,2015-01-27,09,16,17,21,28,12809750,512390,7828625
104000024,2015-01-28,01,05,17,27,30,17345975,693839,5488875
104000025,2015-01-29,02,06,09,10,26,14948500,597940,6645125
104000026,2015-01-30,05,13,28,29,36,13834475,553379,6293000
104000027,2015-01-31,04,06,16,35,37,16195525,647821,9822875
104000028,2015-02-02,13,17,23,29,39,16414925,656597,8221750
104000029,2015-02-03,09,17,22,23,29,12985575,519423,5264875
104000030,2015-02-04,01,13,28,35,36,17146325,685853,5446125
104000031,2015-02-05,07,10,20,23,36,14800575,592023,4151250
104000032,2015-02-06,02,14,25,30,31,13819200,552768,9610875
104000033,2015-02-07,04,06,16,21,31,17210175,688407,6457500
104000034,2015-02-09,12,25,26,28,39,16580300,663212,8730375
104000035,2015-02-10,07,15,17,22,25,13822925,552917,6097375
104000036,2015-02-11,05,06,15,23,29,18486550,739462,8186500
104000037,2015-02-12,02,07,20,25,32,16152175,646087,5206375
104000038,2015-02-13,01,04,16,23,33,14719125,588765,9008125
104000039,2015-02-14,04,05,08,20,33,18279850,731194,6298750
104000040,2015-02-16,02,14,20,27,31,17985825,719433,6252500
104000041,2015-02-17,01,04,17,22,29,15079425,603177,12154500
104000042,2015-02-18,07,12,17,25,30,15615725,624629,7433750
104000043,2015-02-19,03,12,21,26,30,14462325,578493,10301500
104000044,2015-02-20,09,10,15,19,24,14508250,580330,11946875
104000045,2015-02-21,02,15,18,26,31,15539300,621572,7533750
104000046,2015-02-23,04,23,24,25,38,16423900,656956,8417250
104000047,2015-02-24,11,12,14,23,27,14681275,587251,5908375
104000048,2015-02-25,05,11,25,26,38,19307600,772304,7392125
104000049,2015-02-26,08,18,29,36,39,16586925,663477,12158625
104000050,2015-02-27,01,12,16,30,33,14781925,591277,6165625
104000051,2015-02-28,08,09,11,23,28,17343250,693730,10538375
104000052,2015-03-02,10,15,19,23,27,17042650,681706,9822000
104000053,2015-03-03,23,32,33,35,36,14345725,573829,10314500
104000054,2015-03-04,03,11,20,29,35,17406875,696275,6177125
104000055,2015-03-05,09,20,26,31,38,15653300,626132,6195000
104000056,2015-03-06,01,02,10,11,26,14529275,581171,7097000
104000057,2015-03-07,03,16,17,31,33,17087425,683497,6663375
104000058,2015-03-09,12,16,20,28,38,16832725,673309,6017500
104000059,2015-03-10,17,26,34,36,37,13518250,540730,15363500
104000060,2015-03-11,10,15,29,33,37,17230825,689233,9285000
104000061,2015-03-12,03,13,18,21,31,15515050,620602,10201000
104000062,2015-03-13,29,30,31,32,33,14267275,570691,8064875
104000063,2015-03-14,06,11,15,38,39,16301450,652058,9832625
104000064,2015-03-16,03,15,18,19,35,16206550,648262,6973625
104000065,2015-03-17,03,16,34,37,38,13189575,527583,10523250
104000066,2015-03-18,06,21,26,27,32,17367725,694709,6875750
104000067,2015-03-19,13,31,34,35,36,14560700,582428,9116250
104000068,2015-03-20,06,10,17,22,27,13889075,555563,9472250
104000069,2015-03-21,01,05,08,10,28,17105225,684209,11879875
104000070,2015-03-23,03,07,13,16,30,14719500,588780,7418250
104000071,2015-03-24,01,03,19,26,35,12837400,513496,3273750
104000072,2015-03-25,05,07,19,32,36,16000425,640017,5071375
104000073,2015-03-26,05,11,16,23,25,13743450,549738,6771375
104000074,2015-03-27,05,09,12,27,29,13444525,537781,9430375
104000075,2015-03-28,06,11,18,21,33,15817600,632704,9753125
104000076,2015-03-30,03,12,22,26,34,15780850,631234,8152375
104000077,2015-03-31,12,20,23,30,33,13375375,535015,5669625
104000078,2015-04-01,01,02,05,07,36,16857625,674305,12067000
104000079,2015-04-02,01,18,24,28,35,14450650,578026,5476500
104000080,2015-04-03,11,12,13,33,38,12851375,514055,11552875
104000081,2015-04-04,02,09,12,18,35,15263775,610551,4462875
104000082,2015-04-06,10,12,18,21,27,14100725,564029,6187250
104000083,2015-04-07,12,23,25,26,30,13220400,528816,5393250
104000084,2015-04-08,05,11,13,22,37,16710550,668422,10109125
104000085,2015-04-09,15,20,22,30,37,14600275,584011,4395125
104000086,2015-04-10,03,09,14,18,30,13782125,551285,6304375
104000087,2015-04-11,08,17,25,33,37,14795625,591825,8304375
104000088,2015-04-13,01,03,10,12,34,15583050,623322,8634125
104000089,2015-04-14,02,09,13,34,36,13011675,520467,5394375
104000090,2015-04-15,06,17,32,33,38,17096325,683853,9325625
104000091,2015-04-16,06,07,12,14,24,14299575,571983,5405500
104000092,2015-04-17,04,12,24,36,39,13472500,538900,9006750
104000093,2015-04-18,07,18,21,30,32,15307900,612316,6974875
104000094,2015-04-20,01,05,07,14,17,14921850,596874,7205250
104000095,2015-04-21,01,05,07,13,39,12229775,489191,5324250
104000096,2015-04-22,12,16,21,34,35,15364725,614589,8466625
104000097,2015-04-23,05,09,22,31,35,13309775,532391,5914000
104000098,2015-04-24,02,17,19,29,33,12803750,512150,7986250
104000099,2015-04-25,27,29,31,37,38,14751300,590052,11461125
104000100,2015-04-27,12,13,17,22,32,15218375,608735,8555250
104000101,2015-04-28,02,12,13,16,39,12634325,505373,4246875
104000102,2015-04-29,01,07,24,29,38,15770025,630801,5549500
104000103,2015-04-30,01,05,06,15,28,14278850,571154,10192250
104000104,2015-05-01,04,05,11,13,18,12676225,507049,10357250
104000105,2015-05-02,18,21,23,35,37,14706900,588276,8248250
104000106,2015-05-04,06,11,21,25,28,15507800,620312,4069125
104000107,2015-05-05,12,17,28,30,33,12687675,507507,9744125
104000108,2015-05-06,03,15,17,23,27,16699650,667986,10100750
104000109,2015-05-07,13,17,21,23,31,14826675,593067,8480625
104000110,2015-05-08,01,14,16,33,35,13884475,555379,6314500
104000111,2015-05-09,03,10,24,26,38,15746475,629859,9228250
104000112,2015-05-11,09,12,17,18,24,16168250,646730,10340750
104000113,2015-05-12,20,26,27,38,39,13446775,537871,5292000
104000114,2015-05-13,07,09,20,23,33,16200875,648035,5348125
104000115,2015-05-14,16,17,31,36,37,14610250,584410,11594625
104000116,2015-05-15,06,16,23,28,32,13221925,528877,8833625
104000117,2015-05-16,03,04,27,31,34,15687625,627505,8405000
104000118,2015-05-18,04,16,25,26,35,15329375,613175,5716000
104000119,2015-05-19,01,02,14,16,23,12331025,493241,5169250
104000120,2015-05-20,05,06,07,12,27,14571175,582847,15897625
104000121,2015-05-21,02,05,22,24,26,14579200,583168,6833125
104000122,2015-05-22,16,17,18,27,30,12977100,519084,7198875
104000123,2015-05-23,03,23,24,27,33,14667525,586701,10493750
104000124,2015-05-25,11,12,23,28,30,16087375,643495,8666500
104000125,2015-05-26,09,21,22,35,37,12783000,511320,8585750
104000126,2015-05-27,04,06,11,36,37,16702650,668106,6385250
104000127,2015-05-28,09,16,18,26,34,14310600,572424,7494500
104000128,2015-05-29,08,10,27,35,36,13274500,530980,7269625
104000129,2015-05-30,04,17,19,24,37,14769675,590787,8457125
104000130,2015-06-01,02,10,20,28,39,15171800,606872,8403500
104000131,2015-06-02,02,05,23,32,37,12218925,488757,9573375
104000132,2015-06-03,13,18,22,29,32,15945950,637838,7833125
104000133,2015-06-04,07,10,18,19,20,14156700,566268,6758250
104000134,2015-06-05,05,17,24,29,37,13206050,528242,10005125
104000135,2015-06-06,02,06,22,26,39,15440775,617631,9337750
104000136,2015-06-08,05,23,28,31,32,15986125,639445,13924375
104000137,2015-06-09,21,26,35,38,39,13524600,540984,7493500
104000138,2015-06-10,05,29,30,32,34,16985900,679436,6737375
104000139,2015-06-11,01,17,20,26,27,15163975,606559,8889375
104000140,2015-06-12,10,16,28,30,31,14002975,560119,8671750
104000141,2015-06-13,03,04,10,14,18,15621350,624854,9354000
104000142,2015-06-15,04,27,35,37,39,16016000,640640,8149250
104000143,2015-06-16,01,21,30,38,39,12816250,512650,4075875
104000144,2015-06-17,08,13,14,16,30,16153700,646148,5736125
104000145,2015-06-18,01,14,23,30,31,14226400,569056,2781000
104000146,2015-06-19,11,12,23,24,26,12286300,491452,9582000
104000147,2015-06-20,03,13,23,32,33,14810725,592429,18182500
104000148,2015-06-22,06,12,14,29,30,15117925,604717,5941000
104000149,2015-06-23,10,14,20,26,27,12020325,480813,6122125
104000150,2015-06-24,08,14,24,29,39,15800975,632039,4920750
104000151,2015-06-25,06,08,19,26,29,13847925,553917,4666250
104000152,2015-06-26,01,04,10,33,39,12914250,516570,5174875
104000153,2015-06-27,09,12,20,30,39,14992200,599688,6391125
104000154,2015-06-29,17,22,25,31,35,14386175,575447,9937875
104000155,2015-06-30,07,10,16,26,34,12168875,486755,6716125
104000156,2015-07-01,02,03,11,28,38,15552100,622084,14964500
104000157,2015-07-02,05,11,18,19,30,13847600,553904,9529375
104000158,2015-07-03,09,14,17,25,33,13055325,522213,10315500
104000159,2015-07-04,18,23,29,33,36,14922975,596919,9233500
104000160,2015-07-06,03,14,24,33,39,15317575,612703,8197750
104000161,2015-07-07,05,23,25,28,36,12778850,511154,6689000
104000162,2015-07-08,10,12,13,34,38,15767275,630691,9434875
104000163,2015-07-09,05,23,27,29,32,14643275,585731,17168875
104000164,2015-07-10,01,02,14,15,25,12848450,513938,7698125
104000165,2015-07-11,03,06,11,16,23,15670925,626837,9668125
104000166,2015-07-13,01,14,16,24,29,15836900,633476,6018500
104000167,2015-07-14,08,15,32,33,37,13057200,522288,8951250
104000168,2015-07-15,20,26,28,34,39,16243975,649759,12571500
104000169,2015-07-16,09,21,26,37,39,14597575,583903,5569625
104000170,2015-07-17,03,08,15,23,26,13286025,531441,4496625
104000171,2015-07-18,16,21,27,36,38,15089800,603592,8414750
104000172,2015-07-20,10,31,35,37,38,15369875,614795,10481625
104000173,2015-07-21,03,11,15,18,39,12927650,517106,5474000
104000174,2015-07-22,04,14,19,20,37,16100100,644004,11782875
104000175,2015-07-23,19,29,30,31,39,14370475,574819,6494125
104000176,2015-07-24,05,19,27,28,31,13046800,521872,5396500
104000177,2015-07-25,02,09,14,17,26,15221800,608872,14111250
104000178,2015-07-27,03,05,09,13,30,15202800,608112,7416750
104000179,2015-07-28,11,12,14,29,32,12146650,485866,10077375
104000180,2015-07-29,08,21,32,33,35,16134800,645392,9638750
104000181,2015-07-30,10,18,25,28,29,14321825,572873,6825250
104000182,2015-07-31,14,16,32,36,38,13454800,538192,7468750
104000183,2015-08-01,09,10,22,27,32,15115700,604628,5705750
104000184,2015-08-03,01,15,20,21,24,15168975,606759,7460875
104000185,2015-08-04,05,10,17,29,37,12567125,502685,11542000
104000186,2015-08-05,05,10,27,30,31,16700200,668008,6678000
104000187,2015-08-06,01,09,18,27,39,14525600,581024,5691125
104000188,2015-08-07,02,04,23,25,36,13630525,545221,11394625
104000189,2015-08-08,06,10,11,20,39,10106000,404240,4972375
104000190,2015-08-10,05,24,26,27,30,15919150,636766,11430750
104000191,2015-08-11,05,07,09,13,35,13495475,539819,8404875
104000192,2015-08-12,09,11,23,26,32,16727775,669111,9040500
104000193,2015-08-13,08,12,13,31,38,14661325,586453,14483625
104000194,2015-08-14,04,06,16,17,33,14107475,564299,9618500
104000195,2015-08-15,03,10,15,19,31,15751125,630045,10894375
104000196,2015-08-17,06,15,28,30,31,16463325,658533,4746250
104000197,2015-08-18,04,13,17,30,34,12661200,506448,3920625
104000198,2015-08-19,01,04,35,36,39,16095175,643807,9021250
104000199,2015-08-20,03,12,15,24,25,14303150,572126,7187000
104000200,2015-08-21,17,19,25,28,38,13292550,531702,5347125
104000201,2015-08-22,05,11,22,25,28,15001225,600049,7987000
104000202,2015-08-24,08,22,25,28,33,15247550,609902,8260125
104000203,2015-08-25,04,06,07,30,35,12735100,509404,4861125
104000204,2015-08-26,10,17,22,24,30,15051375,602055,6662250
104000205,2015-08-27,10,20,22,30,33,13575425,543017,13273875
104000206,2015-08-28,04,06,18,20,29,12418050,496722,4483125
104000207,2015-08-29,06,26,27,29,36,13961650,558466,7824000
104000208,2015-08-31,02,11,33,34,36,14851325,594053,5074875
104000209,2015-09-01,17,23,28,29,31,12345125,493805,9404500
104000210,2015-09-02,02,12,27,28,31,15883100,635324,6027625
104000211,2015-09-03,02,04,06,14,18,14201675,568067,6454125
104000212,2015-09-04,07,12,13,24,32,13339025,533561,7041125
104000213,2015-09-05,15,16,19,23,36,15403625,616145,9732250
104000214,2015-09-07,20,21,23,25,36,15460550,618422,10590375
104000215,2015-09-08,08,13,18,34,39,13566950,542678,6178250
104000216,2015-09-09,08,13,21,24,38,17170200,686808,5090250
104000217,2015-09-10,06,13,18,34,39,15043525,601741,3056625
104000218,2015-09-11,03,13,27,34,39,13901275,556051,5565375
104000219,2015-09-12,01,10,28,30,34,15839850,633594,9799500
104000220,2015-09-14,01,05,07,14,24,15560675,622427,11259375
104000221,2015-09-15,02,08,22,25,36,13236950,529478,5915000
104000222,2015-09-16,02,03,25,26,39,16406325,656253,6369625
104000223,2015-09-17,09,18,25,27,38,15059550,602382,10248375
104000224,2015-09-18,01,02,23,27,30,13723125,548925,4151000
104000225,2015-09-19,06,18,22,33,37,16248250,649930,9933500
104000226,2015-09-21,01,10,18,27,31,15930750,637230,6111875
104000227,2015-09-22,02,04,11,22,30,12980600,519224,7745375
104000228,2015-09-23,08,09,16,31,33,16002125,640085,5187375
104000229,2015-09-24,04,15,18,37,39,14050250,562010,6709375
104000230,2015-09-25,02,21,23,35,37,12988625,519545,6919500
104000231,2015-09-26,03,08,29,33,38,15212600,608504,8299500
104000232,2015-09-28,01,03,25,29,32,10910175,436407,3238625
104000233,2015-09-29,05,12,15,29,32,11860200,474408,6745250
104000234,2015-09-30,09,19,21,22,36,14763475,590539,7240250
104000235,2015-10-01,02,07,19,21,39,14843450,593738,4954375
104000236,2015-10-02,01,04,13,20,35,13354550,534182,6610125
104000237,2015-10-03,02,13,25,26,31,15011200,600448,6831750
104000238,2015-10-05,07,08,14,17,34,15739950,629598,15783000
104000239,2015-10-06,03,14,17,19,24,12950425,518017,6297750
104000240,2015-10-07,07,11,28,36,38,17920100,716804,12538750
104000241,2015-10-08,10,15,33,34,39,15497375,619895,11478375
104000242,2015-10-09,07,10,12,26,39,13740500,549620,4493000
104000243,2015-10-10,19,27,28,30,39,16346075,653843,10858500
104000244,2015-10-12,10,20,25,37,39,16188725,647549,8023125
104000245,2015-10-13,08,14,22,31,39,13415025,536601,5490000
104000246,2015-10-14,02,04,10,22,36,16566725,662669,7733875
104000247,2015-10-15,10,12,20,23,31,14784250,591370,5748750
104000248,2015-10-16,22,31,32,33,39,13921150,556846,11029125
104000249,2015-10-17,03,19,25,37,39,15390400,615616,9421500
104000250,2015-10-19,10,22,24,34,37,15703325,628133,12655875
104000251,2015-10-20,01,07,23,25,28,13806075,552243,6960000
104000252,2015-10-21,01,06,19,23,25,16023700,640948,5470625
104000253,2015-10-22,14,15,22,30,33,15182650,607306,7530750
104000254,2015-10-23,08,11,19,23,39,13664250,546570,7054375
104000255,2015-10-24,06,15,18,21,37,15400850,616034,7148000
104000256,2015-10-26,01,06,15,16,36,15900900,636036,7678625
104000257,2015-10-27,09,13,21,28,32,12498250,499930,7013875
104000258,2015-10-28,08,12,14,21,39,15812250,632490,7809625
104000259,2015-10-29,07,20,24,26,27,14502600,580104,9853500
104000260,2015-10-30,04,25,28,29,35,13744000,549760,13576750
104000261,2015-10-31,01,04,09,16,31,15421050,616842,8070875
104000262,2015-11-02,03,07,22,33,34,15706750,628270,10300250
104000263,2015-11-03,04,27,37,38,39,13195675,527827,14880625
104000264,2015-11-04,18,19,25,31,37,16378850,655154,8245125
104000265,2015-11-05,06,11,23,32,38,15365825,614633,12073750
104000266,2015-11-06,03,18,22,27,35,14509600,580384,5309625
104000267,2015-11-07,03,13,14,25,37,16066000,642640,7588625
104000268,2015-11-09,01,11,17,20,38,16210850,648434,7818125
104000269,2015-11-10,02,03,11,31,39,13775300,551012,6810625
104000270,2015-11-11,01,06,15,22,33,17082150,683286,11092125
104000271,2015-11-12,08,10,11,13,21,15465200,618608,10749125
104000272,2015-11-13,09,11,13,26,30,14619100,584764,8006500
104000273,2015-11-14,01,05,07,21,29,16614050,664562,11937125
104000274,2015-11-16,01,08,15,25,31,16645450,665818,6913000
104000275,2015-11-17,10,11,13,23,25,13676000,547040,9841250
104000276,2015-11-18,02,11,12,16,31,17229450,689178,7861375
104000277,2015-11-19,08,13,27,33,39,15324300,612972,8846750
104000278,2015-11-20,03,04,17,32,34,13992400,559696,9635500
104000279,2015-11-21,09,12,15,22,35,15746650,629866,7841000
104000280,2015-11-23,04,13,22,25,34,16230975,649239,6070250
104000281,2015-11-24,03,09,10,35,37,13247450,529898,5135625
104000282,2015-11-25,02,06,09,19,22,15987475,639499,6987500
104000283,2015-11-26,02,03,10,20,27,13955400,558216,6641750
104000284,2015-11-27,13,20,21,30,39,13198550,527942,8087375
104000285,2015-11-28,03,10,12,28,37,15261100,610444,9436000
104000286,2015-11-30,06,13,15,19,34,16018400,640736,6673000
104000287,2015-12-01,04,14,19,20,23,13236975,529479,5350500
104000288,2015-12-02,06,08,16,33,37,16221050,648842,5866750
104000289,2015-12-03,05,10,12,21,24,14370075,574803,11407875
104000290,2015-12-04,06,10,19,28,34,13894625,555785,5031875
104000291,2015-12-05,11,12,14,36,38,15634350,625374,12204500
104000292,2015-12-07,10,21,30,34,38,16712575,668503,5287375
104000293,2015-12-08,14,24,27,36,39,13338775,533551,6127750
104000294,2015-12-09,02,16,21,22,23,16323925,652957,5794875
104000295,2015-12-10,05,08,32,36,38,15178350,607134,7162500
104000296,2015-12-11,10,23,24,26,37,14181550,567262,7225750
104000297,2015-12-12,04,07,08,28,39,15958950,638358,8630500
104000298,2015-12-14,01,05,17,26,34,16565300,662612,13292625
104000299,2015-12-15,07,28,30,36,38,13690075,547603,7372875
104000300,2015-12-16,13,18,21,30,36,16399625,655985,5645125
104000301,2015-12-17,01,15,26,34,37,14203100,568124,7530500
104000302,2015-12-18,04,07,18,30,34,13362775,534511,3544875
104000303,2015-12-19,01,13,20,22,32,15455975,618239,5961875
104000304,2015-12-21,07,10,14,15,23,15884425,635377,11854875
104000305,2015-12-22,04,08,16,31,34,13217625,528705,7600375
104000306,2015-12-23,01,03,11,23,39,16765750,670630,12043500
104000307,2015-12-24,09,14,21,26,28,15458650,618346,8432500
104000308,2015-12-25,16,22,26,30,32,14166650,566666,6161625
104000309,2015-12-26,01,08,19,20,24,15409575,616383,5842000
104000310,2015-12-28,03,05,23,34,37,16269575,650783,14625875
104000311,2015-12-29,10,17,22,38,39,13268200,530728,10699375
104000312,2015-12-30,09,14,26,34,35,16288625,651545,7582250
104000313,2015-12-31,07,18,22,35,38,15755375,630215,5426625
105000001,2016-01-01,01,02,14,15,16,12828325,513133,10228875
105000002,2016-01-02,09,17,25,28,29,14450050,578002,12474625
105000003,2016-01-04,03,06,07,12,15,15966950,638678,7859250
105000004,2016-01-05,19,20,24,36,37,13555600,542224,9201500
105000005,2016-01-06,03,05,25,31,36,16420200,656808,5642750
105000006,2016-01-07,02,04,08,09,23,15377850,615114,11332750
105000007,2016-01-08,06,10,25,28,31,14356600,574264,6294125
105000008,2016-01-09,05,07,16,18,29,16514275,660571,10568750
105000009,2016-01-11,09,14,24,25,38,15985775,639431,9317125
105000010,2016-01-12,04,17,23,31,39,14006075,560243,8611750
105000011,2016-01-13,02,13,20,24,39,17407875,696315,6847750
105000012,2016-01-14,06,11,23,24,35,15731125,629245,5277250
105000013,2016-01-15,01,04,05,08,37,13401600,536064,10832000
105000014,2016-01-16,05,20,26,31,36,16402600,656104,4799000
105000015,2016-01-18,04,12,16,18,23,16336175,653447,13689750
105000016,2016-01-19,04,05,08,21,34,13641975,545679,6515500
105000017,2016-01-20,12,16,18,21,24,17075775,683031,6367000
105000018,2016-01-21,01,08,16,21,37,14799350,591974,5813375
105000019,2016-01-22,03,18,27,31,35,13538325,541533,7651750
105000020,2016-01-23,06,09,10,18,37,14290825,571633,5207500
105000021,2016-01-25,11,16,23,29,30,15332425,613297,7552000
105000022,2016-01-26,07,09,18,19,33,13167250,526690,8741625
105000023,2016-01-27,04,09,10,19,36,16629650,665186,6432500
105000024,2016-01-28,05,07,13,27,29,14717275,588691,7937250
105000025,2016-01-29,06,08,20,29,32,13377350,535094,8150000
105000026,2016-01-30,04,05,20,21,29,17330500,693220,5604625
105000027,2016-02-01,15,17,21,23,35,16302750,652110,6901875
105000028,2016-02-02,02,06,15,20,38,13805600,552224,7500625
105000029,2016-02-03,06,07,17,35,39,17209300,688372,5316750
105000030,2016-02-04,17,18,26,29,36,15819775,632791,6432625
105000031,2016-02-05,15,31,32,34,35,15245900,609836,8197500
105000032,2016-02-06,01,13,20,37,39,17521525,700861,15493750
105000033,2016-02-08,08,21,24,28,33,14600850,584034,9907625
105000034,2016-02-09,02,10,34,35,38,13992550,559702,7768875
105000035,2016-02-10,07,08,12,35,36,14583925,583357,5998375
105000036,2016-02-11,11,17,27,30,33,13747850,549914,9709375
105000037,2016-02-12,10,14,17,30,39,15096050,603842,6967875
105000038,2016-02-13,01,02,15,17,25,15086100,603444,6502375
105000039,2016-02-15,05,06,30,33,39,17562825,702513,6333750
105000040,2016-02-16,25,30,33,34,35,13937650,557506,5651500
105000041,2016-02-17,06,16,20,34,37,17073200,682928,8841375
105000042,2016-02-18,18,22,27,36,38,15926625,637065,19093375
105000043,2016-02-19,02,03,08,25,32,15269625,610785,8006375
105000044,2016-02-20,01,03,04,27,38,17412650,696506,6902750
105000045,2016-02-22,14,17,33,34,36,17324925,692997,8176375
105000046,2016-02-23,02,17,27,28,31,13703875,548155,6142375
105000047,2016-02-24,10,12,20,23,35,16952725,678109,12564625
105000048,2016-02-25,14,20,34,36,37,15751450,630058,10976500
105000049,2016-02-26,03,10,15,25,28,14745250,589810,7053750
105000050,2016-02-27,05,06,09,18,20,16511100,660444,14595000
105000051,2016-02-29,02,04,09,26,36,16528750,661150,9162125
105000052,2016-03-01,13,18,21,22,30,14051650,562066,9329375
105000053,2016-03-02,01,09,13,27,31,17583850,703354,8205375
105000054,2016-03-03,05,14,18,22,23,15862925,634517,8424875
105000055,2016-03-04,06,08,15,29,37,15192725,607709,12064875
105000056,2016-03-05,01,10,16,22,39,17827475,713099,12698875
105000057,2016-03-07,03,06,14,20,26,18115425,724617,7699250
105000058,2016-03-08,03,29,30,32,38,14764800,590592,8089875
105000059,2016-03-09,05,13,36,38,39,17050375,682015,10626750
105000060,2016-03-10,22,27,30,31,34,15051950,602078,9744375
105000061,2016-03-11,02,16,25,28,33,15096425,603857,13472000
105000062,2016-03-12,23,26,30,35,37,17389100,695564,19490500
105000063,2016-03-14,11,15,25,28,33,18021100,720844,7776875
105000064,2016-03-15,15,26,32,38,39,14143550,565742,6519125
105000065,2016-03-16,28,30,32,33,38,18213925,728557,11350500
105000066,2016-03-17,06,27,28,32,37,16997675,679907,5922000
105000067,2016-03-18,06,10,20,23,35,15244925,609797,10622375
105000068,2016-03-19,06,07,22,29,39,17671225,706849,6240250
105000069,2016-03-21,03,06,08,14,18,17337225,693489,8914375
105000070,2016-03-22,02,12,14,29,32,14566375,582655,5002750
105000071,2016-03-23,02,07,17,19,27,16317575,652703,9273375
105000072,2016-03-24,01,07,10,35,37,14908700,596348,7866000
105000073,2016-03-25,12,14,18,22,30,13764525,550581,6184000
105000074,2016-03-26,05,08,09,15,17,16132550,645302,19407750
105000075,2016-03-28,03,10,19,28,32,17144750,685790,10255000
105000076,2016-03-29,02,03,09,20,30,14393025,575721,9145750
105000077,2016-03-30,02,04,05,27,33,17889900,715596,9501625
105000078,2016-03-31,11,12,25,33,36,17573525,702941,10519375
105000079,2016-04-01,02,19,20,24,25,15712175,628487,6584125
105000080,2016-04-02,07,12,15,21,22,16499300,659972,9717250
105000081,2016-04-04,05,18,32,38,39,15949575,637983,12985250
105000082,2016-04-05,20,21,22,23,34,13933150,557326,6547500
105000083,2016-04-06,04,06,09,11,35,17527050,701082,14327750
105000084,2016-04-07,04,13,23,25,29,16301975,652079,7256000
105000085,2016-04-08,01,13,18,19,21,15080175,603207,5865750
105000086,2016-04-09,08,10,16,35,38,17433700,697348,10993375
105000087,2016-04-11,01,06,18,24,32,17944550,717782,5790375
105000088,2016-04-12,02,15,16,19,31,14537400,581496,6459625
105000089,2016-04-13,03,05,17,18,24,16886425,675457,11478875
105000090,2016-04-14,11,15,31,32,39,15922150,636886,4725875
105000091,2016-04-15,05,14,15,22,36,15381425,615257,7037875
105000092,2016-04-16,07,08,11,25,38,17723275,708931,9380875
105000093,2016-04-18,06,07,09,20,33,17116350,684654,11469000
105000094,2016-04-19,01,13,17,21,25,14087725,563509,6799125
105000095,2016-04-20,09,16,19,28,34,17525725,701029,9408000
105000096,2016-04-21,02,07,10,20,23,15618975,624759,11136000
105000097,2016-04-22,05,06,08,23,33,15126375,605055,7853500
105000098,2016-04-23,05,21,28,37,38,16484350,659374,8377500
105000099,2016-04-25,01,22,27,29,30,17219025,688761,16189625
105000100,2016-04-26,01,03,19,28,37,14193625,567745,6328750
105000101,2016-04-27,03,05,11,14,34,17104750,684190,9697500
105000102,2016-04-28,09,10,20,22,28,16515900,660636,12592500
105000103,2016-04-29,07,15,21,22,38,15714675,628587,6934125
105000104,2016-04-30,10,13,22,29,30,17182050,687282,6526875
105000105,2016-05-02,08,13,16,21,36,17345325,693813,6209875
105000106,2016-05-03,01,05,07,09,11,14834150,593366,13063250
105000107,2016-05-04,08,13,17,31,32,17335400,693416,8110625
105000108,2016-05-05,02,11,29,34,38,15908025,636321,6542750
105000109,2016-05-06,19,22,35,36,38,15206475,608259,6360750
105000110,2016-05-07,04,20,24,25,35,17649950,705998,10638500
105000111,2016-05-09,01,04,17,18,24,17034775,681391,7061875
105000112,2016-05-10,13,28,33,36,39,13975350,559014,9473625
105000113,2016-05-11,02,07,27,33,38,17769225,710769,8379625
105000114,2016-05-12,08,12,21,27,33,16354275,654171,7954625
105000115,2016-05-13,03,05,21,26,29,14935750,597430,10992000
105000116,2016-05-14,14,15,18,23,34,16964775,678591,18829750
105000117,2016-05-16,14,17,27,28,34,17050550,682022,8809125
105000118,2016-05-17,07,08,09,27,33,14555950,582238,7606000
105000119,2016-05-18,09,16,19,25,26,17578150,703126,9756750
105000120,2016-05-19,07,21,24,34,39,16157700,646308,5208625
105000121,2016-05-20,04,09,23,31,36,15326475,613059,6618125
105000122,2016-05-21,10,22,26,35,38,16478150,659126,18117375
105000123,2016-05-23,14,17,27,32,36,17110250,684410,9541125
105000124,2016-05-24,15,17,25,33,34,14479425,579177,9013000
105000125,2016-05-25,01,04,13,32,33,17885025,715401,5728375
105000126,2016-05-26,04,11,21,24,28,15600925,624037,7056875
105000127,2016-05-27,02,05,08,10,22,14143275,565731,15819125
105000128,2016-05-28,15,25,31,35,36,16129775,645191,7511375
105000129,2016-05-30,03,09,17,26,27,16478875,659155,13602750
105000130,2016-05-31,01,04,10,17,38,14633325,585333,7230250
105000131,2016-06-01,15,16,21,23,39,16677075,667083,8680250
105000132,2016-06-02,02,05,08,09,24,14969800,598792,17061625
105000133,2016-06-03,07,25,27,28,35,14653100,586124,12018125
105000134,2016-06-04,09,11,16,20,28,17334325,693373,6499875
105000135,2016-06-06,04,05,13,15,37,17316825,692673,11960875
105000136,2016-06-07,15,20,25,29,35,14795800,591832,7001750
105000137,2016-06-08,07,15,23,31,34,17560875,702435,6806875
105000138,2016-06-09,06,11,17,33,36,15875375,635015,16183750
105000139,2016-06-10,18,21,26,30,33,14500000,580000,9489000
105000140,2016-06-11,01,25,29,31,35,16294225,651769,7472000
105000141,2016-06-13,02,05,06,09,10,17126825,685073,23174500
105000142,2016-06-14,02,06,17,21,23,14054400,562176,3810250
105000143,2016-06-15,05,16,31,35,38,17599175,703967,7572375
105000144,2016-06-16,01,03,14,16,25,16089375,643575,7399625
105000145,2016-06-17,07,12,18,22,33,14209000,568360,10905125
105000146,2016-06-18,15,20,23,36,38,16335850,653434,9360750
105000147,2016-06-20,17,18,25,28,37,17355400,694216,12817750
105000148,2016-06-21,06,14,21,32,34,14507775,580311,12944625
105000149,2016-06-22,04,11,16,31,32,17922950,716918,10771625
105000150,2016-06-23,09,10,11,12,15,16648375,665935,8672250
105000151,2016-06-24,05,10,11,16,23,14847200,593888,5503125
105000152,2016-06-25,10,16,18,28,29,16465625,658625,5120875
105000153,2016-06-27,13,26,29,31,33,16669050,666762,7674500
105000154,2016-06-28,03,05,07,20,29,13478750,539150,7415375
105000155,2016-06-29,04,10,13,31,38,16462625,658505,4949750
105000156,2016-06-30,04,15,18,32,38,15512075,620483,4013875
105000157,2016-07-01,07,14,25,27,36,14265300,570612,9563250
105000158,2016-07-02,03,15,20,28,37,15507575,620303,6161500
105000159,2016-07-04,09,28,32,36,37,16170500,646820,4553875
105000160,2016-07-05,09,10,17,19,25,13329900,533196,7029875
105000161,2016-07-06,08,11,31,32,34,16671950,666878,7897375
105000162,2016-07-07,09,17,19,25,27,15155325,606213,6306500
105000163,2016-07-08,24,25,26,29,32,11982250,479290,4795875
105000164,2016-07-09,10,12,17,21,27,15450350,618014,7286625
105000165,2016-07-11,08,09,11,20,35,16611900,664476,11428500
105000166,2016-07-12,05,22,30,37,39,14060750,562430,22275500
105000167,2016-07-13,01,02,05,17,25,17504875,700195,15531000
105000168,2016-07-14,01,25,29,34,39,15568350,622734,5135625
105000169,2016-07-15,07,16,25,32,33,14260300,570412,7264875
105000170,2016-07-16,09,10,17,34,39,16241350,649654,13067750
105000171,2016-07-18,06,19,25,28,38,16615925,664637,13759375
105000172,2016-07-19,11,12,21,23,38,14034700,561388,8120875
105000173,2016-07-20,01,11,15,27,33,17123775,684951,7771250
105000174,2016-07-21,02,22,30,33,36,15647800,625912,9550875
105000175,2016-07-22,02,04,10,18,30,13796250,551850,7682625
105000176,2016-07-23,02,07,09,10,12,16399875,655995,8702500
105000177,2016-07-25,08,14,22,25,27,16238800,649552,12282250
105000178,2016-07-26,01,09,10,27,39,13801425,552057,7838625
105000179,2016-07-27,02,14,21,32,34,16819000,672760,5873375
105000180,2016-07-28,02,03,09,26,31,14848225,593929,8341750
105000181,2016-07-29,03,27,32,35,39,14051775,562071,4558375
105000182,2016-07-30,11,17,19,23,29,15232725,609309,12406250
105000183,2016-08-01,05,09,22,23,38,16113400,644536,8979250
105000184,2016-08-02,05,10,22,23,31,13287025,531481,4395250
105000185,2016-08-03,11,22,25,32,36,16240300,649612,9689250
105000186,2016-08-04,12,16,19,25,31,14862300,594492,5196250
105000187,2016-08-05,03,11,24,35,36,14639175,585567,4186125
105000188,2016-08-06,01,02,03,11,34,15886400,635456,8409000
105000189,2016-08-08,03,12,30,36,37,16598825,663953,5802750
105000190,2016-08-09,05,11,19,27,29,13385050,535402,6208750
105000191,2016-08-10,14,15,28,29,30,17106250,684250,7809625
105000192,2016-08-11,02,11,14,21,34,14876450,595058,6030875
105000193,2016-08-12,04,09,18,26,34,14273050,570922,8242750
105000194,2016-08-13,04,06,12,16,39,16054825,642193,7844500
105000195,2016-08-15,16,24,29,30,36,15908500,636340,4632750
105000196,2016-08-16,02,04,20,28,32,12861775,514471,6120750
105000197,2016-08-17,11,13,18,19,39,15860225,634409,7429375
105000198,2016-08-18,20,21,24,28,39,14022175,560887,3371625
105000199,2016-08-19,04,11,13,20,35,13268200,530728,4217625
105000200,2016-08-20,01,05,17,28,32,15160750,606430,7811875
105000201,2016-08-22,04,09,15,22,27,15555050,622202,12968375
105000202,2016-08-23,05,21,24,25,27,13228075,529123,5265000
105000203,2016-08-24,01,13,35,38,39,15953000,638120,9278875
105000204,2016-08-25,01,12,13,22,29,14326800,573072,4459125
105000205,2016-08-26,07,10,18,35,36,13395775,535831,7545250
105000206,2016-08-27,02,25,28,34,35,15020075,600803,9274125
105000207,2016-08-29,10,13,17,28,36,15583875,623355,5373625
105000208,2016-08-30,08,15,16,21,26,12746875,509875,8518375
105000209,2016-08-31,08,09,17,21,37,16084625,643385,7405500
105000210,2016-09-01,05,07,11,16,26,14431300,577252,9547625
105000211,2016-09-02,04,05,06,19,30,13088850,523554,9505500
105000212,2016-09-03,08,14,18,23,30,15326125,613045,7342875
105000213,2016-09-05,08,11,28,30,33,15796825,631873,7362000
105000214,2016-09-06,04,20,30,32,35,13006825,520273,4967875
105000215,2016-09-07,02,14,15,27,37,16041250,641650,7984125
105000216,2016-09-08,02,07,26,32,37,14935650,597426,4295000
105000217,2016-09-09,11,16,18,23,30,12918925,516757,5470750
105000218,2016-09-10,11,17,25,31,37,15966900,638676,8727750
105000219,2016-09-12,06,12,21,26,29,15999450,639978,12896125
105000220,2016-09-13,04,10,26,31,32,12774650,510986,3578500
105000221,2016-09-14,11,15,16,29,38,14470250,578810,7088500
105000222,2016-09-15,07,19,21,25,35,13981100,559244,5880375
105000223,2016-09-16,06,08,12,13,29,12561300,502452,5130875
105000224,2016-09-17,02,04,12,17,22,13699100,547964,6350625
105000225,2016-09-19,07,16,18,24,35,15770875,630835,6220125
105000226,2016-09-20,04,21,25,37,39,12673125,506925,8021750
105000227,2016-09-21,05,09,11,20,29,16133800,645352,18639125
105000228,2016-09-22,04,10,17,25,31,14925900,597036,14087750
105000229,2016-09-23,05,08,09,20,24,13826225,553049,7248125
105000230,2016-09-24,04,20,25,27,33,15632125,625285,8770375
105000231,2016-09-26,10,14,20,31,32,16107775,644311,4867875
105000232,2016-09-27,07,11,12,18,38,6535900,261436,3594125
105000233,2016-09-28,10,11,14,27,38,14396725,575869,4425375
105000234,2016-09-29,06,10,12,16,23,14298450,571938,6628250
105000235,2016-09-30,18,20,32,34,35,13513150,540526,6407375
105000236,2016-10-01,03,10,12,15,19,15949900,637996,9193250
105000237,2016-10-03,04,17,19,24,30,15493650,619746,6693625
105000238,2016-10-04,12,21,28,35,39,12393950,495758,6598000
105000239,2016-10-05,09,15,22,27,32,16185500,647420,12191000
105000240,2016-10-06,01,17,25,26,35,14786475,591459,11640750
105000241,2016-10-07,06,08,15,16,19,13431600,537264,7328250
105000242,2016-10-08,07,15,22,27,37,15671075,626843,6962500
105000243,2016-10-10,16,20,31,35,38,15137150,605486,6696500
105000244,2016-10-11,08,13,26,35,36,12637550,505502,7129500
105000245,2016-10-12,02,07,21,22,35,16110550,644422,5900500
105000246,2016-10-13,04,11,17,22,24,14637250,585490,10384625
105000247,2016-10-14,02,12,15,21,22,14026450,561058,8966250
105000248,2016-10-15,07,21,22,31,32,15595925,623837,6899375
105000249,2016-10-17,09,11,27,34,39,16104150,644166,12494625
105000250,2016-10-18,07,17,22,35,39,13715725,548629,6456375
105000251,2016-10-19,03,15,17,22,27,16660150,666406,17378500
105000252,2016-10-20,05,19,25,33,37,15866550,634662,21310625
105000253,2016-10-21,03,15,28,33,34,14854025,594161,5562875
105000254,2016-10-22,13,16,31,36,37,16152725,646109,9076125
105000255,2016-10-24,08,10,19,27,31,16375425,655017,7943125
105000256,2016-10-25,03,09,12,26,29,13436525,537461,8771000
105000257,2016-10-26,01,10,25,32,34,16441925,657677,10497125
105000258,2016-10-27,16,23,27,33,39,14846450,593858,9025750
105000259,2016-10-28,12,20,28,30,32,14099525,563981,9627375
105000260,2016-10-29,11,15,19,21,28,15346700,613868,8599500
105000261,2016-10-31,01,03,13,17,31,16704350,668174,19610375
105000262,2016-11-01,02,15,22,27,32,13761150,550446,21238500
105000263,2016-11-02,17,28,29,36,38,17767500,710700,8925250
105000264,2016-11-03,03,06,09,14,39,15570925,622837,11867875
105000265,2016-11-04,31,32,34,37,38,14796375,591855,13458750
105000266,2016-11-05,03,15,18,22,38,16296650,651866,8886875
105000267,2016-11-07,10,22,30,32,34,17074275,682971,6281875
105000268,2016-11-08,04,13,17,26,36,14058400,562336,7200875
105000269,2016-11-09,01,07,12,26,32,17273025,690921,5389875
105000270,2016-11-10,03,05,09,17,35,16034550,641382,10411500
105000271,2016-11-11,05,08,13,15,20,15351475,614059,8986500
105000272,2016-11-12,10,12,15,29,32,17419700,696788,9776750
105000273,2016-11-14,02,16,19,25,29,17677150,707086,13475625
105000274,2016-11-15,13,19,28,32,37,14598825,583953,5010750
105000275,2016-11-16,05,12,23,29,33,17819300,712772,9029125
105000276,2016-11-17,06,16,23,25,26,16406200,656248,6413375
105000277,2016-11-18,01,13,20,24,33,15100250,604010,5397625
105000278,2016-11-19,05,12,16,20,37,16888775,675551,6223375
105000279,2016-11-21,08,16,17,22,30,17137950,685518,9950375
105000280,2016-11-22,04,05,20,25,34,13921175,556847,7381625
105000281,2016-11-23,02,08,16,20,29,16503125,660125,6731500
105000282,2016-11-24,10,16,20,25,38,15516225,620649,7989625
105000283,2016-11-25,07,12,17,22,31,14927250,597090,10652250
105000284,2016-11-26,01,12,24,34,37,16514325,660573,7165625
105000285,2016-11-28,08,09,18,19,36,16981175,679247,16253000
105000286,2016-11-29,05,12,17,19,34,13987275,559491,8203500
105000287,2016-11-30,04,14,22,25,33,18043100,721724,12898000
105000288,2016-12-01,01,04,07,14,30,16041700,641668,6482000
105000289,2016-12-02,16,17,32,33,36,14512825,580513,6230000
105000290,2016-12-03,07,09,16,20,22,16048750,641950,7682375
105000291,2016-12-05,07,08,13,21,39,17784750,711390,14931875
105000292,2016-12-06,06,12,21,24,32,14886700,595468,11724875
105000293,2016-12-07,07,12,17,18,31,18252575,730103,11724750
105000294,2016-12-08,01,07,09,13,16,16790625,671625,8704750
105000295,2016-12-09,05,22,24,32,33,16156900,646276,7960500
105000296,2016-12-10,01,08,26,37,38,17540025,701601,7852500
105000297,2016-12-12,02,08,18,22,39,18351875,734075,7278625
105000298,2016-12-13,02,06,17,20,38,15181950,607278,6352625
105000299,2016-12-14,08,15,34,36,37,18123725,724949,9124750
105000300,2016-12-15,17,19,20,25,35,15723725,628949,15942250
105000301,2016-12-16,02,10,13,20,39,15512050,620482,5909625
105000302,2016-12-17,01,06,08,15,20,17465925,698637,7561000
105000303,2016-12-19,02,12,17,23,33,17686675,707467,12872625
105000304,2016-12-20,11,15,18,28,34,15219725,608789,9154000
105000305,2016-12-21,02,03,08,19,27,18134350,725374,11335125
105000306,2016-12-22,07,18,22,24,30,16698975,667959,8888625
105000307,2016-12-23,06,08,20,32,37,14961000,598440,9207750
105000308,2016-12-24,09,11,15,17,18,18113600,724544,13479125
105000309,2016-12-26,03,06,07,29,30,17768600,710744,5401125
105000310,2016-12-27,16,19,28,30,31,14109200,564368,9303875
105000311,2016-12-28,09,12,18,20,26,16766125,670645,10880625
105000312,2016-12-29,15,25,30,37,39,16497975,659919,8807250
105000313,2016-12-30,11,13,29,36,38,15519650,620786,12769250
105000314,2016-12-31,14,18,21,26,34,17889975,715599,10252875
106000001,2017-01-02,06,10,14,15,22,17228075,689123,8224875
106000002,2017-01-03,02,08,13,21,29,14216975,568679,7602250
106000003,2017-01-04,07,09,11,22,37,18257050,730282,14452500
106000004,2017-01-05,24,25,26,27,33,17532775,701311,12296625
106000005,2017-01-06,02,06,11,12,38,15746925,629877,7604625
106000006,2017-01-07,08,12,14,18,35,18089475,723579,10388875
106000007,2017-01-09,09,16,24,27,30,18812125,752485,9793500
106000008,2017-01-10,04,09,20,31,33,15950075,638003,6510375
106000009,2017-01-11,07,09,10,15,24,19664175,786567,10610500
106000010,2017-01-12,11,20,22,31,34,17936825,717473,8023500
106000011,2017-01-13,04,18,22,24,34,15994575,639783,4354750
106000012,2017-01-14,05,06,07,14,27,18615525,744621,13044500
106000013,2017-01-16,04,05,23,30,33,18316050,732642,5929875
106000014,2017-01-17,16,18,19,28,33,15414200,616568,7711875
106000015,2017-01-18,09,20,21,36,37,19385100,775404,16467000
106000016,2017-01-19,02,11,17,26,29,18081200,723248,15103500
106000017,2017-01-20,08,11,26,35,36,16682975,667319,5009375
106000018,2017-01-21,08,15,17,21,33,18412125,736485,6644125
106000019,2017-01-23,04,13,26,30,37,18999150,759966,6806875
106000020,2017-01-24,26,28,31,33,34,15583475,623339,6752000
106000021,2017-01-25,07,08,18,26,29,19858500,794340,10546125
106000022,2017-01-26,05,23,29,31,36,18722825,748913,5803750
106000023,2017-01-27,01,03,06,12,37,15878975,635159,13815750
106000024,2017-01-28,07,08,10,29,39,16405475,656219,9706500
106000025,2017-01-30,04,08,11,22,37,17933350,717334,9833125
106000026,2017-01-31,01,06,08,09,18,17001600,680064,10545250
106000027,2017-02-01,07,13,15,17,25,17195875,687835,17124625
106000028,2017-02-02,04,05,20,30,32,19129175,765167,17554875
106000029,2017-02-03,18,19,25,27,36,18245250,729810,9756750
106000030,2017-02-04,03,07,08,09,35,20793825,831753,21853000
106000031,2017-02-06,10,24,26,29,36,21596450,863858,10905500
106000032,2017-02-07,01,08,11,24,34,17478550,699142,9299125
106000033,2017-02-08,06,08,24,38,39,21717850,868714,12712000
106000034,2017-02-09,02,03,17,29,38,18435725,737429,8165000
106000035,2017-02-10,05,17,22,27,32,17636475,705459,11769000
106000036,2017-02-11,02,15,17,20,25,20818075,832723,22671250
106000037,2017-02-13,05,08,15,20,21,20769625,830785,12940375
106000038,2017-02-14,01,07,09,14,20,17882625,715305,11904625
106000039,2017-02-15,18,20,26,27,32,22066150,882646,7476750
106000040,2017-02-16,02,03,16,23,34,19680650,787226,13635625
106000041,2017-02-17,02,08,10,18,31,18731875,749275,8349750
106000042,2017-02-18,04,06,09,16,37,21019525,840781,15662125
106000043,2017-02-20,02,15,23,29,34,22067750,882710,7153375
106000044,2017-02-21,12,16,25,26,28,17706400,708256,11570625
106000045,2017-02-22,07,17,23,30,37,21243550,849742,10817750
106000046,2017-02-23,04,06,12,14,38,19559200,782368,6719500
106000047,2017-02-24,06,28,31,33,35,17505950,700238,9532500
106000048,2017-02-25,07,14,17,24,38,18798300,751932,7370375
106000049,2017-02-27,04,25,27,34,37,20513200,820528,22589375
106000050,2017-02-28,04,12,14,16,17,17090700,683628,7535875
106000051,2017-03-01,01,09,20,34,35,21127425,845097,10431375
106000052,2017-03-02,13,20,29,32,36,18841050,753642,14109000
106000053,2017-03-03,07,09,19,21,22,18151100,726044,14274875
106000054,2017-03-04,10,11,24,28,29,20454325,818173,12693875
106000055,2017-03-06,10,11,12,13,28,21334375,853375,9291375
106000056,2017-03-07,03,09,11,33,34,16444825,657793,7152750
106000057,2017-03-08,07,08,19,24,28,20511250,820450,13513500
106000058,2017-03-09,02,06,23,26,38,19112425,764497,14312375
106000059,2017-03-10,08,10,12,30,34,18069400,722776,9419375
106000060,2017-03-11,01,18,25,27,32,21088700,843548,21116625
106000061,2017-03-13,05,12,23,28,33,21522175,860887,17346750
106000062,2017-03-14,04,12,22,29,35,17668875,706755,9978625
106000063,2017-03-15,17,21,31,33,35,21594750,863790,10389250
106000064,2017-03-16,02,04,32,34,37,18950525,758021,13370375
106000065,2017-03-17,01,08,14,15,38,18627550,745102,14311750
106000066,2017-03-18,05,07,10,25,38,21022350,840894,12877375
106000067,2017-03-20,01,18,27,29,39,21467000,858680,14024000
106000068,2017-03-21,06,24,31,34,36,17473625,698945,11164125
106000069,2017-03-22,03,06,08,09,27,21215400,848616,16311875
106000070,2017-03-23,10,26,29,36,39,19079675,763187,10504875
106000071,2017-03-24,06,11,15,32,35,18232200,729288,8081625
106000072,2017-03-25,08,27,30,35,38,19090175,763607,7051500
106000073,2017-03-27,02,11,15,19,27,20079875,803195,6155875
106000074,2017-03-28,04,13,16,27,38,16605375,664215,8286500
106000075,2017-03-29,05,08,19,23,24,19527975,781119,12582500
106000076,2017-03-30,03,04,20,30,39,18030250,721210,14734875
106000077,2017-03-31,17,18,19,22,39,16708450,668338,11547875
106000078,2017-04-01,05,07,21,24,27,18816325,752653,12055875
106000079,2017-04-03,08,19,21,23,35,18905050,756202,7201000
106000080,2017-04-04,25,26,27,29,36,15540475,621619,12187625
106000081,2017-04-05,12,15,19,20,30,20311075,812443,13284375
106000082,2017-04-06,06,09,21,35,36,19433425,777337,9774875
106000083,2017-04-07,07,20,23,25,32,18412625,736505,10751250
106000084,2017-04-08,16,21,26,36,39,20070375,802815,8666250
106000085,2017-04-10,15,22,23,27,32,20941750,837670,25879359
106000086,2017-04-11,15,21,25,38,39,17896075,715843,6743000
106000087,2017-04-12,03,23,25,27,34,21111825,844473,8761500
106000088,2017-04-13,10,29,30,35,38,19302250,772090,8433000
106000089,2017-04-14,02,19,21,32,36,18438625,737545,8459625
106000090,2017-04-15,15,19,22,24,28,19736475,789459,10289125
106000091,2017-04-17,10,11,14,26,31,20439225,817569,10922250
106000092,2017-04-18,09,18,23,30,34,17099650,683986,12780625
106000093,2017-04-19,04,09,11,22,35,20647250,825890,8679125
106000094,2017-04-20,17,21,35,36,37,19098275,763931,17385125
106000095,2017-04-21,15,19,23,30,34,17517300,700692,17269375
106000096,2017-04-22,01,11,16,35,38,18649900,745996,8533750
106000097,2017-04-24,03,29,34,35,39,20552025,822081,6763375
106000098,2017-04-25,01,09,12,16,31,16791825,671673,5179250
106000099,2017-04-26,03,13,18,34,35,19408450,776338,7503500
106000100,2017-04-27,06,08,11,26,38,16597900,663916,10405875
106000101,2017-04-28,15,16,22,32,35,17144850,685794,9547250
106000102,2017-04-29,11,16,22,31,33,18789225,751569,12259625
106000103,2017-05-01,16,24,31,33,36,18879425,755177,4837375
106000104,2017-05-02,04,11,16,19,33,15746100,629844,6152500
106000105,2017-05-03,07,18,22,26,35,19101700,764068,9809875
106000106,2017-05-04,11,16,22,23,38,17631800,705272,19069625
106000107,2017-05-05,04,11,14,20,21,18049300,721972,7855875
106000108,2017-05-06,05,07,16,35,36,19103325,764133,13984375
106000109,2017-05-08,22,24,35,36,38,20238275,809531,10837000
106000110,2017-05-09,02,08,19,27,33,16785300,671412,11975875
106000111,2017-05-10,05,06,27,34,39,20685200,827408,10824250
106000112,2017-05-11,04,07,26,27,33,18258900,730356,7811375
106000113,2017-05-12,02,07,15,38,39,17242475,689699,5116500
106000114,2017-05-13,06,13,14,22,38,19236025,769441,10072250
106000115,2017-05-15,02,09,16,25,34,18570550,742822,9664500
106000116,2017-05-16,04,11,13,23,31,15017625,600705,8153625
106000117,2017-05-17,15,17,28,29,30,20024150,800966,26153500
106000118,2017-05-18,05,07,12,32,36,17850250,714010,15841750
106000119,2017-05-19,06,09,10,24,25,16690450,667618,12044875
106000120,2017-05-20,10,17,20,22,29,19120725,764829,11363000
106000121,2017-05-22,02,03,12,16,27,19315275,772611,10747500
106000122,2017-05-23,08,12,25,27,31,15464675,618587,5631500
106000123,2017-05-24,07,09,21,25,36,18234450,729378,8805125
106000124,2017-05-25,02,05,30,36,37,17239075,689563,9192000
106000125,2017-05-26,04,11,25,27,32,16535125,661405,16098375
106000126,2017-05-27,09,25,31,33,34,18595300,743812,8163875
106000127,2017-05-29,22,26,30,36,38,18326125,733045,11351000
106000128,2017-05-30,10,11,20,35,39,14978950,599158,13534375
106000129,2017-05-31,01,05,08,28,33,18947925,757917,16670625
106000130,2017-06-01,06,10,14,17,34,17554050,702162,11430750
106000131,2017-06-02,03,05,07,22,26,15192500,607700,10218625
106000132,2017-06-03,06,14,19,25,39,16793875,671755,7307250
106000133,2017-06-05,01,16,19,26,28,19121750,764870,7577125
106000134,2017-06-06,08,23,25,29,33,15788475,631539,7758875
106000135,2017-06-07,15,19,29,30,33,19127425,765097,7116625
106000136,2017-06-08,12,14,19,23,26,17296850,691874,4924125
106000137,2017-06-09,04,07,31,38,39,16648975,665959,8413500
106000138,2017-06-10,14,16,26,27,28,17618300,704732,7945625
106000139,2017-06-12,06,11,12,19,22,17927325,717093,13864875
106000140,2017-06-13,01,02,09,20,22,15647350,625894,13116125
106000141,2017-06-14,03,06,25,30,37,17554775,702191,8456375
106000142,2017-06-15,02,11,16,25,38,16105925,644237,6748500
106000143,2017-06-16,17,28,31,34,37,15616550,624662,11893875
106000144,2017-06-17,04,15,17,26,39,16832450,673298,9177625
106000145,2017-06-19,13,31,33,34,39,18923825,756953,6998500
106000146,2017-06-20,14,16,21,35,39,16167075,646683,7050125
106000147,2017-06-21,04,10,18,20,26,18970650,758826,13749375
106000148,2017-06-22,03,22,24,26,32,16926500,677060,10573875
106000149,2017-06-23,04,06,07,19,29,15888550,635542,8808500
106000150,2017-06-24,05,07,19,27,31,17398875,695955,10035750
106000151,2017-06-26,04,05,19,23,26,18178675,727147,10208000
106000152,2017-06-27,12,14,17,19,21,14990600,599624,8041375
106000153,2017-06-28,02,13,34,36,37,18498625,739945,14747125
106000154,2017-06-29,18,21,25,27,31,16683375,667335,11422875
106000155,2017-06-30,05,11,28,30,35,16072350,642894,17612375
106000156,2017-07-01,07,08,15,21,25,17935475,717419,15763250
106000157,2017-07-03,11,17,20,32,36,17937775,717511,9366125
106000158,2017-07-04,12,15,19,29,36,15100950,604038,6995000
106000159,2017-07-05,08,10,12,32,34,19703000,788120,7970250
106000160,2017-07-06,03,16,21,26,36,17664675,706587,10819875
106000161,2017-07-07,02,15,16,18,25,16476700,659068,6864500
106000162,2017-07-08,04,09,14,22,26,18306425,732257,16254500
106000163,2017-07-10,04,13,19,20,24,19781250,791250,9029125
106000164,2017-07-11,05,14,20,25,36,16884375,675375,7311500
106000165,2017-07-12,03,05,29,36,37,20139050,805562,5551875
106000166,2017-07-13,07,14,21,35,37,17628575,705143,9730375
106000167,2017-07-14,15,16,23,28,32,16827600,673104,12855875
106000168,2017-07-15,02,05,14,32,33,18949925,757997,6183500
106000169,2017-07-17,08,10,14,23,36,19079975,763199,6323250
106000170,2017-07-18,01,09,33,37,39,15882450,635298,14762750
106000171,2017-07-19,04,20,22,29,33,18752100,750084,11320000
106000172,2017-07-20,06,10,15,23,30,17394050,695762,9427375
106000173,2017-07-21,02,05,22,31,37,16140600,645624,7256625
106000174,2017-07-22,09,11,24,30,34,17923175,716927,10484375
106000175,2017-07-24,02,16,19,24,27,18122075,724883,9053500
106000176,2017-07-25,09,24,27,28,29,15327050,613082,5439250
106000177,2017-07-26,11,20,27,29,37,18209175,728367,6035250
106000178,2017-07-27,03,14,20,34,38,16721450,668858,8017625
106000179,2017-07-28,16,25,35,37,38,15364450,614578,11836000
106000180,2017-07-29,05,18,30,33,36,16607375,664295,11969375
106000181,2017-07-31,08,13,17,35,37,18025500,721020,11181125
106000182,2017-08-01,11,13,16,17,21,15992500,639700,6041000
106000183,2017-08-02,13,15,17,18,21,18725500,749020,11248125
106000184,2017-08-03,27,30,32,35,38,17010725,680429,6954625
106000185,2017-08-04,08,14,20,33,38,16264350,650574,6459250
106000186,2017-08-05,05,10,18,26,28,18037550,721502,15088375
106000187,2017-08-07,03,10,12,13,38,18694325,747773,5423625
106000188,2017-08-08,04,08,17,29,36,15564225,622569,10391000
106000189,2017-08-09,09,12,29,30,32,18741725,749669,6643000
106000190,2017-08-10,12,14,23,26,36,17246300,689852,7558875
106000191,2017-08-11,02,03,10,20,30,16417250,656690,15820250
106000192,2017-08-12,02,20,23,28,30,17857325,714293,7684500
106000193,2017-08-14,14,18,25,26,32,18091250,723650,12107625
106000194,2017-08-15,04,13,17,33,39,14994350,599774,8329000
106000195,2017-08-16,02,04,07,18,36,18827975,753119,6892500
106000196,2017-08-17,01,08,15,20,37,16536800,661472,17083875
106000197,2017-08-18,06,08,16,28,29,15909950,636398,7630625
106000198,2017-08-19,09,13,23,29,34,17464875,698595,8187500
106000199,2017-08-21,08,12,15,35,36,17614150,704566,8712625
106000200,2017-08-22,07,24,31,34,35,14733475,589339,7753250
106000201,2017-08-23,26,30,31,32,38,17568575,702743,9250625
106000202,2017-08-24,19,27,29,31,32,15848500,633940,9633250
106000203,2017-08-25,11,16,27,33,36,15705850,628234,11912125
106000204,2017-08-26,06,09,12,25,35,17638200,705528,11377000
106000205,2017-08-28,07,11,14,32,34,17343650,693746,8850000
106000206,2017-08-29,03,21,22,30,38,14916425,596657,11892000
106000207,2017-08-30,12,17,21,30,38,18096725,723869,7247625
106000208,2017-08-31,01,08,12,38,39,16157950,646318,10050625
106000209,2017-09-01,05,15,19,23,24,15280600,611224,15777875
106000210,2017-09-02,04,10,18,19,37,17058275,682331,23413500
106000211,2017-09-04,05,21,27,29,34,18790075,751603,10690500
106000212,2017-09-05,05,06,07,36,38,15990525,639621,10035875
106000213,2017-09-06,05,08,28,33,35,19601425,784057,15726000
106000214,2017-09-07,12,13,27,30,31,18374475,734979,12464000
106000215,2017-09-08,05,10,15,33,36,17287200,691488,6767875
106000216,2017-09-09,05,19,24,25,31,19260325,770413,6811875
106000217,2017-09-11,01,03,26,28,37,20065700,802628,10143500
106000218,2017-09-12,09,10,17,22,26,16217525,648701,11946000
106000219,2017-09-13,11,28,30,31,39,19401425,776057,9527875
106000220,2017-09-14,16,17,21,30,32,17925275,717011,8993250
106000221,2017-09-15,04,07,12,28,35,17387275,695491,11437000
106000222,2017-09-16,02,04,21,28,35,19725775,789031,7131125
106000223,2017-09-18,03,25,32,33,34,19251850,770074,9854375
106000224,2017-09-19,04,06,07,08,31,15977375,639095,8242750
106000225,2017-09-20,07,19,25,37,38,19311800,772472,8418250
106000226,2017-09-21,04,05,08,10,37,17618350,704734,9025750
106000227,2017-09-22,04,10,12,16,21,16493825,659753,8209750
106000228,2017-09-23,06,07,18,32,37,18258475,730339,5434750
106000229,2017-09-25,03,08,18,27,36,18641400,745656,9139250
106000230,2017-09-26,02,15,24,25,30,15719375,628775,8488000
106000231,2017-09-27,10,29,30,31,35,18767450,750698,10018000
106000232,2017-09-28,04,23,26,32,33,17365650,694626,13131750
106000233,2017-09-29,02,04,08,13,23,16330575,653223,5950000
106000234,2017-09-30,01,04,06,27,38,18515875,740635,7179500
106000235,2017-10-02,08,15,18,19,25,18023750,720950,13622000
106000236,2017-10-03,11,14,16,21,30,16133425,645337,12795625
106000237,2017-10-04,06,11,17,26,32,18274800,730992,7505750
106000238,2017-10-05,17,19,21,24,37,18639375,745575,6816125
106000239,2017-10-06,03,11,28,29,33,17179400,687176,10269000
106000240,2017-10-07,05,20,26,29,34,18993825,759753,13894875
106000241,2017-10-09,05,07,10,14,15,18509425,740377,15117375
106000242,2017-10-10,13,21,28,37,38,15603875,624155,7160125
106000243,2017-10-11,08,17,19,20,30,18975275,759011,15091000
106000244,2017-10-12,23,26,28,32,36,17996175,719847,16236250
106000245,2017-10-13,07,15,24,34,37,16351550,654062,9699375
106000246,2017-10-14,02,13,35,36,39,19063675,762547,12156750
106000247,2017-10-16,22,28,30,35,38,19494750,779790,10361250
106000248,2017-10-17,06,24,31,32,35,16576400,663056,5339250
106000249,2017-10-18,06,09,18,31,32,19193975,767759,9122500
106000250,2017-10-19,16,20,28,33,34,17478900,699156,18272750
106000251,2017-10-20,02,07,16,29,33,17353950,694158,5381875
106000252,2017-10-21,12,17,26,27,34,18690750,747630,17056375
106000253,2017-10-23,03,11,25,30,36,19722775,788911,15905750
106000254,2017-10-24,08,14,15,20,25,16334350,653374,11706500
106000255,2017-10-25,03,17,23,27,31,19800825,792033,7218875
106000256,2017-10-26,13,17,18,27,35,17929600,717184,6554000
106000257,2017-10-27,02,03,07,19,22,16679400,667176,6987375
106000258,2017-10-28,02,10,12,14,21,18326025,733041,13313750
106000259,2017-10-30,02,15,21,31,36,18837200,753488,4568625
106000260,2017-10-31,01,03,05,09,37,16109350,644374,22182875
106000261,2017-11-01,01,13,18,35,38,19360075,774403,10317750
106000262,2017-11-02,02,05,10,19,38,17860225,714409,6597000
106000263,2017-11-03,04,12,13,28,36,16823875,672955,12101250
106000264,2017-11-04,04,06,11,22,28,18794900,751796,19880375
106000265,2017-11-06,17,20,23,24,28,20153375,806135,9801875
106000266,2017-11-07,03,06,13,25,29,16583350,663334,6462000
106000267,2017-11-08,05,13,19,20,21,19944850,797794,7801625
106000268,2017-11-09,02,14,18,31,37,18175425,727017,10160500
106000269,2017-11-10,09,16,19,22,29,17849400,713976,12120125
106000270,2017-11-11,09,21,24,28,32,20483575,819343,7185000
106000271,2017-11-13,02,05,08,14,25,19158500,766340,11219000
106000272,2017-11-14,01,02,14,20,37,16789725,671589,5540625
106000273,2017-11-15,02,11,15,26,33,20124575,804983,18449500
106000274,2017-11-16,08,26,31,33,38,18390875,735635,5818375
106000275,2017-11-17,05,11,12,24,29,17138800,685552,7780250
106000276,2017-11-18,13,14,20,29,34,18578275,743131,8474000
106000277,2017-11-20,17,24,27,30,34,19034225,761369,13852875
106000278,2017-11-21,01,06,07,18,36,16783250,671330,13472125
106000279,2017-11-22,17,21,24,30,33,19496350,779854,5898250
106000280,2017-11-23,04,17,22,26,27,17500475,700019,8733250
106000281,2017-11-24,07,11,22,26,37,17129200,685168,9615625
106000282,2017-11-25,08,09,22,31,36,18386750,735470,6749875
106000283,2017-11-27,01,05,23,35,38,18948600,757944,16898125
106000284,2017-11-28,05,16,21,24,25,16760375,670415,7342625
106000285,2017-11-29,04,13,14,16,29,20013275,800531,12591875
106000286,2017-11-30,01,22,30,31,39,18769500,750780,13921500
106000287,2017-12-01,11,21,23,24,25,16955425,678217,10989875
106000288,2017-12-02,03,05,17,23,37,19079050,763162,10206375
106000289,2017-12-04,08,17,18,24,39,19409575,776383,8293250
106000290,2017-12-05,02,20,21,29,34,16589850,663594,10396000
106000291,2017-12-06,04,19,20,28,34,20082725,803309,12632875
106000292,2017-12-07,06,08,10,19,38,17943825,717753,13001250
106000293,2017-12-08,04,05,10,22,30,17516450,700658,13706375
106000294,2017-12-09,09,17,34,35,39,19880800,795232,9802000
106000295,2017-12-11,16,17,18,28,34,20093400,803736,8500250
106000296,2017-12-12,06,09,21,23,39,16366625,654665,5589000
106000297,2017-12-13,11,12,21,22,33,20375525,815021,29409000
106000298,2017-12-14,08,19,25,26,38,19420575,776823,14450750
106000299,2017-12-15,14,27,30,36,37,18400975,736039,20079750
106000300,2017-12-16,14,19,29,30,37,19518925,780757,6719625
106000301,2017-12-18,01,03,07,18,34,20002000,800080,19585375
106000302,2017-12-19,04,08,11,25,27,16873975,674959,11085500
106000303,2017-12-20,07,10,18,34,38,20861200,834448,6710000
106000304,2017-12-21,03,18,24,28,32,19016825,760673,13126250
106000305,2017-12-22,01,06,14,29,34,17600725,704029,8258875
106000306,2017-12-23,15,19,21,24,30,20233850,809354,16039625
106000307,2017-12-25,05,11,21,33,38,20759275,830371,11627750
106000308,2017-12-26,07,11,17,18,35,17068025,682721,8638875
106000309,2017-12-27,03,30,34,35,37,20495825,819833,10484500
106000310,2017-12-28,07,10,20,33,39,18876300,755052,11011250
106000311,2017-12-29,04,08,10,15,30,17451575,698063,10400250
106000312,2017-12-30,05,18,20,35,36,19872900,794916,11131500
107000001,2018-01-01,01,14,18,19,24,19325475,773019,11701000
107000002,2018-01-02,02,07,09,12,39,17081200,683248,13148875
107000003,2018-01-03,02,03,06,10,18,20824825,832993,12432125
107000004,2018-01-04,10,14,21,25,26,19588875,783555,8537500
107000005,2018-01-05,04,08,12,17,30,18746425,749857,16475750
107000006,2018-01-06,04,07,13,31,39,20003950,800158,12844625
107000007,2018-01-08,02,22,28,32,34,20362125,814485,15234750
107000008,2018-01-09,01,23,26,28,36,17818600,712744,8905250
107000009,2018-01-10,02,06,07,13,32,21921750,876870,5863250
107000010,2018-01-11,03,07,11,12,29,19495825,779833,12075250
107000011,2018-01-12,01,06,11,16,37,18617175,744687,7489625
107000012,2018-01-13,06,09,13,27,34,20864950,834598,13491625
107000013,2018-01-15,05,06,09,15,36,21286450,851458,12968750
107000014,2018-01-16,07,12,13,15,23,18081975,723279,6176250
107000015,2018-01-17,07,09,12,25,26,21766175,870647,8370500
107000016,2018-01-18,08,23,29,35,37,20488225,819529,10371000
107000017,2018-01-19,03,05,14,15,20,18333475,733339,11124625
107000018,2018-01-20,12,23,25,26,28,20431225,817249,9781250
107000019,2018-01-22,14,23,32,34,35,20983500,839340,11950875
107000020,2018-01-23,01,04,07,29,33,17500300,700012,10347375
107000021,2018-01-24,23,27,30,36,37,21934075,877363,11648750
107000022,2018-01-25,06,07,14,22,36,19232875,769315,6380750
107000023,2018-01-26,02,17,19,24,27,17554150,702166,21529375
107000024,2018-01-27,03,23,29,34,39,20369925,814797,14084625
107000025,2018-01-29,19,22,24,31,37,20037400,801496,6513375
107000026,2018-01-30,08,10,15,17,31,17042675,681707,10859250
107000027,2018-01-31,01,02,13,22,39,20587250,823490,10384875
107000028,2018-02-01,13,15,20,22,37,18800000,752000,4612375
107000029,2018-02-02,01,10,13,16,20,17511600,700464,6366375
107000030,2018-02-03,12,21,24,31,34,18478775,739151,10938250
107000031,2018-02-05,05,17,22,23,24,19789950,791598,10784250
107000032,2018-02-06,10,12,17,24,35,18082000,723280,5733875
107000033,2018-02-07,03,25,26,30,31,20247300,809892,10399125
107000034,2018-02-08,01,05,24,30,34,19380575,775223,4277250
107000035,2018-02-09,05,07,31,32,39,18725250,749010,6692625
107000036,2018-02-10,14,17,19,21,39,22274650,890986,9925750
107000037,2018-02-12,04,11,14,16,28,22539175,901567,19344500
107000038,2018-02-13,10,19,20,23,33,19562925,782517,8662375
107000039,2018-02-14,02,07,12,17,39,23582650,943306,13367375
107000040,2018-02-15,02,05,11,18,28,19298175,771927,8576750
107000041,2018-02-16,01,02,08,18,31,19582175,783287,9690125
107000042,2018-02-17,01,03,13,24,38,19888825,795553,17351875
107000043,2018-02-19,07,13,25,33,38,21187875,847515,8428375
107000044,2018-02-20,02,06,08,23,36,19453850,778154,14451000
107000045,2018-02-21,03,13,27,28,34,23556425,942257,9460125
107000046,2018-02-22,01,06,14,18,24,20168575,806743,9916625
107000047,2018-02-23,02,05,15,17,31,20750400,830016,18346625
107000048,2018-02-24,04,09,25,26,32,23500375,940015,30003250
107000049,2018-02-26,07,12,33,35,37,23681425,947257,29731500
107000050,2018-02-27,09,12,14,17,32,21043275,841731,6965750
107000051,2018-02-28,02,14,25,31,36,23043475,921739,7419250
107000052,2018-03-01,04,08,20,31,39,21262925,850517,9674750
107000053,2018-03-02,10,22,25,27,37,19706925,788277,10887625
107000054,2018-03-03,05,14,16,27,36,22141600,885664,9282250
107000055,2018-03-05,15,24,27,30,35,22154475,886179,14666875
107000056,2018-03-06,11,14,24,27,32,19457650,778306,5728250
107000057,2018-03-07,01,08,15,32,39,22934550,917382,7335875
107000058,2018-03-08,10,15,24,29,38,18802400,752096,10697375
107000059,2018-03-09,01,13,18,25,29,19181400,767256,7777125
107000060,2018-03-10,06,07,11,14,27,21078450,843138,12122625
107000061,2018-03-12,01,02,08,33,35,22261650,890466,10391375
107000062,2018-03-13,04,06,09,33,36,18769650,750786,9408250
107000063,2018-03-14,02,21,25,30,31,21935950,877438,7849125
107000064,2018-03-15,02,04,22,30,32,19286675,771467,8077125
107000065,2018-03-16,02,15,16,28,37,18898100,755924,12488250
107000066,2018-03-17,08,14,26,36,39,20628075,825123,11323125
107000067,2018-03-19,07,16,19,36,37,21321550,852862,6558750
107000068,2018-03-20,07,08,25,29,32,16845500,673820,6631375
107000069,2018-03-21,05,08,22,26,36,20610150,824406,7493375
107000070,2018-03-22,04,06,11,31,36,18937475,757499,7668750
107000071,2018-03-23,06,21,33,34,38,18025375,721015,9931375
107000072,2018-03-24,02,14,17,23,24,19071875,762875,28637000
107000073,2018-03-26,02,07,23,32,39,21027225,841089,10023375
107000074,2018-03-27,01,06,14,35,38,17657025,706281,9431500
107000075,2018-03-28,15,23,25,30,36,20633625,825345,11604125
107000076,2018-03-29,13,19,23,28,31,18930625,757225,10678250
107000077,2018-03-30,09,14,21,32,33,18058950,722358,10690625
107000078,2018-03-31,04,09,19,27,28,20689425,827577,7874375
107000079,2018-04-02,08,14,18,23,32,20197600,807904,14999500
107000080,2018-04-03,06,08,10,21,32,17965125,718605,6140250
107000081,2018-04-04,07,20,23,26,38,20140075,805603,9182000
107000082,2018-04-05,12,16,27,31,37,17898000,715920,13196750
107000083,2018-04-06,01,15,21,35,38,16933900,677356,6162750
107000084,2018-04-07,05,06,07,10,20,19015225,760609,17858250
107000085,2018-04-09,12,27,32,34,36,20667025,826681,8743250
107000086,2018-04-10,07,13,25,28,32,17748975,709959,6390000
107000087,2018-04-11,08,16,27,29,30,21319725,852789,12642500
107000088,2018-04-12,03,10,14,20,23,19272400,770896,15222625
107000089,2018-04-13,02,08,22,27,39,18378725,735149,11992125
107000090,2018-04-14,09,22,32,34,39,20181475,807259,5766750
107000091,2018-04-16,05,07,08,21,22,20236550,809462,11877125
107000092,2018-04-17,01,07,13,30,32,16827600,673104,4957875
107000093,2018-04-18,12,16,29,30,39,20226875,809075,6072500
107000094,2018-04-19,01,06,18,21,39,18261725,730469,5935375
107000095,2018-04-20,12,23,24,25,39,17001550,680062,6222250
107000096,2018-04-21,04,12,13,15,37,19074325,762973,8596125
107000097,2018-04-23,04,10,16,36,38,16567625,662705,8303375
107000098,2018-04-24,03,05,11,18,19,14542000,581680,14914250
107000099,2018-04-25,04,07,10,15,26,18327000,733080,8293125
107000100,2018-04-26,03,04,06,36,39,16874075,674963,6880375
107000101,2018-04-27,10,17,29,31,37,15662700,626508,7982750
107000102,2018-04-28,01,05,13,22,28,17255775,690231,14073375
107000103,2018-04-30,01,15,21,26,32,18430675,737227,7203250
107000104,2018-05-01,02,15,35,36,38,15205225,608209,11731375
107000105,2018-05-02,05,19,27,35,38,17783250,711330,5735250
107000106,2018-05-03,12,19,25,28,33,16466900,658676,12125375
107000107,2018-05-04,02,03,04,24,39,15989825,639593,7865750
107000108,2018-05-05,08,15,20,21,35,17396325,695853,11434875
107000109,2018-05-07,02,07,16,18,37,18323950,732958,12316375
107000110,2018-05-08,11,26,32,34,39,15255925,610237,8841125
107000111,2018-05-09,02,14,19,20,29,18375350,735014,10967750
107000112,2018-05-10,03,16,19,20,25,17334525,693381,5272750
107000113,2018-05-11,04,22,25,31,32,16038850,641554,6971375
107000114,2018-05-12,13,26,33,34,38,18489400,739576,10280125
107000115,2018-05-14,12,20,23,33,39,18110775,724431,6928625
107000116,2018-05-15,04,06,18,24,31,15103350,604134,6275000
107000117,2018-05-16,15,17,27,28,30,18009275,720371,35755875
107000118,2018-05-17,05,15,24,28,35,17206675,688267,7742250
107000119,2018-05-18,09,12,16,29,35,15559650,622386,8859375
107000120,2018-05-19,17,24,25,34,36,17497275,699891,11906375
107000121,2018-05-21,20,21,23,29,30,18155750,726230,9042625
107000122,2018-05-22,05,08,18,29,31,15043850,601754,8140500
107000123,2018-05-23,08,14,24,30,35,18221775,728871,5106125
107000124,2018-05-24,03,08,16,19,21,16323850,652954,6307875
107000125,2018-05-25,03,04,13,23,30,15156025,606241,6077125
107000126,2018-05-26,05,16,23,24,33,16675900,667036,7292250
107000127,2018-05-28,03,05,07,16,37,17341500,693660,11625375
107000128,2018-05-29,15,20,25,27,30,13897925,555917,10057750
107000129,2018-05-30,05,16,25,29,34,17506675,700267,7364000
107000130,2018-05-31,15,19,24,25,39,16734675,669387,7876750
107000131,2018-06-01,11,16,21,34,38,16126875,645075,6608250
107000132,2018-06-02,09,10,24,34,38,17708475,708339,5985000
107000133,2018-06-04,06,18,23,31,37,17578275,703131,10221250
107000134,2018-06-05,02,10,15,23,24,15433000,617320,5635125
107000135,2018-06-06,04,15,22,30,34,18565275,742611,7694875
107000136,2018-06-07,02,05,11,14,22,17002225,680089,10634250
107000137,2018-06-08,20,22,26,31,36,16404525,656181,5933125
107000138,2018-06-09,05,16,18,30,33,17436275,697451,8204375
107000139,2018-06-11,01,10,20,36,37,18843950,753758,11028000
107000140,2018-06-12,18,21,23,31,36,15312050,612482,5099625
107000141,2018-06-13,02,05,19,22,26,18622200,744888,9048000
107000142,2018-06-14,01,14,17,27,29,16384375,655375,14518875
107000143,2018-06-15,09,10,16,27,37,15595925,623837,6452750
107000144,2018-06-16,19,20,26,31,34,17610525,704421,8050125
107000145,2018-06-18,04,08,16,33,36,16788300,671532,8420500
107000146,2018-06-19,04,10,12,28,30,14069375,562775,8067125
107000147,2018-06-20,01,16,28,31,33,17951575,718063,6274625
107000148,2018-06-21,10,13,24,26,37,16325925,653037,9493500
107000149,2018-06-22,09,13,14,17,20,15777725,631109,6662000
107000150,2018-06-23,06,19,20,29,37,17167050,686682,5704875
107000151,2018-06-25,06,22,30,37,38,17593750,703750,6149000
107000152,2018-06-26,03,04,19,25,30,14687000,587480,6908375
107000153,2018-06-27,08,16,17,21,37,17447975,697919,8156250
107000154,2018-06-28,12,17,24,25,37,16176725,647069,7460125
107000155,2018-06-29,05,07,25,34,36,15615025,624601,16555000
107000156,2018-06-30,12,33,36,38,39,17531950,701278,10458750
107000157,2018-07-02,11,16,21,24,34,17198225,687929,8582875
107000158,2018-07-03,09,16,19,20,37,15015100,600604,7330375
107000159,2018-07-04,19,21,22,23,34,17775075,711003,7265250
107000160,2018-07-05,08,14,18,27,33,17375100,695004,10684875
107000161,2018-07-06,13,16,17,20,25,16666150,666646,8647500
107000162,2018-07-07,06,11,12,29,34,17795825,711833,8230250
107000163,2018-07-09,15,17,18,22,23,18470925,738837,11025375
107000164,2018-07-10,04,07,09,10,20,16226625,649065,18076875
107000165,2018-07-11,04,10,12,14,20,19311500,772460,8311125
107000166,2018-07-12,02,12,29,35,38,18212950,728518,10564500
107000167,2018-07-13,12,16,19,24,32,16988150,679526,11064375
107000168,2018-07-14,11,17,28,33,37,17547150,701886,12979750
107000169,2018-07-16,09,13,30,32,34,18724000,748960,10909625
107000170,2018-07-17,20,22,27,31,32,15769100,630764,9170875
107000171,2018-07-18,05,08,15,19,23,18591900,743676,23093250
107000172,2018-07-19,15,22,26,32,33,17121900,684876,6466250
107000173,2018-07-20,05,08,12,26,31,16355475,654219,6248750
107000174,2018-07-21,02,03,08,18,34,17735675,709427,7428375
107000175,2018-07-23,01,07,18,33,34,17972525,718901,6484500
107000176,2018-07-24,02,03,23,25,35,14703625,588145,6872375
107000177,2018-07-25,08,11,12,24,30,17773750,710950,10378375
107000178,2018-07-26,01,05,16,28,38,16571975,662879,9841250
107000179,2018-07-27,07,15,26,33,39,15567850,622714,9095625
107000180,2018-07-28,10,12,23,28,37,17210975,688439,8964625
107000181,2018-07-30,04,14,18,27,28,17610725,704429,10522000
107000182,2018-07-31,05,18,21,35,37,15002350,600094,4804750
107000183,2018-08-01,05,17,18,26,29,17876100,715044,6729750
107000184,2018-08-02,18,26,29,36,37,16125300,645012,9342500
107000185,2018-08-03,05,07,09,15,37,15260825,610433,8477500
107000186,2018-08-04,01,31,32,35,38,17379750,695190,8679125
107000187,2018-08-06,13,14,16,34,37,18082775,723311,11205000
107000188,2018-08-07,02,12,23,28,31,15539050,621562,7701500
107000189,2018-08-08,02,10,23,27,33,19073075,762923,6439500
107000190,2018-08-09,09,10,17,21,23,17020225,680809,6776875
107000191,2018-08-10,06,07,08,19,27,16257025,650281,16981750
107000192,2018-08-11,11,14,22,24,34,18175400,727016,19683250
107000193,2018-08-13,05,12,25,28,32,18754750,750190,16844125
107000194,2018-08-14,13,17,23,26,37,15403525,616141,15908750
107000195,2018-08-15,07,14,16,17,39,19559200,782368,9993875
107000196,2018-08-16,03,08,09,22,23,17735625,709425,9650875
107000197,2018-08-17,03,07,13,21,22,16095250,643810,5913875
107000198,2018-08-18,14,16,20,22,26,17798700,711948,7700375
107000199,2018-08-20,03,10,15,22,28,18325725,733029,7762375
107000200,2018-08-21,09,14,20,34,38,15528225,621129,4398750
107000201,2018-08-22,01,12,31,32,36,18379900,735196,11622750
107000202,2018-08-23,04,08,11,36,38,15876725,635069,8294375
107000203,2018-08-24,15,17,21,27,29,14448400,577936,12731000
107000204,2018-08-25,12,13,15,29,36,17171925,686877,4098375
107000205,2018-08-27,06,15,21,26,29,17012625,680505,5956375
107000206,2018-08-28,03,11,26,33,36,13680150,547206,4352625
107000207,2018-08-29,05,15,16,34,38,17084850,683394,8587750
107000208,2018-08-30,01,13,21,24,36,16035400,641416,3897000
107000209,2018-08-31,02,04,06,14,18,15399675,615987,13903000
107000210,2018-09-01,04,10,20,26,34,17693250,707730,9544500
107000211,2018-09-03,08,28,33,35,36,18102575,724103,10663375
107000212,2018-09-04,07,13,17,28,38,15449425,617977,9509250
107000213,2018-09-05,01,05,31,37,39,18913775,756551,23200000
107000214,2018-09-06,02,10,11,25,37,17378350,695134,7998750
107000215,2018-09-07,19,23,27,31,32,16454325,658173,23348750
107000216,2018-09-08,02,19,21,25,31,17948075,717923,5183625
107000217,2018-09-10,02,21,24,25,37,18266975,730679,5919750
107000218,2018-09-11,13,20,28,29,37,15797300,631892,5619375
107000219,2018-09-12,04,15,28,33,38,18598475,743939,10717250
107000220,2018-09-13,01,09,21,25,35,17395275,695811,5961375
107000221,2018-09-14,02,03,12,20,39,16163575,646543,11242625
107000222,2018-09-15,05,20,22,24,27,17556975,702279,9796500
107000223,2018-09-17,08,11,22,23,26,18659850,746394,16602250
107000224,2018-09-18,07,09,15,24,25,16028450,641138,9869500
107000225,2018-09-19,01,04,24,26,32,18814900,752596,5708125
107000226,2018-09-20,14,24,28,31,39,17547375,701895,7594875
107000227,2018-09-21,01,02,12,27,34,16784250,671370,7199875
107000228,2018-09-22,04,09,25,31,34,18351925,734077,6749750
107000229,2018-09-24,09,21,22,28,38,17047325,681893,5343750
107000230,2018-09-25,05,07,20,38,39,15228500,609140,8700375
107000231,2018-09-26,02,26,32,34,38,17908450,716338,5902875
107000232,2018-09-27,14,16,19,23,27,16682075,667283,13623500
107000233,2018-09-28,11,19,21,24,25,16199150,647966,14714250
107000234,2018-09-29,09,12,25,28,37,18873350,754934,16969625
107000235,2018-10-01,04,11,23,25,36,19499350,779974,6318000
107000236,2018-10-02,09,21,27,33,34,16338200,653528,8407750
107000237,2018-10-03,03,15,26,30,38,19456000,778240,17742875
107000238,2018-10-04,14,17,23,28,30,16962500,678500,11433875
107000239,2018-10-05,15,18,20,28,29,17683075,707323,11605250
107000240,2018-10-06,01,07,08,13,28,19620600,784824,15033750
107000241,2018-10-08,07,25,29,32,36,19339500,773580,6337000
107000242,2018-10-09,04,09,14,15,21,16533350,661334,10354250
107000243,2018-10-10,02,09,14,22,37,19287950,771518,7692750
107000244,2018-10-11,14,16,27,32,35,17081050,683242,7475250
107000245,2018-10-12,24,25,26,35,38,16257000,650280,12977125
107000246,2018-10-13,11,16,22,27,36,19323625,772945,7078250
107000247,2018-10-15,19,28,34,38,39,18934700,757388,19992625
107000248,2018-10-16,01,05,19,29,39,17036950,681478,8906500
107000249,2018-10-17,01,23,30,37,39,19051375,762055,8048250
107000250,2018-10-18,01,05,07,13,34,17889425,715577,6619375
107000251,2018-10-19,02,06,14,25,26,16325625,653025,12904500
107000252,2018-10-20,06,18,30,36,37,18373425,734937,6661875
107000253,2018-10-22,08,17,21,24,28,17734000,709360,21825375
107000254,2018-10-23,01,03,18,22,35,15805525,632221,4930875
107000255,2018-10-24,06,29,31,32,39,18454375,738175,8860000
107000256,2018-10-25,08,15,19,27,36,16442500,657700,12668500
107000257,2018-10-26,07,21,22,36,38,16353575,654143,7122125
107000258,2018-10-27,06,18,19,31,32,17675550,707022,6300750
107000259,2018-10-29,14,17,20,34,38,17476625,699065,12648125
107000260,2018-10-30,06,12,20,25,35,15609200,624368,5863500
107000261,2018-10-31,12,13,15,25,28,17889325,715573,8213500
107000262,2018-11-01,14,26,28,31,37,16396125,655845,11681750
107000263,2018-11-02,01,23,25,26,34,15825300,633012,6538500
107000264,2018-11-03,10,12,19,24,32,18004050,720162,12297250
107000265,2018-11-05,01,17,26,33,37,18829125,753165,10542750
107000266,2018-11-06,05,18,21,30,31,16316100,652644,11080625
107000267,2018-11-07,06,10,13,19,31,19380250,775210,7483250
107000268,2018-11-08,04,07,16,31,35,17621150,704846,9465750
107000269,2018-11-09,10,27,30,33,35,17013100,680524,6225500
107000270,2018-11-10,04,09,18,32,38,19034125,761365,9759375
107000271,2018-11-12,03,06,18,25,38,18957625,758305,5559750
107000272,2018-11-13,06,11,12,25,37,15817900,632716,9985625
107000273,2018-11-14,16,25,29,32,35,19184775,767391,5655250
107000274,2018-11-15,04,10,14,18,22,17206700,688268,9168750
107000275,2018-11-16,01,13,17,33,38,16523425,660937,8349500
107000276,2018-11-17,02,04,13,14,16,18085400,723416,7453125
107000277,2018-11-19,02,08,10,19,36,18295375,731815,11863375
107000278,2018-11-20,15,27,28,30,31,15851700,634068,17727625
107000279,2018-11-21,19,24,27,31,39,19098825,763953,8525125
107000280,2018-11-22,02,06,08,13,25,17461350,698454,8098625
107000281,2018-11-23,08,17,18,33,34,16263200,650528,7771500
107000282,2018-11-24,01,02,07,31,39,16546875,661875,6130125
107000283,2018-11-26,04,13,17,19,35,17396400,695856,7505875
107000284,2018-11-27,08,16,25,33,36,15521825,620873,8859125
107000285,2018-11-28,04,06,20,23,37,18523875,740955,12718750
107000286,2018-11-29,03,05,12,26,29,17381175,695247,33807226
107000287,2018-11-30,04,07,12,37,39,17220200,688808,5827375
107000288,2018-12-01,01,04,08,12,14,18540150,741606,10562250
107000289,2018-12-03,12,18,19,28,29,18925925,757037,9911750
107000290,2018-12-04,02,14,25,33,39,15737625,629505,6943125
107000291,2018-12-05,04,10,16,17,31,19400375,776015,12547000
107000292,2018-12-06,09,18,22,24,38,18481975,739279,20661750
107000293,2018-12-07,12,14,15,29,32,17274850,690994,8409125
107000294,2018-12-08,02,22,23,27,38,19004875,760195,8660875
107000295,2018-12-10,09,16,20,31,34,19778150,791126,10275000
107000296,2018-12-11,03,05,22,29,34,16661100,666444,5157000
107000297,2018-12-12,12,14,21,22,25,19535450,781418,17831750
107000298,2018-12-13,02,15,17,27,35,18260300,730412,11899875
107000299,2018-12-14,19,27,33,35,36,17459825,698393,8408875
107000300,2018-12-15,01,12,24,26,38,19397350,775894,9884125
107000301,2018-12-17,04,05,07,25,36,19862225,794489,15126250
107000302,2018-12-18,04,16,18,23,34,16453375,658135,10478875
107000303,2018-12-19,08,20,23,28,36,20237025,809481,9092250
107000304,2018-12-20,06,07,10,16,32,18690400,747616,10878500
107000305,2018-12-21,03,04,12,30,33,17516700,700668,10079750
107000306,2018-12-22,06,10,14,18,38,20178150,807126,8329125
107000307,2018-12-24,09,10,20,27,39,19653900,786156,12598000
107000308,2018-12-25,03,04,08,34,39,16601875,664075,5946625
107000309,2018-12-26,12,14,22,23,26,19415025,776601,21823250
107000310,2018-12-27,11,29,30,32,34,18695950,747838,13491875
107000311,2018-12-28,10,12,14,34,37,17470850,698834,9149000
107000312,2018-12-29,01,10,29,34,38,19700075,788003,9336250
107000313,2018-12-31,07,11,21,27,30,19312225,772489,9121125
108000001,2019-01-01,12,30,33,36,38,15951900,638076,6709125
108000002,2019-01-02,04,05,09,18,39,19109450,764378,15446375
108000003,2019-01-03,05,19,21,24,28,18018900,720756,11541125
108000004,2019-01-04,06,08,21,29,37,17699050,707962,10552125
108000005,2019-01-05,09,10,14,23,36,20380725,815229,10403500
108000006,2019-01-07,04,08,20,33,34,20944375,837775,11540000
108000007,2019-01-08,06,11,13,26,37,17716425,708657,9265125
108000008,2019-01-09,02,21,27,34,35,20372275,814891,8820875
108000009,2019-01-10,01,06,26,27,30,19403700,776148,4164625
108000010,2019-01-11,04,08,18,38,39,17993225,719729,15041000
108000011,2019-01-12,05,15,17,22,37,20871225,834849,29853500
108000012,2019-01-14,01,08,13,16,36,20775750,831030,10373500
108000013,2019-01-15,06,13,22,30,38,17390700,695628,10819625
108000014,2019-01-16,14,18,21,25,39,19268050,770722,12905500
108000015,2019-01-17,08,12,20,21,27,18987100,759484,14930750
108000016,2019-01-18,12,18,22,24,35,17931525,717261,7345875
108000017,2019-01-19,11,12,19,36,37,20664225,826569,12079375
108000018,2019-01-21,06,09,12,20,21,20600700,824028,15317750
108000019,2019-01-22,14,16,22,28,31,17239325,689573,13269125
108000020,2019-01-23,01,08,14,26,34,20899450,835978,12844875
108000021,2019-01-24,05,09,14,23,35,19642075,785683,8271750
108000022,2019-01-25,02,06,25,30,31,18518950,740758,8220250
108000023,2019-01-26,01,02,09,20,30,20267875,810715,9408625
108000024,2019-01-28,01,13,20,24,29,21255550,850222,6685750
108000025,2019-01-29,04,26,29,33,34,17493225,699729,11066250
108000026,2019-01-30,03,08,13,17,38,21540850,861634,16590750
108000027,2019-01-31,02,09,25,26,39,20329850,813194,11629750
108000028,2019-02-01,18,29,33,34,35,19126725,765069,6410000
108000029,2019-02-02,24,25,26,34,37,19400250,776010,8836750
108000030,2019-02-04,03,07,19,24,26,18950200,758008,7045750
108000031,2019-02-05,07,09,11,15,26,17966150,718646,8919875
108000032,2019-02-06,01,04,12,22,23,17925000,717000,13257500
108000033,2019-02-07,04,06,27,32,37,18197325,727893,12919875
108000034,2019-02-08,12,28,29,31,34,18644300,745772,12076500
108000035,2019-02-09,01,03,06,33,34,19223200,768928,7321125
108000036,2019-02-11,11,13,21,22,29,22638375,905535,16565375
108000037,2019-02-12,21,29,30,33,35,19037300,761492,6007500
108000038,2019-02-13,04,05,12,26,30,22665400,906616,12529750
108000039,2019-02-14,14,15,26,32,38,20667725,826709,11718875
108000040,2019-02-15,01,09,10,28,31,19266775,770671,11724250
108000041,2019-02-16,14,16,17,28,38,21389225,855569,10767000
108000042,2019-02-18,01,28,32,37,39,21541350,861654,12769125
108000043,2019-02-19,12,16,25,30,37,18255175,730207,8052500
108000044,2019-02-20,14,15,18,21,35,21374050,854962,11904375
108000045,2019-02-21,04,10,14,26,35,19728650,789146,8038125
108000046,2019-02-22,09,29,33,34,36,18188500,727540,25575500
108000047,2019-02-23,04,14,19,26,35,21511475,860459,12342125
108000048,2019-02-25,02,19,27,33,37,21204275,848171,8615250
108000049,2019-02-26,12,14,22,35,38,17901500,716060,12992375
108000050,2019-02-27,05,08,13,25,34,22795475,911819,20427625
108000051,2019-02-28,02,07,10,21,33,19649175,785967,9746375
108000052,2019-03-01,11,13,17,25,30,17943950,717758,9518375
108000053,2019-03-02,03,06,11,19,26,20953825,838153,9996750
108000054,2019-03-04,09,11,13,24,39,20950000,838000,13511875
108000055,2019-03-05,05,17,25,32,35,18342925,733717,8343875
108000056,2019-03-06,16,20,23,33,38,21436875,857475,22433000
108000057,2019-03-07,07,18,20,33,35,18332525,733301,6228750
108000058,2019-03-08,07,08,17,28,33,18927600,757104,9943500
108000059,2019-03-09,16,20,21,33,37,19579675,783187,6266250
108000060,2019-03-11,06,08,16,26,30,21886625,875465,8198750
108000061,2019-03-12,05,13,24,25,32,18131550,725262,10366375
108000062,2019-03-13,07,12,20,30,39,21533575,861343,9152125
108000063,2019-03-14,03,05,09,17,38,19629275,785171,10004250
108000064,2019-03-15,15,26,27,32,33,18766075,750643,9197875
108000065,2019-03-16,11,13,15,31,34,20255775,810231,13087875
108000066,2019-03-18,04,31,32,33,38,21181375,847255,7698250
108000067,2019-03-19,02,06,18,34,39,17265750,690630,8534000
108000068,2019-03-20,01,07,19,24,32,20743750,829750,12128375
108000069,2019-03-21,21,22,28,29,31,18828300,753132,20697375
108000070,2019-03-22,10,16,18,32,33,17540225,701609,6835500
108000071,2019-03-23,11,18,21,26,32,19237600,769504,4631625
108000072,2019-03-25,06,13,20,26,32,19688675,787547,6528250
108000073,2019-03-26,04,29,30,32,34,16793300,671732,8270875
108000074,2019-03-27,22,23,27,30,39,20235650,809426,9098750
108000075,2019-03-28,03,06,15,17,18,18620000,744800,9820000
108000076,2019-03-29,03,19,25,33,38,17146900,685876,9474375
108000077,2019-03-30,15,23,32,33,35,19107875,764315,13413125
108000078,2019-04-01,06,14,22,23,30,20097600,803904,8640500
108000079,2019-04-02,08,12,17,24,30,17231225,689249,11059375
108000080,2019-04-03,03,14,27,34,39,20848200,833928,9295250
108000081,2019-04-04,05,13,14,24,31,18672125,746885,8968125
108000082,2019-04-05,02,06,21,23,28,16617700,664708,7205500
108000083,2019-04-06,04,10,21,24,37,19302475,772099,9919625
108000084,2019-04-08,06,16,20,33,38,20061950,802478,15990750
108000085,2019-04-09,03,18,22,28,35,17775225,711009,12150250
108000086,2019-04-10,07,27,28,31,35,21120300,844812,6483000
108000087,2019-04-11,13,15,21,26,35,18571675,742867,7710500
108000088,2019-04-12,01,20,23,30,31,18539200,741568,8741500
108000089,2019-04-13,14,16,18,27,38,19343100,773724,9021250
108000090,2019-04-15,03,17,24,32,34,20231125,809245,18912125
108000091,2019-04-16,08,14,26,27,37,16869275,674771,8092875
108000092,2019-04-17,17,25,28,36,38,20689800,827592,20563375
108000093,2019-04-18,07,14,20,27,30,20207350,808294,11070375
108000094,2019-04-19,06,10,15,16,21,17641550,705662,10213875
108000095,2019-04-20,18,21,24,33,34,19983850,799354,12539250
108000096,2019-04-22,01,06,15,25,36,20252025,810081,7723375
108000097,2019-04-23,17,22,30,34,39,16897300,675892,7723000
108000098,2019-04-24,06,13,22,23,34,19395675,775827,6043250
108000099,2019-04-25,06,12,17,32,34,17590600,703624,6853500
108000100,2019-04-26,01,05,09,13,23,16670000,666800,8818375
108000101,2019-04-27,13,15,17,24,25,17424550,696982,9706500
108000102,2019-04-29,11,21,26,31,33,19101075,764043,16378250
108000103,2019-04-30,06,08,25,28,31,16967775,678711,6922000
108000104,2019-05-01,10,23,28,38,39,19068850,762754,7651125
108000105,2019-05-02,03,04,13,33,36,16651075,666043,7886000
108000106,2019-05-03,07,24,31,32,38,17014075,680563,6499125
108000107,2019-05-04,01,03,12,20,24,19290225,771609,5248000
108000108,2019-05-06,20,24,25,35,37,17912750,716510,8914250
108000109,2019-05-07,05,21,23,25,34,16460500,658420,11489000
108000110,2019-05-08,01,03,05,11,39,20397325,815893,7304125
108000111,2019-05-09,17,19,23,27,36,17097975,683919,9391375
108000112,2019-05-10,02,09,11,13,14,17569750,702790,13488250
108000113,2019-05-11,02,09,11,25,33,20413325,816533,9766750
108000114,2019-05-13,19,28,33,34,35,19353400,774136,10834250
108000115,2019-05-14,05,07,14,35,38,16256050,650242,11584625
108000116,2019-05-15,14,15,22,23,27,19831275,793251,14940875
108000117,2019-05-16,08,13,15,17,39,18455150,738206,10293750
108000118,2019-05-17,08,09,13,22,30,17063925,682557,5833875
108000119,2019-05-18,01,07,11,17,29,19023000,760920,9079250
108000120,2019-05-20,02,20,22,25,32,17983800,719352,11256500
108000121,2019-05-21,01,23,29,34,36,16192525,647701,6858000
108000122,2019-05-22,01,25,31,34,37,19144400,765776,8288750
108000123,2019-05-23,15,16,26,30,32,17207150,688286,10075125
108000124,2019-05-24,19,26,29,33,39,16441450,657658,10098000
108000125,2019-05-25,08,23,28,36,38,18346450,733858,17999750
108000126,2019-05-27,09,10,21,33,39,18915625,756625,8847000
108000127,2019-05-28,07,17,21,22,29,15436000,617440,7385500
108000128,2019-05-29,07,12,14,16,31,19527975,781119,11780250
108000129,2019-05-30,12,16,28,33,37,17537850,701514,5807250
108000130,2019-05-31,05,07,20,25,32,16177800,647112,10447500
108000131,2019-06-01,14,17,18,19,28,18416950,736678,9082000
108000132,2019-06-03,16,19,21,36,38,18086100,723444,9261125
108000133,2019-06-04,02,05,19,27,35,15328125,613125,7573500
108000134,2019-06-05,09,12,31,36,38,19185500,767420,5630125
108000135,2019-06-06,07,08,14,19,34,17744375,709775,9571250
108000136,2019-06-07,05,09,16,30,33,15735575,629423,9594000
108000137,2019-06-08,01,06,13,18,22,18678050,747122,17647250
108000138,2019-06-10,07,09,19,20,35,18574300,742972,8218000
108000139,2019-06-11,05,07,09,31,36,15278850,611154,6861125
108000140,2019-06-12,03,13,17,23,29,18826625,753065,11045125
108000141,2019-06-13,19,21,27,33,35,16996925,679877,10637625
108000142,2019-06-14,14,18,20,24,33,17132950,685318,7272000
108000143,2019-06-15,03,09,17,20,23,18810500,752420,5717125
108000144,2019-06-17,18,22,24,29,33,18502600,740104,8068375
108000145,2019-06-18,05,06,08,20,32,15570325,622813,10168625
108000146,2019-06-19,01,04,08,31,34,18744900,749796,11108750
108000147,2019-06-20,01,12,27,35,36,16846300,673852,6802750
108000148,2019-06-21,04,06,28,35,36,15852500,634100,4825125
108000149,2019-06-22,14,15,21,25,27,17785000,711400,12701875
108000150,2019-06-24,09,18,21,33,37,17596300,703852,10983875
108000151,2019-06-25,04,11,13,21,28,15077300,603092,5414500
108000152,2019-06-26,01,24,25,27,36,18057975,722319,5832000
108000153,2019-06-27,02,06,21,27,33,16136450,645458,7110625
108000154,2019-06-28,08,17,19,25,34,15735500,629420,10140625
108000155,2019-06-29,02,20,22,24,35,17883100,715324,9183125
108000156,2019-07-01,01,02,10,23,25,17709525,708381,9455500
108000157,2019-07-02,02,09,11,12,16,14082425,563297,8884125
108000158,2019-07-03,04,06,25,28,34,18137725,725509,10103125
108000159,2019-07-04,11,20,32,38,39,16700850,668034,16155750
108000160,2019-07-05,01,11,33,38,39,16004475,640179,15452625
108000161,2019-07-06,09,19,28,29,32,18441325,737653,8701375
108000162,2019-07-08,04,18,21,23,24,18113700,724548,13090500
108000163,2019-07-09,05,08,17,24,39,15759325,630373,9406750
108000164,2019-07-10,03,27,29,30,32,19483150,779326,11325125
108000165,2019-07-11,15,25,26,28,39,17527975,701119,13275625
108000166,2019-07-12,15,17,22,24,25,16362775,654511,9029375
108000167,2019-07-13,14,18,19,22,30,19241100,769644,15752500
108000168,2019-07-15,13,18,22,23,24,18656350,746254,10796375
108000169,2019-07-16,05,09,19,26,39,16386200,655448,7254750
108000170,2019-07-17,08,17,23,26,27,19036900,761476,11401250
108000171,2019-07-18,16,18,22,33,38,17228925,689157,16471875
108000172,2019-07-19,09,16,17,26,34,17215350,688614,6249000
108000173,2019-07-20,01,07,14,16,28,19130550,765222,11262375
108000174,2019-07-22,19,20,25,32,34,18070300,722812,11894375
108000175,2019-07-23,04,10,12,23,25,15571000,622840,12215875
108000176,2019-07-24,13,14,28,29,32,18969050,758762,7782625
108000177,2019-07-25,14,17,24,36,37,16942125,677685,11749250
108000178,2019-07-26,02,03,21,28,37,16301500,652060,6725250
108000179,2019-07-27,07,09,24,34,38,17530300,701212,8248125
108000180,2019-07-29,05,07,09,19,30,17319325,692773,16153625
108000181,2019-07-30,09,10,16,19,25,15696925,627877,6189625
108000182,2019-07-31,19,32,35,38,39,19084550,763382,10918000
108000183,2019-08-01,01,02,03,10,17,17118725,684749,10030375
108000184,2019-08-02,04,23,31,33,39,15676600,627064,8943500
108000185,2019-08-03,19,21,23,34,36,18180350,727214,7136875
108000186,2019-08-05,01,05,11,16,22,18693925,747757,11605125
108000187,2019-08-06,04,05,11,15,28,16119075,644763,7068250
108000188,2019-08-07,07,22,23,32,37,19285000,771400,12286750
108000189,2019-08-08,12,26,32,35,36,17120700,684828,7685750
108000190,2019-08-09,13,19,25,26,33,15598925,623957,11883000
108000191,2019-08-10,14,17,30,33,38,19720725,788829,14660375
108000192,2019-08-12,08,20,35,36,39,19480900,779236,10506125
108000193,2019-08-13,10,16,18,22,24,16383175,655327,18869250
108000194,2019-08-14,06,10,32,37,38,20977800,839112,7841000
108000195,2019-08-15,01,12,23,38,39,18207300,728292,15367500
108000196,2019-08-16,07,13,19,31,37,17658600,706344,8846875
108000197,2019-08-17,05,11,12,16,28,19602000,784080,11895125
108000198,2019-08-19,01,09,17,21,31,19580450,783218,10378125
108000199,2019-08-20,01,11,20,32,38,16684750,667390,7187500
108000200,2019-08-21,01,09,17,20,26,19761575,790463,4367125
108000201,2019-08-22,03,12,29,34,38,17769825,710793,11223500
108000202,2019-08-23,09,14,21,26,28,16683725,667349,7488750
108000203,2019-08-24,03,15,19,21,39,17769950,710798,5347000
108000204,2019-08-26,05,11,15,34,35,18609225,744369,8189625
108000205,2019-08-27,01,08,13,17,19,15769500,630780,9236250
108000206,2019-08-28,04,11,15,22,33,18918775,756751,16214125
108000207,2019-08-29,02,11,16,31,35,17612425,704497,4801375
108000208,2019-08-30,09,10,26,30,32,16028000,641120,12983250
108000209,2019-08-31,03,10,26,35,36,18454700,738188,5076875
108000210,2019-09-02,01,02,11,12,15,18078625,723145,10915500
108000211,2019-09-03,02,03,24,25,32,15503400,620136,6745375
108000212,2019-09-04,06,09,11,13,15,18870175,754807,12895625
108000213,2019-09-05,17,24,26,28,39,17785800,711432,9337250
108000214,2019-09-06,03,06,15,18,26,16449675,657987,5226750
108000215,2019-09-07,01,02,29,34,35,19025325,761013,7947750
108000216,2019-09-09,01,03,09,10,31,18885450,755418,14701125
108000217,2019-09-10,12,15,23,31,36,16356000,654240,6665375
108000218,2019-09-11,06,08,10,21,25,20311575,812463,12170250
108000219,2019-09-12,12,23,27,30,37,18183650,727346,14049875
108000220,2019-09-13,04,14,16,31,35,16183000,647320,8597125
108000221,2019-09-14,02,04,24,35,37,18324875,732995,6028375
108000222,2019-09-16,10,20,24,38,39,18332700,733308,12518750
108000223,2019-09-17,08,10,15,25,37,15606875,624275,7799125
108000224,2019-09-18,04,16,22,23,32,19094875,763795,12162375
108000225,2019-09-19,07,25,28,32,35,17523050,700922,9263125
108000226,2019-09-20,20,23,24,27,38,15802725,632109,8485500
108000227,2019-09-21,07,12,21,29,39,18800725,752029,12245000
108000228,2019-09-23,18,28,30,33,34,18719775,748791,16224625
108000229,2019-09-24,11,15,18,24,37,16006900,640276,7810625
108000230,2019-09-25,03,06,20,29,36,19481000,779240,10427625
108000231,2019-09-26,02,12,18,22,38,16968550,678742,8338250
108000232,2019-09-27,08,11,26,32,38,16158200,646328,7073500
108000233,2019-09-28,02,14,23,27,38,18697425,747897,9351750
108000234,2019-09-30,04,15,16,26,34,16937825,677513,7815375
108000235,2019-10-01,05,25,28,37,39,16117200,644688,18488500
108000236,2019-10-02,03,11,24,27,29,19884825,795393,11114750
108000237,2019-10-03,07,24,28,31,36,17710950,708438,6626875
108000238,2019-10-04,01,02,13,22,36,16766825,670673,8845750
108000239,2019-10-05,08,11,12,13,15,21217800,848712,16057750
108000240,2019-10-07,01,13,16,18,26,19801850,792074,7113000
108000241,2019-10-08,01,02,12,29,32,16789625,671585,6095125
108000242,2019-10-09,01,08,19,20,36,21175750,847030,8083750
108000243,2019-10-10,17,26,29,31,35,18429050,737162,9609750
108000244,2019-10-11,01,15,24,28,35,16053800,642152,7234750
108000245,2019-10-12,06,11,15,26,39,19524450,780978,8857125
108000246,2019-10-14,10,14,17,27,28,18991975,759679,18499375
108000247,2019-10-15,06,19,23,25,26,17010250,680410,9196750
108000248,2019-10-16,01,02,11,33,34,20155475,806219,15413250
108000249,2019-10-17,05,18,21,31,37,18555375,742215,17495375
108000250,2019-10-18,03,04,11,26,28,17414450,696578,7461875
108000251,2019-10-19,09,11,12,25,37,19619575,784783,12341875
108000252,2019-10-21,24,25,27,32,39,19920850,796834,12270000
108000253,2019-10-22,05,22,24,25,38,16949500,677980,10689375
108000254,2019-10-23,12,18,26,30,34,20617100,824684,10530000
108000255,2019-10-24,03,13,16,25,29,18771175,750847,11980875
108000256,2019-10-25,05,23,26,31,32,17624825,704993,11578125
108000257,2019-10-26,03,15,20,25,35,19931650,797266,9924625
108000258,2019-10-28,02,03,23,26,31,19895375,795815,6511500
108000259,2019-10-29,01,03,23,28,36,16783050,671322,6860250
108000260,2019-10-30,01,07,10,25,26,20775075,831003,12549125
108000261,2019-10-31,02,23,30,32,37,19700750,788030,10659000
108000262,2019-11-01,04,16,26,27,29,18475725,739029,11320625
108000263,2019-11-02,09,10,12,25,32,20416975,816679,12038000
108000264,2019-11-04,14,23,28,32,34,20611375,824455,17115750
108000265,2019-11-05,02,14,22,30,34,18681300,747252,4277250
108000266,2019-11-06,01,04,06,27,38,21690600,867624,10621125
108000267,2019-11-07,10,11,17,22,32,19425900,777036,11669250
108000268,2019-11-08,07,19,20,22,31,18473900,738956,8550000
108000269,2019-11-09,01,18,19,21,33,20885850,835434,18590375
108000270,2019-11-11,22,23,27,29,39,21057850,842314,12048000
108000271,2019-11-12,02,08,18,19,28,18135900,725436,8472125
108000272,2019-11-13,06,16,26,35,38,21054525,842181,19935875
108000273,2019-11-14,03,06,12,14,31,19746200,789848,9549250
108000274,2019-11-15,16,19,26,27,29,18373900,734956,8873375
108000275,2019-11-16,03,11,23,24,29,20472875,818915,7866750
108000276,2019-11-18,03,05,10,11,32,20097300,803892,10304500
108000277,2019-11-19,05,18,33,36,38,16787300,671492,7788875
108000278,2019-11-20,01,04,22,32,34,20825250,833010,11992375
108000279,2019-11-21,01,03,15,26,39,19088275,763531,9408250
108000280,2019-11-22,13,14,21,24,36,17608125,704325,8921125
108000281,2019-11-23,04,08,11,12,22,20235650,809426,15703875
108000282,2019-11-25,11,16,19,20,25,19626825,785073,16306000
108000283,2019-11-26,10,14,28,35,37,17385100,695404,16561250
108000284,2019-11-27,05,20,21,24,34,20674175,826967,7341375
108000285,2019-11-28,07,13,14,21,39,18158525,726341,6615500
108000286,2019-11-29,01,04,08,17,29,17394250,695770,14868375
108000287,2019-11-30,01,13,17,29,34,19976750,799070,6642375
108000288,2019-12-02,02,06,20,25,26,19451125,778045,12325125
108000289,2019-12-03,04,11,16,22,23,16668850,666754,15454375
108000290,2019-12-04,04,09,20,23,24,20553650,822146,7085125
108000291,2019-12-05,03,23,27,29,34,16842275,673691,8111125
108000292,2019-12-06,06,09,17,27,39,16997200,679888,5382000
108000293,2019-12-07,11,16,27,34,35,19891300,795652,5337000
108000294,2019-12-09,12,20,23,32,39,20510550,820422,12822000
108000295,2019-12-10,09,11,29,37,38,18301125,732045,9359500
108000296,2019-12-11,06,18,27,34,37,21620850,864834,11486500
108000297,2019-12-12,01,05,20,26,28,19973125,798925,10914375
108000298,2019-12-13,08,11,25,32,34,18841150,753646,11429375
108000299,2019-12-14,09,20,23,26,39,21227625,849105,21498750
108000300,2019-12-16,10,22,25,32,37,21759550,870382,12659250
108000301,2019-12-17,03,22,28,33,39,18459425,738377,7129000
108000302,2019-12-18,02,15,19,30,33,21175775,847031,18560625
108000303,2019-12-19,01,10,28,36,37,18901750,756070,7552125
108000304,2019-12-20,01,25,28,31,32,17926550,717062,9786375
108000305,2019-12-21,01,19,23,31,32,21040850,841634,10541125
108000306,2019-12-23,06,13,16,22,34,20407450,816298,9377875
108000307,2019-12-24,22,23,28,36,38,17516525,700661,9958625
108000308,2019-12-25,07,09,13,14,37,21142700,845708,13081875
108000309,2019-12-26,02,14,21,27,38,19522350,780894,9628000
108000310,2019-12-27,07,13,32,33,38,17727375,709095,3713625
108000311,2019-12-28,06,22,30,36,39,19712000,788480,8583750
108000312,2019-12-30,08,10,14,16,20,18251400,730056,10157500
108000313,2019-12-31,01,14,25,26,32,17468925,698757,14309750
109000001,2020-01-01,01,22,26,27,39,20015525,800621,12023000
109000002,2020-01-02,01,06,11,23,27,19069175,762767,10121625
109000003,2020-01-03,01,03,08,18,31,18912375,756495,6847750
109000004,2020-01-04,23,25,29,30,32,22026575,881063,20543375
109000005,2020-01-06,14,16,27,28,34,22277000,891080,25186250
109000006,2020-01-07,10,11,28,37,38,19567625,782705,9560250
109000007,2020-01-08,04,06,10,12,26,22946525,917861,13606625
109000008,2020-01-09,04,13,20,30,36,21335100,853404,9066750
109000009,2020-01-10,02,05,10,21,29,19925050,797002,10586250
109000010,2020-01-11,03,14,16,25,34,22160500,886420,15361375
109000011,2020-01-13,11,13,24,28,35,21866900,874676,17917375
109000012,2020-01-14,10,27,36,37,39,19157925,766317,12641125
109000013,2020-01-15,10,17,19,35,39,22662450,906498,8628750
109000014,2020-01-16,03,04,05,10,33,20780025,831201,7742125
109000015,2020-01-17,04,17,18,22,32,18729250,749170,13524750
109000016,2020-01-18,06,14,22,28,37,22314175,892567,10494500
109000017,2020-01-20,04,21,28,35,38,22704100,908164,10096875
109000018,2020-01-21,10,17,27,29,32,19798075,791923,12110500
109000019,2020-01-22,04,11,22,33,36,24816275,992651,28298000
109000020,2020-01-23,01,17,23,33,39,21074475,842979,15776875
109000021,2020-01-24,03,07,27,35,39,20555250,822210,7015375
109000022,2020-01-25,05,12,13,20,26,20575825,823033,14604375
109000023,2020-01-27,01,09,14,27,39,21706250,868250,12269125
109000024,2020-01-28,01,02,18,33,39,20076350,803054,11354250
109000025,2020-01-29,10,15,19,28,30,20841150,833646,20870125
109000026,2020-01-30,08,10,16,24,34,19942050,797682,33528204
109000027,2020-01-31,08,11,17,27,31,20907725,836309,16271250
109000028,2020-02-01,04,07,13,20,24,21081750,843270,11485500
109000029,2020-02-03,01,03,21,24,34,23342900,933716,9582375
109000030,2020-02-04,12,29,35,37,38,19763475,790539,26847000
109000031,2020-02-05,02,04,23,31,38,23820250,952810,7250625
109000032,2020-02-06,01,03,07,23,39,22261275,890451,16780000
109000033,2020-02-07,08,13,20,25,29,20910950,836438,10705250
109000034,2020-02-08,12,23,26,27,33,24693950,987758,17006125
109000035,2020-02-10,08,23,24,31,39,25019450,1000778,8163875
109000036,2020-02-11,05,12,19,27,28,21471200,858848,13357500
109000037,2020-02-12,17,19,23,33,35,24842350,993694,10954000
109000038,2020-02-13,01,17,28,35,38,22857500,914300,8548750
109000039,2020-02-14,04,13,25,26,36,21851825,874073,14428000
109000040,2020-02-15,05,08,18,29,33,24993000,999720,10129500
109000041,2020-02-17,02,18,30,35,36,23012375,920495,5943250
109000042,2020-02-18,01,05,06,09,31,19277500,771100,11519875
109000043,2020-02-19,02,06,20,24,34,22423950,896958,8926625
109000044,2020-02-20,05,10,20,27,36,21355400,854216,11221500
109000045,2020-02-21,04,08,20,23,27,20007375,800295,9957250
109000046,2020-02-22,13,18,19,36,37,23185275,927411,8536125
109000047,2020-02-24,01,02,23,29,30,22312900,892516,12317125
109000048,2020-02-25,05,09,10,11,22,19705175,788207,18649500
109000049,2020-02-26,02,05,15,19,26,23241875,929675,11550375
109000050,2020-02-27,17,19,28,35,36,21812150,872486,18750875
109000051,2020-02-28,04,10,12,17,21,19780650,791226,11253875
109000052,2020-02-29,07,17,20,27,39,22445125,897805,14228375
109000053,2020-03-02,05,06,10,26,27,22529700,901188,9691375
109000054,2020-03-03,03,07,15,16,29,19738525,789541,14504250
109000055,2020-03-04,02,07,09,17,27,22701400,908056,12020875
109000056,2020-03-05,10,20,23,28,31,22161600,886464,12653750
109000057,2020-03-06,08,11,13,15,29,21617475,864699,18588750
109000058,2020-03-07,09,10,12,17,20,25168350,1006734,22003750
109000059,2020-03-09,06,11,18,27,28,24745225,989809,12136000
109000060,2020-03-10,16,26,27,33,34,21648800,865952,13466500
109000061,2020-03-11,07,09,12,14,16,25258675,1010347,18483250
109000062,2020-03-12,01,18,20,24,37,23370225,934809,10762500
109000063,2020-03-13,03,05,10,13,29,21011475,840459,21674375
109000064,2020-03-14,02,06,17,20,30,24769175,990767,16685500
109000065,2020-03-16,01,09,11,21,32,24779050,991162,15404000
109000066,2020-03-17,07,16,22,29,37,20888800,835552,18128375
109000067,2020-03-18,05,09,20,30,38,23464475,938579,11530000
109000068,2020-03-19,03,11,30,32,34,21824575,872983,7901625
109000069,2020-03-20,10,16,20,33,39,20533350,821334,14864250
109000070,2020-03-21,03,07,16,22,31,23990675,959627,6803625
109000071,2020-03-23,05,06,16,27,31,23069625,922785,7317000
109000072,2020-03-24,09,12,25,26,30,19309050,772362,12941500
109000073,2020-03-25,05,08,23,29,32,22707350,908294,26176375
109000074,2020-03-26,03,19,27,28,30,21884450,875378,15978875
109000075,2020-03-27,13,19,22,30,38,20497275,819891,6295250
109000076,2020-03-28,04,07,18,27,29,22139425,885577,11622000
109000077,2020-03-30,01,02,07,24,35,22001625,880065,16988250
109000078,2020-03-31,06,09,24,27,37,19267825,770713,10443375
109000079,2020-04-01,07,20,23,31,35,23678600,947144,7918750
109000080,2020-04-02,10,11,27,28,29,21358800,854352,20402875
109000081,2020-04-03,03,08,15,17,38,19970075,798803,18551500
109000082,2020-04-04,04,13,21,27,32,22684475,907379,19396625
109000083,2020-04-06,03,06,16,29,30,23181975,927279,13216000
109000084,2020-04-07,02,12,13,23,28,20917750,836710,11704000
109000085,2020-04-08,12,26,27,28,34,24620600,984824,11360125
109000086,2020-04-09,01,06,19,24,27,22724275,908971,7993125
109000087,2020-04-10,06,08,11,23,39,21400550,856022,9238375
109000088,2020-04-11,14,15,18,21,36,24359050,974362,26461250
109000089,2020-04-13,03,23,25,35,36,23620375,944815,10673750
109000090,2020-04-14,08,29,33,37,38,20159925,806397,16719250
109000091,2020-04-15,04,07,10,22,28,24168225,966729,28775250
109000092,2020-04-16,09,17,28,33,36,23302475,932099,9296875
109000093,2020-04-17,15,16,25,33,36,20729400,829176,6883375
109000094,2020-04-18,20,26,30,31,32,23415775,936631,41541615
109000095,2020-04-20,03,08,11,23,32,23828100,953124,20709125
109000096,2020-04-21,01,17,20,32,38,21154725,846189,8169000
109000097,2020-04-22,05,06,09,30,31,23954825,958193,13696375
109000098,2020-04-23,03,15,18,26,33,21321425,852857,9853500
109000099,2020-04-24,03,04,21,28,30,20164875,806595,7564500
109000100,2020-04-25,02,07,11,14,32,23817225,952689,14935125
109000101,2020-04-27,08,23,24,34,36,23165500,926620,16524000
109000102,2020-04-28,01,07,09,21,23,19930925,797237,7842875
109000103,2020-04-29,05,10,29,32,33,23159025,926361,21837250
109000104,2020-04-30,03,17,18,23,31,23082100,923284,15175500
109000105,2020-05-01,02,09,13,14,27,21024875,840995,15931750
109000106,2020-05-02,17,23,26,27,36,24361000,974440,14697500
109000107,2020-05-04,05,13,30,35,39,23384150,935366,11956125
109000108,2020-05-05,14,16,24,26,29,20329025,813161,10070000
109000109,2020-05-06,02,04,25,29,39,23989125,959565,7031250
109000110,2020-05-07,09,14,16,25,34,22534050,901362,7263750
109000111,2020-05-08,04,05,08,22,36,21074275,842971,14674250
109000112,2020-05-09,07,09,13,25,33,23693275,947731,12445625
109000113,2020-05-11,05,18,25,26,38,24217025,968681,10011250
109000114,2020-05-12,08,13,21,32,36,20934000,837360,7465375
109000115,2020-05-13,02,03,12,18,22,24196125,967845,13697000
109000116,2020-05-14,02,08,11,16,17,22504450,900178,9236000
109000117,2020-05-15,05,12,20,27,30,20951450,838058,19007125
109000118,2020-05-16,04,07,09,24,30,23964350,958574,12883250
109000119,2020-05-18,05,07,08,36,38,23480025,939201,15253375
109000120,2020-05-19,01,02,05,21,25,19933350,797334,8642125
109000121,2020-05-20,08,22,23,28,29,24132700,965308,17513625
109000122,2020-05-21,02,25,27,35,39,21085125,843405,9512875
109000123,2020-05-22,05,12,15,22,30,18893450,755738,14975375
109000124,2020-05-23,17,20,26,35,38,24263475,970539,13383875
109000125,2020-05-25,03,07,09,18,37,23496275,939851,19614875
109000126,2020-05-26,06,14,20,21,26,20581875,823275,9536625
109000127,2020-05-27,05,10,25,26,38,23436900,937476,19190500
109000128,2020-05-28,05,08,17,26,34,22026050,881042,12037000
109000129,2020-05-29,08,13,23,25,37,21457850,858314,9600625
109000130,2020-05-30,08,16,17,21,27,24672675,986907,13278875
109000131,2020-06-01,12,13,15,18,24,30507200,1220288,26975250
109000132,2020-06-02,10,14,17,24,26,28558825,1142353,20714500
109000133,2020-06-03,03,20,28,34,36,32351625,1294065,22858250
109000134,2020-06-04,14,18,22,27,33,31106475,1244259,22113750
109000135,2020-06-05,04,08,12,34,37,31022600,1240904,26150000
109000136,2020-06-06,19,29,31,35,39,33515425,1340617,57492250
109000137,2020-06-08,04,07,22,29,39,32243700,1289748,14462000
109000138,2020-06-09,03,19,25,32,36,29030325,1161213,16113250
109000139,2020-06-10,02,22,29,34,38,33254000,1330160,20922000
109000140,2020-06-11,05,06,14,19,30,32242275,1289691,26691000
109000141,2020-06-12,10,16,17,24,27,30674975,1226999,35369750
109000142,2020-06-13,09,11,23,30,38,35319675,1412787,30509750
109000143,2020-06-15,10,16,18,26,32,29051050,1162042,15730250
109000144,2020-06-16,10,20,21,24,30,24829750,993190,16621625
109000145,2020-06-17,06,22,23,25,26,27795550,1111822,19191625
109000146,2020-06-18,12,17,26,38,39,26431625,1057265,11574000
109000147,2020-06-19,05,09,10,21,37,24112375,964495,13849500
109000148,2020-06-20,04,08,19,24,36,27733275,1109331,23268125
109000149,2020-06-22,18,19,22,26,30,26895050,1075802,17885125
109000150,2020-06-23,22,23,24,33,38,24143850,965754,13767125
109000151,2020-06-24,01,11,14,15,30,27543325,1101733,20072125
109000152,2020-06-25,19,24,27,29,33,24093175,963727,13785500
109000153,2020-06-26,14,16,20,26,38,22119850,884794,12464875
109000154,2020-06-27,18,24,30,34,38,25738550,1029542,14194625
109000155,2020-06-29,07,18,22,27,31,25499000,1019960,11685250
109000156,2020-06-30,01,11,13,17,31,22830600,913224,15585500
109000157,2020-07-01,01,05,08,29,30,25262550,1010502,17068500
109000158,2020-07-02,01,02,06,09,35,23304300,932172,21353875
109000159,2020-07-03,06,18,19,21,39,23055725,922229,7697250
109000160,2020-07-04,05,10,26,30,34,25611525,1024461,18363625
109000161,2020-07-06,05,11,14,17,23,25864900,1034596,18327000
109000162,2020-07-07,04,05,08,19,29,23236875,929475,20148000
109000163,2020-07-08,01,13,21,27,34,26934650,1077386,9627500
109000164,2020-07-09,02,09,11,14,35,24759750,990390,13241375
109000165,2020-07-10,01,05,21,29,35,24177300,967092,7608375
109000166,2020-07-11,06,09,33,35,37,26607025,1064281,9636625
109000167,2020-07-13,02,07,13,16,37,25301875,1012075,10786250
109000168,2020-07-14,07,24,32,36,39,22087200,883488,9421625
109000169,2020-07-15,03,07,20,23,31,24276900,971076,17770625
109000170,2020-07-16,05,07,10,23,37,23694675,947787,10175625
109000171,2020-07-17,04,05,10,21,27,22766075,910643,14104500
109000172,2020-07-18,01,11,19,31,34,25929175,1037167,14092375
109000173,2020-07-20,02,22,23,32,39,24665900,986636,16854250
109000174,2020-07-21,02,13,19,32,38,22431700,897268,5152500
109000175,2020-07-22,05,20,30,35,37,24862175,994487,20882500
109000176,2020-07-23,01,10,17,33,37,23827075,953083,12505000
109000177,2020-07-24,04,11,28,32,39,23140450,925618,15873000
109000178,2020-07-25,08,23,24,28,30,25239550,1009582,16555875
109000179,2020-07-27,09,18,25,33,37,23487350,939494,15120250
109000180,2020-07-28,05,13,22,25,28,21158025,846321,11982750
109000181,2020-07-29,06,15,24,28,31,25436975,1017479,11517000
109000182,2020-07-30,05,16,30,37,38,23571850,942874,13210750
109000183,2020-07-31,14,17,19,20,24,22929275,917171,25185000
109000184,2020-08-01,08,10,16,21,36,26104625,1044185,15916250
109000185,2020-08-03,02,06,21,27,29,24679700,987188,10722000
109000186,2020-08-04,04,11,13,25,33,21902825,876113,17113625
109000187,2020-08-05,16,33,34,35,38,26912600,1076504,11848375
109000188,2020-08-06,07,09,17,26,37,24445025,977801,32657750
109000189,2020-08-07,05,06,29,30,39,24908400,996336,24189500
109000190,2020-08-08,04,15,18,25,26,28149125,1125965,15271000
109000191,2020-08-10,23,24,29,36,39,27039850,1081594,11868500
109000192,2020-08-11,01,04,19,23,37,24256475,970259,9464375
109000193,2020-08-12,01,13,20,25,32,27615175,1104607,11467000
109000194,2020-08-13,15,17,18,31,33,26158075,1046323,12575000
109000195,2020-08-14,04,10,12,17,25,24558450,982338,12714500
109000196,2020-08-15,13,17,18,21,31,26693125,1067725,8125875
109000197,2020-08-17,12,18,26,28,30,26171875,1046875,15087375
109000198,2020-08-18,04,15,29,33,37,22921025,916841,13141250
109000199,2020-08-19,01,02,04,23,28,26583700,1063348,11349000
109000200,2020-08-20,08,14,20,21,30,25342650,1013706,17580250
109000201,2020-08-21,03,07,17,30,31,23569650,942786,14909750
109000202,2020-08-22,06,21,26,27,34,25989725,1039589,16133000
109000203,2020-08-24,13,14,28,31,35,26194725,1047789,13188500
109000204,2020-08-25,11,23,33,36,37,22628125,905125,22194000
109000205,2020-08-26,14,16,21,29,32,25684825,1027393,14746375
109000206,2020-08-27,17,24,29,34,39,23462950,938518,16774250
109000207,2020-08-28,02,03,17,28,31,23945475,957819,9434000
109000208,2020-08-29,01,10,16,27,28,26294600,1051784,13604500
109000209,2020-08-31,02,06,26,29,36,25880625,1035225,10078750
109000210,2020-09-01,15,16,17,23,32,22379050,895162,13348875
109000211,2020-09-02,11,13,20,23,39,25755400,1030216,10338375
109000212,2020-09-03,04,07,12,20,33,23992800,959712,14112750
109000213,2020-09-04,04,09,21,23,24,23753100,950124,13158000
109000214,2020-09-05,01,26,31,32,38,26771950,1070878,13643875
109000215,2020-09-07,06,11,13,15,29,26661750,1066470,18732125
109000216,2020-09-08,01,06,07,12,15,24192450,967698,7290750
109000217,2020-09-09,04,05,20,24,29,26397550,1055902,11666125
109000218,2020-09-10,16,27,30,35,38,25789725,1031589,15629125
109000219,2020-09-11,03,07,08,33,35,24239775,969591,11249875
109000220,2020-09-12,02,15,19,27,39,26765525,1070621,10741250
109000221,2020-09-14,18,19,20,30,38,26207275,1048291,13616625
109000222,2020-09-15,01,04,11,25,31,22716525,908661,14959375
109000223,2020-09-16,06,13,15,22,27,26697925,1067917,22205250
109000224,2020-09-17,05,14,24,33,39,24129400,965176,17520000
109000225,2020-09-18,06,18,24,27,29,22422175,896887,9746250
109000226,2020-09-19,10,18,19,37,39,25195975,1007839,10742625
109000227,2020-09-21,05,10,17,19,34,24875000,995000,17263000
109000228,2020-09-22,17,20,23,24,39,22386225,895449,12521125
109000229,2020-09-23,06,12,17,32,36,25627725,1025109,11453375
109000230,2020-09-24,05,10,15,24,27,22715275,908611,17097250
109000231,2020-09-25,01,09,14,17,18,22428225,897129,14791875
109000232,2020-09-26,22,24,27,29,34,25846625,1033865,25669500
109000233,2020-09-28,07,20,26,27,30,24686550,987462,19440625
109000234,2020-09-29,06,20,22,30,36,22890725,915629,5809500
109000235,2020-09-30,21,27,28,34,37,26872025,1074881,17662125
109000236,2020-10-01,01,06,21,35,36,23714825,948593,5902625
109000237,2020-10-02,17,18,20,24,34,21038175,841527,11744875
109000238,2020-10-03,07,15,20,30,37,24838300,993532,13596000
109000239,2020-10-05,06,20,22,27,35,25742050,1029682,19219375
109000240,2020-10-06,06,20,25,32,37,24223400,968936,9479875
109000241,2020-10-07,05,09,13,21,34,27469600,1098784,17255000
109000242,2020-10-08,03,08,11,19,38,25811325,1032453,40167000
109000243,2020-10-09,13,16,25,26,31,23709125,948365,13947375
109000244,2020-10-10,04,08,23,24,34,26320700,1052828,21865125
109000245,2020-10-12,06,22,24,29,33,27155550,1086222,18316000
109000246,2020-10-13,04,08,17,26,30,23857875,954315,11374250
109000247,2020-10-14,01,09,33,34,39,26858800,1074352,15028375
109000248,2020-10-15,08,14,18,20,23,24865375,994615,13286125
109000249,2020-10-16,22,26,32,33,38,23546375,941855,15959625
109000250,2020-10-17,18,20,21,24,25,26546550,1061862,14543625
109000251,2020-10-19,04,06,16,23,36,26638625,1065545,11336500
109000252,2020-10-20,01,10,23,27,36,23514625,940585,10154250
109000253,2020-10-21,02,14,20,22,29,26119525,1044781,20903250
109000254,2020-10-22,01,09,11,27,31,24288100,971524,13118250
109000255,2020-10-23,02,03,20,21,34,23340975,933639,10466750
109000256,2020-10-24,09,10,15,27,32,26534125,1061365,11182000
109000257,2020-10-26,03,09,14,26,33,25903375,1036135,9092125
109000258,2020-10-27,08,18,23,24,31,22832725,913309,22416250
109000259,2020-10-28,13,20,26,37,38,26342350,1053694,13995500
109000260,2020-10-29,04,23,25,35,38,24891050,995642,11215000
109000261,2020-10-30,03,09,24,35,38,24271875,970875,5255875
109000262,2020-10-31,06,07,09,21,32,26170850,1046834,11136375
109000263,2020-11-02,12,29,31,36,39,25631250,1025250,20178250
109000264,2020-11-03,04,17,24,25,28,22488600,899544,18790750
109000265,2020-11-04,02,12,17,34,38,25590475,1023619,8172000
109000266,2020-11-05,19,20,25,30,37,24654100,986164,19901125
109000267,2020-11-06,01,04,07,08,39,23587600,943504,18609125
109000268,2020-11-07,04,08,21,24,26,26160500,1046420,9843500
109000269,2020-11-09,06,08,17,24,38,25886125,1035445,13189500
109000270,2020-11-10,05,19,26,28,29,23493125,939725,17150375
109000271,2020-11-11,22,31,35,38,39,27370450,1094818,16140750
109000272,2020-11-12,04,18,27,29,39,25561550,1022462,14715375
109000273,2020-11-13,01,07,11,24,39,23730775,949231,14477000
109000274,2020-11-14,02,03,07,30,36,27822100,1112884,12664125
109000275,2020-11-16,10,11,13,23,38,26607475,1064299,16641500
109000276,2020-11-17,11,14,17,19,24,23976375,959055,18124125
109000277,2020-11-18,01,07,15,17,18,26956925,1078277,14834750
109000278,2020-11-19,06,10,13,16,27,25568425,1022737,20728375
109000279,2020-11-20,06,11,27,37,38,24799750,991990,7360875
109000280,2020-11-21,08,11,13,14,26,26629875,1065195,11159750
109000281,2020-11-23,02,04,13,23,28,26004050,1040162,12404000
109000282,2020-11-24,04,08,17,18,26,22825150,913006,12097625
109000283,2020-11-25,06,16,25,28,36,26548100,1061924,16778750
109000284,2020-11-26,12,17,21,28,35,25107500,1004300,11594125
109000285,2020-11-27,15,24,25,26,32,23143300,925732,12701500
109000286,2020-11-28,01,02,04,17,20,25517475,1020699,15271125
109000287,2020-11-30,09,17,25,28,36,25901400,1036056,9175000
109000288,2020-12-01,01,11,19,26,32,21930825,877233,10721625
109000289,2020-12-02,03,10,16,24,37,26178825,1047153,18318500
109000290,2020-12-03,01,03,19,20,37,24006200,960248,8863125
109000291,2020-12-04,02,07,22,31,37,22970100,918804,10871250
109000292,2020-12-05,08,18,20,29,35,26061700,1042468,13627375
109000293,2020-12-07,09,12,22,30,35,26390050,1055602,13456000
109000294,2020-12-08,01,21,24,28,34,22723575,908943,13659625
109000295,2020-12-09,12,13,15,28,33,25857900,1034316,16293125
109000296,2020-12-10,06,10,11,26,27,25292100,1011684,38895125
109000297,2020-12-11,05,06,12,19,33,24639325,985573,11300375
109000298,2020-12-12,08,14,15,24,27,27241275,1089651,20494875
109000299,2020-12-14,05,14,17,19,20,27079800,1083192,20331875
109000300,2020-12-15,01,11,23,25,35,23487100,939484,16650625
109000301,2020-12-16,08,15,17,34,36,26926175,1077047,13213250
109000302,2020-12-17,07,11,15,16,20,25651800,1026072,10538750
109000303,2020-12-18,02,12,15,22,35,24135000,965400,10798250
109000304,2020-12-19,09,14,18,29,36,26837200,1073488,16817500
109000305,2020-12-21,02,08,15,17,24,26448725,1057949,21570875
109000306,2020-12-22,02,15,23,29,38,24480100,979204,5730500
109000307,2020-12-23,07,24,28,32,38,25676700,1027068,9893250
109000308,2020-12-24,01,19,23,30,36,25426775,1017071,8565500
109000309,2020-12-25,01,05,19,32,37,23556375,942255,5388750
109000310,2020-12-26,05,09,15,20,24,26381775,1055271,20790125
109000311,2020-12-28,11,15,25,32,35,26898375,1075935,14060750
109000312,2020-12-29,09,16,21,28,38,23759350,950374,10359250
109000313,2020-12-30,03,05,21,34,36,25327575,1013103,6737500
109000314,2020-12-31,01,10,14,20,34,24490625,979625,14814750
110000001,2021-01-01,18,24,26,35,37,22247575,889903,10963000
110000002,2021-01-02,04,06,11,17,34,25597225,1023889,19277250
110000003,2021-01-04,02,03,16,22,32,26592600,1063704,12150875
110000004,2021-01-05,01,11,20,28,36,23693750,947750,17186250
110000005,2021-01-06,10,12,29,32,36,27929275,1117171,9568000
110000006,2021-01-07,07,13,22,23,30,24955550,998222,22846750
110000007,2021-01-08,09,13,26,34,36,23859550,954382,6692500
110000008,2021-01-09,10,13,24,36,37,26872650,1074906,8784750
110000009,2021-01-11,03,07,14,26,38,26394500,1055780,10931500
110000010,2021-01-12,09,11,19,36,39,23618450,944738,16622625
110000011,2021-01-13,06,09,17,24,38,26769775,1070791,13170875
110000012,2021-01-14,16,20,21,30,31,25794925,1031797,17168875
110000013,2021-01-15,06,08,16,19,23,23971775,958871,10504125
110000014,2021-01-16,03,10,23,26,37,27324100,1092964,10196375
110000015,2021-01-18,01,03,16,17,39,26589500,1063580,13129125
110000016,2021-01-19,05,09,16,21,35,23113375,924535,9628625
110000017,2021-01-20,03,10,11,13,19,26003525,1040141,11488375
110000018,2021-01-21,01,06,07,21,23,24977250,999090,15447875
110000019,2021-01-22,15,17,19,28,29,23300650,932026,16547375
110000020,2021-01-23,23,26,34,35,36,27208925,1088357,17072250
110000021,2021-01-25,13,16,23,37,39,26539850,1061594,15091125
110000022,2021-01-26,12,20,23,31,37,23919025,956761,6832000
110000023,2021-01-27,01,02,17,18,35,26333475,1053339,15265625
110000024,2021-01-28,14,16,20,30,37,24632900,985316,12261125
110000025,2021-01-29,16,20,21,22,26,23625500,945020,7909875
110000026,2021-01-30,05,13,23,26,27,26958900,1078356,13992750
110000027,2021-02-01,06,12,17,28,36,27099800,1083992,22084500
110000028,2021-02-02,04,24,25,34,37,23959575,958383,28895875
110000029,2021-02-03,01,05,12,18,30,27469850,1098794,16915375
110000030,2021-02-04,01,05,12,15,26,25856250,1034250,7622750
110000031,2021-02-05,20,23,26,27,38,24812175,992487,16195125
110000032,2021-02-06,03,07,14,20,34,29491950,1179678,10659375
110000033,2021-02-08,01,02,20,23,26,28917800,1156712,19393875
110000034,2021-02-09,03,12,14,18,34,26674400,1066976,10042625
110000035,2021-02-10,16,18,23,32,38,26376225,1055049,12724750
110000036,2021-02-11,01,08,09,17,22,25101525,1004061,20999000
110000037,2021-02-12,03,13,20,27,28,26053900,1042156,13481750
110000038,2021-02-13,05,18,21,22,27,26760800,1070432,8936625
110000039,2021-02-15,06,07,19,20,26,28599850,1143994,20268375
110000040,2021-02-16,10,19,22,24,26,27070425,1082817,9900875
110000041,2021-02-17,01,17,20,27,30,27011725,1080469,33816625
110000042,2021-02-18,01,14,19,27,28,27539825,1101593,16067875
110000043,2021-02-19,09,19,35,37,38,27176700,1087068,15649500
110000044,2021-02-20,05,08,10,23,30,27596350,1103854,20010750
110000045,2021-02-22,04,16,21,32,33,30121475,1204859,29883875
110000046,2021-02-23,01,07,26,29,34,25689700,1027588,18191750
110000047,2021-02-24,06,14,19,24,37,29700700,1188028,21125375
110000048,2021-02-25,09,10,14,22,38,28068050,1122722,12581875
110000049,2021-02-26,01,08,09,18,27,26952950,1078118,17869250
110000050,2021-02-27,21,25,27,32,39,29898775,1195951,14908125
110000051,2021-03-01,13,32,34,36,38,28357050,1134282,12155875
110000052,2021-03-02,05,10,23,25,39,23929150,957166,13315500
110000053,2021-03-03,05,10,15,16,21,28398925,1135957,11732875
110000054,2021-03-04,07,10,16,19,24,25809975,1032399,12007000
110000055,2021-03-05,04,06,31,36,37,26281275,1051251,11749375
110000056,2021-03-06,05,10,11,12,26,28481050,1139242,21624375
110000057,2021-03-08,13,17,18,24,28,29574350,1182974,22587625
110000058,2021-03-09,01,04,11,23,32,26091925,1043677,22964250
110000059,2021-03-10,01,05,19,22,26,30765825,1230633,19472750
110000060,2021-03-11,04,09,13,27,28,30027025,1201081,14783000
110000061,2021-03-12,07,25,33,35,37,27715750,1108630,20619375
110000062,2021-03-13,21,31,32,35,36,30185350,1207414,14394500
110000063,2021-03-15,07,11,13,25,39,29517800,1180712,10540750
110000064,2021-03-16,03,08,14,18,32,25767225,1030689,18693750
110000065,2021-03-17,01,07,10,23,29,29014800,1160592,22872625
110000066,2021-03-18,11,21,30,32,38,28274325,1130973,11612125
110000067,2021-03-19,04,10,17,27,36,26300250,1052010,13978125
110000068,2021-03-20,11,18,22,28,35,29040550,1161622,15988875
110000069,2021-03-22,01,11,17,29,34,27260400,1090416,15726000
110000070,2021-03-23,10,14,19,20,35,24977475,999099,16773125
110000071,2021-03-24,03,08,13,23,26,27631625,1105265,26699625
110000072,2021-03-25,08,12,22,33,35,28039075,1121563,10960750
110000073,2021-03-26,07,09,11,22,32,25909200,1036368,21363500
110000074,2021-03-27,01,05,10,30,31,28988950,1159558,35534875
110000075,2021-03-29,10,12,15,32,35,30282550,1211302,9103375
110000076,2021-03-30,10,14,15,36,38,26644900,1065796,7910750
110000077,2021-03-31,10,12,23,34,38,30032575,1201303,10379625
110000078,2021-04-01,02,09,20,25,35,28298050,1131922,20013375
110000079,2021-04-02,24,28,31,33,36,24991525,999661,10469250
110000080,2021-04-03,06,08,12,23,25,27174775,1086991,13053125
110000081,2021-04-05,01,17,25,36,38,26985350,1079414,9991000
110000082,2021-04-06,10,12,17,29,35,24401975,976079,15520875
110000083,2021-04-07,01,10,24,35,38,28526650,1141066,16693250
110000084,2021-04-08,02,07,09,29,35,26728600,1069144,11391250
110000085,2021-04-09,06,16,20,25,34,26060925,1042437,12070875
110000086,2021-04-10,02,04,18,20,34,29575500,1183020,11294875
110000087,2021-04-12,17,22,34,37,39,28782700,1151308,17479500
110000088,2021-04-13,06,11,13,22,23,24867200,994688,23622625
110000089,2021-04-14,03,08,12,20,33,28770450,1150818,26500125
110000090,2021-04-15,06,07,17,25,37,27648775,1105951,12022750
110000091,2021-04-16,02,07,21,22,28,25937450,1037498,7536375
110000092,2021-04-17,07,08,23,25,31,28161250,1126450,10951750
110000093,2021-04-19,01,04,09,29,39,28435925,1137437,23770375
110000094,2021-04-20,16,20,23,24,35,24872625,994905,15657625
110000095,2021-04-21,04,19,29,37,39,28532650,1141306,9100000
110000096,2021-04-22,05,07,08,25,26,26522525,1060901,20509000
110000097,2021-04-23,02,08,16,22,28,25261975,1010479,12751250
110000098,2021-04-24,05,06,10,11,13,28162000,1126480,27695375
110000099,2021-04-26,01,05,16,17,21,29000400,1160016,22152500
110000100,2021-04-27,12,22,24,31,35,25836250,1033450,20204125
110000101,2021-04-28,07,12,16,22,23,27889100,1115564,9771625
110000102,2021-04-29,08,10,23,32,35,27997400,1119896,24134500
110000103,2021-04-30,07,17,21,32,35,27275875,1091035,8739000
110000104,2021-05-01,12,13,19,20,31,28713325,1148533,13576375
110000105,2021-05-03,04,13,15,29,32,28658950,1146358,8252875
110000106,2021-05-04,20,21,23,36,39,24831350,993254,11006750
110000107,2021-05-05,08,19,27,29,39,28763525,1150541,18009750
110000108,2021-05-06,03,07,13,21,22,27535225,1101409,12352625
110000109,2021-05-07,06,07,08,17,33,25890550,1035622,17189875
110000110,2021-05-08,19,23,26,31,34,29012125,1160485,20457500
110000111,2021-05-10,14,15,17,28,37,29370725,1174829,23935625
110000112,2021-05-11,11,15,17,31,36,25578350,1023134,7192000
110000113,2021-05-12,08,14,17,21,30,27795700,1111828,11287875
110000114,2021-05-13,13,16,17,25,37,25225850,1009034,13535750
110000115,2021-05-14,10,28,29,31,36,25102900,1004116,8678000
110000116,2021-05-15,02,07,28,31,39,26760825,1070433,5915250
110000117,2021-05-17,03,15,27,33,36,24009600,960384,11117750
110000118,2021-05-18,09,12,18,27,37,20796400,831856,14009375
110000119,2021-05-19,05,08,17,27,36,22890625,915625,16437875
110000120,2021-05-20,13,30,31,35,37,22879625,915185,11652625
110000121,2021-05-21,04,09,33,34,38,21184650,847386,19000500
110000122,2021-05-22,06,14,22,23,31,23066150,922646,15029625
110000123,2021-05-24,12,14,23,24,36,22709025,908361,10994125
110000124,2021-05-25,03,14,25,33,37,20228125,809125,12023000
110000125,2021-05-26,06,07,30,32,36,22964050,918562,8706125
110000126,2021-05-27,21,24,26,29,32,20948075,837923,8541625
110000127,2021-05-28,23,24,32,35,38,19928575,797143,14778625
110000128,2021-05-29,01,11,19,27,38,22430875,897235,22827625
110000129,2021-05-31,18,23,31,32,35,20879350,835174,16207250
110000130,2021-06-01,04,06,30,32,35,19575500,783020,8112375
110000131,2021-06-02,04,19,29,33,37,22250625,890025,8472250
110000132,2021-06-03,01,11,14,29,36,21217675,848707,7395750
110000133,2021-06-04,06,12,13,15,39,20571825,822873,10706125
110000134,2021-06-05,01,03,10,17,24,22055250,882210,16416875
110000135,2021-06-07,06,12,15,20,39,23740450,949618,7144875
110000136,2021-06-08,03,08,19,22,38,20440550,817622,12123750
110000137,2021-06-09,03,05,07,11,16,23691875,947675,22070500
110000138,2021-06-10,01,13,14,22,33,22970475,918819,10118000
110000139,2021-06-11,03,18,22,27,33,22168125,886725,8009500
110000140,2021-06-12,03,04,13,17,25,24280375,971215,10786125
110000141,2021-06-14,17,25,27,33,35,23524800,940992,12767250
110000142,2021-06-15,14,17,27,32,36,21055175,842207,11295000
110000143,2021-06-16,07,17,18,21,27,24393050,975722,18355500
110000144,2021-06-17,08,28,31,36,39,23379450,935178,13741375
110000145,2021-06-18,11,13,20,29,33,22117775,884711,14302500
110000146,2021-06-19,01,12,33,36,39,25410475,1016419,12331625
110000147,2021-06-21,04,10,12,36,37,24378275,975131,11723250
110000148,2021-06-22,03,11,31,32,39,20064675,802587,6637375
110000149,2021-06-23,06,12,14,28,35,23748025,949921,12556375
110000150,2021-06-24,05,29,31,35,36,22851375,914055,8921250
110000151,2021-06-25,04,12,17,20,23,21872925,874917,13312625
110000152,2021-06-26,17,26,31,32,35,25413950,1016558,18330875
110000153,2021-06-28,06,17,29,33,39,24251875,970075,13126125
110000154,2021-06-29,06,09,15,17,24,22585450,903418,11314875
110000155,2021-06-30,04,06,26,28,39,25822925,1032917,10364125
110000156,2021-07-01,19,20,28,31,38,23956825,958273,9522875
110000157,2021-07-02,02,05,07,26,32,22543500,901740,16580875
110000158,2021-07-03,08,20,23,27,29,25098300,1003932,22484250
110000159,2021-07-05,01,20,24,32,35,25740950,1029638,14019375
110000160,2021-07-06,10,11,19,21,39,23186325,927453,15574125
110000161,2021-07-07,01,11,17,25,29,25896800,1035872,15344625
110000162,2021-07-08,22,23,27,35,37,25161900,1006476,13825000
110000163,2021-07-09,12,13,15,30,37,24025200,961008,12727750
110000164,2021-07-10,09,26,28,35,38,27510275,1100411,15279500
110000165,2021-07-12,04,07,17,29,37,25977550,1039102,23054750
110000166,2021-07-13,10,15,18,24,25,23719200,948768,9875875
110000167,2021-07-14,01,12,14,18,26,25798650,1031946,12506375
110000168,2021-07-15,07,15,23,25,31,24587475,983499,14003625
110000169,2021-07-16,02,07,17,18,26,23395775,935831,16832250
110000170,2021-07-17,02,16,21,31,37,27385500,1095420,8162500
110000171,2021-07-19,06,07,08,09,30,25032200,1001288,23537091
110000172,2021-07-20,09,14,22,36,38,21126250,845050,7280875
110000173,2021-07-21,09,16,24,32,38,24173450,966938,6819625
110000174,2021-07-22,01,09,16,32,38,22155900,886236,9190125
110000175,2021-07-23,10,17,18,20,28,21314800,852592,16659375
110000176,2021-07-24,01,08,12,17,31,25550925,1022037,18161250
110000177,2021-07-26,01,05,08,16,38,25409400,1016376,8764750
110000178,2021-07-27,03,05,27,30,35,21752850,870114,11380125
110000179,2021-07-28,06,12,17,18,24,23846625,953865,14752625
110000180,2021-07-29,13,20,21,23,25,23243700,929748,17060125
110000181,2021-07-30,06,09,17,27,30,22839350,913574,10212375
110000182,2021-07-31,04,05,17,33,35,25476925,1019077,10081125
110000183,2021-08-02,04,24,25,28,33,24692300,987692,9826000
110000184,2021-08-03,05,09,24,25,36,21245875,849835,6545125
110000185,2021-08-04,10,20,32,34,39,24084725,963389,23236125
110000186,2021-08-05,04,06,25,27,29,23250500,930020,10671125
110000187,2021-08-06,04,07,11,18,19,21450225,858009,17558875
110000188,2021-08-07,02,04,08,11,22,24171225,966849,19355375
110000189,2021-08-09,09,12,18,22,38,25563925,1022557,15268000
110000190,2021-08-10,08,22,23,29,31,23467850,938714,12104750
110000191,2021-08-11,17,20,28,30,38,26725175,1069007,21092875
110000192,2021-08-12,01,03,07,19,30,25285075,1011403,12936375
110000193,2021-08-13,05,25,27,35,37,23575000,943000,28356125
110000194,2021-08-14,03,08,18,30,37,27215750,1088630,12655625
110000195,2021-08-16,07,10,16,24,34,25994550,1039782,17801875
110000196,2021-08-17,03,17,19,35,37,22960950,918438,13716375
110000197,2021-08-18,10,11,15,16,36,26656775,1066271,12240625
110000198,2021-08-19,08,12,19,26,38,23987600,959504,18952125
110000199,2021-08-20,01,05,10,31,38,24069725,962789,21888125
110000200,2021-08-21,18,24,29,31,33,27368875,1094755,10619000
110000201,2021-08-23,06,11,24,29,37,25031000,1001240,7132500
110000202,2021-08-24,08,17,20,24,27,21619650,864786,25150500
110000203,2021-08-25,14,15,26,31,34,26837775,1073511,13009375
110000204,2021-08-26,03,11,32,36,39,24471900,978876,14287125
110000205,2021-08-27,03,18,23,32,33,22834800,913392,15041500
110000206,2021-08-28,02,05,12,32,37,26148975,1045959,9674875
110000207,2021-08-30,02,14,24,36,39,25404050,1016162,7123500
110000208,2021-08-31,04,15,28,29,35,22183950,887358,17627625
110000209,2021-09-01,07,12,18,19,39,25447025,1017881,12473625
110000210,2021-09-02,04,20,27,29,35,24067050,962682,9110000
110000211,2021-09-03,02,08,28,37,38,23684725,947389,15273625
110000212,2021-09-04,08,15,27,33,35,26112425,1044497,8928625
110000213,2021-09-06,04,09,22,26,39,26075000,1043000,13386250
110000214,2021-09-07,01,07,15,17,38,22992950,919718,18181750
110000215,2021-09-08,04,07,12,28,37,26589250,1063570,11650250
110000216,2021-09-09,04,12,20,23,27,25039900,1001596,10888375
110000217,2021-09-10,03,08,17,25,39,23976825,959073,16768500
110000218,2021-09-11,04,06,12,14,25,28357550,1134302,10214750
110000219,2021-09-13,03,06,09,32,39,26286475,1051459,9484625
110000220,2021-09-14,02,06,17,19,38,22824425,912977,10687250
110000221,2021-09-15,01,03,06,19,32,26394525,1055781,9641000
110000222,2021-09-16,07,12,16,19,33,24458600,978344,10683625
110000223,2021-09-17,01,17,23,30,34,24173600,966944,17068250
110000224,2021-09-18,01,05,12,22,34,26817150,1072686,10891125
110000225,2021-09-20,10,11,31,35,39,24977300,999092,23332500
110000226,2021-09-21,10,18,29,31,34,22343150,893726,7385500
110000227,2021-09-22,15,18,19,20,35,24705375,988215,14708500
110000228,2021-09-23,05,12,22,32,36,23505600,940224,16575250
110000229,2021-09-24,02,03,30,33,34,22560200,902408,20099103
110000230,2021-09-25,04,15,16,23,30,25316500,1012660,10500125
110000231,2021-09-27,01,14,28,29,30,24757875,990315,11060875
110000232,2021-09-28,03,09,28,32,35,21924600,876984,13512875
110000233,2021-09-29,02,03,11,19,38,25247725,1009909,13031625
110000234,2021-09-30,06,07,19,23,35,24457650,978306,12754875
110000235,2021-10-01,01,10,19,28,37,23339200,933568,16563625
110000236,2021-10-02,09,15,19,20,25,26518925,1060757,10248500
110000237,2021-10-04,22,26,30,31,37,30361425,1214457,18684750
110000238,2021-10-05,05,24,25,30,39,27609075,1104363,17412750
110000239,2021-10-06,04,08,13,18,22,31296675,1251867,32756500
110000240,2021-10-07,15,16,26,28,38,30136925,1205477,18058250
110000241,2021-10-08,21,23,27,36,37,30113525,1204541,36506000
110000242,2021-10-09,06,13,20,30,36,33326150,1333046,18740000
110000243,2021-10-11,06,18,24,26,30,30308825,1212353,17035750
110000244,2021-10-12,02,16,22,24,29,28515100,1140604,14688250
110000245,2021-10-13,01,05,11,17,31,31553150,1262126,46920000
110000246,2021-10-14,04,05,11,16,33,31134600,1245384,14056750
110000247,2021-10-15,01,29,35,38,39,29746675,1189867,26363750
110000248,2021-10-16,11,12,25,28,30,31524525,1260981,22157500
110000249,2021-10-18,02,08,09,18,28,32319925,1292797,25759000
110000250,2021-10-19,10,11,20,22,34,28815625,1152625,24991750
110000251,2021-10-20,11,21,24,31,32,32557900,1302316,27785000
110000252,2021-10-21,01,04,11,34,36,30742875,1229715,20680750
110000253,2021-10-22,06,21,25,29,36,30359850,1214394,11471500
110000254,2021-10-23,04,13,22,24,34,33954725,1358189,16951250
110000255,2021-10-25,02,14,27,31,36,28159200,1126368,11046375
110000256,2021-10-26,06,10,32,34,39,24545625,981825,8841125
110000257,2021-10-27,13,20,23,30,33,27115850,1084634,25638250
110000258,2021-10-28,14,18,20,23,39,26710975,1068439,7124500
110000259,2021-10-29,03,09,21,33,35,25380350,1015214,11909125
110000260,2021-10-30,17,26,27,33,34,27662700,1106508,15563875
110000261,2021-11-01,07,12,18,25,33,27354475,1094179,15037125
110000262,2021-11-02,02,19,22,35,38,24159025,966361,23233875
110000263,2021-11-03,01,12,21,25,32,27726100,1109044,18659625
110000264,2021-11-04,05,15,21,32,34,26055475,1042219,10090000
110000265,2021-11-05,09,11,14,28,30,26117825,1044713,16491625
110000266,2021-11-06,02,13,24,25,32,28725450,1149018,11963250
110000267,2021-11-08,06,13,15,18,26,26932150,1077286,15822500
110000268,2021-11-09,13,23,25,27,34,24294950,971798,12472500
110000269,2021-11-10,05,09,17,24,26,27917975,1116719,16964750
110000270,2021-11-11,13,15,17,18,35,26705900,1068236,12140500
110000271,2021-11-12,02,19,25,32,34,25158300,1006332,13180000
110000272,2021-11-13,01,02,08,26,37,27621275,1104851,16285250
110000273,2021-11-15,02,20,25,32,35,27507650,1100306,15439500
110000274,2021-11-16,01,04,07,20,32,24472900,978916,8265375
110000275,2021-11-17,04,12,17,22,24,27212800,1088512,22252125
110000276,2021-11-18,03,15,22,32,38,25846000,1033840,7592625
110000277,2021-11-19,21,24,25,26,36,24727850,989114,11854875
110000278,2021-11-20,08,11,23,32,36,26734825,1069393,21906750
110000279,2021-11-22,03,05,19,20,30,26158375,1046335,18241250
110000280,2021-11-23,23,27,28,35,36,22976800,919072,12407500
110000281,2021-11-24,04,10,17,24,26,26112800,1044512,27057000
110000282,2021-11-25,10,14,16,20,24,26042150,1041686,12700125
110000283,2021-11-26,08,19,20,24,34,23782575,951303,10221500
110000284,2021-11-27,14,15,16,25,28,26254175,1050167,11218250
110000285,2021-11-29,03,05,07,15,17,26442525,1057701,16140625
110000286,2021-11-30,01,05,06,07,24,23551900,942076,11944750
110000287,2021-12-01,01,07,17,29,36,26188625,1047545,12802375
110000288,2021-12-02,02,17,20,23,39,25248800,1009952,16828500
110000289,2021-12-03,02,15,24,26,31,24549050,981962,9880875
110000290,2021-12-04,13,14,32,34,36,26859975,1074399,22445125
110000291,2021-12-06,15,16,21,27,29,27147050,1085882,11324250
110000292,2021-12-07,05,09,23,30,38,24149675,965987,15216375
110000293,2021-12-08,09,13,25,28,29,27515075,1100603,12782500
110000294,2021-12-09,08,10,11,18,28,25441250,1017650,29505500
110000295,2021-12-10,03,05,21,27,30,25645900,1025836,11642125
110000296,2021-12-11,03,13,16,31,33,27941425,1117657,16925625
110000297,2021-12-13,03,19,34,35,36,27055700,1082228,13066500
110000298,2021-12-14,11,13,33,34,35,23984525,959381,8499125
110000299,2021-12-15,01,06,10,19,25,27313325,1092533,15455500
110000300,2021-12-16,04,13,20,28,35,25997875,1039915,13111875
110000301,2021-12-17,12,18,23,25,36,24323825,972953,17188500
110000302,2021-12-18,14,15,21,26,33,27023450,1080938,17934875
110000303,2021-12-20,05,09,18,28,33,27038250,1081530,9208875
110000304,2021-12-21,21,23,32,34,38,21483625,859345,18361625
110000305,2021-12-22,03,05,13,16,29,26751000,1070040,12704375
110000306,2021-12-23,06,07,16,18,25,25547000,1021880,10983000
110000307,2021-12-24,08,15,19,29,39,24304375,972175,17249000
110000308,2021-12-25,07,10,20,31,37,26376725,1055069,18169125
110000309,2021-12-27,04,07,10,13,31,25628175,1025127,7774750
110000310,2021-12-28,14,23,34,35,36,23037825,921513,20743000
110000311,2021-12-29,02,03,18,23,30,27631200,1105248,13192750
110000312,2021-12-30,08,10,18,20,27,26268275,1050731,17112375
110000313,2021-12-31,05,11,17,27,39,25293250,1011730,16926250
111000001,2022-01-01,04,06,07,23,36,27786950,1111478,11382625
111000002,2022-01-03,03,07,09,36,38,27290000,1091600,14242375
111000003,2022-01-04,02,05,11,27,30,24128725,965149,10905375
111000004,2022-01-05,06,15,18,27,38,28291275,1131651,9825625
111000005,2022-01-06,01,16,22,35,39,25596100,1023844,19924750
111000006,2022-01-07,12,13,25,26,39,25342425,1013697,19136750
111000007,2022-01-08,02,04,18,30,39,28817400,1152696,7905125
111000008,2022-01-10,03,09,10,14,37,28032325,1121293,19687250
111000009,2022-01-11,02,11,17,20,36,24411225,976449,19553250
111000010,2022-01-12,03,07,13,16,28,28580975,1143239,13760500
111000011,2022-01-13,01,05,26,28,39,26391225,1055649,12151875
111000012,2022-01-14,04,06,08,09,17,25239825,1009593,26301000
111000013,2022-01-15,14,21,27,32,33,28783825,1151353,23486000
111000014,2022-01-17,01,22,24,33,36,27789925,1111597,13915000
111000015,2022-01-18,01,16,19,26,38,24870050,994802,11524500
111000016,2022-01-19,09,15,17,26,38,27834025,1113361,12049250
111000017,2022-01-20,03,31,33,35,38,26589050,1063562,12728375
111000018,2022-01-21,13,17,18,35,39,23796125,951845,10600625
111000019,2022-01-22,06,27,29,32,38,27084950,1083398,12877750
111000020,2022-01-24,05,11,24,30,38,27704375,1108175,16331375
111000021,2022-01-25,08,19,20,24,37,25145425,1005817,17655125
111000022,2022-01-26,12,22,29,30,36,28770200,1150808,11840625
111000023,2022-01-27,03,09,24,34,35,26973425,1078937,13988125
111000024,2022-01-28,01,16,20,30,31,26438650,1057546,11935750
111000025,2022-01-29,08,12,18,23,38,27446400,1097856,17001875
111000026,2022-01-31,05,16,17,33,38,27620600,1104824,13609000
111000027,2022-02-01,17,20,22,38,39,25034700,1001388,11894125
111000028,2022-02-02,14,15,19,22,25,27166350,1086654,16299625
111000029,2022-02-03,09,12,25,35,39,25591425,1023657,13329250
111000030,2022-02-04,06,15,19,23,39,27513100,1100524,8699625
111000031,2022-02-05,01,02,12,19,34,28580925,1143237,10954750
111000032,2022-02-07,10,20,31,34,38,27922000,1116880,14500875
111000033,2022-02-08,08,11,19,23,34,26534075,1061363,12362250
111000034,2022-02-09,02,11,17,18,38,26904050,1076162,12276750
111000035,2022-02-10,12,14,35,37,38,26352350,1054094,15327875
111000036,2022-02-11,14,29,35,38,39,27516625,1100665,19340125
111000037,2022-02-12,04,07,11,21,22,30908550,1236342,31072000
111000038,2022-02-14,09,14,21,28,34,29617200,1184688,14927125
111000039,2022-02-15,05,09,15,29,33,26725375,1069015,15284000
111000040,2022-02-16,05,16,22,23,30,29967125,1198685,19774000
111000041,2022-02-17,04,07,15,32,37,28464675,1138587,10827500
111000042,2022-02-18,03,08,15,17,26,26275475,1051019,26520000
111000043,2022-02-19,23,27,31,34,35,28522450,1140898,15586500
111000044,2022-02-21,01,06,15,22,36,26714575,1068583,15359250
111000045,2022-02-22,08,13,23,25,37,25028025,1001121,16468625
111000046,2022-02-23,02,11,16,28,38,25960800,1038432,23911875
111000047,2022-02-24,10,11,28,30,33,27775475,1111019,14059500
111000048,2022-02-25,05,17,22,35,39,26664225,1066569,29451125
111000049,2022-02-26,13,17,24,34,35,30584725,1223389,15601250
111000050,2022-02-28,07,17,18,34,37,29281200,1171248,19148250
111000051,2022-03-01,10,15,17,28,32,25923225,1036929,9653375
111000052,2022-03-02,06,15,16,21,23,29667675,1186707,16297500
111000053,2022-03-03,05,11,16,24,27,26902900,1076116,14150000
111000054,2022-03-04,03,13,14,16,26,27599825,1103993,15435750
111000055,2022-03-05,10,12,18,30,34,30748325,1229933,29948484
111000056,2022-03-07,10,11,24,32,38,29021200,1160848,12345750
111000057,2022-03-08,09,10,11,25,35,27205275,1088211,17110625
111000058,2022-03-09,01,05,21,24,28,29979600,1199184,13728125
111000059,2022-03-10,12,14,19,33,34,29211150,1168446,15885875
111000060,2022-03-11,04,06,11,20,29,28113125,1124525,31355500
111000061,2022-03-12,07,10,14,17,20,30997950,1239918,23925500
111000062,2022-03-14,10,16,17,19,23,31023850,1240954,19846375
111000063,2022-03-15,02,04,07,30,38,27735225,1109409,9592750
111000064,2022-03-16,10,18,19,33,35,29530500,1181220,12284750
111000065,2022-03-17,18,19,26,34,37,27992300,1119692,12558250
111000066,2022-03-18,03,14,23,29,30,26591775,1063671,9852750
111000067,2022-03-19,02,10,25,26,35,28867650,1154706,9541875
111000068,2022-03-21,03,06,07,21,24,28527450,1141098,16613125
111000069,2022-03-22,09,27,29,34,35,24810275,992411,12774000
111000070,2022-03-23,12,13,20,27,30,25520850,1020834,12107250
111000071,2022-03-24,01,12,13,19,31,26204575,1048183,12942625
111000072,2022-03-25,08,12,13,14,18,24911725,996469,16124500
111000073,2022-03-26,03,12,22,33,39,27502375,1100095,14848875
111000074,2022-03-28,06,17,21,25,29,25434325,1017373,13976250
111000075,2022-03-29,03,16,26,27,36,24750000,990000,16133500
111000076,2022-03-30,01,21,28,29,34,27416800,1096672,9668125
111000077,2022-03-31,05,08,12,17,19,25752300,1030092,21674250
111000078,2022-04-01,05,07,17,25,37,26079875,1043195,18156000
111000079,2022-04-02,03,13,23,26,32,26445825,1057833,20682125
111000080,2022-04-04,04,17,29,32,37,28204275,1128171,10125875
111000081,2022-04-05,07,09,31,37,39,24785250,991410,11863375
111000082,2022-04-06,02,03,09,29,33,28703800,1148152,15555125
111000083,2022-04-07,03,07,25,36,37,26888050,1075522,8824000
111000084,2022-04-08,02,05,20,21,23,26486350,1059454,13517375
111000085,2022-04-09,02,20,26,27,37,29463500,1178540,9265375
111000086,2022-04-11,09,20,29,36,39,28768575,1150743,13543625
111000087,2022-04-12,19,23,32,34,36,25293375,1011735,15815250
111000088,2022-04-13,15,18,20,22,23,28522775,1140911,17559875
111000089,2022-04-14,11,13,17,18,29,26563675,1062547,21230125
111000090,2022-04-15,07,15,19,25,27,26707075,1068283,16956500
111000091,2022-04-16,06,07,13,20,30,29943125,1197725,16655000
111000092,2022-04-18,11,18,20,35,38,28001525,1120061,15683375
111000093,2022-04-19,10,24,25,29,32,24100450,964018,14003750
111000094,2022-04-20,02,06,26,29,37,27919525,1116781,9766750
111000095,2022-04-21,01,05,15,19,36,25593650,1023746,16485125
111000096,2022-04-22,03,07,11,20,27,24774825,990993,15747125
111000097,2022-04-23,10,23,26,33,39,28006925,1120277,20374000
111000098,2022-04-25,02,07,09,19,21,27423950,1096958,13372375
111000099,2022-04-26,08,20,21,25,38,23930125,957205,13502125
111000100,2022-04-27,03,14,25,29,30,26896425,1075857,11476000
111000101,2022-04-28,10,14,16,24,36,25236600,1009464,13419625
111000102,2022-04-29,07,14,31,32,38,24781825,991273,5856750
111000103,2022-04-30,04,13,29,32,37,27117725,1084709,14812125
111000104,2022-05-02,03,09,10,12,34,24032300,961292,17329625
111000105,2022-05-03,08,12,14,22,28,23765100,950604,15108500
111000106,2022-05-04,02,03,11,23,27,26513825,1060553,22447750
111000107,2022-05-05,09,18,29,31,33,26228225,1049129,13447750
111000108,2022-05-06,02,07,11,13,31,25051475,1002059,10265500
111000109,2022-05-07,01,04,14,37,38,27806950,1112278,14583250
111000110,2022-05-09,11,12,15,21,38,26906600,1076264,12363375
111000111,2022-05-10,04,10,14,19,20,24033575,961343,15114125
111000112,2022-05-11,04,05,06,10,33,27459225,1098369,13328750
111000113,2022-05-12,03,09,22,33,37,24219200,968768,12442500
111000114,2022-05-13,03,15,16,19,31,24206750,968270,8041000
111000115,2022-05-14,01,12,19,22,31,25316000,1012640,9501000
111000116,2022-05-16,17,20,23,25,36,27133925,1085357,38387500
111000117,2022-05-17,24,27,31,34,37,29006400,1160256,28408500
111000118,2022-05-18,06,09,18,24,37,31893275,1275731,16985750
111000119,2022-05-19,05,15,22,35,36,30683550,1227342,24244500
111000120,2022-05-20,11,13,24,37,39,30496550,1219862,19194250
111000121,2022-05-21,01,15,24,27,36,33036100,1321444,13267500
111000122,2022-05-23,09,12,18,25,38,32093525,1283741,30343250
111000123,2022-05-24,01,09,11,14,30,28005300,1120212,16278750
111000124,2022-05-25,02,11,13,18,37,29587625,1183505,13496500
111000125,2022-05-26,09,15,27,28,30,28139450,1125578,15787000
111000126,2022-05-27,08,13,28,30,36,28410000,1136400,14316750
111000127,2022-05-28,07,23,28,30,35,31325200,1253008,23981000
111000128,2022-05-30,01,04,21,25,31,31815500,1272620,21295750
111000129,2022-05-31,03,04,12,21,22,28869850,1154794,22352000
111000130,2022-06-01,01,08,09,12,28,32075425,1283017,16958000
111000131,2022-06-02,05,22,25,27,34,32238450,1289538,21291500
111000132,2022-06-03,17,23,30,34,39,30618175,1224727,19779500
111000133,2022-06-04,07,10,32,34,37,33602200,1344088,39504250
111000134,2022-06-06,04,06,29,36,37,28635300,1145412,21983125
111000135,2022-06-07,16,17,18,19,21,24550875,982035,16548000
111000136,2022-06-08,06,17,23,29,38,25694425,1027777,9333750
111000137,2022-06-09,01,04,12,33,34,26263325,1050533,9993375
111000138,2022-06-10,06,15,24,36,37,26012375,1040495,11278125
111000139,2022-06-11,04,09,13,32,33,28650150,1146006,10323000
111000140,2022-06-13,02,04,07,12,16,27946975,1117879,12174500
111000141,2022-06-14,01,03,13,26,27,24237075,969483,15191875
111000142,2022-06-15,05,11,27,32,36,26356300,1054252,11360000
111000143,2022-06-16,02,06,11,13,19,25296800,1011872,10608000
111000144,2022-06-17,05,14,21,35,39,24727175,989087,15838250
111000145,2022-06-18,07,17,19,28,29,26822325,1072893,22142250
111000146,2022-06-20,01,10,16,35,37,26703700,1068148,12742500
111000147,2022-06-21,01,16,23,31,39,23600725,944029,8129250
111000148,2022-06-22,11,17,27,33,38,25466400,1018656,20568125
111000149,2022-06-23,04,12,19,20,33,24486225,979449,16058500
111000150,2022-06-24,08,15,25,31,38,22935075,917403,19124125
111000151,2022-06-25,01,08,12,31,38,25827675,1033107,8028625
111000152,2022-06-27,01,03,26,31,35,25388075,1015523,8260750
111000153,2022-06-28,08,11,17,21,38,22469650,898786,15359750
111000154,2022-06-29,06,21,28,36,37,25245125,1009805,14505375
111000155,2022-06-30,08,10,16,24,34,24700200,988008,16910375
111000156,2022-07-01,01,02,08,22,33,23898675,955947,15387500
111000157,2022-07-02,03,11,20,21,28,26159750,1046390,14078875
111000158,2022-07-04,05,11,17,31,38,25336100,1013444,27812500
111000159,2022-07-05,13,16,21,22,26,25044925,1001797,10434125
111000160,2022-07-06,13,14,18,27,30,27245950,1089838,23185500
111000161,2022-07-07,09,14,18,23,35,26260700,1050428,18085875
111000162,2022-07-08,01,20,25,30,39,25484800,1019392,16624375
111000163,2022-07-09,08,12,21,24,38,27998225,1119929,25987375
111000164,2022-07-11,07,15,16,19,37,28433925,1137357,34967625
111000165,2022-07-12,01,03,05,27,31,25367925,1014717,15516375
111000166,2022-07-13,04,14,27,34,35,27976800,1119072,16093750
111000167,2022-07-14,05,16,21,25,26,26442175,1057687,13609125
111000168,2022-07-15,03,22,24,33,36,25131750,1005270,13439250
111000169,2022-07-16,10,14,25,30,35,27870350,1114814,11371000
111000170,2022-07-18,04,10,22,32,35,26894825,1075793,9343375
111000171,2022-07-19,02,11,16,25,38,23587050,943482,17627000
111000172,2022-07-20,04,08,16,29,34,26748625,1069945,9406125
111000173,2022-07-21,04,10,12,26,36,24846475,993859,10868000
111000174,2022-07-22,09,11,24,26,28,23726875,949075,13821375
111000175,2022-07-23,05,27,32,33,38,26429000,1057160,14897875
111000176,2022-07-25,24,25,35,36,37,25848150,1033926,19110000
111000177,2022-07-26,02,13,19,25,29,22799275,911971,8452125
111000178,2022-07-27,04,05,14,29,30,25724400,1028976,11731375
111000179,2022-07-28,04,09,25,28,34,24753950,990158,11164375
111000180,2022-07-29,03,29,34,38,39,24228225,969129,13634875
111000181,2022-07-30,05,07,12,34,38,26864875,1074595,11395625
111000182,2022-08-01,02,03,08,18,27,26663125,1066525,16726750
111000183,2022-08-02,06,11,18,22,26,23250225,930009,17681625
111000184,2022-08-03,15,19,26,29,34,25974650,1038986,10373500
111000185,2022-08-04,02,26,28,32,37,24186325,967453,12665125
111000186,2022-08-05,07,09,12,16,21,24244775,969791,19701125
111000187,2022-08-06,06,11,18,21,35,27305700,1092228,12094500
111000188,2022-08-08,17,19,33,34,39,27252025,1090081,19466500
111000189,2022-08-09,09,11,31,36,39,24476525,979061,9007750
111000190,2022-08-10,03,08,16,23,36,27541425,1101657,15461875
111000191,2022-08-11,08,09,16,21,29,26560475,1062419,9475250
111000192,2022-08-12,01,06,13,24,36,24923650,996946,16246250
111000193,2022-08-13,02,17,22,35,36,27774025,1110961,10309250
111000194,2022-08-15,03,11,13,14,17,27193575,1087743,18267750
111000195,2022-08-16,07,10,19,26,34,24025675,961027,17769125
111000196,2022-08-17,16,21,26,30,36,26610850,1064434,16682375
111000197,2022-08-18,04,15,20,35,36,25463075,1018523,18597125
111000198,2022-08-19,26,28,31,37,39,24819200,992768,15368625
111000199,2022-08-20,11,13,29,31,35,26974325,1078973,12387125
111000200,2022-08-22,06,13,14,25,38,26865475,1074619,18234750
111000201,2022-08-23,05,08,12,15,24,23534175,941367,35532875
111000202,2022-08-24,04,07,26,33,34,26848575,1073943,23052625
111000203,2022-08-25,03,10,25,28,36,26232250,1049290,20561750
111000204,2022-08-26,12,23,25,28,34,25785025,1031401,9590250
111000205,2022-08-27,12,17,19,26,36,27124275,1084971,13010500
111000206,2022-08-29,16,19,23,33,37,26341825,1053673,9441875
111000207,2022-08-30,08,29,32,36,38,23842125,953685,17581125
111000208,2022-08-31,15,17,21,25,36,27586925,1103477,12797125
111000209,2022-09-01,02,06,08,15,17,26200050,1048002,11447875
111000210,2022-09-02,02,19,24,25,38,23313300,932532,6067125
111000211,2022-09-03,09,10,20,27,39,25652450,1026098,35940750
111000212,2022-09-05,07,10,16,20,21,27847250,1113890,15873625
111000213,2022-09-06,04,11,17,26,36,25002850,1000114,27271625
111000214,2022-09-07,04,08,10,27,35,29838650,1193546,9928000
111000215,2022-09-08,05,14,17,34,36,28140250,1125610,18281750
111000216,2022-09-09,20,22,28,36,37,26802100,1072084,12814875
111000217,2022-09-10,06,08,25,35,37,29004525,1160181,11476875
111000218,2022-09-12,06,14,24,37,38,27778625,1111145,11530625
111000219,2022-09-13,13,14,20,33,35,25119100,1004764,10048250
111000220,2022-09-14,08,16,22,27,29,28126525,1125061,14821375
111000221,2022-09-15,04,05,18,30,35,26564825,1062593,16794375
111000222,2022-09-16,10,15,28,33,36,25554475,1022179,18122125
111000223,2022-09-17,10,18,19,25,29,28334575,1133383,11480250
111000224,2022-09-19,04,12,15,17,19,34617850,1384714,26825750
111000225,2022-09-20,07,09,11,16,39,32956175,1318247,51795219
111000226,2022-09-21,01,14,23,24,39,36679500,1467180,31005250
111000227,2022-09-22,10,14,20,24,31,34932000,1397280,18664000
111000228,2022-09-23,01,12,25,38,39,33847700,1353908,22111750
111000229,2022-09-24,17,28,34,35,38,34956525,1398261,37639000
111000230,2022-09-26,02,07,10,11,23,35806050,1432242,22716250
111000231,2022-09-27,03,27,36,37,39,32378900,1295156,36112500
111000232,2022-09-28,07,14,28,31,38,35291600,1411664,19503500
111000233,2022-09-29,03,17,22,23,25,33993125,1359725,23233250
111000234,2022-09-30,18,21,25,33,35,33974375,1358975,28257500
111000235,2022-10-01,03,05,14,15,25,36243925,1449757,22362250
111000236,2022-10-03,24,29,31,32,37,35768100,1430724,24442750
111000237,2022-10-04,06,12,17,31,35,32604475,1304179,18532500
111000238,2022-10-05,01,07,20,22,37,35805775,1432231,22146250
111000239,2022-10-06,10,11,13,22,38,35242975,1409719,32416250
111000240,2022-10-07,02,08,12,29,36,36067875,1442715,30408500
111000241,2022-10-08,06,18,21,23,35,39223925,1568957,31099250
111000242,2022-10-10,01,08,13,21,34,30596550,1223862,8887375
111000243,2022-10-11,04,07,10,15,39,27053175,1082127,20419375
111000244,2022-10-12,01,08,10,14,20,29904100,1196164,19934250
111000245,2022-10-13,09,12,15,23,29,28966250,1158650,15130500
111000246,2022-10-14,01,06,12,22,24,28060975,1122439,11349875
111000247,2022-10-15,07,08,23,30,36,29597175,1183887,13314000
111000248,2022-10-17,02,05,16,21,39,28649625,1145985,14714625
111000249,2022-10-18,07,14,16,25,27,25635250,1025410,14119125
111000250,2022-10-19,01,04,05,11,12,29049650,1161986,22782625
111000251,2022-10-20,03,04,06,11,36,28205050,1128202,12452375
111000252,2022-10-21,03,08,24,28,35,26809450,1072378,14893875
111000253,2022-10-22,01,03,07,10,23,28809775,1152391,18326625
111000254,2022-10-24,09,17,33,35,36,29320400,1172816,17338125
111000255,2022-10-25,09,19,20,22,26,25981725,1039269,22534125
111000256,2022-10-26,05,09,13,18,39,29074550,1162982,17149875
111000257,2022-10-27,09,22,29,30,39,27487125,1099485,12580875
111000258,2022-10-28,01,18,22,28,36,25782050,1031282,11521750
111000259,2022-10-29,08,16,20,25,34,28527475,1141099,19789250
111000260,2022-10-31,09,21,23,24,27,26774275,1070971,16682250
111000261,2022-11-01,14,17,18,26,33,25806725,1032269,21077625
111000262,2022-11-02,04,13,18,24,34,29209725,1168389,13573000
111000263,2022-11-03,03,18,27,31,35,27399825,1095993,17445000
111000264,2022-11-04,02,03,10,22,31,26903300,1076132,11315875
111000265,2022-11-05,01,06,17,28,32,29043975,1161759,24847500
111000266,2022-11-07,11,12,19,28,37,29850725,1194029,30608250
111000267,2022-11-08,03,14,16,19,22,26506500,1060260,9928000
111000268,2022-11-09,04,08,20,30,35,29470575,1178823,21730750
111000269,2022-11-10,13,19,23,27,31,28746775,1149871,14296750
111000270,2022-11-11,02,04,12,21,22,28239675,1129587,19471500
111000271,2022-11-12,05,13,19,31,33,30059175,1202367,11139250
111000272,2022-11-14,05,19,27,35,36,29656750,1186270,9384750
111000273,2022-11-15,02,04,15,18,33,26599650,1063986,9242625
111000274,2022-11-16,01,06,07,15,35,28810750,1152430,13761500
111000275,2022-11-17,03,13,22,27,30,27654175,1106167,13083250
111000276,2022-11-18,01,04,05,07,09,26614650,1064586,17257250
111000277,2022-11-19,17,21,22,31,35,27987600,1119504,17187125
111000278,2022-11-21,01,08,21,28,38,28488125,1139525,22672875
111000279,2022-11-22,06,10,16,19,30,25857375,1034295,16588875
111000280,2022-11-23,02,22,27,30,37,27803250,1112130,10055875
111000281,2022-11-24,04,17,27,33,37,25823000,1032920,12771000
111000282,2022-11-25,08,18,25,28,36,25779375,1031175,26846375
111000283,2022-11-26,11,18,20,24,26,28008250,1120330,26502500
111000284,2022-11-28,07,09,17,27,39,28855850,1154234,25650125
111000285,2022-11-29,08,11,14,25,29,26473125,1058925,21996250
111000286,2022-11-30,09,13,16,24,37,29526850,1181074,11424125
111000287,2022-12-01,14,16,24,26,30,27844550,1113782,8899375
111000288,2022-12-02,01,03,04,13,18,26803800,1072152,16056500
111000289,2022-12-03,11,13,21,28,29,29498200,1179928,11061875
111000290,2022-12-05,05,14,16,18,24,29306100,1172244,15581750
111000291,2022-12-06,12,13,16,18,25,26872450,1074898,13335375
111000292,2022-12-07,01,10,25,34,36,29795725,1191829,14354625
111000293,2022-12-08,16,19,21,22,23,28816825,1152673,20300000
111000294,2022-12-09,12,13,17,35,37,27317250,1092690,17879250
111000295,2022-12-10,08,10,18,29,39,30653125,1226125,18581125
111000296,2022-12-12,13,16,23,27,28,30515025,1220601,18684000
111000297,2022-12-13,01,09,12,27,28,26795700,1071828,9733500
111000298,2022-12-14,10,12,16,31,36,29476975,1179079,12195625
111000299,2022-12-15,01,06,14,18,24,28297650,1131906,17871375
111000300,2022-12-16,03,14,15,19,34,27404425,1096177,13981375
111000301,2022-12-17,03,10,11,12,24,27456350,1098254,12576125
111000302,2022-12-19,06,09,13,21,35,28986925,1159477,18472875
111000303,2022-12-20,06,09,13,25,29,26732175,1069287,8623125
111000304,2022-12-21,12,13,20,24,32,29297125,1171885,13933125
111000305,2022-12-22,03,07,09,18,33,27815625,1112625,12679500
111000306,2022-12-23,23,27,29,30,35,26350650,1054026,16817000
111000307,2022-12-24,01,03,04,31,34,28656075,1146243,15526625
111000308,2022-12-26,02,06,12,13,28,28308350,1132334,21179250
111000309,2022-12-27,08,20,31,35,38,26267850,1050714,14263625
111000310,2022-12-28,06,16,18,24,27,28555600,1142224,28045875
111000311,2022-12-29,01,08,18,25,38,28030275,1121211,21571250
111000312,2022-12-30,04,05,08,10,29,27787175,1111487,19756750
111000313,2022-12-31,01,10,15,20,26,31347500,1253900,18490125
112000001,2023-01-02,06,08,10,12,25,28979925,1159197,19463750
112000002,2023-01-03,12,14,25,30,34,26797350,1071894,9216875
112000003,2023-01-04,08,18,29,31,36,29386225,1175449,14273750
112000004,2023-01-05,17,26,29,36,39,29093625,1163745,17665250
112000005,2023-01-06,10,30,35,38,39,27740375,1109615,14735000
112000006,2023-01-07,03,06,08,23,30,31582725,1263309,16160125
112000007,2023-01-09,06,13,30,31,34,31066475,1242659,13248750
112000008,2023-01-10,02,08,18,22,29,28633425,1145337,20544375
112000009,2023-01-11,23,26,31,34,35,32247575,1289903,8490375
112000010,2023-01-12,03,14,26,29,37,29869600,1194784,9498125
112000011,2023-01-13,04,09,26,29,31,28689275,1147571,10092375
112000012,2023-01-14,04,08,12,23,29,31401300,1256052,18149125
112000013,2023-01-16,04,07,11,12,29,31301900,1252076,23172250
112000014,2023-01-17,04,06,26,28,39,28317100,1132684,15430125
112000015,2023-01-18,06,12,18,34,39,32126575,1285063,12156625
112000016,2023-01-19,01,03,12,28,34,32172550,1286902,14170125
112000017,2023-01-20,05,06,15,19,25,29401150,1176046,25941000
112000018,2023-01-21,08,12,14,28,35,28702425,1148097,22387375
112000019,2023-01-23,04,12,13,14,22,32055075,1282203,24988250
112000020,2023-01-24,06,08,16,19,31,28672875,1146915,17398000
112000021,2023-01-25,01,05,15,19,20,30169300,1206772,15409750
112000022,2023-01-26,06,10,12,33,36,29375825,1175033,20334000
112000023,2023-01-27,02,16,19,24,27,29618225,1184729,15827375
112000024,2023-01-28,09,18,29,32,38,29368875,1174755,34303375
112000025,2023-01-30,08,17,18,25,36,31319150,1252766,31397625
112000026,2023-01-31,02,03,06,23,38,30100975,1204039,12879625
112000027,2023-02-01,16,19,23,36,38,29132925,1165317,11520500
112000028,2023-02-02,11,12,27,30,38,28036725,1121469,12879750
112000029,2023-02-03,01,07,19,21,31,29477000,1179080,24973375
112000030,2023-02-04,13,15,18,22,24,30888875,1235555,25143375
112000031,2023-02-06,03,15,16,28,31,32508600,1300344,14057250
112000032,2023-02-07,01,13,25,26,27,28955425,1158217,14671625
112000033,2023-02-08,13,15,17,28,37,31925000,1277000,15456875
112000034,2023-02-09,22,32,35,38,39,30430400,1217216,20615125
112000035,2023-02-10,04,17,25,26,34,29285825,1171433,15708500
112000036,2023-02-11,07,27,30,31,39,32301050,1292042,13076000
112000037,2023-02-13,05,06,16,31,34,31277800,1251112,11741500
112000038,2023-02-14,09,12,16,28,37,27168325,1086733,13290000
112000039,2023-02-15,04,23,24,32,37,29900475,1196019,13550250
112000040,2023-02-16,05,17,25,35,39,28130975,1125239,22692750
112000041,2023-02-17,09,22,25,27,31,27893625,1115745,10635625
112000042,2023-02-18,08,12,18,20,32,31300575,1252023,27824125
112000043,2023-02-20,14,24,30,32,38,31607525,1264301,10314625
112000044,2023-02-21,02,17,25,29,37,26958275,1078331,21582125
112000045,2023-02-22,02,11,16,17,37,30366000,1214640,10478000
112000046,2023-02-23,07,11,13,17,27,28795200,1151808,21990750
112000047,2023-02-24,08,11,12,16,30,28959225,1158369,13200625
112000048,2023-02-25,04,06,27,38,39,31033425,1241337,11473750
112000049,2023-02-27,05,21,31,33,38,29047200,1161888,14389750
112000050,2023-02-28,06,08,23,27,33,26348750,1053950,11081250
112000051,2023-03-01,26,30,32,36,37,29896325,1195853,16952125
112000052,2023-03-02,01,04,09,24,37,27908400,1116336,13601000
112000053,2023-03-03,08,16,17,34,35,27541475,1101659,31656186
112000054,2023-03-04,04,09,25,32,39,31350275,1254011,12395000
112000055,2023-03-06,01,08,19,21,37,30983625,1239345,10077375
112000056,2023-03-07,05,09,10,17,19,27412250,1096490,22194500
112000057,2023-03-08,15,19,22,24,39,31150150,1246006,12435625
112000058,2023-03-09,11,26,30,38,39,29181125,1167245,15501125
112000059,2023-03-10,08,15,33,35,39,28763525,1150541,11604250
112000060,2023-03-11,04,07,14,22,24,31433075,1257323,23670500
112000061,2023-03-13,02,10,23,30,35,30803200,1232128,12171125
112000062,2023-03-14,15,18,22,24,30,27080800,1083232,10280375
112000063,2023-03-15,09,15,25,26,33,30272250,1210890,13328875
112000064,2023-03-16,10,21,25,37,38,29035725,1161429,9334125
112000065,2023-03-17,05,11,17,27,32,27608925,1104357,25843500
112000066,2023-03-18,03,07,22,30,37,30824375,1232975,16046375
112000067,2023-03-20,05,10,18,20,37,30436800,1217472,15629625
112000068,2023-03-21,03,12,16,22,38,26846925,1073877,10900000
112000069,2023-03-22,02,05,17,27,37,29387450,1175498,21445125
112000070,2023-03-23,05,12,33,36,38,28553700,1142148,8534625
112000071,2023-03-24,08,19,27,34,37,26496650,1059866,16917375
112000072,2023-03-25,06,10,24,33,35,29538675,1181547,17149000
112000073,2023-03-27,06,10,11,32,39,28371525,1134861,10488125
112000074,2023-03-28,02,05,09,10,32,25193900,1007756,9210250
112000075,2023-03-29,16,32,36,37,39,27833500,1113340,9959250
112000076,2023-03-30,07,13,18,25,39,26580325,1063213,16159125
112000077,2023-03-31,02,21,26,27,35,27032125,1081285,9035875
112000078,2023-04-01,09,10,16,21,26,28310150,1132406,9329625
112000079,2023-04-03,06,07,22,23,33,29020650,1160826,12876500
112000080,2023-04-04,02,13,27,31,38,25763925,1030557,10512750
112000081,2023-04-05,03,06,21,31,38,27497325,1099893,7707250
112000082,2023-04-06,09,11,24,37,39,27930325,1117213,20814875
112000083,2023-04-07,10,16,31,36,39,28008675,1120347,11165875
112000084,2023-04-08,08,18,20,27,31,30902650,1236106,17247000
112000085,2023-04-10,06,25,30,34,36,31691225,1267649,13722375
112000086,2023-04-11,01,05,06,37,38,28159475,1126379,15669875
112000087,2023-04-12,04,10,11,17,38,31115600,1244624,35828750
112000088,2023-04-13,13,14,18,26,29,30900250,1236010,23421000
112000089,2023-04-14,03,05,17,31,36,28060300,1122412,9167375
112000090,2023-04-15,01,09,17,31,37,30486125,1219445,15953125
112000091,2023-04-17,04,09,16,32,33,30875900,1235036,10399500
112000092,2023-04-18,11,17,21,31,33,26714250,1068570,13542125
112000093,2023-04-19,15,20,33,34,39,27545675,1101827,9385750
112000094,2023-04-20,04,19,22,29,37,27027850,1081114,18808750
112000095,2023-04-21,02,07,26,28,32,26993475,1079739,20703875
112000096,2023-04-22,10,14,21,27,29,29060150,1162406,15268375
112000097,2023-04-24,01,10,16,21,24,28579700,1143188,14912750
112000098,2023-04-25,01,05,12,34,36,25263800,1010552,15284875
112000099,2023-04-26,02,20,21,29,33,27909750,1116390,7960000
112000100,2023-04-27,03,13,22,32,39,26027275,1041091,22303500
112000101,2023-04-28,07,10,11,36,39,26313100,1052524,12718000
112000102,2023-04-29,06,08,22,32,38,28192825,1127713,16350500
112000103,2023-05-01,10,14,20,28,31,28324025,1132961,13191375
112000104,2023-05-02,01,03,05,27,29,24677225,987089,18048000
112000105,2023-05-03,05,07,26,34,35,27826475,1113059,13076875
112000106,2023-05-04,14,23,25,26,34,26209825,1048393,12123875
112000107,2023-05-05,01,07,24,30,32,25673475,1026939,10140500
112000108,2023-05-06,04,05,26,28,32,28412925,1136517,10631875
112000109,2023-05-08,03,07,27,29,34,27613050,1104522,26712375
112000110,2023-05-09,02,04,13,23,36,25631750,1025270,15450375
112000111,2023-05-10,11,12,25,31,37,29193225,1167729,23399125
112000112,2023-05-11,04,05,09,27,34,28548800,1141952,16301500
112000113,2023-05-12,14,20,21,23,25,26533325,1061333,14724000
112000114,2023-05-13,03,12,15,27,35,29075375,1163015,13660625
112000115,2023-05-15,05,06,07,08,24,28499350,1139974,30395500
112000116,2023-05-16,13,25,27,36,38,25351000,1014040,15277250
112000117,2023-05-17,05,11,14,30,38,28406950,1136278,13599250
112000118,2023-05-18,08,20,32,34,36,26341300,1053652,10808500
112000119,2023-05-19,16,27,33,34,36,24546150,981846,9105500
112000120,2023-05-20,01,10,24,28,34,27747600,1109904,13692250
112000121,2023-05-22,10,15,25,31,39,27868950,1114758,15842375
112000122,2023-05-23,10,14,34,35,38,24491750,979670,12691875
112000123,2023-05-24,08,10,16,21,34,27206150,1088246,10790375
112000124,2023-05-25,14,16,18,20,33,26144300,1045772,11026875
112000125,2023-05-26,06,07,13,22,29,24711425,988457,18289000
112000126,2023-05-27,01,18,24,25,39,26949875,1077995,16082000
112000127,2023-05-29,01,10,14,27,37,26514525,1060581,15522625
112000128,2023-05-30,05,12,15,20,21,24345875,973835,17649250
112000129,2023-05-31,05,06,07,34,36,26413975,1056559,16450625
112000130,2023-06-01,08,18,25,27,34,25882875,1035315,27925750
112000131,2023-06-02,04,08,09,22,37,26428700,1057148,15759125
112000132,2023-06-03,03,07,13,23,34,27533525,1101341,22979000
112000133,2023-06-05,01,05,16,20,29,28697875,1147915,17896000
112000134,2023-06-06,11,18,26,29,37,25668675,1026747,12408375
112000135,2023-06-07,03,07,08,11,29,27937100,1117484,14464500
112000136,2023-06-08,01,12,15,23,38,26647925,1065917,12626875
112000137,2023-06-09,02,13,15,17,29,26037625,1041505,13278875
112000138,2023-06-10,01,08,09,19,28,28571825,1142873,17401250
112000139,2023-06-12,08,13,19,22,26,27306125,1092245,8059500
112000140,2023-06-13,24,29,34,36,37,24113375,964535,16293250
112000141,2023-06-14,01,06,21,32,34,27247075,1089883,12790625
112000142,2023-06-15,02,11,15,18,21,25714975,1028599,11025000
112000143,2023-06-16,09,12,24,28,39,24482050,979282,11354500
112000144,2023-06-17,02,09,20,29,36,28060250,1122410,8379750
112000145,2023-06-19,01,13,33,36,39,26534375,1061375,11204625
112000146,2023-06-20,11,25,27,34,37,23592775,943711,27512875
112000147,2023-06-21,02,09,23,30,38,28200500,1128020,15374500
112000148,2023-06-22,06,10,33,34,39,25575550,1023022,10988750
112000149,2023-06-23,11,13,20,24,30,23515550,940622,15926125
112000150,2023-06-24,07,10,13,14,22,26290225,1051609,15885000
112000151,2023-06-26,05,14,15,20,26,34864950,1394598,22818750
112000152,2023-06-27,04,12,14,28,39,31925575,1277023,18910500
112000153,2023-06-28,05,08,21,32,33,34006525,1360261,19492750
112000154,2023-06-29,02,10,14,17,27,32052450,1282098,23956250
112000155,2023-06-30,03,11,20,30,36,32463675,1298547,34104250
112000156,2023-07-01,07,08,12,22,39,35153375,1406135,29534000
112000157,2023-07-03,13,28,33,34,39,35985925,1439437,23659500
112000158,2023-07-04,14,26,27,29,35,32482350,1299294,43396250
112000159,2023-07-05,05,07,08,25,30,36668575,1466743,40010250
112000160,2023-07-06,02,14,17,21,33,36250750,1450030,18701000
112000161,2023-07-07,12,16,25,28,30,34752225,1390089,20735750
112000162,2023-07-08,01,04,18,24,33,36465425,1458617,28076500
112000163,2023-07-10,01,04,15,19,37,37425250,1497010,23531500
112000164,2023-07-11,24,25,35,36,38,34279250,1371170,25775750
112000165,2023-07-12,01,02,09,10,32,35614650,1424586,30740500
112000166,2023-07-13,04,06,10,19,32,35082025,1403281,15053500
112000167,2023-07-14,12,14,20,25,37,34516100,1380644,28378250
112000168,2023-07-15,08,16,19,21,22,39361750,1574470,41082250
112000169,2023-07-17,01,18,22,29,30,29783825,1191353,16118500
112000170,2023-07-18,12,15,23,29,38,26689100,1067564,11135000
112000171,2023-07-19,02,12,20,22,35,29318275,1172731,11260875
112000172,2023-07-20,13,18,20,23,31,27159600,1086384,14755500
112000173,2023-07-21,09,26,27,31,39,26936100,1077444,17923000
112000174,2023-07-22,04,09,15,24,32,28966400,1158656,11768250
112000175,2023-07-24,02,13,31,34,37,28052375,1122095,11239500
112000176,2023-07-25,15,18,19,26,32,24919850,996794,8853375
112000177,2023-07-26,06,13,33,37,38,26182850,1047314,11905500
112000178,2023-07-27,10,13,18,37,39,25265250,1010610,8637750
112000179,2023-07-28,01,07,13,20,26,23883825,955353,11289250
112000180,2023-07-29,15,18,20,30,37,27343725,1093749,13710750
112000181,2023-07-31,03,13,19,21,35,28161975,1126479,16739875
112000182,2023-08-01,01,03,10,15,30,25295275,1011811,16066375
112000183,2023-08-02,03,10,11,25,29,28056025,1122241,20733125
112000184,2023-08-03,03,09,12,30,33,26371475,1054859,13032750
112000185,2023-08-04,07,16,20,35,38,26783875,1071355,10739750
112000186,2023-08-05,04,09,10,15,34,28680025,1147201,15518750
112000187,2023-08-07,08,14,29,32,34,28980900,1159236,17957125
112000188,2023-08-08,07,10,19,28,29,26354250,1054170,9787375
112000189,2023-08-09,03,12,15,30,39,28214350,1128574,19221375
112000190,2023-08-10,01,13,14,30,38,26729600,1069184,13137625
112000191,2023-08-11,06,23,24,38,39,26831875,1073275,11376875
112000192,2023-08-12,08,23,27,31,32,28981575,1159263,22466875
112000193,2023-08-14,17,18,26,28,33,28305125,1132205,30856500
112000194,2023-08-15,14,23,26,33,37,26019700,1040788,7228000
112000195,2023-08-16,02,07,09,19,28,27901400,1116056,17464375
112000196,2023-08-17,04,15,18,27,34,26608750,1064350,20803500
112000197,2023-08-18,06,14,23,34,38,26398450,1055938,16502250
112000198,2023-08-19,09,14,15,23,28,28641300,1145652,8251875
112000199,2023-08-21,06,07,24,25,36,27917775,1116711,16737375
112000200,2023-08-22,09,11,12,27,36,24920100,996804,12905125
112000201,2023-08-23,02,07,19,23,28,27346975,1093879,17035375
112000202,2023-08-24,05,14,23,29,34,26310275,1052411,27113250
112000203,2023-08-25,05,11,23,30,32,26298950,1051958,13340500
112000204,2023-08-26,06,07,09,24,27,28230175,1129207,19254875
112000205,2023-08-28,01,13,17,26,31,27799875,1111995,25812500
112000206,2023-08-29,02,04,10,13,37,25577375,1023095,15820500
112000207,2023-08-30,13,16,33,35,36,28164275,1126571,14261000
112000208,2023-08-31,11,14,19,30,39,26176150,1047046,14067875
112000209,2023-09-01,01,17,19,31,34,26303700,1052148,13973125
112000210,2023-09-02,11,15,22,25,34,29298975,1171959,15634875
112000211,2023-09-04,06,17,18,20,37,26666050,1066642,18808875
112000212,2023-09-05,12,16,20,21,34,24030750,961230,17736500
112000213,2023-09-06,04,10,23,28,29,27808525,1112341,19394125
112000214,2023-09-07,10,24,27,36,37,27455075,1098203,14957500
112000215,2023-09-08,06,08,14,23,31,26138975,1045559,16850500
112000216,2023-09-09,11,13,31,35,39,28998675,1159947,18551375
112000217,2023-09-11,06,12,31,33,39,36417675,1456707,16003000
112000218,2023-09-12,02,16,17,21,31,33630225,1345209,18148000
112000219,2023-09-13,03,09,18,21,39,37059250,1482370,24340750
112000220,2023-09-14,05,08,10,17,28,35390600,1415624,31855250
112000221,2023-09-15,01,09,12,18,20,34141525,1365661,24749250
112000222,2023-09-16,04,14,23,25,38,37232775,1489311,41907500
112000223,2023-09-18,03,14,21,23,36,37925900,1517036,18328000
112000224,2023-09-19,10,24,26,36,39,33870275,1354811,22739250
112000225,2023-09-20,06,11,17,20,21,36898725,1475949,27333000
112000226,2023-09-21,01,04,16,25,37,35281850,1411274,25673250
112000227,2023-09-22,01,12,18,26,32,34375150,1375006,20787000
112000228,2023-09-23,20,26,32,35,39,37085525,1483421,14330250
112000229,2023-09-25,04,06,10,25,38,35857725,1434309,27046500
112000230,2023-09-26,01,03,05,28,39,33709075,1348363,26841250
112000231,2023-09-27,14,15,19,24,34,36424550,1456982,36038750
112000232,2023-09-28,04,11,14,17,19,36508550,1460342,31628250
112000233,2023-09-29,10,12,27,30,39,34951150,1398046,29518250
112000234,2023-09-30,03,14,19,20,21,38416225,1536649,28464250
112000235,2023-10-02,01,02,08,13,37,31185325,1247413,36380625
112000236,2023-10-03,01,02,12,13,30,27790350,1111614,11516125
112000237,2023-10-04,09,19,21,33,38,28730850,1149234,12076625
112000238,2023-10-05,09,12,18,26,37,28022800,1120912,10832250
112000239,2023-10-06,03,04,19,26,29,28421125,1136845,9757000
112000240,2023-10-07,03,18,26,34,35,31004225,1240169,8814125
112000241,2023-10-09,08,13,16,23,29,29414300,1176572,17945500
112000242,2023-10-10,03,05,08,18,34,26925850,1077034,10846875
112000243,2023-10-11,29,31,32,35,39,29882575,1195303,14925125
112000244,2023-10-12,24,27,33,38,39,28284750,1131390,18151750
112000245,2023-10-13,02,04,05,18,22,27499575,1099983,12645750
112000246,2023-10-14,01,04,08,16,26,30026400,1201056,15145625
112000247,2023-10-16,03,09,10,18,31,29838525,1193541,20364000
112000248,2023-10-17,06,10,13,14,38,27251275,1090051,17586875
112000249,2023-10-18,02,03,11,27,28,30281475,1211259,13270375
112000250,2023-10-19,06,07,09,11,26,28237725,1129509,19349125
112000251,2023-10-20,08,10,22,23,36,26625975,1065039,21822000
112000252,2023-10-21,04,16,22,30,34,30245975,1209839,10958500
112000253,2023-10-23,01,04,15,29,35,29590825,1183633,15786000
112000254,2023-10-24,03,28,33,36,39,26129150,1045166,21900000
112000255,2023-10-25,05,13,19,33,38,28763250,1150530,18448250
112000256,2023-10-26,10,15,16,26,37,27948550,1117942,18720625
112000257,2023-10-27,01,03,05,09,25,27094250,1083770,20925500
112000258,2023-10-28,01,05,10,31,36,28886225,1155449,16486375
112000259,2023-10-30,15,22,27,30,38,29296125,1171845,18258750
112000260,2023-10-31,03,09,29,36,39,26618900,1064756,18619250
112000261,2023-11-01,11,23,26,33,35,29744175,1189767,19367125
112000262,2023-11-02,03,06,07,33,37,28563275,1142531,17488375
112000263,2023-11-03,04,16,17,18,19,27514950,1100598,27182125
112000264,2023-11-04,05,12,24,27,37,30057775,1202311,26321250
112000265,2023-11-06,04,05,26,37,39,30866675,1234667,10192250
112000266,2023-11-07,03,04,17,25,35,27497425,1099897,17277000
112000267,2023-11-08,03,19,23,27,31,30773200,1230928,12097000
112000268,2023-11-09,02,12,30,35,36,29333675,1173347,9106750
112000269,2023-11-10,06,19,25,37,39,28327350,1133094,11569125
112000270,2023-11-11,17,31,33,34,35,31019225,1240769,17153500
112000271,2023-11-13,13,17,36,37,38,29668275,1186731,20095125
112000272,2023-11-14,01,14,19,27,37,26267700,1050708,13100500
112000273,2023-11-15,01,21,24,27,38,30334975,1213399,8874000
112000274,2023-11-16,01,02,06,13,18,27062075,1082483,10302375
112000275,2023-11-17,12,20,21,25,30,26041300,1041652,19889750
112000276,2023-11-18,02,17,22,30,36,28325600,1133024,7503750
112000277,2023-11-20,08,16,19,21,37,28591425,1143657,24290250
112000278,2023-11-21,24,26,28,37,39,26202125,1048085,17943375
112000279,2023-11-22,02,25,28,32,34,28987025,1159481,13260000
112000280,2023-11-23,03,08,13,17,37,27287250,1091490,14222750
112000281,2023-11-24,09,15,27,37,38,26373500,1054940,22058500
112000282,2023-11-25,04,11,16,20,22,28996825,1159873,20120625
112000283,2023-11-27,02,05,22,32,35,28975975,1159039,10759125
112000284,2023-11-28,15,17,28,35,38,24981525,999261,13694375
112000285,2023-11-29,09,11,14,30,35,28582600,1143304,9367625
112000286,2023-11-30,04,12,20,22,34,26683725,1067349,11849500
112000287,2023-12-01,04,09,15,18,29,26328900,1053156,11895250
112000288,2023-12-02,22,23,31,33,36,28017575,1120703,25068875
112000289,2023-12-04,11,12,16,22,29,26569550,1062782,10890875
112000290,2023-12-05,01,07,11,14,29,25777750,1031110,14939625
112000291,2023-12-06,04,20,23,32,38,28352250,1134090,15291250
112000292,2023-12-07,03,06,07,11,22,27458450,1098338,13664875
112000293,2023-12-08,03,05,11,16,23,27159475,1086379,13009250
112000294,2023-12-09,07,08,19,20,31,29939875,1197595,14392625
112000295,2023-12-11,02,05,13,25,33,29634450,1185378,18279250
112000296,2023-12-12,05,10,22,32,38,26205925,1048237,11718000
112000297,2023-12-13,05,06,07,20,22,29433075,1177323,15414750
112000298,2023-12-14,06,08,13,35,36,27544700,1101788,11563500
112000299,2023-12-15,06,07,14,30,35,26437875,1057515,10152500
112000300,2023-12-16,08,14,16,32,38,27706600,1108264,12365750
112000301,2023-12-18,10,11,14,26,32,28462150,1138486,9373500
112000302,2023-12-19,02,16,17,26,33,24843425,993737,8232125
112000303,2023-12-20,19,21,26,31,37,26725450,1069018,16385375
112000304,2023-12-21,03,04,05,09,10,24964200,998568,22089625
112000305,2023-12-22,06,11,24,32,37,23654125,946165,9503500
112000306,2023-12-23,13,17,21,25,28,26582550,1063302,16254125
112000307,2023-12-25,02,19,29,30,39,27286325,1091453,16288375
112000308,2023-12-26,11,18,23,27,37,24418125,976725,20619500
112000309,2023-12-27,10,21,33,35,38,28307350,1132294,22284625
112000310,2023-12-28,18,20,28,30,37,26882675,1075307,15554000
112000311,2023-12-29,09,14,22,27,39,26550300,1062012,15042250
112000312,2023-12-30,04,11,17,20,32,30056025,1202241,22239625
113000001,2024-01-01,03,09,27,30,33,27156700,1086268,11649125
113000002,2024-01-02,21,22,25,30,37,24765050,990602,10968500
113000003,2024-01-03,01,05,21,32,37,27162750,1086510,11096625
113000004,2024-01-04,11,27,28,29,37,27151425,1086057,14335625
113000005,2024-01-05,10,11,14,21,33,26897500,1075900,14815875
113000006,2024-01-06,01,16,33,37,39,30756000,1230240,14906125
113000007,2024-01-08,07,22,35,38,39,30525225,1221009,25986250
113000008,2024-01-09,09,17,19,23,27,26860800,1074432,21813000
113000009,2024-01-10,03,06,15,19,24,31057825,1242313,17926500
113000010,2024-01-11,15,23,34,36,37,29828275,1193131,17742125
113000011,2024-01-12,01,03,12,23,31,27763875,1110555,18992125
113000012,2024-01-13,14,20,27,33,38,30285900,1211436,16061125
113000013,2024-01-15,01,03,10,11,35,30003775,1200151,22993125
113000014,2024-01-16,02,05,09,27,29,26550675,1062027,16406875
113000015,2024-01-17,10,17,32,38,39,29564750,1182590,16345875
113000016,2024-01-18,10,27,31,32,33,28923275,1156931,10400125
113000017,2024-01-19,02,03,13,17,35,27131500,1085260,10916750
113000018,2024-01-20,15,20,28,36,37,30109050,1204362,21341500
113000019,2024-01-22,03,15,17,25,36,29457250,1178290,10145000
113000020,2024-01-23,08,16,18,19,35,23192950,927718,22998625
113000021,2024-01-24,04,12,29,33,36,28463000,1138520,11509750
113000022,2024-01-25,01,14,32,34,36,27033850,1081354,15603500
113000023,2024-01-26,06,09,12,22,31,26400875,1056035,13885375
113000024,2024-01-27,01,08,09,30,35,28996800,1159872,9864875
113000025,2024-01-29,01,03,18,22,28,29760400,1190416,10879625
113000026,2024-01-30,03,11,21,23,36,25515275,1020611,15756625
113000027,2024-01-31,06,10,21,32,38,29871425,1194857,16424000
113000028,2024-02-01,10,17,19,29,37,29239625,1169585,21034125
113000029,2024-02-02,10,22,26,32,33,27980050,1119202,11803375
113000030,2024-02-03,14,20,21,23,34,30857700,1234308,18193125
113000031,2024-02-05,12,15,16,23,28,32572875,1302915,17808250
113000032,2024-02-06,06,13,16,32,39,28903750,1156150,12788500
113000033,2024-02-07,06,11,15,28,31,29452575,1178103,8323625
113000034,2024-02-08,20,25,31,35,38,28596600,1143864,14238875
113000035,2024-02-09,06,20,22,36,37,27776750,1111070,12159875
113000036,2024-02-10,03,18,19,21,22,28707450,1148298,17178500
113000037,2024-02-12,06,08,22,29,38,32046450,1281858,13961875
113000038,2024-02-13,23,24,28,30,31,29476850,1179074,14370500
113000039,2024-02-14,04,16,27,30,37,29586350,1183454,11939625
113000040,2024-02-15,02,04,15,17,30,29273375,1170935,16576375
113000041,2024-02-16,07,11,16,34,36,29648100,1185924,20096500
113000042,2024-02-17,12,18,31,38,39,30683300,1227332,17881375
113000043,2024-02-19,05,09,17,24,25,31056200,1242248,27357125
113000044,2024-02-20,21,26,29,30,34,27935525,1117421,15316250
113000045,2024-02-21,01,03,04,35,37,27845625,1113825,32235000
113000046,2024-02-22,03,05,12,15,33,28873050,1154922,13797250
113000047,2024-02-23,01,03,15,18,35,28297000,1131880,9362875
113000048,2024-02-24,02,07,10,15,33,28089600,1123584,13495375
113000049,2024-02-26,23,25,29,31,32,30474850,1218994,20635375
113000050,2024-02-27,11,27,30,31,38,26830225,1073209,23249000
113000051,2024-02-28,07,14,28,29,38,30968175,1238727,15608125
113000052,2024-02-29,07,15,22,26,37,30392100,1215684,15954625
113000053,2024-03-01,05,12,13,21,36,27075150,1083006,22936000
113000054,2024-03-02,17,19,29,36,37,30270600,1210824,16396125
113000055,2024-03-04,01,03,05,19,38,32937275,1317491,25231500
113000056,2024-03-05,26,34,36,37,39,29358975,1174359,20180000
113000057,2024-03-06,09,19,23,36,38,31366325,1254653,12075500
113000058,2024-03-07,02,06,20,23,36,31304500,1252180,16967625
113000059,2024-03-08,08,11,15,20,36,30091325,1203653,15065750
113000060,2024-03-09,05,10,27,37,38,31680825,1267233,25405750
113000061,2024-03-11,02,08,16,18,36,32461525,1298461,15915875
113000062,2024-03-12,12,21,23,38,39,28730650,1149226,19499125
113000063,2024-03-13,08,12,22,35,36,32923975,1316959,17309500
113000064,2024-03-14,18,19,22,26,28,31896425,1275857,14898875
113000065,2024-03-15,07,08,09,14,34,29684525,1187381,18594625
113000066,2024-03-16,02,06,16,27,39,31965350,1278614,13134000
113000067,2024-03-18,11,16,18,19,25,32701625,1308065,16767750
113000068,2024-03-19,10,16,26,38,39,27857300,1114292,18620250
113000069,2024-03-20,05,24,29,34,35,31934550,1277382,16490875
113000070,2024-03-21,01,02,04,13,27,30556250,1222250,27308375
113000071,2024-03-22,07,11,12,24,38,28841225,1153649,15622375
113000072,2024-03-23,07,17,27,28,33,30943100,1237724,21903500
113000073,2024-03-25,04,11,20,34,36,31727750,1269110,12536750
113000074,2024-03-26,05,07,30,35,38,27559700,1102388,20584750
113000075,2024-03-27,10,21,23,27,30,30630575,1225223,17176500
113000076,2024-03-28,01,10,16,26,29,29927500,1197100,16615625
113000077,2024-03-29,11,12,18,23,24,28513125,1140525,14350250
113000078,2024-03-30,02,12,15,24,35,30688750,1227550,10671750
113000079,2024-04-01,05,09,14,20,33,30098250,1203930,19128875
113000080,2024-04-02,04,10,12,23,26,27396075,1095843,12048375
113000081,2024-04-03,01,03,06,21,27,30843325,1233733,29227875
113000082,2024-04-04,08,14,22,27,35,28929000,1157160,15757250
113000083,2024-04-05,01,13,31,34,35,27548525,1101941,14350250
113000084,2024-04-06,04,07,15,22,30,30061200,1202448,15402375
113000085,2024-04-08,03,09,21,27,36,31506000,1260240,18809500
113000086,2024-04-09,12,21,24,25,39,28398125,1135925,15061500
113000087,2024-04-10,02,03,21,26,30,32284950,1291398,9628625
113000088,2024-04-11,13,15,18,19,33,31122325,1244893,19797875
113000089,2024-04-12,01,03,10,14,31,29584500,1183380,21959125
113000090,2024-04-13,01,02,09,19,31,32354950,1294198,10788875
113000091,2024-04-15,03,09,10,13,17,31946875,1277875,18068500
113000092,2024-04-16,06,17,21,26,28,28489700,1139588,10771875
113000093,2024-04-17,15,28,35,36,39,30579500,1223180,15274375
113000094,2024-04-18,06,13,15,25,28,28927625,1157105,8468875
113000095,2024-04-19,02,10,21,22,38,27638000,1105520,11584875
113000096,2024-04-20,03,12,20,34,35,30206450,1208258,21567125
113000097,2024-04-22,06,14,20,28,35,30853050,1234122,7940000
113000098,2024-04-23,17,18,32,35,37,26286750,1051470,19321875
113000099,2024-04-24,03,06,10,17,28,26945575,1077823,14410125
113000100,2024-04-25,16,20,21,22,25,25937250,1037490,13284750
113000101,2024-04-26,10,14,25,31,36,25913500,1036540,8529500
113000102,2024-04-27,09,15,22,34,36,29458000,1178320,12606500
113000103,2024-04-29,04,10,12,21,27,29635225,1185409,22261750
113000104,2024-04-30,03,07,12,17,37,27045800,1081832,16335875
113000105,2024-05-01,09,24,32,36,39,29727950,1189118,10922375
113000106,2024-05-02,03,06,13,28,35,29234425,1169377,28027625
113000107,2024-05-03,05,06,11,16,37,28678450,1147138,19976625
113000108,2024-05-04,02,07,13,18,28,30964550,1238582,11515000
113000109,2024-05-06,12,28,31,35,39,31640175,1265607,12724500
113000110,2024-05-07,04,09,18,25,39,27714950,1108598,10344750
113000111,2024-05-08,12,13,16,26,37,30214225,1208569,11893500
113000112,2024-05-09,05,06,11,31,35,29452400,1178096,15286875
113000113,2024-05-10,01,12,31,38,39,29005275,1160211,22131250
113000114,2024-05-11,01,07,11,15,29,31585100,1263404,19024625
113000115,2024-05-13,04,14,33,36,37,31244400,1249776,17115500
113000116,2024-05-14,07,11,18,20,22,27592325,1103693,16668125
113000117,2024-05-15,04,06,14,26,33,30410925,1216437,9315875
113000118,2024-05-16,09,10,21,33,35,28761775,1150471,15138875
113000119,2024-05-17,14,19,27,30,38,27707225,1108289,23264250
113000120,2024-05-18,05,10,11,32,37,29723800,1188952,16283000
113000121,2024-05-20,03,05,28,32,34,38654100,1546164,22493750
113000122,2024-05-21,01,03,16,24,31,33740450,1349618,29610750
113000123,2024-05-22,11,13,15,23,29,37936350,1517454,46799000
113000124,2024-05-23,14,23,26,27,34,37880125,1515205,26147750
113000125,2024-05-24,05,16,22,26,39,36457925,1458317,17093750
113000126,2024-05-25,01,15,32,34,38,38385675,1535427,16963750
113000127,2024-05-27,05,13,14,17,24,38480950,1539238,21575000
113000128,2024-05-28,16,23,29,36,39,33526375,1341055,20234750
113000129,2024-05-29,01,07,09,20,32,37536975,1501479,21732500
113000130,2024-05-30,02,09,32,36,37,36974525,1478981,14949250
113000131,2024-05-31,08,12,13,23,36,35942900,1437716,40399750
113000132,2024-06-01,04,20,24,28,38,39720000,1588800,27948500
113000133,2024-06-03,06,10,21,24,31,33258650,1330346,24116750
113000134,2024-06-04,07,11,17,23,25,28835775,1153431,33002750
113000135,2024-06-05,03,04,06,14,20,31842525,1273701,21364375
113000136,2024-06-06,03,11,20,21,36,31471550,1258862,9640000
113000137,2024-06-07,01,04,27,34,35,30440675,1217627,19324250
113000138,2024-06-08,11,19,24,31,32,32793625,1311745,12546750
113000139,2024-06-10,18,19,30,33,38,31947200,1277888,32148375
113000140,2024-06-11,03,13,26,32,34,28250025,1130001,10158750
113000141,2024-06-12,14,19,20,29,32,31013225,1240529,9431875
113000142,2024-06-13,03,12,17,30,38,29969350,1198774,12585125
113000143,2024-06-14,01,02,17,20,37,28434300,1137372,16042125
113000144,2024-06-15,05,08,35,36,37,31400225,1256009,27302125
113000145,2024-06-17,02,08,26,32,34,31230350,1249214,8854875
113000146,2024-06-18,02,09,15,29,38,26746825,1069873,11765250
113000147,2024-06-19,02,10,11,14,22,29046225,1161849,21261000
113000148,2024-06-20,12,13,16,20,32,29051525,1162061,31457750
113000149,2024-06-21,10,12,15,16,23,28297625,1131905,11921625
113000150,2024-06-22,01,21,22,25,27,29776250,1191050,26246500
113000151,2024-06-24,03,13,17,32,39,30132375,1205295,15848625
113000152,2024-06-25,25,26,32,36,37,26545650,1061826,15843125
113000153,2024-06-26,02,21,37,38,39,29257050,1170282,16398875
113000154,2024-06-27,15,18,27,28,31,28490200,1139608,21159750
113000155,2024-06-28,12,16,25,27,39,27590775,1103631,10320500
113000156,2024-06-29,02,17,26,33,35,29967525,1198701,25010875
113000157,2024-07-01,08,11,17,19,23,30563425,1222537,21263625
113000158,2024-07-02,03,15,16,20,22,27360800,1094432,17918375
113000159,2024-07-03,04,20,25,33,34,30447750,1217910,14520250
113000160,2024-07-04,09,12,15,26,33,28955875,1158235,9511375
113000161,2024-07-05,17,18,23,24,28,28224450,1128978,17124125
113000162,2024-07-06,04,21,24,33,35,30696575,1227863,9173125
113000163,2024-07-08,11,17,20,22,29,30310675,1212427,19637125
113000164,2024-07-09,02,13,31,33,36,27476925,1099077,13584125
113000165,2024-07-10,01,09,14,31,33,30937225,1237489,11928125
113000166,2024-07-11,01,02,13,23,37,30324850,1212994,11238375
113000167,2024-07-12,08,17,18,19,36,28125625,1125025,15536750
113000168,2024-07-13,16,21,23,29,30,29842425,1193697,13012500
113000169,2024-07-15,01,19,22,25,37,30252750,1210110,15599625
113000170,2024-07-16,07,24,26,34,36,26394750,1055790,20411125
113000171,2024-07-17,08,10,26,28,37,29306800,1172272,11963125
113000172,2024-07-18,05,17,24,33,34,28164300,1126572,12843375
113000173,2024-07-19,14,19,24,30,36,26649875,1065995,9179875
113000174,2024-07-20,01,11,27,29,31,28980850,1159234,26004125
113000175,2024-07-22,06,20,26,30,34,29711875,1188475,15272625
113000176,2024-07-23,07,11,12,37,38,25018275,1000731,18182375
113000177,2024-07-24,02,03,21,23,34,20412850,816514,14999750
113000178,2024-07-25,01,09,17,18,39,19213400,768536,16879000
113000179,2024-07-26,11,12,18,20,36,23977050,959082,9059500
113000180,2024-07-27,01,11,15,18,37,28803650,1152146,9885375
113000181,2024-07-29,01,12,14,24,30,28665250,1146610,10230625
113000182,2024-07-30,02,04,16,29,38,24882250,995290,14948125
113000183,2024-07-31,12,18,36,37,38,27560875,1102435,15682375
113000184,2024-08-01,12,24,27,30,35,27940575,1117623,12406125
113000185,2024-08-02,01,19,22,24,38,26858925,1074357,8566875
113000186,2024-08-03,11,12,26,27,32,29205150,1168206,18264375
113000187,2024-08-05,06,07,11,17,36,30648325,1225933,17358500
113000188,2024-08-06,01,06,12,29,37,27012000,1080480,25572500
113000189,2024-08-07,04,05,16,19,30,30579825,1223193,13354625
113000190,2024-08-08,02,09,13,19,28,29679000,1187160,18017125
113000191,2024-08-09,02,07,08,10,12,28071400,1122856,27624375
113000192,2024-08-10,01,21,28,38,39,31632275,1265291,26398875
113000193,2024-08-12,08,12,24,28,34,32097950,1283918,18238750
113000194,2024-08-13,09,15,20,28,32,28090900,1123636,10678250
113000195,2024-08-14,06,09,24,30,34,30318650,1212746,9457500
113000196,2024-08-15,07,14,20,27,39,29220250,1168810,12785500
113000197,2024-08-16,09,17,18,32,35,27627700,1105108,13798625
113000198,2024-08-17,06,14,32,33,36,30519050,1220762,12213375
113000199,2024-08-19,02,09,12,16,36,29536425,1181457,11378125
113000200,2024-08-20,07,28,30,34,39,25815125,1032605,10486625
113000201,2024-08-21,01,02,12,13,22,29042875,1161715,19906000
113000202,2024-08-22,02,08,16,34,37,27961200,1118448,9604000
113000203,2024-08-23,09,11,30,34,39,26754375,1070175,12028125
113000204,2024-08-24,25,26,28,29,37,29163425,1166537,19519375
113000205,2024-08-26,05,09,11,23,33,29394625,1175785,14897125
113000206,2024-08-27,05,13,21,34,35,25975475,1039019,9532000
113000207,2024-08-28,06,16,34,35,36,27721850,1108874,13379125
113000208,2024-08-29,04,21,26,29,36,27289575,1091583,9274375
113000209,2024-08-30,03,05,14,22,36,26137300,1045492,9428500
113000210,2024-08-31,09,15,21,36,37,28269575,1130783,12210500
113000211,2024-09-02,16,20,24,31,37,28652800,1146112,17766250
113000212,2024-09-03,11,14,19,23,24,25858750,1034350,13186000
113000213,2024-09-04,09,26,27,31,35,28417875,1136715,12388250
113000214,2024-09-05,10,13,27,32,37,28262375,1130495,12790125
113000215,2024-09-06,14,27,31,36,39,27325300,1093012,11491875
113000216,2024-09-07,05,09,28,36,38,29315125,1172605,35485750
113000217,2024-09-09,05,16,17,36,37,30652075,1226083,25768125
113000218,2024-09-10,06,34,35,36,39,28206200,1128248,49538125
113000219,2024-09-11,05,08,14,20,26,32515950,1300638,12871500
113000220,2024-09-12,03,08,13,27,33,30988675,1239547,17458750
113000221,2024-09-13,06,08,25,37,39,29163775,1166551,10427375
113000222,2024-09-14,03,29,34,35,37,30734250,1229370,14478375
113000223,2024-09-16,12,15,18,19,26,32636625,1305465,31349875
113000224,2024-09-17,07,09,31,38,39,27277825,1091113,20479125
113000225,2024-09-18,02,09,16,18,23,29235800,1169432,17835125
113000226,2024-09-19,16,19,22,26,37,29021625,1160865,12649250
113000227,2024-09-20,04,07,30,32,38,28567125,1142685,13618000
113000228,2024-09-21,09,22,25,35,39,28095575,1123823,13474875
113000229,2024-09-23,04,12,14,17,35,38439100,1537564,20503750
113000230,2024-09-24,04,10,19,30,31,35994600,1439784,16622500
113000231,2024-09-25,02,05,10,12,37,38251150,1530046,23322000
113000232,2024-09-26,04,06,14,16,20,37438375,1497535,22128500
113000233,2024-09-27,03,27,34,37,39,35981850,1439274,31651250
113000234,2024-09-28,10,20,24,35,39,38661800,1546472,19416750
113000235,2024-09-30,07,10,24,27,31,39658050,1586322,15473500
113000236,2024-10-01,20,23,30,31,35,35208975,1408359,18696250
113000237,2024-10-02,07,08,13,22,34,33350675,1334027,17040750
113000238,2024-10-03,01,06,15,19,39,29919300,1196772,28362750
113000239,2024-10-04,05,11,27,38,39,34695275,1387811,41317000
113000240,2024-10-05,02,05,08,14,32,40157125,1606285,21525000
113000241,2024-10-07,02,10,17,21,39,39346775,1573871,25467750
113000242,2024-10-08,01,11,13,25,37,35354950,1414198,33214250
113000243,2024-10-09,12,17,25,31,34,40552575,1622103,26741500
113000244,2024-10-10,03,25,29,35,38,39801150,1592046,30976000
113000245,2024-10-11,14,15,16,24,29,39150325,1566013,20490500
113000246,2024-10-12,14,21,22,23,35,42744475,1709779,22223750
113000247,2024-10-14,04,14,19,25,32,32381325,1295253,15594500
113000248,2024-10-15,02,19,27,33,35,28698900,1147956,12246625
113000249,2024-10-16,15,20,27,30,31,31566300,1262652,14891375
113000250,2024-10-17,01,18,21,36,37,30579100,1223164,32476875
113000251,2024-10-18,04,11,26,34,38,29959775,1198391,24676250
113000252,2024-10-19,11,15,24,36,37,32306625,1292265,11721000
113000253,2024-10-21,01,09,17,31,35,31997150,1279886,22557625
113000254,2024-10-22,07,16,25,32,34,28834750,1153390,18254500
113000255,2024-10-23,10,18,19,26,37,30750850,1230034,19205125
113000256,2024-10-24,01,04,08,20,22,29060375,1162415,17001750
113000257,2024-10-25,06,08,15,28,39,29201000,1168040,30841375
113000258,2024-10-26,13,15,18,26,28,31072150,1242886,12500750
113000259,2024-10-28,01,06,13,22,39,30118225,1204729,11159625
113000260,2024-10-29,09,12,25,29,35,26535650,1061426,20070375
113000261,2024-10-30,10,11,17,24,33,29154550,1166182,26410250
113000262,2024-10-31,08,13,25,36,38,19649225,785969,13243125
113000263,2024-11-01,04,08,11,19,31,28070325,1122813,12129125
113000264,2024-11-02,06,07,16,37,38,31193825,1247753,22053000
113000265,2024-11-04,03,07,10,26,35,31666650,1266666,12394125
113000266,2024-11-05,01,08,18,27,30,28145175,1125807,20524125
113000267,2024-11-06,06,11,14,18,22,31640100,1265604,17351500
113000268,2024-11-07,06,10,20,25,32,30422875,1216915,13473250
113000269,2024-11-08,01,09,13,31,32,29304550,1172182,16315375
113000270,2024-11-09,02,03,10,21,36,32494700,1299788,16823875
113000271,2024-11-11,07,14,20,24,26,33402850,1336114,12780750
113000272,2024-11-12,05,08,17,24,28,28424375,1136975,29020750
113000273,2024-11-13,03,11,18,21,35,31945000,1277800,15161125
113000274,2024-11-14,05,11,17,25,30,31249575,1249983,12823500
113000275,2024-11-15,02,18,27,29,39,29584375,1183375,16006250
113000276,2024-11-16,04,24,29,33,37,31396875,1255875,18443625
113000277,2024-11-18,03,05,23,26,27,30292250,1211690,15500250
113000278,2024-11-19,10,14,21,32,33,27162375,1086495,9382375
113000279,2024-11-20,13,20,30,31,33,30209875,1208395,23427625
113000280,2024-11-21,04,12,13,23,25,28957525,1158301,14961250
113000281,2024-11-22,03,07,08,17,30,28516300,1140652,15505000
113000282,2024-11-23,03,13,28,29,38,30835100,1233404,13135250
113000283,2024-11-25,03,06,19,20,38,31935775,1277431,10456625
113000284,2024-11-26,01,05,11,27,29,26292700,1051708,20909125
113000285,2024-11-27,07,13,14,21,35,30684125,1227365,19352125
113000286,2024-11-28,05,09,20,29,34,29570075,1182803,16555000
113000287,2024-11-29,03,11,18,25,35,28108900,1124356,13501000
113000288,2024-11-30,04,11,16,17,24,31380525,1255221,26941000
113000289,2024-12-02,05,13,23,29,38,32687775,1307511,25296125
113000290,2024-12-03,07,12,15,16,18,28987075,1159483,21243125
113000291,2024-12-04,12,27,33,35,38,31204225,1248169,14880125
113000292,2024-12-05,05,19,23,28,39,31604050,1264162,17903875
113000293,2024-12-06,02,15,20,33,38,30368975,1214759,11781500
113000294,2024-12-07,06,24,31,32,33,32293900,1291756,12505500
113000295,2024-12-09,08,09,20,28,32,32571350,1302854,12487500
113000296,2024-12-10,07,12,13,21,24,29445725,1177829,18196625
113000297,2024-12-11,04,22,32,34,37,33237925,1329517,30137000
113000298,2024-12-12,02,11,16,23,29,31649400,1265976,20915000
113000299,2024-12-13,02,09,20,34,38,29866275,1194651,8556750
113000300,2024-12-14,03,07,08,12,35,31838350,1273534,21864500
113000301,2024-12-16,05,11,21,23,26,32557025,1302281,20200125
113000302,2024-12-17,03,05,07,16,31,29428625,1177145,9023375
113000303,2024-12-18,03,24,27,33,37,31356850,1254274,15249125
113000304,2024-12-19,07,08,11,27,33,30096850,1203874,10658250
113000305,2024-12-20,03,09,16,19,26,29427825,1177113,12019875
113000306,2024-12-21,12,13,14,18,32,31832975,1273319,19476500
113000307,2024-12-23,02,06,13,18,22,29981850,1199274,12478250
113000308,2024-12-24,01,14,15,28,39,27984350,1119374,29370000
113000309,2024-12-25,06,18,21,29,38,32191125,1287645,14845125
113000310,2024-12-26,05,07,12,20,38,31409575,1256383,21223500
113000311,2024-12-27,07,15,19,20,38,29880600,1195224,6562125
113000312,2024-12-28,17,18,24,26,30,30766750,1230670,21470125
113000313,2024-12-30,03,20,23,27,31,32410525,1296421,25823875
113000314,2024-12-31,11,15,32,33,34,31311375,1252455,20549375
114000001,2025-01-01,02,07,08,10,14,30963675,1238547,20855000
114000002,2025-01-02,12,26,30,32,33,31295875,1251835,7699375
114000003,2025-01-03,05,06,08,11,14,29509250,1180370,14003875
114000004,2025-01-04,08,09,12,21,23,33217700,1328708,21229250
114000005,2025-01-06,07,21,22,27,35,34563350,1382534,17004875
114000006,2025-01-07,13,23,27,31,37,30151225,1206049,15133125
114000007,2025-01-08,12,18,20,24,31,33042150,1321686,14498625
114000008,2025-01-09,02,08,19,21,29,32279725,1291189,18135500
114000009,2025-01-10,09,11,15,18,20,31417200,1256688,25048125
114000010,2025-01-11,05,12,13,19,34,35444600,1417784,23226875
114000011,2025-01-13,04,12,28,35,38,35713800,1428552,20765000
114000012,2025-01-14,10,22,31,35,36,31227650,1249106,16971375
114000013,2025-01-15,03,21,22,26,39,32239725,1289589,21515500
114000014,2025-01-16,09,13,23,29,34,31644925,1265797,20963000
114000015,2025-01-17,04,07,08,24,26,30463450,1218538,17850125
114000016,2025-01-18,07,12,18,35,39,33807225,1352289,14179125
114000017,2025-01-20,03,12,19,32,34,34457950,1378318,10777375
114000018,2025-01-21,01,14,18,19,22,29803800,1192152,13721125
114000019,2025-01-22,06,19,23,26,30,33458400,1338336,13566000
114000020,2025-01-23,04,07,17,22,35,32719375,1308775,14532625
114000021,2025-01-24,05,09,12,14,31,31833550,1273342,17038875
114000022,2025-01-25,01,07,32,36,37,32085025,1283401,20194500
114000023,2025-01-26,07,08,09,17,20,20659725,826389,11672500
114000024,2025-01-27,01,06,16,26,31,29330025,1173201,13901875
114000025,2025-01-28,13,22,23,24,35,28430800,1137232,17047000
114000026,2025-01-29,04,11,25,31,32,29396325,1175853,26855625
114000027,2025-01-30,09,11,14,18,27,29741675,1189667,18124750
114000028,2025-01-31,01,05,09,14,26,30032750,1201310,11120250
114000029,2025-02-01,01,10,23,32,37,30644800,1225792,23700625
114000030,2025-02-02,09,16,29,32,39,26971125,1078845,13168375
114000031,2025-02-03,04,16,21,23,37,28142300,1125692,9777000
114000032,2025-02-04,01,08,16,19,31,29363625,1174545,10481000
114000033,2025-02-05,06,07,08,14,39,30381000,1215240,16502625
114000034,2025-02-06,03,07,22,29,34,29884075,1195363,14445250
114000035,2025-02-07,16,21,26,29,37,29594625,1183785,9015500
114000036,2025-02-08,08,24,28,37,38,29169775,1166791,19945750
114000037,2025-02-09,04,05,27,35,37,23292700,931708,18038750
114000038,2025-02-10,12,22,26,28,35,29340975,1173639,14180000
114000039,2025-02-11,10,18,19,27,28,29231275,1169251,12749250
114000040,2025-02-12,02,06,19,28,29,27809500,1112380,8533000
114000041,2025-02-13,02,07,11,20,30,29335175,1173407,35042625
114000042,2025-02-14,11,17,29,34,39,30929775,1237191,12599750
114000043,2025-02-15,06,08,10,21,26,33338350,1333534,16166375
114000044,2025-02-17,09,15,29,30,39,33351825,1334073,18258125
114000045,2025-02-18,10,12,13,19,33,28692600,1147704,17814125
114000046,2025-02-19,03,27,28,33,38,32314450,1292578,18569000
114000047,2025-02-20,03,07,17,24,27,31137300,1245492,19713875
114000048,2025-02-21,11,13,18,30,35,29660075,1186403,13444625
114000049,2025-02-22,04,07,11,19,22,32434075,1297363,23871125
114000050,2025-02-24,08,17,18,24,36,32530400,1301216,19915875
114000051,2025-02-25,05,11,26,33,35,28743850,1149754,15740500
114000052,2025-02-26,03,11,24,27,36,32924850,1316994,14042875
114000053,2025-02-27,11,12,20,28,29,33514275,1340571,20436500
114000054,2025-02-28,05,27,31,38,39,30576650,1223066,17785875
114000055,2025-03-01,04,16,29,31,34,33737975,1349519,12644875
114000056,2025-03-03,08,09,12,22,27,34089700,1363588,21125125
114000057,2025-03-04,11,18,21,23,36,27239700,1089588,21398625
114000058,2025-03-05,15,23,29,36,39,33911400,1356456,12368125
114000059,2025-03-06,08,12,15,18,34,31503350,1260134,14708000
114000060,2025-03-07,09,10,19,33,35,30502625,1220105,18867000
114000061,2025-03-08,17,23,24,27,35,34357925,1374317,25894125
114000062,2025-03-10,02,04,07,25,37,36407725,1456309,44615500
114000063,2025-03-11,02,21,24,27,31,31399825,1255993,9987625
114000064,2025-03-12,06,14,27,30,33,34053650,1362146,16458000
114000065,2025-03-13,03,04,07,11,30,31182775,1247311,27268250
114000066,2025-03-14,06,08,18,19,28,31422800,1256912,28298500
114000067,2025-03-15,08,15,25,26,34,33347950,1333918,19338500
114000068,2025-03-17,07,11,13,26,30,33981025,1359241,18331625
114000069,2025-03-18,03,13,15,19,25,30115500,1204620,10258875
114000070,2025-03-19,11,15,25,29,34,32333150,1293326,9332375
114000071,2025-03-20,02,16,17,27,32,32274950,1290998,18935375
114000072,2025-03-21,05,09,15,20,26,30594025,1223761,18447500
114000073,2025-03-22,05,13,16,24,28,32868150,1314726,10203500
114000074,2025-03-24,07,25,32,34,35,33373950,1334958,16406500
114000075,2025-03-25,04,20,24,27,38,29381750,1175270,14673250
114000076,2025-03-26,01,10,12,32,35,31718125,1268725,28967250
114000077,2025-03-27,05,25,33,36,37,31063950,1242558,21476875
114000078,2025-03-28,13,24,25,36,39,29392975,1175719,10695000
114000079,2025-03-29,04,09,12,17,27,31084150,1243366,22084125
114000080,2025-03-31,07,10,13,23,26,31036725,1241469,20018750
114000081,2025-04-01,05,13,17,19,31,29117675,1164707,12754000
114000082,2025-04-02,04,08,29,32,34,33236375,1329455,31321625
114000083,2025-04-03,05,16,23,31,39,32266600,1290664,12471500
114000084,2025-04-04,03,06,07,36,38,28591375,1143655,20644250
114000085,2025-04-05,12,13,14,15,24,31363225,1254529,23489375
114000086,2025-04-07,01,06,19,26,33,33755625,1350225,14893875
114000087,2025-04-08,06,17,18,19,32,29275350,1171014,10969750
114000088,2025-04-09,04,06,14,24,35,31714950,1268598,12338625
114000089,2025-04-10,14,19,22,26,28,31744975,1269799,10740375
114000090,2025-04-11,15,17,26,27,35,30275800,1211032,17805875
114000091,2025-04-12,09,11,15,25,31,33636325,1345453,23185375
114000092,2025-04-14,09,10,22,30,33,33894625,1355785,23265375
114000093,2025-04-15,02,03,16,27,39,29614525,1184581,16257000
114000094,2025-04-16,07,22,25,29,38,31518700,1260748,17646750
114000095,2025-04-17,03,06,23,24,37,30788750,1231550,25090250
114000096,2025-04-18,07,24,28,31,36,29668325,1186733,11584000
114000097,2025-04-19,14,19,21,26,36,32311250,1292450,21229375
114000098,2025-04-21,02,06,12,14,24,32431875,1297275,14167750
114000099,2025-04-22,08,19,23,27,31,27995875,1119835,17600750
114000100,2025-04-23,01,16,19,27,33,30779075,1231163,8947625
114000101,2025-04-24,04,06,25,29,35,29591750,1183670,24448375
114000102,2025-04-25,01,05,24,33,36,28665350,1146614,15071500
114000103,2025-04-26,20,23,32,35,38,30858700,1234348,23336000
114000104,2025-04-28,06,12,17,38,39,31042200,1241688,15779000
114000105,2025-04-29,01,07,13,18,35,27533075,1101323,17913875
114000106,2025-04-30,22,26,30,31,38,32281150,1291246,15882250
114000107,2025-05-01,08,19,25,27,39,29866700,1194668,23003500
114000108,2025-05-02,05,12,20,24,28,28966275,1158651,24902500
114000109,2025-05-03,01,10,19,27,31,32033900,1281356,17481625
114000110,2025-05-05,04,05,08,10,11,33135525,1325421,33079500
114000111,2025-05-06,06,11,18,37,39,28943150,1157726,15618000
114000112,2025-05-07,07,09,21,28,38,31280875,1251235,43163250
114000113,2025-05-08,07,10,26,28,33,33246050,1329842,9690250
114000114,2025-05-09,04,11,19,21,34,30918775,1236751,13562500
114000115,2025-05-10,06,09,20,27,36,32516250,1300650,17755375
114000116,2025-05-12,08,10,26,27,38,33782975,1351319,19665500
114000117,2025-05-13,04,10,20,23,29,30640975,1225639,11093625
114000118,2025-05-14,01,14,18,24,38,32340075,1293603,19284375
114000119,2025-05-15,02,04,15,25,36,32096875,1283875,26270125
114000120,2025-05-16,02,13,24,27,39,30636350,1225454,16304500
114000121,2025-05-17,03,09,24,30,39,31962000,1278480,16580625
114000122,2025-05-19,04,07,14,25,35,31589975,1263599,20938000
114000123,2025-05-20,10,22,23,26,38,28718700,1148748,18457500
114000124,2025-05-21,10,16,31,34,38,31820225,1272809,11855875
114000125,2025-05-22,01,08,17,21,35,29841650,1193666,21292375
114000126,2025-05-23,13,16,24,27,32,28932825,1157313,17166750
114000127,2025-05-24,14,18,29,35,36,30057025,1202281,15114250
114000128,2025-05-26,08,15,21,24,34,30612550,1224502,12634250
114000129,2025-05-27,04,08,23,33,38,27851875,1114075,12713500
114000130,2025-05-28,09,13,15,24,33,30970825,1238833,10268625
114000131,2025-05-29,04,18,28,30,31,28601400,1144056,11949500
114000132,2025-05-30,14,20,21,34,35,28258100,1130324,14573750
114000133,2025-05-31,14,18,20,29,35,31144200,1245768,7279875
114000134,2025-06-02,02,07,11,16,21,30376475,1215059,22622125
114000135,2025-06-03,07,20,21,25,34,26399475,1055979,5848875
114000136,2025-06-04,20,30,33,36,38,29008375,1160335,11852875
114000137,2025-06-05,07,14,19,35,39,29307075,1172283,19064000
114000138,2025-06-06,02,12,14,25,30,29571825,1182873,8408250
114000139,2025-06-07,04,16,22,23,32,30633775,1225351,20742625
114000140,2025-06-09,08,20,27,29,30,40886250,1635450,31756000
114000141,2025-06-10,07,12,16,29,38,39902525,1596101,20798250
114000142,2025-06-11,04,17,19,21,31,42626325,1705053,35682250
114000143,2025-06-12,11,14,15,19,32,41046175,1641847,23334500
114000144,2025-06-13,04,05,10,12,38,38293800,1531752,31187500
114000145,2025-06-14,02,15,17,23,37,43392575,1735703,25072000
114000146,2025-06-16,06,08,09,33,36,42150350,1686014,47711250
114000147,2025-06-17,02,12,14,26,37,39001175,1560047,18753250
114000148,2025-06-18,07,12,23,26,36,40339400,1613576,18299000
114000149,2025-06-19,12,14,15,17,24,39304350,1572174,28528250
114000150,2025-06-20,02,05,08,17,24,38742050,1549682,23025000
114000151,2025-06-21,03,08,15,24,39,40164375,1606575,23244750
114000152,2025-06-23,03,14,22,31,38,41005725,1640229,17144750
114000153,2025-06-24,01,10,12,20,31,37355450,1494218,33068500
114000154,2025-06-25,02,11,28,30,37,40078825,1603153,38492750
114000155,2025-06-26,01,06,13,24,29,40735650,1629426,38236500
114000156,2025-06-27,03,04,10,19,37,39601325,1584053,20921750
114000157,2025-06-28,12,22,29,33,34,41305450,1652218,25542000
114000158,2025-06-30,07,08,11,23,31,43797450,1751898,48592250
114000159,2025-07-01,06,08,11,19,38,43733175,1749327,25346000
114000160,2025-07-02,06,13,21,24,38,33388600,1335544,14773125
114000161,2025-07-03,10,21,22,26,27,32158400,1286336,13906875
114000162,2025-07-04,05,24,31,36,39,30827775,1233111,15028625
114000163,2025-07-05,08,14,22,24,35,32740325,1309613,23205750
114000164,2025-07-07,14,25,27,35,38,32195175,1287807,24186250
114000165,2025-07-08,03,04,24,27,33,29961500,1198460,17190375
114000166,2025-07-09,13,18,27,28,37,30934175,1237367,21549375
114000167,2025-07-10,02,03,04,34,36,32414475,1296579,11941750
114000168,2025-07-11,09,26,37,38,39,31378075,1255123,26085750
114000169,2025-07-12,03,19,20,21,26,33419000,1336760,12014875
114000170,2025-07-14,08,11,12,29,36,33169025,1326761,30751125
114000171,2025-07-15,09,16,21,22,38,29999725,1199989,15798250
114000172,2025-07-16,15,18,24,31,32,32607650,1304306,35729750
114000173,2025-07-17,04,06,11,29,37,33270525,1330821,15329750
114000174,2025-07-18,12,21,22,38,39,30545925,1221837,28918125
114000175,2025-07-19,07,11,14,26,27,33336650,1333466,27613250
114000176,2025-07-21,01,06,11,22,34,33651100,1346044,14599625
114000177,2025-07-22,19,21,27,32,39,30356450,1214258,11324125
114000178,2025-07-23,16,18,23,36,39,32405000,1296200,17481375
114000179,2025-07-24,02,06,09,29,32,31414375,1256575,12498250
114000180,2025-07-25,05,07,10,26,30,28742500,1149700,44336750
114000181,2025-07-26,14,15,18,23,29,32254650,1290186,13484750
114000182,2025-07-28,04,16,22,23,30,31257050,1250282,8987375
114000183,2025-07-29,01,06,10,13,27,27207150,1088286,15258000
114000184,2025-07-30,17,22,24,30,32,30684250,1227370,15787125
114000185,2025-07-31,11,12,17,34,36,30456750,1218270,16288875
114000186,2025-08-01,02,13,18,33,34,30082350,1203294,10166500
114000187,2025-08-02,03,14,22,25,31,30496525,1219861,26863875
114000188,2025-08-04,03,21,23,25,26,32117100,1284684,13494125
114000189,2025-08-05,13,20,21,32,37,30055875,1202235,11057375
114000190,2025-08-06,06,10,24,28,38,32632050,1305282,26564750
114000191,2025-08-07,10,20,28,30,37,33304650,1332186,17961500
114000192,2025-08-08,11,25,27,30,34,31697100,1267884,15414250
114000193,2025-08-09,01,09,27,29,30,34323850,1372954,19595000
114000194,2025-08-11,01,14,22,26,28,34672975,1386919,18703625
114000195,2025-08-12,01,09,17,25,30,30904000,1236160,8918750
114000196,2025-08-13,11,23,26,32,34,29393325,1175733,17110375
114000197,2025-08-14,10,12,14,31,35,32287525,1291501,26619375
114000198,2025-08-15,01,05,16,18,26,31722650,1268906,12974375
114000199,2025-08-16,15,18,22,24,31,33155450,1326218,16007250
114000200,2025-08-18,09,12,18,27,29,33229475,1329179,20247750
114000201,2025-08-19,06,07,18,31,35,29901825,1196073,8739875
114000202,2025-08-20,15,18,29,31,39,31430325,1257213,7489000
114000203,2025-08-21,16,27,28,29,33,31034725,1241389,14045375
114000204,2025-08-22,06,07,21,37,38,29073250,1162930,16748750
114000205,2025-08-23,04,05,08,27,39,32090550,1283622,31456250
114000206,2025-08-25,06,12,15,23,26,32201250,1288050,18205500
114000207,2025-08-26,02,05,24,38,39,27772400,1110896,13770750
114000208,2025-08-27,03,05,28,30,32,30980725,1239229,14471875
114000209,2025-08-28,05,07,21,23,29,30228975,1209159,14190000
114000210,2025-08-29,07,20,21,30,38,29644350,1185774,12027375
114000211,2025-08-30,04,05,07,13,14,31719725,1268789,16640250
114000212,2025-09-01,21,24,28,29,35,32201325,1288053,11124000
114000213,2025-09-02,05,08,10,23,25,27709175,1108367,20915250
114000214,2025-09-03,14,15,20,21,23,31456725,1258269,13794375
114000215,2025-09-04,06,07,24,27,34,30687850,1227514,27220750
114000216,2025-09-05,07,09,29,32,38,30584775,1223391,16550625
114000217,2025-09-06,08,14,25,28,31,33802550,1352102,21771000
114000218,2025-09-08,07,11,20,28,38,33758500,1350340,29796125
114000219,2025-09-09,08,20,23,25,26,30480650,1219226,13167000
114000220,2025-09-10,12,14,16,28,39,33925875,1357035,12973375
114000221,2025-09-11,06,18,26,28,36,32832775,1313311,17940125
114000222,2025-09-12,09,12,16,26,34,30720300,1228812,12931375
114000223,2025-09-13,02,25,32,35,36,33228075,1329123,13434625
114000224,2025-09-15,07,09,10,12,28,32650200,1306008,16393875
114000225,2025-09-16,02,09,19,21,33,29823050,1192922,19298000
114000226,2025-09-17,04,06,07,12,38,31651775,1266071,23754000
114000227,2025-09-18,05,12,14,23,33,31406950,1256278,14425625
114000228,2025-09-19,02,11,22,24,31,29305200,1172208,20028375
114000229,2025-09-20,05,08,11,13,22,32622075,1304883,19347500
114000230,2025-09-22,07,09,12,14,33,32301625,1292065,45111875
114000231,2025-09-23,06,19,20,33,37,28317325,1132693,9569250
114000232,2025-09-24,04,22,23,35,39,31252875,1250115,13324000
114000233,2025-09-25,02,10,13,28,32,30871225,1234849,15639375
114000234,2025-09-26,03,07,14,25,34,29365975,1174639,22683125
114000235,2025-09-27,03,11,13,28,37,31995275,1279811,9656875
114000236,2025-09-29,03,15,21,29,37,41753225,1670129,20062000
114000237,2025-09-30,14,20,21,28,33,37885725,1515429,20058000
114000238,2025-10-01,03,05,12,22,27,41192750,1647710,39182000
114000239,2025-10-02,10,19,25,36,39,41894650,1675786,24240000
114000240,2025-10-03,10,16,19,21,28,40368300,1614732,19457750
114000241,2025-10-04,03,04,10,18,39,43694900,1747796,20905500
114000242,2025-10-06,03,05,06,12,13,43208525,1728341,35472500
114000243,2025-10-07,01,16,20,28,34,39575350,1583014,19942000
114000244,2025-10-08,03,09,26,38,39,42178300,1687132,35828000
114000245,2025-10-09,02,04,12,15,29,43184075,1727363,31258750
114000246,2025-10-10,03,06,24,31,36,42044250,1681770,26702000
114000247,2025-10-11,04,09,19,22,34,43308175,1732327,22785750
114000248,2025-10-13,08,13,14,22,36,45397650,1815906,33846000
114000249,2025-10-14,04,05,09,18,24,40711700,1628468,28417500
114000250,2025-10-15,04,07,19,33,39,44104925,1764197,19963000
114000251,2025-10-16,04,18,21,30,37,43335225,1733409,19711250
114000252,2025-10-17,01,21,31,32,34,40969350,1638774,21329750
114000253,2025-10-18,02,17,32,35,38,42757475,1710299,62511250
114000254,2025-10-20,06,13,22,23,27,39844175,1593767,35721000
114000255,2025-10-21,13,22,30,37,38,36461225,1458449,10788500
114000256,2025-10-22,03,04,20,25,28,38712575,1548503,37783250
114000257,2025-10-23,08,15,27,37,38,40584575,1623383,22652250
114000258,2025-10-24,08,11,13,37,38,39027800,1561112,21242250
114000259,2025-10-25,03,04,11,21,34,44295725,1771829,32409750
114000260,2025-10-27,03,20,26,31,37,33471400,1338856,12204625
114000261,2025-10-28,18,20,25,29,31,28499100,1139964,8679250
114000262,2025-10-29,26,32,33,36,39,31771350,1270854,18719375
114000263,2025-10-30,05,27,28,31,37,30767200,1230688,16302000
114000264,2025-10-31,11,18,25,26,33,30623800,1224952,9830250
114000265,2025-11-01,08,12,19,27,28,32969425,1318777,21782500
114000266,2025-11-03,24,25,34,36,37,33160425,1326417,17874375
114000267,2025-11-04,01,07,12,29,39,28597125,1143885,18670625
114000268,2025-11-05,11,14,15,27,39,33781075,1351243,15154500
114000269,2025-11-06,07,24,28,31,32,32536225,1301449,15396750
114000270,2025-11-07,22,27,30,32,37,30742625,1229705,11310500
114000271,2025-11-08,07,08,09,26,34,33101375,1324055,21878125
114000272,2025-11-10,07,14,15,17,30,32881400,1315256,12939625
114000273,2025-11-11,05,19,31,34,39,28505300,1140212,8944875
114000274,2025-11-12,01,04,09,14,22,32419875,1296795,15716125
114000275,2025-11-13,13,18,20,23,36,32749350,1309974,32875375
114000276,2025-11-14,02,11,15,37,38,31823925,1272957,25825750
114000277,2025-11-15,12,20,25,28,29,35976250,1439050,29051750
114000278,2025-11-17,04,07,16,26,29,35129875,1405195,18446625
114000279,2025-11-18,14,24,31,36,37,30342575,1213703,19732250
114000280,2025-11-19,03,11,20,28,31,34206225,1368249,14983375
114000281,2025-11-20,01,05,33,36,38,33900100,1356004,14954250
114000282,2025-11-21,05,10,17,28,35,31377750,1255110,30811125
114000283,2025-11-22,10,13,32,33,37,35144375,1405775,11981250
114000284,2025-11-24,02,04,05,17,31,35685200,1427408,12906875
114000285,2025-11-25,09,30,36,38,39,31277600,1251104,27799000
114000286,2025-11-26,07,13,26,28,34,34026450,1361058,35367250
114000287,2025-11-27,07,19,22,25,28,34068625,1362745,13449375
114000288,2025-11-28,08,13,14,22,28,32027450,1281098,15165875
114000289,2025-11-29,08,27,30,33,36,35197900,1407916,15029875
114000290,2025-12-01,02,03,04,20,24,34982425,1399297,23581875
114000291,2025-12-02,02,05,08,13,29,31292450,1251698,15570875
114000292,2025-12-03,05,09,14,33,35,33487625,1339505,15001875
114000293,2025-12-04,01,07,20,25,37,33787350,1351494,24684625
114000294,2025-12-05,02,03,16,17,29,33055975,1322239,10676125
114000295,2025-12-06,06,22,23,24,32,35201950,1408078,39622250
114000296,2025-12-08,05,23,27,28,31,36076200,1443048,27091875
114000297,2025-12-09,07,08,15,30,39,31932225,1277289,17988375
114000298,2025-12-10,04,07,11,16,26,36133650,1445346,25972875
114000299,2025-12-11,02,06,17,25,26,35638400,1425536,16028375
114000300,2025-12-12,10,24,26,28,35,33120700,1324828,15854500
114000301,2025-12-13,02,09,21,31,38,34745725,1389829,21816750
114000302,2025-12-15,03,17,27,29,38,35153575,1406143,15315500
114000303,2025-12-16,02,10,14,33,35,30801925,1232077,9546750
114000304,2025-12-17,05,06,07,19,32,33604200,1344168,25258125
114000305,2025-12-18,04,09,32,33,36,33212350,1328494,12215000
114000306,2025-12-19,12,16,23,27,30,31412775,1256511,21752750
114000307,2025-12-20,01,05,16,35,38,34837225,1393489,13212750
114000308,2025-12-22,02,22,24,27,38,34353000,1374120,16546375
114000309,2025-12-23,09,22,24,30,35,30577075,1223083,7611500
114000310,2025-12-24,02,03,14,25,30,33621050,1344842,12819250
114000311,2025-12-25,14,18,28,36,39,30339725,1213589,18163125
114000312,2025-12-26,01,10,20,27,36,29467225,1178689,16758375
114000313,2025-12-27,01,15,19,28,38,32481300,1299252,13022500
114000314,2025-12-29,05,10,13,29,37,33476150,1339046,45179198
114000315,2025-12-30,11,12,24,27,33,30372950,1214918,24304250
114000316,2025-12-31,08,10,11,26,35,34657550,1386302,19871625
115000001,2026-01-01,15,16,18,29,36,31504350,1260174,13496500
115000002,2026-01-02,17,18,25,36,39,29876225,1195049,14964375
115000003,2026-01-03,22,23,31,32,38,34180500,1367220,31406625
115000004,2026-01-05,10,16,18,34,39,36563600,1462544,11049625
115000005,2026-01-06,01,02,06,11,33,30629650,1225186,24571875
115000006,2026-01-07,05,10,14,15,28,33626900,1345076,20833750
115000007,2026-01-08,03,08,10,21,30,32908075,1316323,24827375
115000008,2026-01-09,01,12,14,22,34,32456700,1298268,15884500
115000009,2026-01-10,11,25,26,34,38,36319950,1452798,18452625
115000010,2026-01-12,03,13,18,24,30,36208525,1448341,20908000
115000011,2026-01-13,06,16,17,19,31,31768975,1270759,22566750
115000012,2026-01-14,01,02,16,33,35,34842750,1393710,11383750
115000013,2026-01-15,01,02,03,19,36,33556350,1342254,12062000
115000014,2026-01-16,18,19,22,27,29,31618850,1264754,17931125
115000015,2026-01-17,02,10,11,24,37,35254650,1410186,19057125
115000016,2026-01-19,12,16,23,24,29,34475700,1379028,14603500
115000017,2026-01-20,16,19,23,25,34,30231250,1209250,10015625
115000018,2026-01-21,04,15,23,27,38,32154375,1286175,17064250
115000019,2026-01-22,03,06,11,30,34,30675325,1227013,15172375
115000020,2026-01-23,03,11,12,21,31,30481275,1219251,14514250
115000021,2026-01-24,06,07,15,35,37,32988100,1319524,15594000
115000022,2026-01-26,06,15,23,26,30,33245400,1329816,9889750
115000023,2026-01-27,05,17,18,23,32,28114950,1124598,19773875
115000024,2026-01-28,10,11,23,24,29,32635200,1305408,20323125
115000025,2026-01-29,06,11,28,36,37,32405025,1296201,15192000
115000026,2026-01-30,16,17,29,30,36,31340125,1253605,9758125
115000027,2026-01-31,05,12,16,21,32,33406525,1336261,12566125
115000028,2026-02-02,06,08,31,37,38,34101875,1364075,18009750
115000029,2026-02-03,03,05,11,15,23,31030975,1241239,23151375
115000030,2026-02-04,08,17,22,27,28,34652275,1386091,21033250
115000031,2026-02-05,08,09,13,32,35,35020875,1400835,21267750
115000032,2026-02-06,01,06,29,32,34,33053150,1322126,12881000
115000033,2026-02-07,03,08,22,27,32,35836450,1433458,9690500
115000034,2026-02-09,16,21,25,31,35,35812025,1432481,16507000
115000035,2026-02-10,10,11,17,22,36,33217350,1328694,19182875
115000036,2026-02-11,11,15,18,29,33,37105675,1484227,22127500
115000037,2026-02-12,01,12,21,35,37,35908100,1436324,19324750
115000038,2026-02-13,04,28,31,33,34,36000325,1440013,15941000
115000039,2026-02-14,01,03,13,31,36,35735850,1429434,18384875
115000040,2026-02-15,11,13,18,22,34,28098125,1123925,11444500
115000041,2026-02-16,05,07,15,18,34,33540100,1341604,12100125
115000042,2026-02-17,06,08,11,20,21,33773575,1350943,22137500
115000043,2026-02-18,08,10,12,32,33,34463775,1378551,19460625
115000044,2026-02-19,08,15,19,25,27,35267625,1410705,16353000
115000045,2026-02-20,04,11,22,23,27,35317275,1412691,26030375
115000046,2026-02-21,01,08,19,20,25,37256850,1490274,12600375
115000047,2026-02-22,08,13,16,24,25,31979400,1279176,12601750
115000048,2026-02-23,03,10,12,27,36,34870200,1394808,16604875
115000049,2026-02-24,16,23,25,32,36,34975050,1399002,13113875
115000050,2026-02-25,05,22,28,35,36,34434775,1377391,17752125
115000051,2026-02-26,03,06,09,31,39,34673125,1386925,28643750
115000052,2026-02-27,01,22,23,37,39,32676650,1307066,17184000
115000053,2026-02-28,02,04,13,26,27,32452525,1298101,28069750
115000054,2026-03-01,02,08,15,29,31,27437400,1097496,12773000
115000055,2026-03-02,03,12,20,21,27,31719425,1268777,20615250
115000056,2026-03-03,02,19,21,32,35,32519675,1300787,8004375
115000057,2026-03-04,04,08,12,16,17,33015150,1320606,18737250
115000058,2026-03-05,01,04,08,12,36,34780250,1391210,15499875
115000059,2026-03-06,19,24,29,32,34,33341600,1333664,13627625
115000060,2026-03-07,15,17,18,34,36,35650650,1426026,12593000
115000061,2026-03-09,07,12,15,32,38,35172400,1406896,17245625
115000062,2026-03-10,11,12,14,17,32,32126825,1285073,27302750
115000063,2026-03-11,05,15,26,37,38,36134800,1445392,16577500
115000064,2026-03-12,04,05,07,23,35,34353900,1374156,17554125
115000065,2026-03-13,02,05,11,12,15,32795725,1311829,22004375
115000066,2026-03-14,08,10,18,20,34,35723700,1428948,33739250
115000067,2026-03-16,17,19,21,29,34,37276125,1491045,22100000
115000068,2026-03-17,11,13,19,22,27,32320200,1292808,27381125
115000069,2026-03-18,21,22,31,32,35,36377675,1455107,17249250
115000070,2026-03-19,05,23,25,30,37,34225900,1369036,24810125
115000071,2026-03-20,03,11,15,33,39,34581300,1383252,33112250
115000072,2026-03-21,07,14,15,19,22,36374925,1454997,15914000
115000073,2026-03-23,07,12,24,29,35,36158550,1446342,18431875
115000074,2026-03-24,10,20,28,29,36,32587050,1303482,21814375
115000075,2026-03-25,03,13,31,33,36,34470475,1378819,17405250
115000076,2026-03-26,14,17,20,24,37,33628350,1345134,14608750
115000077,2026-03-27,08,18,24,34,35,30872675,1234907,15601125
115000078,2026-03-28,06,09,11,16,17,33917850,1356714,43212250
115000079,2026-03-30,06,08,20,22,32,35342025,1413681,13558125
115000080,2026-03-31,09,16,23,35,39,31242400,1249696,12344625
115000081,2026-04-01,03,10,11,13,23,33419525,1336781,22305500
115000082,2026-04-02,01,09,13,18,21,34691150,1387646,14720500
115000083,2026-04-03,06,08,09,25,35,31273050,1250922,14922375
115000084,2026-04-04,04,17,25,31,36,31382900,1255316,15664000
115000085,2026-04-06,07,11,17,31,34,34027875,1361115,19242500
115000086,2026-04-07,04,08,21,27,29,29436775,1177471,19324125
115000087,2026-04-08,02,04,05,06,29,34829425,1393177,17511375
115000088,2026-04-09,02,15,25,31,38,32743775,1309751,12553750
115000089,2026-04-10,09,21,25,27,30,32561750,1302470,10017000
115000090,2026-04-11,07,12,17,24,31,34917300,1396692,27623500
115000091,2026-04-13,18,30,31,37,38,35776500,1431060,13443250
115000092,2026-04-14,09,14,27,29,33,30186575,1207463,18964625
115000093,2026-04-15,02,09,11,29,30,33098250,1323930,11161125
115000094,2026-04-16,06,08,12,21,30,32651525,1306061,26250375
115000095,2026-04-17,01,02,07,16,26,32309575,1292383,21383125
115000096,2026-04-18,07,25,26,29,31,34606450,1384258,12956500
115000097,2026-04-20,03,04,05,20,36,33951825,1358073,33599250
115000098,2026-04-21,01,06,14,26,28,30276075,1211043,11990625
115000099,2026-04-22,05,07,24,38,39,32846475,1313859,24852875
115000100,2026-04-23,02,10,17,25,35,31309525,1252381,24513750
115000101,2026-04-24,16,21,25,29,34,29201400,1168056,13003625
115000102,2026-04-25,03,20,21,22,33,32807800,1312312,18768500
115000103,2026-04-27,08,18,20,23,27,33861225,1354449,37850750
115000104,2026-04-28,07,08,21,35,38,31157825,1246313,14113000
115000105,2026-04-29,02,06,22,32,36,32779450,1311178,21476125
115000106,2026-04-30,06,15,27,30,31,33325475,1333019,14215500
115000107,2026-05-01,02,03,14,16,20,31171250,1246850,14278250
115000108,2026-05-02,08,09,17,25,38,33646350,1345854,27034125
115000109,2026-05-04,08,22,26,36,39,33862575,1354503,13084250
115000110,2026-05-05,08,16,24,27,37,29170075,1166803,19138500
115000111,2026-05-06,04,10,11,34,39,35046825,1401873,27348375
115000112,2026-05-07,01,06,18,25,36,34896525,1395861,21328875
115000113,2026-05-08,18,19,23,26,28,33832425,1353297,30721250
115000114,2026-05-09,11,18,21,22,25,36725600,1469024,16884000
115000115,2026-05-11,02,13,21,36,37,36636600,1465464,16021000
115000116,2026-05-12,01,04,12,22,26,31743825,1269753,20287500
115000117,2026-05-13,02,06,07,09,23,33501200,1340048,24057375
115000118,2026-05-14,08,18,28,35,39,32399050,1295962,19844375
115000119,2026-05-15,01,13,23,25,36,32274825,1290993,15545000
115000120,2026-05-16,02,11,28,32,33,34957550,1398302,18520250
115000121,2026-05-18,08,15,20,32,33,34479600,1379184,13345125
115000122,2026-05-19,04,06,24,31,32,29947950,1197918,12657000
115000123,2026-05-20,01,20,21,23,35,32916225,1316649,15554625
115000124,2026-05-21,09,25,28,34,36,32057325,1282293,26598125
115000125,2026-05-22,04,08,15,16,37,31037425,1241497,16402125
115000126,2026-05-23,06,15,16,24,38,33208975,1328359,12930375
115000127,2026-05-25,05,06,12,36,37,32955725,1318229,16292000
115000128,2026-05-26,02,07,11,14,37,28762850,1150514,23788125
115000129,2026-05-27,02,03,18,19,21,32393925,1295757,16375125
115000130,2026-05-28,06,09,12,19,31,30749800,1229992,17047750
115000131,2026-05-29,12,15,20,34,35,29818500,1192740,10564750
115000132,2026-05-30,02,03,04,13,39,31969900,1278796,15450125
115000133,2026-06-01,05,14,19,20,28,32336600,1293464,16496000
115000134,2026-06-02,07,12,22,26,30,28440925,1137637,22546500
115000135,2026-06-03,02,08,17,25,38,31916175,1276647,41320125
115000136,2026-06-04,02,08,24,29,35,29828500,1193140,15041750
115000137,2026-06-05,07,21,26,27,31,29570175,1182807,17635125
115000138,2026-06-06,13,27,30,37,38,34389950,1375598,13337875
115000139,2026-06-08,08,14,17,18,28,31501300,1260052,34738375
115000140,2026-06-09,10,17,20,25,28,27769525,1110781,15071125
115000141,2026-06-10,01,04,32,35,39,33700300,1348012,30922000
115000142,2026-06-11,08,15,20,29,31,32304450,1292178,12791750
115000143,2026-06-12,06,08,18,29,31,29869800,1194792,13630875
115000144,2026-06-13,04,05,06,34,36,33753300,1350132,22364125
115000145,2026-06-15,12,16,24,28,36,31761275,1270451,17567625
115000146,2026-06-16,05,17,23,25,29,29337475,1173499,20775000
115000147,2026-06-17,08,10,15,16,37,33429625,1337185,15998250
115000148,2026-06-18,09,20,27,28,30,32447100,1297884,23510750
115000149,2026-06-19,01,05,07,13,25,29736150,1189446,18764250
115000150,2026-06-20,04,11,24,25,31,33206475,1328259,21204625
115000151,2026-06-22,01,07,28,29,34,45002750,1800110,24604500
115000152,2026-06-23,02,14,25,29,36,40988150,1639526,28320250
115000153,2026-06-24,03,17,21,32,33,43198700,1727948,59324250
115000154,2026-06-25,06,13,21,29,34,41093425,1643737,17038000
115000155,2026-06-26,08,10,14,26,36,39469425,1578777,32317250
115000156,2026-06-27,04,14,21,31,32,43705725,1748229,18543000
115000157,2026-06-29,11,15,30,34,36,44346575,1773863,26390500
115000158,2026-06-30,03,11,23,26,37,40208225,1608329,25511000
115000159,2026-07-01,01,03,12,14,34,43125300,1725012,22855750
115000160,2026-07-02,01,06,08,13,30,41967875,1678715,26358750
115000161,2026-07-03,07,11,31,36,37,41467050,1658682,37905750
115000162,2026-07-04,02,10,15,31,37,44936725,1797469,19119750
115000163,2026-07-06,01,10,12,14,38,45065775,1802631,35837250
115000164,2026-07-07,09,21,24,27,34,41832775,1673311,40750750
115000165,2026-07-08,01,11,23,30,34,44331575,1773263,21906000
115000166,2026-07-09,18,22,28,35,37,44061125,1762445,54716250
115000167,2026-07-10,05,13,15,21,26,43236450,1729458,27562250
115000168,2026-07-11,10,25,27,35,38,38565100,1542604,24174000
115000169,2026-07-13,03,04,05,34,35,35503950,1420158,15927375
115000170,2026-07-14,01,06,13,15,37,31242675,1249707,21131000
115000171,2026-07-15,06,16,19,21,30,35463450,1418538,17098125
115000172,2026-07-16,13,25,28,30,31,33130000,1325200,12151750
115000173,2026-07-17,10,12,28,29,35,30904600,1236184,14335875
115000174,2026-07-18,18,29,33,34,37,34134475,1365379,21308500
115000175,2026-07-20,10,12,13,20,24,33613100,1344524,13629125
115000176,2026-07-21,12,19,27,37,39,29227475,1169099,14499625
115000177,2026-07-22,03,14,19,21,31,31541000,1261640,15809250
115000178,2026-07-23,12,14,19,25,26,31587575,1263503,10141625
115000179,2026-07-24,05,17,27,29,36,29134850,1165394,22891000
115000180,2026-07-25,08,12,16,23,39,32025500,1281020,25998625
115000181,2026-07-27,07,16,19,24,32,31819675,1272787,20029750
115000182,2026-07-28,05,08,13,23,31,28758600,1150344,16027625
115000183,2026-07-29,05,14,32,33,36,31487100,1259484,11850625
115000184,2026-07-30,04,07,08,16,38,30897300,1235892,16410000
115000185,2026-07-31,01,09,12,25,26,30512125,1220485,24273375
115000186,2026-08-01,06,11,18,22,29,33838925,1353557,58279500
115000187,2026-08-03,07,21,23,28,35,35428825,1417153,31194000
115000188,2026-08-04,09,32,35,37,39,32412900,1296516,15624250
115000189,2026-08-05,02,04,22,25,29,34676325,1387053,16395750
115000190,2026-08-06,03,09,16,24,35,34269200,1370768,11596000
115000191,2026-08-07,06,11,12,13,19,32165825,1286633,30844625
115000192,2026-08-08,05,11,24,31,32,36411525,1456461,10966375
115000193,2026-08-10,01,07,16,23,35,35943325,1437733,28443625
115000194,2026-08-11,07,17,19,23,30,33856350,1354254,13035250
115000195,2026-08-12,07,12,17,20,32,34812850,1392514,15987625
115000196,2026-08-13,05,11,12,17,18,33874925,1354997,16821375
115000197,2026-08-14,07,19,21,25,34,32032275,1281291,20346125
115000198,2026-08-15,12,14,21,35,37,34676025,1387041,20779875
115000199,2026-08-17,19,22,27,28,38,34817425,1392697,26082625
115000200,2026-08-18,05,06,10,28,39,31107850,1244314,17240375
115000201,2026-08-19,02,06,07,32,38,31744975,1269799,10116000
115000202,2026-08-20,04,14,27,32,34,31533950,1261358,11751500
115000203,2026-08-21,11,12,18,20,29,28910800,1156432,16199750
115000204,2026-08-22,09,10,29,30,34,31522225,1260889,15269750
115000205,2026-08-24,09,10,19,23,26,30110025,1204401,14269125
115000206,2026-08-25,08,21,23,30,35,27548200,1101928,15244375
115000207,2026-08-26,13,19,23,35,38,32177700,1287108,9560125
115000208,2026-08-27,02,03,07,25,33,30663950,1226558,23437875
115000209,2026-08-28,02,04,09,12,36,29815275,1192611,16537125
115000210,2026-08-29,03,06,17,23,33,31727050,1269082,11337500
115000211,2026-08-31,05,10,12,33,39,31544725,1261789,15377500
115000212,2026-09-01,02,04,22,30,38,27348475,,10475500
115000213,2026-09-02,07,08,13,16,18,31473625,,22915875
115000214,2026-09-03,18,19,22,23,34,29493850,,11335500
115000215,2026-09-04,02,04,15,17,24,29675600,,26208500
115000216,2026-09-05,03,08,10,28,38,34158450,,21016875
115000217,2026-09-07,19,25,26,31,35,34857300,,20171750
115000218,2026-09-08,03,07,25,29,30,30309000,,12610875
115000219,2026-09-09,05,06,08,28,29,32817575,,27924375
115000220,2026-09-10,04,14,30,35,38,34436425,,16062500
115000221,2026-09-11,12,15,23,25,27,32193250,,27247750
115000222,2026-09-12,06,17,24,25,30,35061000,,12811000
115000223,2026-09-14,01,15,32,34,39,33609425,,26291375
115000224,2026-09-15,04,12,23,26,31,30174400,,16891500
115000225,2026-09-16,07,08,12,13,19,33882375,,30569375
115000226,2026-09-17,02,08,11,12,34,33846250,,17396500
