draw_no,draw_date,number_1,number_2,number_3,sales_amount,sales_count,total_prize
96000001,2007-01-01,3,5,3,1617375,64695,825750
96000002,2007-01-02,6,9,4,1745900,69836,797750
96000003,2007-01-03,2,1,0,2426775,97071,1279000
96000004,2007-01-04,0,3,9,2224525,88981,1258750
96000005,2007-01-05,7,0,0,2355400,94216,1013000
96000006,2007-01-08,7,0,7,2693550,107742,796250
96000007,2007-01-09,4,3,3,2362725,94509,961000
96000008,2007-01-10,2,7,0,3066225,122649,1343750
96000009,2007-01-11,0,5,8,2509225,100369,1981250
96000010,2007-01-12,5,3,9,2536825,101473,6617500
96000011,2007-01-15,6,5,4,3268575,130743,1139000
96000012,2007-01-16,6,3,0,2703325,108133,991000
96000013,2007-01-17,2,3,6,3014575,120583,1532500
96000014,2007-01-18,5,9,4,2796800,111872,966250
96000015,2007-01-19,3,3,3,2746575,109863,2319500
96000016,2007-01-22,3,4,4,3249750,129990,1200500
96000017,2007-01-23,5,7,7,2743150,109726,1642750
96000018,2007-01-24,5,9,0,3203600,128144,898500
96000019,2007-01-25,0,2,7,2825250,113010,1300500
96000020,2007-01-26,5,4,1,2862125,114485,1067500
96000021,2007-01-29,0,2,1,3214800,128592,1061000
96000022,2007-01-30,9,1,5,2697375,107895,1952250
96000023,2007-01-31,1,2,0,3157450,126298,2377500
96000024,2007-02-01,4,0,1,2961350,118454,1087500
96000025,2007-02-02,3,9,2,2855775,114231,1095750
96000026,2007-02-05,6,3,2,3533450,141338,2231000
96000027,2007-02-06,0,6,6,3020850,120834,1206500
96000028,2007-02-07,6,1,9,3377925,135117,2095000
96000029,2007-02-08,7,0,6,3147025,125881,752250
96000030,2007-02-09,0,2,1,3088400,123536,1564250
96000031,2007-02-12,1,1,8,3463550,138542,2561250
96000032,2007-02-13,9,9,4,2969450,118778,695500
96000033,2007-02-14,7,8,7,3402375,136095,2037500
96000034,2007-02-15,9,9,4,3060200,122408,548000
96000035,2007-02-16,2,1,5,3175325,127013,1997500
96000036,2007-02-19,6,9,4,3274975,130999,1124000
96000037,2007-02-20,4,2,1,3243575,129743,1622250
96000038,2007-02-21,8,7,0,3219850,128794,1376250
96000039,2007-02-22,0,5,2,3149900,125996,1663500
96000040,2007-02-23,3,0,3,3682175,147287,2366250
96000041,2007-02-26,2,4,5,4047300,161892,1890000
96000042,2007-02-27,4,3,1,3290025,131601,1505000
96000043,2007-02-28,8,3,8,3767100,150684,1724000
96000044,2007-03-01,9,0,0,3377200,135088,1079750
96000045,2007-03-02,9,6,7,3210925,128437,1641000
96000046,2007-03-05,5,5,2,3509850,140394,1721250
96000047,2007-03-06,7,1,9,2767575,110703,1097250
96000048,2007-03-07,0,9,3,3133150,125326,1163250
96000049,2007-03-08,3,3,4,2908900,116356,1401250
96000050,2007-03-09,2,3,4,3008850,120354,1614750
96000051,2007-03-12,6,9,8,3403500,136140,1341500
96000052,2007-03-13,4,1,5,2912475,116499,2002000
96000053,2007-03-14,4,2,7,3393125,135725,2005250
96000054,2007-03-15,0,4,6,2977800,119112,1445000
96000055,2007-03-16,4,9,7,3000950,120038,815000
96000056,2007-03-19,9,8,1,3468800,138752,1921250
96000057,2007-03-20,0,2,4,2778450,111138,1085000
96000058,2007-03-21,4,1,7,3245025,129801,1535750
96000059,2007-03-22,7,8,9,2994425,119777,1544750
96000060,2007-03-23,1,8,4,3135175,125407,732750
96000061,2007-03-26,6,0,0,3432975,137319,1535750
96000062,2007-03-27,3,2,7,2668675,106747,3866500
96000063,2007-03-28,7,9,2,3311250,132450,1429500
96000064,2007-03-29,5,9,7,2834050,113362,931750
96000065,2007-03-30,6,3,1,2933250,117330,1886750
96000066,2007-04-02,2,4,4,2838425,113537,1126250
96000067,2007-04-03,5,0,1,2593175,103727,1026750
96000068,2007-04-04,9,4,8,3189550,127582,1206500
96000069,2007-04-05,8,8,4,2435725,97429,1153000
96000070,2007-04-06,6,9,0,2555050,102202,1384750
96000071,2007-04-09,9,8,4,3294075,131763,862500
96000072,2007-04-10,9,6,6,2539775,101591,756750
96000073,2007-04-11,1,2,6,3180575,127223,1647500
96000074,2007-04-12,0,0,4,2984450,119378,700000
96000075,2007-04-13,6,5,7,2796800,111872,1449750
96000076,2007-04-16,6,6,3,3172300,126892,2066250
96000077,2007-04-17,4,7,6,2687675,107507,1871750
96000078,2007-04-18,7,1,5,2965700,118628,2644500
96000079,2007-04-19,6,0,5,2571575,102863,865250
96000080,2007-04-20,4,3,0,2586575,103463,1595500
96000081,2007-04-23,3,9,0,2759250,110370,1499250
96000082,2007-04-24,7,3,5,2401900,96076,1063250
96000083,2007-04-25,4,2,4,2947750,117910,2236500
96000084,2007-04-26,2,2,2,2507075,100283,2765000
96000085,2007-04-27,3,7,8,2594250,103770,1593000
96000086,2007-04-30,8,8,0,2735200,109408,1391500
96000087,2007-05-01,1,4,7,2470850,98834,2177250
96000088,2007-05-02,5,4,9,3005750,120230,1355250
96000089,2007-05-03,5,3,9,2553400,102136,2620250
96000090,2007-05-04,4,9,5,2731975,109279,1024000
96000091,2007-05-07,2,0,9,3148550,125942,1377000
96000092,2007-05-08,0,8,7,2716075,108643,844250
96000093,2007-05-09,2,7,4,3252650,130106,965750
96000094,2007-05-10,3,1,6,2778075,111123,3563750
96000095,2007-05-11,0,1,7,2931575,117263,866500
96000096,2007-05-14,8,4,7,3190525,127621,1085750
96000097,2007-05-15,3,6,7,2840950,113638,1267750
96000098,2007-05-16,0,8,3,3236750,129470,1001250
96000099,2007-05-17,8,8,9,3063725,122549,1595750
96000100,2007-05-18,1,0,1,2930850,117234,2212750
96000101,2007-05-21,2,4,7,3373650,134946,1419250
96000102,2007-05-22,0,2,9,2996225,119849,2185750
96000103,2007-05-23,1,0,0,3206625,128265,1230500
96000104,2007-05-24,0,9,1,3008400,120336,1861500
96000105,2007-05-25,0,0,4,2961600,118464,627500
96000106,2007-05-28,7,8,4,3084125,123365,841250
96000107,2007-05-29,3,6,2,2842375,113695,1549250
96000108,2007-05-30,2,4,1,3159450,126378,1139000
96000109,2007-05-31,4,9,6,3000275,120011,1111000
96000110,2007-06-01,5,5,0,3100250,124010,4505750
96000111,2007-06-04,1,9,8,2992375,119695,1076500
96000112,2007-06-05,3,0,0,2806425,112257,1659000
96000113,2007-06-06,8,9,1,3357300,134292,990500
96000114,2007-06-07,5,3,5,2881375,115255,4490000
96000115,2007-06-08,1,6,5,2632650,105306,962000
96000116,2007-06-11,2,6,5,3185925,127437,903500
96000117,2007-06-12,9,2,2,2793200,111728,1104000
96000118,2007-06-13,0,3,9,3352650,134106,1731750
96000119,2007-06-14,1,3,7,3028425,121137,1393250
96000120,2007-06-15,4,6,0,3159700,126388,943000
96000121,2007-06-18,8,3,9,3116650,124666,722250
96000122,2007-06-19,5,9,8,3082725,123309,1358750
96000123,2007-06-20,2,7,3,3786650,151466,2726500
96000124,2007-06-21,8,5,4,3295875,131835,831750
96000125,2007-06-22,8,3,3,3589800,143592,1241000
96000126,2007-06-25,7,8,8,3767675,150707,1640500
96000127,2007-06-26,8,7,5,3414875,136595,663750
96000128,2007-06-27,2,9,8,3694225,147769,1346750
96000129,2007-06-28,0,4,9,3660350,146414,1645250
96000130,2007-06-29,4,1,6,3304825,132193,5796250
96000131,2007-07-02,5,3,7,3162100,126484,1818250
96000132,2007-07-03,1,4,5,2903250,116130,960000
96000133,2007-07-04,7,3,4,3336750,133470,1238500
96000134,2007-07-05,5,9,0,3224450,128978,2645750
96000135,2007-07-06,3,5,7,3372450,134898,1200750
96000136,2007-07-09,0,5,6,3657825,146313,1240750
96000137,2007-07-10,0,3,3,3174525,126981,1814750
96000138,2007-07-11,7,3,8,3445225,137809,1336500
96000139,2007-07-12,4,5,7,3338075,133523,1117750
96000140,2007-07-13,4,5,6,3564075,142563,1467750
96000141,2007-07-16,7,2,5,3812500,152500,2033000
96000142,2007-07-17,7,6,8,3136450,125458,1350750
96000143,2007-07-18,3,5,3,3775425,151017,1134750
96000144,2007-07-19,6,1,4,3291200,131648,1510000
96000145,2007-07-20,4,7,0,3342350,133694,1558250
96000146,2007-07-23,4,9,4,3770825,150833,2216250
96000147,2007-07-24,6,9,9,3523475,140939,1389000
96000148,2007-07-25,6,5,7,3630025,145201,1206250
96000149,2007-07-26,5,7,4,3338600,133544,1016750
96000150,2007-07-27,5,9,7,3473000,138920,1143000
96000151,2007-07-30,7,9,9,3575600,143024,1298000
96000152,2007-07-31,7,1,4,3458775,138351,835000
96000153,2007-08-01,6,9,7,4039750,161590,1165250
96000154,2007-08-02,1,3,3,3436650,137466,1949000
96000155,2007-08-03,6,6,1,3469825,138793,868750
96000156,2007-08-06,4,0,7,3479675,139187,3191750
96000157,2007-08-07,7,2,9,2989375,119575,1337000
96000158,2007-08-08,2,2,5,3513200,140528,1485000
96000159,2007-08-09,1,4,0,3031175,121247,1802500
96000160,2007-08-10,6,4,4,3021125,120845,792750
96000161,2007-08-13,0,9,9,3293100,131724,1535000
96000162,2007-08-14,9,2,2,2810775,112431,773500
96000163,2007-08-15,7,9,4,3405850,136234,1077250
96000164,2007-08-16,5,5,1,3107275,124291,1729250
96000165,2007-08-17,7,7,9,3113925,124557,1841500
96000166,2007-08-20,0,5,9,3309800,132392,1119500
96000167,2007-08-21,0,2,2,2959825,118393,1091000
96000168,2007-08-22,8,0,4,3162675,126507,1116750
96000169,2007-08-23,4,1,1,3077600,123104,1445750
96000170,2007-08-24,3,8,4,3343700,133748,4635250
96000171,2007-08-27,2,6,7,3064900,122596,1401000
96000172,2007-08-28,9,8,4,2874500,114980,773250
96000173,2007-08-29,6,4,9,3495450,139818,1415000
96000174,2007-08-30,8,8,6,3175800,127032,1538250
96000175,2007-08-31,8,0,5,3413625,136545,821250
96000176,2007-09-03,4,1,8,3770825,150833,1763250
96000177,2007-09-04,0,0,6,3647325,145893,1680500
96000178,2007-09-05,0,9,2,3346675,133867,3054500
96000179,2007-09-06,2,6,8,2968875,118755,1323500
96000180,2007-09-07,0,3,5,3229400,129176,3616750
96000181,2007-09-10,6,4,5,2956075,118243,4193500
96000182,2007-09-11,6,2,5,2859925,114397,1137500
96000183,2007-09-12,2,0,2,3379650,135186,1077500
96000184,2007-09-13,6,0,9,3010675,120427,1714500
96000185,2007-09-14,1,8,9,3037150,121486,1562500
96000186,2007-09-17,0,3,3,3143075,125723,2540000
96000187,2007-09-18,1,3,2,2340750,93630,1175750
96000188,2007-09-19,2,2,8,3248325,129933,2470250
96000189,2007-09-20,7,4,9,3051375,122055,1487750
96000190,2007-09-21,2,0,8,3303075,132123,923250
96000191,2007-09-24,6,8,3,2860225,114409,923500
96000192,2007-09-25,8,5,9,2972125,118885,2348000
96000193,2007-09-26,1,6,7,3351000,134040,1683000
96000194,2007-09-27,2,1,0,3439875,137595,1735500
96000195,2007-09-28,7,4,8,3995425,159817,1243000
96000196,2007-10-01,2,3,1,4087725,163509,2585500
96000197,2007-10-02,2,1,2,4040075,161603,1006250
96000198,2007-10-03,3,2,0,4695600,187824,1661000
96000199,2007-10-04,0,3,4,3887575,155503,1610500
96000200,2007-10-05,8,2,5,4121100,164844,2209250
96000201,2007-10-08,6,7,6,4349400,173976,3767250
96000202,2007-10-09,7,0,5,3506500,140260,1090500
96000203,2007-10-10,7,9,7,3222675,128907,4605750
96000204,2007-10-11,7,4,3,3002725,120109,1341000
96000205,2007-10-12,9,9,4,2843625,113745,1915250
96000206,2007-10-15,3,0,7,3011700,120468,1074000
96000207,2007-10-16,7,2,6,2586925,103477,1050000
96000208,2007-10-17,6,8,8,3174450,126978,1857000
96000209,2007-10-18,9,0,4,2812050,112482,905250
96000210,2007-10-19,3,9,7,2877675,115107,2095750
96000211,2007-10-22,1,9,2,3220625,128825,1230250
96000212,2007-10-23,6,1,3,2801475,112059,1458500
96000213,2007-10-24,7,4,5,3278025,131121,1749000
96000214,2007-10-25,5,9,1,3004600,120184,1850250
96000215,2007-10-26,3,8,1,3119050,124762,1317500
96000216,2007-10-29,7,2,2,3467225,138689,1819250
96000217,2007-10-30,9,6,6,3172400,126896,1998250
96000218,2007-10-31,7,4,0,3497775,139911,1638750
96000219,2007-11-01,0,2,5,3062300,122492,1221000
96000220,2007-11-02,3,2,9,3248275,129931,1556000
96000221,2007-11-05,1,9,8,3623550,144942,1330500
96000222,2007-11-06,1,1,9,3368975,134759,2247250
96000223,2007-11-07,9,7,8,3909725,156389,1572250
96000224,2007-11-08,3,1,3,3520525,140821,1199250
96000225,2007-11-09,2,0,5,3872675,154907,1764250
96000226,2007-11-12,3,2,6,4116850,164674,2028250
96000227,2007-11-13,8,0,9,4145000,165800,880250
96000228,2007-11-14,9,1,6,4428775,177151,1623250
96000229,2007-11-15,0,2,5,4216100,168644,1237750
96000230,2007-11-16,7,2,7,4392575,175703,1385250
96000231,2007-11-19,6,5,6,3968225,158729,4265750
96000232,2007-11-20,3,8,9,3312100,132484,1499750
96000233,2007-11-21,6,3,7,3493800,139752,3529000
96000234,2007-11-22,0,6,7,3080425,123217,888250
96000235,2007-11-23,8,3,3,3123075,124923,1774000
96000236,2007-11-26,9,1,7,2904950,116198,1197500
96000237,2007-11-27,6,0,8,2726400,109056,1567250
96000238,2007-11-28,1,9,6,3004550,120182,2791500
96000239,2007-11-29,9,1,4,2691600,107664,938250
96000240,2007-11-30,3,4,6,2991125,119645,1993500
96000241,2007-12-03,8,6,8,2943725,117749,1158500
96000242,2007-12-04,8,6,6,2898850,115954,950250
96000243,2007-12-05,0,2,3,3391100,135644,2464250
96000244,2007-12-06,0,9,6,3123275,124931,949500
96000245,2007-12-07,9,7,5,3274125,130965,3792750
96000246,2007-12-10,8,6,0,3130100,125204,1075500
96000247,2007-12-11,0,8,8,2912500,116500,1332250
96000248,2007-12-12,2,0,9,3377425,135097,1920750
96000249,2007-12-13,6,3,8,3017750,120710,2734750
96000250,2007-12-14,1,0,6,3243575,129743,1443250
96000251,2007-12-17,8,0,0,3486625,139465,1462750
96000252,2007-12-18,3,1,2,3300225,132009,2866750
96000253,2007-12-19,5,7,2,3568100,142724,1640250
96000254,2007-12-20,5,3,3,3345375,133815,1505750
96000255,2007-12-21,0,1,1,3586500,143460,1385000
96000256,2007-12-24,4,4,1,3699125,147965,2389750
96000257,2007-12-25,9,3,4,3376300,135052,1044750
96000258,2007-12-26,2,1,2,3762800,150512,1387750
96000259,2007-12-27,2,1,2,3498675,139947,1096500
96000260,2007-12-28,5,8,5,3928675,157147,1656250
96000261,2007-12-31,7,4,3,4053575,162143,1359500
97000001,2008-01-01,3,1,0,3507950,140318,1411000
97000002,2008-01-02,4,4,6,4439050,177562,900750
97000003,2008-01-03,4,1,0,4090225,163609,1027500
97000004,2008-01-04,6,6,7,4258850,170354,1798500
97000005,2008-01-07,6,9,5,4457650,178306,3483250
97000006,2008-01-08,2,7,3,3991550,159662,2006750
97000007,2008-01-09,7,8,9,4393600,175744,1901750
97000008,2008-01-10,9,6,8,3634875,145395,1342750
97000009,2008-01-11,8,8,4,3880850,155234,977500
97000010,2008-01-14,8,4,0,3794075,151763,1175250
97000011,2008-01-15,5,2,2,3516500,140660,3025000
97000012,2008-01-16,3,9,0,3705600,148224,1609500
97000013,2008-01-17,7,2,4,3466775,138671,831000
97000014,2008-01-18,2,8,2,3465275,138611,1296750
97000015,2008-01-21,2,1,9,3614925,144597,1890000
97000016,2008-01-22,1,5,4,3139300,125572,4056000
97000017,2008-01-23,2,0,2,3244375,129775,1840250
97000018,2008-01-24,7,3,3,2876150,115046,2719750
97000019,2008-01-25,4,1,3,2837150,113486,1282000
97000020,2008-01-28,2,4,8,3251125,130045,1846250
97000021,2008-01-29,3,4,5,2852700,114108,1858750
97000022,2008-01-30,8,4,8,3332300,133292,1110500
97000023,2008-01-31,6,3,4,2960825,118433,948500
97000024,2008-02-01,5,3,0,3288775,131551,1737000
97000025,2008-02-04,4,4,4,3626025,145041,2561000
97000026,2008-02-05,9,9,9,3298150,131926,5230500
97000027,2008-02-06,1,9,5,3725950,149038,902250
97000028,2008-02-07,5,6,1,3266375,130655,2415750
97000029,2008-02-08,7,6,0,3172900,126916,978000
97000030,2008-02-11,8,4,3,4133450,165338,1564750
97000031,2008-02-12,5,1,6,3493775,139751,1304500
97000032,2008-02-13,3,7,3,4212775,168511,2638750
97000033,2008-02-14,6,3,0,3671150,146846,1266000
97000034,2008-02-15,2,3,0,3600825,144033,1149500
97000035,2008-02-18,6,9,1,4190025,167601,1752250
97000036,2008-02-19,3,9,2,3459775,138391,1121750
97000037,2008-02-20,3,9,6,4099025,163961,1701500
97000038,2008-02-21,7,2,1,3715775,148631,3449500
97000039,2008-02-22,0,5,8,3625150,145006,2849500
97000040,2008-02-25,5,5,6,4007600,160304,2586500
97000041,2008-02-26,0,1,9,3098775,123951,1292500
97000042,2008-02-27,5,9,2,3653325,146133,1407250
97000043,2008-02-28,8,1,3,3271900,130876,1392250
97000044,2008-02-29,1,5,3,3509800,140392,1523250
97000045,2008-03-03,4,3,9,4022450,160898,1681500
97000046,2008-03-04,0,1,9,3314000,132560,938250
97000047,2008-03-05,8,1,9,3989850,159594,1428000
97000048,2008-03-06,5,8,3,3922600,156904,3261250
97000049,2008-03-07,9,9,1,3866875,154675,1098500
97000050,2008-03-10,4,9,7,4149575,165983,1303250
97000051,2008-03-11,3,8,9,3522325,140893,2059250
97000052,2008-03-12,2,5,2,4491375,179655,1898750
97000053,2008-03-13,3,7,2,4081400,163256,2455500
97000054,2008-03-14,2,2,4,4116700,164668,2845000
97000055,2008-03-17,7,6,4,4238400,169536,1887750
97000056,2008-03-18,4,3,6,3448025,137921,1468250
97000057,2008-03-19,9,2,2,4380800,175232,4149000
97000058,2008-03-20,8,6,3,3968600,158744,881250
97000059,2008-03-21,4,7,6,4038750,161550,2844500
97000060,2008-03-24,5,4,3,4736625,189465,5102000
97000061,2008-03-25,2,2,4,3780375,151215,1273500
97000062,2008-03-26,0,2,8,4468325,178733,1682750
97000063,2008-03-27,3,1,8,3753725,150149,2813000
97000064,2008-03-28,7,4,4,3948600,157944,923000
97000065,2008-03-31,7,7,5,4088700,163548,1582250
97000066,2008-04-01,4,5,5,3582050,143282,1024750
97000067,2008-04-02,9,1,9,4307175,172287,1658500
97000068,2008-04-03,0,2,7,4023575,160943,1329250
97000069,2008-04-04,3,1,3,3885750,155430,2491250
97000070,2008-04-07,7,7,6,4612800,184512,805250
97000071,2008-04-08,9,1,9,4175075,167003,1666750
97000072,2008-04-09,3,1,9,4304475,172179,5299000
97000073,2008-04-10,7,1,1,4534250,181370,1741500
97000074,2008-04-11,3,9,9,4336700,173468,2691000
97000075,2008-04-14,4,9,4,4660850,186434,1943500
97000076,2008-04-15,9,0,6,4056050,162242,4281000
97000077,2008-04-16,2,2,9,3631675,145267,2457250
97000078,2008-04-17,4,8,3,3399000,135960,1692750
97000079,2008-04-18,3,4,7,3384525,135381,1326250
97000080,2008-04-21,6,7,8,3718725,148749,1614500
97000081,2008-04-22,8,4,1,3367575,134703,715750
97000082,2008-04-23,1,0,2,3803750,152150,1722500
97000083,2008-04-24,1,7,0,3125025,125001,797500
97000084,2008-04-25,4,7,0,3289950,131598,818750
97000085,2008-04-28,9,1,5,3656900,146276,1534750
97000086,2008-04-29,7,2,6,3038650,121546,1198750
97000087,2008-04-30,7,5,2,3354175,134167,1828500
97000088,2008-05-01,6,6,6,2852975,114119,3080250
97000089,2008-05-02,9,0,0,2879175,115167,1142750
97000090,2008-05-05,2,1,4,3220000,128800,2587000
97000091,2008-05-06,0,9,7,2691075,107643,1269000
97000092,2008-05-07,1,7,8,2953325,118133,1152250
97000093,2008-05-08,2,3,6,2620925,104837,2602000
97000094,2008-05-09,3,1,5,2671875,106875,1791750
97000095,2008-05-12,7,1,8,2963775,118551,961250
97000096,2008-05-13,8,9,7,2664675,106587,1164750
97000097,2008-05-14,5,4,2,3054800,122192,1807250
97000098,2008-05-15,4,8,3,2729950,109198,1824250
97000099,2008-05-16,5,2,8,2746025,109841,2862250
97000100,2008-05-19,6,1,4,3163850,126554,1611500
97000101,2008-05-20,9,4,7,3226225,129049,1020000
97000102,2008-05-21,9,3,8,3064125,122565,1250750
97000103,2008-05-22,6,7,7,2905200,116208,1458000
97000104,2008-05-23,8,0,9,2789300,111572,913250
97000105,2008-05-26,1,9,3,2888800,115552,1477500
97000106,2008-05-27,6,3,5,2753700,110148,1530750
97000107,2008-05-28,4,5,3,3091125,123645,1815000
97000108,2008-05-29,2,8,4,2771925,110877,1028250
97000109,2008-05-30,8,3,4,2740725,109629,1133750
97000110,2008-06-02,5,5,4,3037850,121514,773250
97000111,2008-06-03,8,1,0,2923225,116929,1608500
97000112,2008-06-04,8,8,4,3135075,125403,1337000
97000113,2008-06-05,6,3,5,2884800,115392,720750
97000114,2008-06-06,6,0,7,3118150,124726,757750
97000115,2008-06-09,7,0,1,3167225,126689,845500
97000116,2008-06-10,0,7,8,2903125,116125,789250
97000117,2008-06-11,3,2,9,3308525,132341,2337750
97000118,2008-06-12,6,8,2,3011350,120454,1128500
97000119,2008-06-13,7,2,3,3227600,129104,1047500
97000120,2008-06-16,9,1,9,3077150,123086,3058750
97000121,2008-06-17,9,6,2,2795325,111813,2769750
97000122,2008-06-18,3,1,8,2830625,113225,2519750
97000123,2008-06-19,3,5,2,2444900,97796,803500
97000124,2008-06-20,2,5,9,2546900,101876,606000
97000125,2008-06-23,4,9,5,2808025,112321,2022750
97000126,2008-06-24,2,3,9,2466675,98667,1790000
97000127,2008-06-25,3,0,4,2840400,113616,1061250
97000128,2008-06-26,5,0,9,2693225,107729,558000
97000129,2008-06-27,3,0,6,2670975,106839,834750
97000130,2008-06-30,0,7,4,2914975,116599,839000
97000131,2008-07-01,7,1,2,2421250,96850,2193750
97000132,2008-07-02,6,9,8,2712525,108501,1140750
97000133,2008-07-03,5,7,6,2527625,101105,1087000
97000134,2008-07-04,1,9,9,2695125,107805,1716000
97000135,2008-07-07,3,9,8,2746800,109872,1003750
97000136,2008-07-08,7,9,7,2585200,103408,827250
97000137,2008-07-09,2,8,4,2930100,117204,1894250
97000138,2008-07-10,9,5,8,2705675,108227,842750
97000139,2008-07-11,2,4,0,2734400,109376,2831000
97000140,2008-07-14,8,2,8,2715800,108632,1067500
97000141,2008-07-15,4,3,6,2531625,101265,1822250
97000142,2008-07-16,5,6,4,2726900,109076,1527500
97000143,2008-07-17,9,5,8,2294850,91794,723500
97000144,2008-07-18,5,8,4,2320325,92813,813250
97000145,2008-07-21,1,5,8,2858525,114341,1052750
97000146,2008-07-22,8,6,1,2461725,98469,1066250
97000147,2008-07-23,7,6,6,2698275,107931,979250
97000148,2008-07-24,8,2,5,2457800,98312,952250
97000149,2008-07-25,9,6,3,2578475,103139,1127250
97000150,2008-07-28,2,4,5,2097800,83912,738750
97000151,2008-07-29,1,9,7,2473875,98955,1010250
97000152,2008-07-30,1,3,6,2920675,116827,1681000
97000153,2008-07-31,8,5,3,2865850,114634,1036000
97000154,2008-08-01,1,7,3,3160575,126423,992250
97000155,2008-08-04,1,7,3,2923900,116956,741500
97000156,2008-08-05,1,9,8,2868575,114743,1300500
97000157,2008-08-06,0,2,7,3261725,130469,1463000
97000158,2008-08-07,7,2,9,2861050,114442,1494500
97000159,2008-08-08,1,0,6,3235025,129401,1924750
97000160,2008-08-11,9,0,6,3230825,129233,1298000
97000161,2008-08-12,6,1,3,2855800,114232,5042000
97000162,2008-08-13,4,7,9,2548675,101947,950750
97000163,2008-08-14,7,9,5,2251750,90070,791750
97000164,2008-08-15,8,0,3,2382725,95309,771000
97000165,2008-08-18,6,1,8,2614875,104595,1800500
97000166,2008-08-19,9,4,6,2390125,95605,875500
97000167,2008-08-20,8,5,6,2719575,108783,1128500
97000168,2008-08-21,2,1,0,2579900,103196,1121250
97000169,2008-08-22,4,4,0,2698575,107943,740000
97000170,2008-08-25,4,5,9,2940950,117638,815750
97000171,2008-08-26,1,6,0,2740375,109615,1270500
97000172,2008-08-27,1,6,6,3010975,120439,1000500
97000173,2008-08-28,8,1,1,2806250,112250,1040750
97000174,2008-08-29,2,0,9,2754400,110176,923250
97000175,2008-09-01,5,9,7,2791350,111654,1159000
97000176,2008-09-02,6,4,4,2592800,103712,475500
97000177,2008-09-03,0,7,4,2671000,106840,719500
97000178,2008-09-04,5,6,5,2533650,101346,799000
97000179,2008-09-05,8,3,2,2768275,110731,2598750
97000180,2008-09-08,9,9,8,3003200,120128,1482000
97000181,2008-09-09,3,8,2,2703625,108145,5135000
97000182,2008-09-10,4,3,1,2584075,103363,1758250
97000183,2008-09-11,9,0,0,2337050,93482,1115750
97000184,2008-09-12,6,0,9,2210475,88419,1175750
97000185,2008-09-15,7,9,1,2439725,97589,1825750
97000186,2008-09-16,0,0,7,2324950,92998,519250
97000187,2008-09-17,0,3,8,2582275,103291,1254250
97000188,2008-09-18,9,5,7,2462900,98516,1067250
97000189,2008-09-19,1,0,8,2581875,103275,1462250
97000190,2008-09-22,6,0,2,2775725,111029,785750
97000191,2008-09-23,2,0,2,2479450,99178,961000
97000192,2008-09-24,5,3,2,2712825,108513,909000
97000193,2008-09-25,7,6,9,2528075,101123,1172750
97000194,2008-09-26,0,2,2,2522125,100885,3502500
97000195,2008-09-29,1,0,5,1946375,77855,921750
97000196,2008-09-30,1,3,0,2133125,85325,975750
97000197,2008-10-01,3,1,6,2499375,99975,2243750
97000198,2008-10-02,0,6,5,2231175,89247,646500
97000199,2008-10-03,1,0,5,2211700,88468,1076250
97000200,2008-10-06,6,3,1,2735950,109438,1666750
97000201,2008-10-07,5,3,9,2342950,93718,2755500
97000202,2008-10-08,8,0,3,2782475,111299,1233250
97000203,2008-10-09,0,3,8,2509375,100375,1455000
97000204,2008-10-10,8,2,8,2381075,95243,884250
97000205,2008-10-13,4,2,7,2977250,119090,1634000
97000206,2008-10-14,7,7,0,2394200,95768,1166500
97000207,2008-10-15,7,9,2,2743650,109746,2146000
97000208,2008-10-16,6,4,4,2631075,105243,1835000
97000209,2008-10-17,0,3,9,2403425,96137,990000
97000210,2008-10-20,6,8,7,2632450,105298,1488750
97000211,2008-10-21,3,0,6,2225900,89036,1292500
97000212,2008-10-22,8,3,5,2747225,109889,1651250
97000213,2008-10-23,5,4,1,2658725,106349,1090500
97000214,2008-10-24,5,5,0,2658150,106326,2470000
97000215,2008-10-27,7,7,6,2866200,114648,728000
97000216,2008-10-28,6,9,0,2497400,99896,2612250
97000217,2008-10-29,1,8,8,2628825,105153,1290500
97000218,2008-10-30,5,1,0,2576300,103052,1926000
97000219,2008-10-31,3,1,8,2522875,100915,2583250
97000220,2008-11-03,9,0,7,2810025,112401,1644750
97000221,2008-11-04,8,0,7,2468975,98759,972750
97000222,2008-11-05,5,6,4,3015675,120627,2280750
97000223,2008-11-06,7,0,7,2462075,98483,1550750
97000224,2008-11-07,2,8,7,2610025,104401,1278500
97000225,2008-11-10,4,4,4,2830375,113215,1131000
97000226,2008-11-11,6,7,7,2656075,106243,1042000
97000227,2008-11-12,8,1,3,3045975,121839,3153500
97000228,2008-11-13,3,9,4,2752575,110103,1359750
97000229,2008-11-14,2,0,8,2742175,109687,1217750
97000230,2008-11-17,8,9,7,3146425,125857,1041750
97000231,2008-11-18,8,4,6,2735350,109414,446250
97000232,2008-11-19,4,8,7,2934150,117366,837250
97000233,2008-11-20,0,7,8,2748325,109933,725250
97000234,2008-11-21,7,9,4,2907075,116283,958250
97000235,2008-11-24,5,6,3,3119225,124769,1138250
97000236,2008-11-25,7,1,0,2787825,111513,1495250
97000237,2008-11-26,5,0,1,3023750,120950,1610250
97000238,2008-11-27,0,9,7,2893125,115725,1078500
97000239,2008-11-28,8,4,4,2818950,112758,671000
97000240,2008-12-01,6,2,0,3064275,122571,3763000
97000241,2008-12-02,8,4,4,2338925,93557,662750
97000242,2008-12-03,9,2,3,2665100,106604,1568500
97000243,2008-12-04,4,1,6,2424125,96965,977250
97000244,2008-12-05,0,6,9,2626575,105063,752500
97000245,2008-12-08,1,3,7,2859150,114366,3321750
97000246,2008-12-09,1,5,4,2426050,97042,1753000
97000247,2008-12-10,7,0,2,2738900,109556,1377000
97000248,2008-12-11,1,2,0,2423475,96939,1478500
97000249,2008-12-12,8,8,3,2677575,107103,1305500
97000250,2008-12-15,2,4,4,2675675,107027,1268750
97000251,2008-12-16,3,6,4,2412400,96496,830250
97000252,2008-12-17,4,9,8,2652600,106104,1458000
97000253,2008-12-18,9,1,0,2330100,93204,1272500
97000254,2008-12-19,9,3,4,2518675,100747,628250
97000255,2008-12-22,8,5,4,2584150,103366,972500
97000256,2008-12-23,2,7,7,2428775,97151,1906500
97000257,2008-12-24,1,2,8,2798325,111933,1828000
97000258,2008-12-25,1,7,2,2560800,102432,991250
97000259,2008-12-26,4,7,9,2506700,100268,1105500
97000260,2008-12-29,9,4,4,2618975,104759,903000
97000261,2008-12-30,5,2,7,2407500,96300,1038750
97000262,2008-12-31,5,3,4,2659100,106364,1070000
98000001,2009-01-01,5,9,1,2130100,85204,1236000
98000002,2009-01-02,5,2,5,2157400,86296,1106250
98000003,2009-01-05,0,2,2,2741950,109678,1016750
98000004,2009-01-06,4,6,2,2493675,99747,913250
98000005,2009-01-07,5,1,9,2772050,110882,2336250
98000006,2009-01-08,4,7,4,2576200,103048,818250
98000007,2009-01-09,3,5,9,2580425,103217,1508250
98000008,2009-01-12,8,5,3,2765000,110600,919500
98000009,2009-01-13,4,3,3,2381375,95255,1489250
98000010,2009-01-14,9,8,2,2751275,110051,1085250
98000011,2009-01-15,8,8,4,2460700,98428,1105000
98000012,2009-01-16,6,1,6,2544575,101783,1554500
98000013,2009-01-19,2,2,9,3006550,120262,1685000
98000014,2009-01-20,8,2,6,2611650,104466,947000
98000015,2009-01-21,1,8,3,2963450,118538,1890500
98000016,2009-01-22,6,1,7,2951200,118048,1217250
98000017,2009-01-23,4,7,0,2892500,115700,1271500
98000018,2009-01-26,3,2,9,2776650,111066,1597250
98000019,2009-01-27,2,8,5,2783850,111354,1338250
98000020,2009-01-28,9,6,3,2817875,112715,1744750
98000021,2009-01-29,3,4,7,2868850,114754,1363250
98000022,2009-01-30,4,9,9,3283850,131354,1627750
98000023,2009-02-02,9,4,3,3799425,151977,1014000
98000024,2009-02-03,1,5,7,3216850,128674,1304000
98000025,2009-02-04,6,0,2,3564275,142571,4542750
98000026,2009-02-05,4,0,2,2762350,110494,1131000
98000027,2009-02-06,6,2,1,2901875,116075,1112000
98000028,2009-02-09,8,4,8,3112500,124500,1088500
98000029,2009-02-10,4,8,4,2663325,106533,1277000
98000030,2009-02-11,1,1,9,3000775,120031,2951750
98000031,2009-02-12,4,2,4,2802500,112100,1152750
98000032,2009-02-13,7,4,3,2956100,118244,1050750
98000033,2009-02-16,5,3,0,3162975,126519,2784250
98000034,2009-02-17,1,6,4,2670250,106810,1691750
98000035,2009-02-18,2,7,3,2963475,118539,2446000
98000036,2009-02-19,0,4,4,2672250,106890,723500
98000037,2009-02-20,7,8,4,2801425,112057,974250
98000038,2009-02-23,9,3,5,3170650,126826,2061000
98000039,2009-02-24,4,5,9,2703000,108120,1206750
98000040,2009-02-25,5,0,6,3057575,122303,1268000
98000041,2009-02-26,1,1,7,2796550,111862,1573000
98000042,2009-02-27,0,6,1,2952600,118104,908250
98000043,2009-03-02,6,8,8,3156575,126263,1298500
98000044,2009-03-03,1,2,6,2720925,108837,1528000
98000045,2009-03-04,4,9,2,3197975,127919,3147000
98000046,2009-03-05,0,1,4,2650500,106020,973250
98000047,2009-03-06,8,7,4,2395550,95822,909750
98000048,2009-03-09,9,3,6,2844450,113778,2039250
98000049,2009-03-10,4,7,9,2683700,107348,1221000
98000050,2009-03-11,7,2,1,2986750,119470,1538250
98000051,2009-03-12,5,9,3,2721150,108846,1335500
98000052,2009-03-13,1,0,7,2749350,109974,1484500
98000053,2009-03-16,0,3,6,3022450,120898,1610000
98000054,2009-03-17,5,6,3,2634700,105388,1090500
98000055,2009-03-18,3,3,4,3061075,122443,1689250
98000056,2009-03-19,3,8,7,2640975,105639,1409250
98000057,2009-03-20,5,3,2,2723600,108944,1322750
98000058,2009-03-23,3,6,8,3086350,123454,2923500
98000059,2009-03-24,3,7,9,2705650,108226,1710500
98000060,2009-03-25,9,3,6,3134625,125385,2183750
98000061,2009-03-26,3,2,0,2972625,118905,1708250
98000062,2009-03-27,9,6,2,3025175,121007,1018500
98000063,2009-03-30,5,1,3,3172950,126918,1829250
98000064,2009-03-31,5,3,7,2920450,116818,1202250
98000065,2009-04-01,8,0,7,3325325,133013,1243000
98000066,2009-04-02,7,5,1,2955950,118238,2130000
98000067,2009-04-03,9,3,6,2885550,115422,3314500
98000068,2009-04-06,3,7,7,3474225,138969,1783250
98000069,2009-04-07,7,8,2,3009575,120383,1253250
98000070,2009-04-08,7,3,1,3476950,139078,1175500
98000071,2009-04-09,8,8,2,3231575,129263,841000
98000072,2009-04-10,2,2,1,3515650,140626,1633000
98000073,2009-04-13,8,3,6,3645175,145807,1897500
98000074,2009-04-14,1,4,2,3256425,130257,4006250
98000075,2009-04-15,0,4,2,3281800,131272,958500
98000076,2009-04-16,3,5,6,2731350,109254,2095000
98000077,2009-04-17,6,0,8,2882225,115289,890750
98000078,2009-04-20,9,6,6,3005325,120213,1344750
98000079,2009-04-21,1,2,6,2731875,109275,2030750
98000080,2009-04-22,6,7,5,3023800,120952,1296000
98000081,2009-04-23,9,2,6,2739500,109580,804500
98000082,2009-04-24,2,4,1,2766550,110662,1123750
98000083,2009-04-27,5,8,9,3055325,122213,1860500
98000084,2009-04-28,7,2,9,2822850,112914,1045500
98000085,2009-04-29,5,1,2,3181425,127257,1942750
98000086,2009-04-30,2,7,4,2992325,119693,975250
98000087,2009-05-01,8,6,0,3011175,120447,1040750
98000088,2009-05-04,2,7,5,3150600,126024,1119000
98000089,2009-05-05,4,4,2,3032200,121288,773500
98000090,2009-05-06,6,3,9,3374625,134985,4012500
98000091,2009-05-07,6,6,2,3209650,128386,836750
98000092,2009-05-08,3,3,0,3348750,133950,1208750
98000093,2009-05-11,8,3,7,3485275,139411,1299000
98000094,2009-05-12,3,8,6,3146400,125856,1364000
98000095,2009-05-13,4,7,4,3616025,144641,782500
98000096,2009-05-14,8,9,7,3342625,133705,5338000
98000097,2009-05-15,1,3,3,2641875,105675,1257000
98000098,2009-05-18,8,8,9,2997500,119900,1335250
98000099,2009-05-19,3,1,7,2427875,97115,1896750
98000100,2009-05-20,1,0,2,2824725,112989,1831250
98000101,2009-05-21,6,9,2,2482900,99316,995000
98000102,2009-05-22,5,4,8,2526850,101074,1544000
98000103,2009-05-25,2,6,6,2617000,104680,1531500
98000104,2009-05-26,7,4,6,2302650,92106,642750
98000105,2009-05-27,6,0,0,2638700,105548,685750
98000106,2009-05-28,1,7,4,2034725,81389,818250
98000107,2009-05-29,0,8,2,2403675,96147,802750
98000108,2009-06-01,3,9,0,2693375,107735,1130250
98000109,2009-06-02,8,5,2,2389325,95573,2082500
98000110,2009-06-03,5,6,6,2442275,97691,984250
98000111,2009-06-04,6,0,4,2137350,85494,1666000
98000112,2009-06-05,7,0,2,2546300,101852,1103500
98000113,2009-06-08,8,4,5,2700175,108007,1045750
98000114,2009-06-09,3,2,6,2428250,97130,2349250
98000115,2009-06-10,5,4,0,2471400,98856,700000
98000116,2009-06-11,4,6,5,2237950,89518,1001000
98000117,2009-06-12,6,6,0,2348800,93952,679000
98000118,2009-06-15,6,4,6,2609750,104390,846500
98000119,2009-06-16,0,1,6,2315750,92630,1398750
98000120,2009-06-17,8,9,7,2650800,106032,1403500
98000121,2009-06-18,8,8,7,2294400,91776,959250
98000122,2009-06-19,4,5,8,2465175,98607,1020500
98000123,2009-06-22,8,2,1,2696725,107869,1537500
98000124,2009-06-23,4,7,8,2391125,95645,1357750
98000125,2009-06-24,8,8,3,2671775,106871,900000
98000126,2009-06-25,6,8,7,2558950,102358,1024750
98000127,2009-06-26,3,4,6,2656925,106277,1638500
98000128,2009-06-29,5,3,5,2757750,110310,3246750
98000129,2009-06-30,7,3,1,2224950,88998,855000
98000130,2009-07-01,1,8,3,2513775,100551,1402000
98000131,2009-07-02,5,2,8,2384700,95388,1986500
98000132,2009-07-03,3,1,0,2450900,98036,1476000
98000133,2009-07-06,2,6,0,2533550,101342,2052000
98000134,2009-07-07,4,5,8,2276525,91061,1675500
98000135,2009-07-08,6,5,5,2552675,102107,1202000
98000136,2009-07-09,8,5,5,2206675,88267,631250
98000137,2009-07-10,4,2,3,2467900,98716,1192250
98000138,2009-07-13,7,4,5,2520950,100838,1359250
98000139,2009-07-14,3,3,3,2403875,96155,1421750
98000140,2009-07-15,5,1,3,2687375,107495,1235250
98000141,2009-07-16,2,1,8,2440575,97623,1198750
98000142,2009-07-17,5,7,0,2464600,98584,925500
98000143,2009-07-20,1,6,5,2729150,109166,1202500
98000144,2009-07-21,5,8,0,2468450,98738,943250
98000145,2009-07-22,0,3,6,2759725,110389,1225250
98000146,2009-07-23,9,1,3,2514175,100567,1266750
98000147,2009-07-24,9,4,3,2674550,106982,640000
98000148,2009-07-27,1,5,0,2942150,117686,1855750
98000149,2009-07-28,6,9,3,2575650,103026,3455500
98000150,2009-07-29,0,4,4,2880775,115231,599250
98000151,2009-07-30,9,3,4,2746875,109875,1083750
98000152,2009-07-31,8,4,0,2834000,113360,541250
98000153,2009-08-03,3,6,5,2966075,118643,1504500
98000154,2009-08-04,6,2,3,2807725,112309,1073000
98000155,2009-08-05,0,6,1,3117025,124681,793500
98000156,2009-08-06,1,2,3,2807075,112283,1767750
98000157,2009-08-07,4,4,6,2289425,91577,408500
98000158,2009-08-10,4,9,2,2983100,119324,896750
98000159,2009-08-11,1,2,6,2816350,112654,1259750
98000160,2009-08-12,2,8,0,3064825,122593,948750
98000161,2009-08-13,5,2,1,3106175,124247,797500
98000162,2009-08-14,6,4,6,3061375,122455,698500
98000163,2009-08-17,6,0,5,3005750,120230,5517500
98000164,2009-08-18,2,9,0,1992025,79681,676000
98000165,2009-08-19,5,9,3,2318225,92729,1599000
98000166,2009-08-20,8,4,5,2152550,86102,1315250
98000167,2009-08-21,2,1,0,2298750,91950,1632250
98000168,2009-08-24,8,6,8,2383200,95328,1354750
98000169,2009-08-25,8,6,0,2076525,83061,739250
98000170,2009-08-26,2,9,7,2275850,91034,994500
98000171,2009-08-27,0,8,7,2042300,81692,702500
98000172,2009-08-28,5,1,0,2132200,85288,845250
98000173,2009-08-31,6,6,3,2315250,92610,1114750
98000174,2009-09-01,0,3,2,2039325,81573,793250
98000175,2009-09-02,2,5,7,2183500,87340,1293500
98000176,2009-09-03,0,2,6,2096125,83845,929750
98000177,2009-09-04,0,6,8,2144550,85782,627750
98000178,2009-09-07,7,1,2,2424025,96961,1284000
98000179,2009-09-08,9,5,9,2119925,84797,850000
98000180,2009-09-09,4,8,0,2364450,94578,1031500
98000181,2009-09-10,1,1,0,2156325,86253,2259750
98000182,2009-09-11,9,2,9,2345700,93828,870750
98000183,2009-09-14,8,6,3,2415550,96622,1388000
98000184,2009-09-15,5,9,5,2139825,85593,737750
98000185,2009-09-16,9,8,0,2344850,93794,822500
98000186,2009-09-17,2,6,4,2167500,86700,688750
98000187,2009-09-18,3,8,3,2362050,94482,1048250
98000188,2009-09-21,7,2,1,2748450,109938,2149000
98000189,2009-09-22,6,2,0,2449025,97961,966000
98000190,2009-09-23,3,8,0,2611525,104461,1263000
98000191,2009-09-24,8,9,8,2534075,101363,1007500
98000192,2009-09-25,2,5,9,2329725,93189,1480000
98000193,2009-09-28,2,3,7,2507725,100309,1277750
98000194,2009-09-29,6,2,1,2241300,89652,907000
98000195,2009-09-30,2,9,6,2432600,97304,893750
98000196,2009-10-01,2,0,6,2411825,96473,981750
98000197,2009-10-02,8,0,3,2471975,98879,1255000
98000198,2009-10-05,6,4,4,2603450,104138,1297750
98000199,2009-10-06,2,3,7,2470400,98816,971000
98000200,2009-10-07,9,5,0,2791900,111676,782500
98000201,2009-10-08,2,5,2,2747250,109890,831250
98000202,2009-10-09,7,0,2,2804775,112191,930750
98000203,2009-10-12,6,6,5,2994250,119770,1078500
98000204,2009-10-13,9,0,2,2733875,109355,697500
98000205,2009-10-14,3,6,9,3009375,120375,3784750
98000206,2009-10-15,6,8,0,2846700,113868,1994250
98000207,2009-10-16,3,9,9,3009650,120386,963250
98000208,2009-10-19,6,6,7,2936350,117454,863250
98000209,2009-10-20,6,6,9,2559675,102387,915000
98000210,2009-10-21,3,7,8,2756975,110279,3017750
98000211,2009-10-22,3,2,5,2178550,87142,1581250
98000212,2009-10-23,7,5,0,2211075,88443,1453750
98000213,2009-10-26,4,5,8,2495725,99829,2151250
98000214,2009-10-27,3,3,6,2173650,86946,1495000
98000215,2009-10-28,2,2,1,2517975,100719,1889250
98000216,2009-10-29,6,1,3,2266775,90671,1647000
98000217,2009-10-30,7,8,3,2373825,94953,1451000
98000218,2009-11-02,6,4,9,2490450,99618,1084500
98000219,2009-11-03,1,3,3,2204875,88195,1067500
98000220,2009-11-04,7,0,4,2598000,103920,780500
98000221,2009-11-05,9,1,4,2432950,97318,1116500
98000222,2009-11-06,3,0,1,2553400,102136,915500
98000223,2009-11-09,2,4,6,2764450,110578,1547500
98000224,2009-11-10,5,3,4,2605875,104235,1363750
98000225,2009-11-11,8,5,5,2909750,116390,1240500
98000226,2009-11-12,4,4,0,2402875,96115,634250
98000227,2009-11-13,8,6,7,2420875,96835,1888750
98000228,2009-11-16,8,4,1,2632650,105306,777500
98000229,2009-11-17,5,7,1,2199750,87990,1024500
98000230,2009-11-18,9,5,3,2538250,101530,1648250
98000231,2009-11-19,9,3,5,2345675,93827,1204500
98000232,2009-11-20,4,2,5,2553425,102137,1367750
98000233,2009-11-23,0,9,6,2667450,106698,2284000
98000234,2009-11-24,9,0,6,2218300,88732,1212000
98000235,2009-11-25,3,2,7,2562800,102512,1724500
98000236,2009-11-26,1,2,4,2410125,96405,1496500
98000237,2009-11-27,8,7,1,2450300,98012,1050750
98000238,2009-11-30,3,7,9,2660625,106425,987750
98000239,2009-12-01,5,6,2,2340350,93614,1529500
98000240,2009-12-02,1,5,0,2650625,106025,1279500
98000241,2009-12-03,2,2,8,2318975,92759,1275250
98000242,2009-12-04,0,1,7,2698825,107953,1271000
98000243,2009-12-07,7,0,6,2845825,113833,670250
98000244,2009-12-08,5,7,4,2584000,103360,680500
98000245,2009-12-09,9,1,4,2829775,113191,644500
98000246,2009-12-10,8,7,3,2644400,105776,871750
98000247,2009-12-11,5,1,3,2753875,110155,1555250
98000248,2009-12-14,8,9,8,2801200,112048,1110000
98000249,2009-12-15,4,7,4,2485600,99424,831750
98000250,2009-12-16,1,9,8,2639000,105560,936000
98000251,2009-12-17,2,3,6,2290650,91626,2409250
98000252,2009-12-18,6,7,5,2502275,100091,842500
98000253,2009-12-21,7,2,6,2491675,99667,1249250
98000254,2009-12-22,1,4,5,2275125,91005,1235250
98000255,2009-12-23,9,8,2,2613100,104524,2675500
98000256,2009-12-24,0,4,5,2138025,85521,624000
98000257,2009-12-25,8,8,5,2166150,86646,1131250
98000258,2009-12-28,4,0,4,2327725,93109,586750
98000259,2009-12-29,0,2,4,2045800,81832,596250
98000260,2009-12-30,0,1,0,2301075,92043,1144500
98000261,2009-12-31,6,6,0,2232725,89309,1117250
99000001,2010-01-01,2,2,1,1921825,76873,1045250
99000002,2010-01-04,8,5,4,2416350,96654,1592750
99000003,2010-01-05,5,4,2,2090450,83618,714250
99000004,2010-01-06,2,7,7,2395000,95800,1251750
99000005,2010-01-07,2,1,8,2117025,84681,1096500
99000006,2010-01-08,5,4,0,2273325,90933,602750
99000007,2010-01-11,2,6,0,2511350,100454,1363250
99000008,2010-01-12,8,7,3,2151875,86075,1238750
99000009,2010-01-13,8,5,0,2393125,95725,857000
99000010,2010-01-14,3,3,8,2196225,87849,1861250
99000011,2010-01-15,2,5,4,2372375,94895,787500
99000012,2010-01-18,8,8,5,2536250,101450,1296000
99000013,2010-01-19,8,6,1,2188000,87520,882250
99000014,2010-01-20,8,9,7,2594975,103799,1939250
99000015,2010-01-21,5,9,2,2172525,86901,917750
99000016,2010-01-22,4,9,4,2211275,88451,850250
99000017,2010-01-25,4,3,2,2416175,96647,1098750
99000018,2010-01-26,5,8,5,2159000,86360,1043000
99000019,2010-01-27,3,2,7,2459775,98391,2189750
99000020,2010-01-28,4,4,9,2114725,84589,903500
99000021,2010-01-29,6,1,5,2313725,92549,1355250
99000022,2010-02-01,2,9,6,2439650,97586,933500
99000023,2010-02-02,1,3,3,2101350,84054,1109000
99000024,2010-02-03,6,3,4,2456950,98278,843000
99000025,2010-02-04,5,4,9,2195500,87820,1572750
99000026,2010-02-05,6,0,6,2259050,90362,1311750
99000027,2010-02-08,7,9,6,2678025,107121,1043750
99000028,2010-02-09,0,7,1,2278975,91159,1938000
99000029,2010-02-10,6,0,3,2556775,102271,914000
99000030,2010-02-11,8,5,2,2505075,100203,2773750
99000031,2010-02-12,2,2,9,2558150,102326,2058000
99000032,2010-02-15,5,5,7,2523150,100926,814750
99000033,2010-02-16,5,4,2,2210275,88411,880000
99000034,2010-02-17,3,1,0,2417550,96702,1942250
99000035,2010-02-18,7,4,1,2412925,96517,972250
99000036,2010-02-19,0,4,6,2478100,99124,645250
99000037,2010-02-22,0,9,0,3224100,128964,889250
99000038,2010-02-23,1,7,4,2557625,102305,1097750
99000039,2010-02-24,5,6,3,2880975,115239,2802500
99000040,2010-02-25,3,0,5,2618025,104721,980250
99000041,2010-02-26,3,9,8,2655875,106235,1596000
99000042,2010-03-01,6,7,0,2968900,118756,1126250
99000043,2010-03-02,0,7,8,2470450,98818,796000
99000044,2010-03-03,2,8,4,2802475,112099,1673500
99000045,2010-03-04,2,2,5,2547225,101889,1584000
99000046,2010-03-05,5,8,4,2542725,101709,1374750
99000047,2010-03-08,2,3,3,2747500,109900,2100500
99000048,2010-03-09,0,1,8,2218450,88738,1259250
99000049,2010-03-10,9,7,7,2635375,105415,877750
99000050,2010-03-11,6,0,9,2450650,98026,1455000
99000051,2010-03-12,6,0,3,2611475,104459,970000
99000052,2010-03-15,3,4,7,2884850,115394,2020000
99000053,2010-03-16,2,0,8,2376675,95067,752000
99000054,2010-03-17,6,1,4,2834825,113393,1414250
99000055,2010-03-18,2,9,6,2480375,99215,1252250
99000056,2010-03-19,1,6,7,2691275,107651,1343000
99000057,2010-03-22,4,3,4,2810250,112410,868750
99000058,2010-03-23,6,1,1,2426050,97042,930750
99000059,2010-03-24,9,2,9,2732850,109314,990250
99000060,2010-03-25,1,0,4,2367275,94691,942250
99000061,2010-03-26,2,8,6,2530850,101234,958500
99000062,2010-03-29,4,2,6,2936825,117473,1517500
99000063,2010-03-30,1,0,5,2432850,97314,1242250
99000064,2010-03-31,8,5,2,2716825,108673,4698750
99000065,2010-04-01,4,5,1,2247900,89916,794250
99000066,2010-04-02,3,3,2,2364300,94572,2083250
99000067,2010-04-05,4,2,4,2300775,92031,1131250
99000068,2010-04-06,6,2,3,2183300,87332,1044000
99000069,2010-04-07,1,2,1,2584175,103367,1361750
99000070,2010-04-08,0,9,1,2209750,88390,731000
99000071,2010-04-09,0,7,9,2461750,98470,1710000
99000072,2010-04-12,7,8,7,2587500,103500,2024250
99000073,2010-04-13,2,1,5,2221475,88859,1149250
99000074,2010-04-14,5,5,0,2563125,102525,1230750
99000075,2010-04-15,9,5,5,2186800,87472,591750
99000076,2010-04-16,0,9,5,2424500,96980,760500
99000077,2010-04-19,3,1,1,2620400,104816,1856500
99000078,2010-04-20,9,5,5,2314875,92595,626500
99000079,2010-04-21,6,0,3,2701675,108067,1657000
99000080,2010-04-22,8,4,4,2374725,94989,2836500
99000081,2010-04-23,0,1,0,2207400,88296,887000
99000082,2010-04-26,6,9,8,2572100,102884,1033000
99000083,2010-04-27,7,0,2,2246175,89847,837750
99000084,2010-04-28,0,0,3,2599975,103999,756250
99000085,2010-04-29,8,5,3,2349350,93974,956500
99000086,2010-04-30,1,5,7,2422575,96903,1037250
99000087,2010-05-03,9,4,1,2595525,103821,583000
99000088,2010-05-04,8,3,4,2324750,92990,1170250
99000089,2010-05-05,2,6,1,2676650,107066,3700000
99000090,2010-05-06,8,0,2,2118600,84744,698750
99000091,2010-05-07,6,5,8,2193375,87735,1102750
99000092,2010-05-10,3,5,2,2395000,95800,1361000
99000093,2010-05-11,4,6,5,2141275,85651,913500
99000094,2010-05-12,5,4,8,2407475,96299,1637000
99000095,2010-05-13,3,4,6,2256850,90274,817000
99000096,2010-05-14,6,0,2,2351400,94056,902500
99000097,2010-05-17,1,0,4,2626650,105066,1764250
99000098,2010-05-18,7,8,6,2183850,87354,1124250
99000099,2010-05-19,9,7,8,2525050,101002,2056250
99000100,2010-05-20,4,1,4,2429800,97192,1513250
99000101,2010-05-21,9,5,0,2375150,95006,736250
99000102,2010-05-24,5,0,8,2503100,100124,2545750
99000103,2010-05-25,1,0,0,2360775,94431,991750
99000104,2010-05-26,4,2,4,2573350,102934,2953500
99000105,2010-05-27,4,8,0,2066900,82676,931250
99000106,2010-05-28,9,4,2,2195075,87803,572000
99000107,2010-05-31,5,6,1,2426125,97045,852500
99000108,2010-06-01,7,8,7,2057425,82297,726250
99000109,2010-06-02,3,6,6,2290900,91636,1079250
99000110,2010-06-03,9,3,6,2084525,83381,3350750
99000111,2010-06-04,4,7,7,2286450,91458,1137750
99000112,2010-06-07,1,0,0,2620950,104838,1283750
99000113,2010-06-08,2,4,0,2378700,95148,686250
99000114,2010-06-09,0,5,9,2743450,109738,1207000
99000115,2010-06-10,6,1,6,2541450,101658,1505500
99000116,2010-06-11,7,2,5,2747575,109903,1351750
99000117,2010-06-14,6,0,5,2869575,114783,789500
99000118,2010-06-15,9,5,3,2653850,106154,1516000
99000119,2010-06-16,2,2,2,2667725,106709,1265750
99000120,2010-06-17,8,2,2,2587075,103483,997500
99000121,2010-06-18,9,6,6,2645100,105804,869750
99000122,2010-06-21,4,6,4,2845425,113817,640750
99000123,2010-06-22,4,8,5,2503100,100124,1558000
99000124,2010-06-23,5,1,6,2809800,112392,981500
99000125,2010-06-24,8,5,3,2555800,102232,648750
99000126,2010-06-25,3,6,4,2653375,106135,769500
99000127,2010-06-28,8,2,8,2751300,110052,1120000
99000128,2010-06-29,2,5,8,2558950,102358,2110250
99000129,2010-06-30,4,8,1,2966875,118675,698000
99000130,2010-07-01,7,2,3,2728375,109135,1831750
99000131,2010-07-02,4,9,8,2801325,112053,4707500
99000132,2010-07-05,1,3,6,2323300,92932,1715000
99000133,2010-07-06,4,0,7,1985775,79431,1247000
99000134,2010-07-07,1,0,7,2353825,94153,1046250
99000135,2010-07-08,8,6,3,2150075,86003,1374500
99000136,2010-07-09,2,7,2,2198875,87955,934750
99000137,2010-07-12,6,0,9,2455025,98201,859500
99000138,2010-07-13,8,3,5,2125275,85011,1242750
99000139,2010-07-14,1,5,4,2421725,96869,1283250
99000140,2010-07-15,1,0,3,2124800,84992,1146000
99000141,2010-07-16,0,1,2,2200550,88022,1756000
99000142,2010-07-19,7,7,2,2373900,94956,867000
99000143,2010-07-20,6,4,3,2068700,82748,1213000
99000144,2010-07-21,0,6,9,2213550,88542,814250
99000145,2010-07-22,8,1,0,2113575,84543,881500
99000146,2010-07-23,1,2,6,2196675,87867,2081000
99000147,2010-07-26,2,7,3,2316500,92660,1167750
99000148,2010-07-27,5,5,9,1982000,79280,1136250
99000149,2010-07-28,3,2,8,2329675,93187,1681000
99000150,2010-07-29,6,0,8,2171775,86871,936500
99000151,2010-07-30,5,2,0,2393050,95722,2118250
99000152,2010-08-02,2,6,0,2432825,97313,1453500
99000153,2010-08-03,2,3,5,2188950,87558,1244000
99000154,2010-08-04,1,2,8,2426450,97058,1401750
99000155,2010-08-05,7,9,6,2316050,92642,1530000
99000156,2010-08-06,2,0,6,2459050,98362,1049000
99000157,2010-08-09,7,5,7,2569050,102762,820500
99000158,2010-08-10,6,1,5,2328650,93146,1181000
99000159,2010-08-11,4,6,8,2600100,104004,1138250
99000160,2010-08-12,9,3,2,2326100,93044,1181750
99000161,2010-08-13,7,7,1,2512675,100507,1193000
99000162,2010-08-16,3,1,9,2631775,105271,1450250
99000163,2010-08-17,0,5,5,2268925,90757,1043000
99000164,2010-08-18,0,8,2,2647200,105888,2421750
99000165,2010-08-19,9,3,3,2110250,84410,1088000
99000166,2010-08-20,4,7,7,2167375,86695,765250
99000167,2010-08-23,9,7,8,2432900,97316,862500
99000168,2010-08-24,4,5,7,2040100,81604,791250
99000169,2010-08-25,6,7,5,2299475,91979,654750
99000170,2010-08-26,4,9,2,2196900,87876,704500
99000171,2010-08-27,7,8,1,2288775,91551,1168500
99000172,2010-08-30,0,6,3,2349475,93979,1461000
99000173,2010-08-31,3,5,6,2122225,84889,869000
99000174,2010-09-01,9,8,5,2449375,97975,863750
99000175,2010-09-02,7,4,6,2304475,92179,2211750
99000176,2010-09-03,5,3,3,2284825,91393,1332500
99000177,2010-09-06,3,6,9,2609075,104363,4389500
99000178,2010-09-07,5,1,7,2228600,89144,1486250
99000179,2010-09-08,6,6,8,2303050,92122,963000
99000180,2010-09-09,4,2,6,2254225,90169,1859000
99000181,2010-09-10,9,4,7,2349025,93961,1202500
99000182,2010-09-13,5,0,1,2619450,104778,1883750
99000183,2010-09-14,4,5,5,2074725,82989,1058500
99000184,2010-09-15,6,3,3,2173675,86947,964250
99000185,2010-09-16,9,1,0,2079750,83190,870750
99000186,2010-09-17,7,1,2,2176700,87068,1456750
99000187,2010-09-20,3,3,5,2148225,85929,760750
99000188,2010-09-21,5,2,8,2178200,87128,1958750
99000189,2010-09-22,0,4,8,1912925,76517,512000
99000190,2010-09-23,6,5,5,2153250,86130,830250
99000191,2010-09-24,4,6,9,2171600,86864,1262500
99000192,2010-09-27,0,0,3,2417725,96709,1521250
99000193,2010-09-28,8,1,2,2075875,83035,1011250
99000194,2010-09-29,6,2,2,2147900,85916,1962500
99000195,2010-09-30,4,7,4,2037650,81506,1873000
99000196,2010-10-01,8,3,5,2152175,86087,1813000
99000197,2010-10-04,6,0,8,2407475,96299,879500
99000198,2010-10-05,2,1,5,2346775,93871,1362750
99000199,2010-10-06,3,9,5,2502700,100108,2556750
99000200,2010-10-07,0,9,8,2231000,89240,635750
99000201,2010-10-08,1,7,4,2405675,96227,1744250
99000202,2010-10-11,6,6,6,2685425,107417,1414500
99000203,2010-10-12,0,4,0,2243750,89750,557500
99000204,2010-10-13,0,6,7,2321525,92861,650250
99000205,2010-10-14,7,8,3,2455400,98216,3840000
99000206,2010-10-15,1,0,6,2267675,90707,1849750
99000207,2010-10-18,0,9,9,2416200,96648,1069750
99000208,2010-10-19,9,9,7,2029675,81187,659250
99000209,2010-10-20,3,1,2,2120450,84818,1644750
99000210,2010-10-21,5,0,6,1934500,77380,737000
99000211,2010-10-22,8,3,3,2192025,87681,1492750
99000212,2010-10-25,8,4,3,2462800,98512,804000
99000213,2010-10-26,5,1,8,2098550,83942,1442000
99000214,2010-10-27,2,8,2,2365575,94623,1100500
99000215,2010-10-28,9,9,4,2138750,85550,604750
99000216,2010-10-29,9,5,7,2301550,92062,2111250
99000217,2010-11-01,7,4,0,2370550,94822,912750
99000218,2010-11-02,8,7,7,2019050,80762,762250
99000219,2010-11-03,3,1,6,2196750,87870,1730000
99000220,2010-11-04,9,5,8,2038250,81530,833500
99000221,2010-11-05,7,3,3,2286550,91462,1257250
99000222,2010-11-08,9,0,3,2622475,104899,1502250
99000223,2010-11-09,0,5,0,2226425,89057,594250
99000224,2010-11-10,1,2,3,2431225,97249,4113750
99000225,2010-11-11,5,3,4,2169900,86796,1047750
99000226,2010-11-12,2,4,8,2318275,92731,1383500
99000227,2010-11-15,6,2,5,2481325,99253,1192250
99000228,2010-11-16,9,3,8,2184625,87385,1027000
99000229,2010-11-17,1,0,8,2388275,95531,1740250
99000230,2010-11-18,5,5,4,2354750,94190,672750
99000231,2010-11-19,3,6,5,2400425,96017,2337500
99000232,2010-11-22,0,4,5,2544050,101762,581250
99000233,2010-11-23,0,0,5,2233350,89334,688750
99000234,2010-11-24,0,1,7,2313300,92532,1347500
99000235,2010-11-25,2,1,6,2094575,83783,1157750
99000236,2010-11-26,7,1,2,2428825,97153,866250
99000237,2010-11-29,0,3,6,2610400,104416,1317750
99000238,2010-11-30,2,7,4,2356800,94272,1611000
99000239,2010-12-01,7,9,4,2445500,97820,931500
99000240,2010-12-02,7,4,4,2377575,95103,1035000
99000241,2010-12-03,9,0,4,2405200,96208,560250
99000242,2010-12-06,3,3,7,2759350,110374,1060500
99000243,2010-12-07,6,7,8,2430550,97222,903000
99000244,2010-12-08,1,0,2,2663525,106541,1935750
99000245,2010-12-09,9,4,5,2612150,104486,919000
99000246,2010-12-10,1,0,0,2832700,113308,2273500
99000247,2010-12-13,5,8,0,3138575,125543,4153500
99000248,2010-12-14,8,5,8,2262825,90513,1729750
99000249,2010-12-15,4,1,1,2244125,89765,1211250
99000250,2010-12-16,7,2,9,1842550,73702,2215250
99000251,2010-12-17,6,0,5,2142775,85711,990500
99000252,2010-12-20,0,9,8,2467475,98699,884250
99000253,2010-12-21,1,5,6,2260325,90413,1481000
99000254,2010-12-22,1,7,0,2236125,89445,634000
99000255,2010-12-23,6,8,7,2334700,93388,881500
99000256,2010-12-24,9,3,7,2502575,100103,1031250
99000257,2010-12-27,1,9,5,2634050,105362,873750
99000258,2010-12-28,9,5,1,2442025,97681,542250
99000259,2010-12-29,1,9,1,2725525,109021,1224250
99000260,2010-12-30,3,5,6,2679200,107168,1111250
99000261,2010-12-31,4,9,8,3068425,122737,646000
100000001,2011-01-01,8,2,2,1779675,71187,910750
100000002,2011-01-03,4,0,8,2869875,114795,928500
100000003,2011-01-04,0,4,9,2774025,110961,804000
100000004,2011-01-05,4,1,7,2953425,118137,1712250
100000005,2011-01-06,9,8,4,2768600,110744,719000
100000006,2011-01-07,3,7,0,2965225,118609,1353500
100000007,2011-01-08,0,0,2,2263525,90541,628000
100000008,2011-01-10,7,0,7,3066150,122646,747250
100000009,2011-01-11,0,4,6,2714725,108589,637750
100000010,2011-01-12,6,6,1,2812250,112490,5049000
100000011,2011-01-13,5,4,8,2164225,86569,1448250
100000012,2011-01-14,1,9,7,2347375,93895,1366750
100000013,2011-01-15,7,3,8,1643500,65740,1037250
100000014,2011-01-17,3,1,2,2384100,95364,1639750
100000015,2011-01-18,0,5,5,2197475,87899,2345000
100000016,2011-01-19,9,9,2,2253300,90132,629500
100000017,2011-01-20,5,6,5,2108150,84326,745250
100000018,2011-01-21,1,1,1,2151750,86070,1800000
100000019,2011-01-22,7,0,5,1686475,67459,747250
100000020,2011-01-24,5,5,2,2394575,95783,778750
100000021,2011-01-25,2,2,0,2223225,88929,2093000
100000022,2011-01-26,7,9,1,2271300,90852,566250
100000023,2011-01-27,3,1,5,2178525,87141,1404500
100000024,2011-01-28,5,0,8,2386450,95458,1240500
100000025,2011-01-29,6,4,0,1844125,73765,886250
100000026,2011-01-31,7,5,9,2502075,100083,827750
100000027,2011-02-01,6,0,3,2525675,101027,2103000
100000028,2011-02-02,2,2,5,2126050,85042,1344500
100000029,2011-02-03,8,9,6,2070300,82812,998000
100000030,2011-02-04,9,1,2,2391150,95646,1135250
100000031,2011-02-05,4,9,5,1987150,79486,613500
100000032,2011-02-07,3,5,0,2703675,108147,1302750
100000033,2011-02-08,7,3,7,2761375,110455,1209500
100000034,2011-02-09,9,1,2,2441400,97656,880500
100000035,2011-02-10,6,9,8,2681425,107257,1529500
100000036,2011-02-11,1,1,1,2804250,112170,3432500
100000037,2011-02-12,3,3,3,2243300,89732,2669250
100000038,2011-02-14,3,4,7,3046300,121852,1466250
100000039,2011-02-15,1,2,5,2749650,109986,2099500
100000040,2011-02-16,4,3,3,2917325,116693,1143000
100000041,2011-02-17,6,4,5,2797550,111902,894750
100000042,2011-02-18,2,8,2,2843475,113739,2543500
100000043,2011-02-19,5,2,2,2193525,87741,1217500
100000044,2011-02-21,3,9,1,3171450,126858,1195000
100000045,2011-02-22,2,8,6,2911600,116464,1043500
100000046,2011-02-23,7,9,4,2988975,119559,807500
100000047,2011-02-24,3,7,9,2924500,116980,3740500
100000048,2011-02-25,5,9,2,2838775,113551,760500
100000049,2011-02-26,8,9,3,2246300,89852,667000
100000050,2011-02-28,4,2,6,2753375,110135,1266250
100000051,2011-03-01,4,6,5,2678500,107140,1554000
100000052,2011-03-02,6,8,0,2713025,108521,1243250
100000053,2011-03-03,5,8,9,2599975,103999,1404500
100000054,2011-03-04,0,4,3,2797175,111887,1254250
100000055,2011-03-05,2,6,1,2296100,91844,943750
100000056,2011-03-07,5,6,6,2976925,119077,1369000
100000057,2011-03-08,6,5,6,2725025,109001,1957250
100000058,2011-03-09,5,5,8,2820450,112818,1475750
100000059,2011-03-10,2,6,9,2738900,109556,1148000
100000060,2011-03-11,5,0,8,2711725,108469,1891250
100000061,2011-03-12,2,5,9,2144775,85791,868000
100000062,2011-03-14,5,6,6,2648050,105922,1211750
100000063,2011-03-15,7,1,8,2600950,104038,1783750
100000064,2011-03-16,8,1,5,2456975,98279,1386500
100000065,2011-03-17,1,4,7,2357000,94280,1905500
100000066,2011-03-18,0,1,9,2598725,103949,1036000
100000067,2011-03-19,2,3,3,2161700,86468,2167000
100000068,2011-03-21,0,9,1,2675675,107027,665500
100000069,2011-03-22,2,7,0,2367425,94697,1164750
100000070,2011-03-23,0,8,4,2550650,102026,764500
100000071,2011-03-24,4,1,7,2305850,92234,1171750
100000072,2011-03-25,0,6,8,2510525,100421,951750
100000073,2011-03-26,1,9,6,2049925,81997,819250
100000074,2011-03-28,3,1,9,2496375,99855,2346250
100000075,2011-03-29,6,2,2,2384050,95362,2724000
100000076,2011-03-30,5,5,3,2307100,92284,1737500
100000077,2011-03-31,5,4,8,2298525,91941,1475000
100000078,2011-04-01,5,0,3,2348875,93955,1445250
100000079,2011-04-02,1,7,3,1875025,75001,781750
100000080,2011-04-04,5,5,5,2243325,89733,3896750
100000081,2011-04-05,8,2,8,2228600,89144,1050000
100000082,2011-04-06,5,5,1,2587350,103494,867250
100000083,2011-04-07,0,4,5,2587325,103493,921000
100000084,2011-04-08,3,3,2,2648850,105954,2810250
100000085,2011-04-09,6,7,6,2229025,89161,748000
100000086,2011-04-11,0,3,4,2818275,112731,726000
100000087,2011-04-12,8,2,7,2496150,99846,841750
100000088,2011-04-13,0,9,0,2603300,104132,1045250
100000089,2011-04-14,5,4,9,2411675,96467,707500
100000090,2011-04-15,9,2,0,2544275,101771,868000
100000091,2011-04-16,3,3,3,2100375,84015,3111000
100000092,2011-04-18,3,1,7,2850700,114028,1815750
100000093,2011-04-19,6,4,2,2612975,104519,915500
100000094,2011-04-20,0,9,4,2651700,106068,568750
100000095,2011-04-21,2,9,4,2469925,98797,590750
100000096,2011-04-22,7,0,5,2573200,102928,1270500
100000097,2011-04-23,7,9,3,2216325,88653,402000
100000098,2011-04-25,0,8,2,2787025,111481,2404750
100000099,2011-04-26,9,9,4,2220775,88831,577750
100000100,2011-04-27,7,2,7,2399475,95979,966250
100000101,2011-04-28,7,3,0,2387750,95510,652000
100000102,2011-04-29,2,9,4,2467050,98682,1035000
100000103,2011-04-30,1,8,9,2177950,87118,854250
100000104,2011-05-02,3,3,4,2623025,104921,1281000
100000105,2011-05-03,4,9,6,2448350,97934,790000
100000106,2011-05-04,1,9,0,2559250,102370,692750
100000107,2011-05-05,1,6,8,2607725,104309,5791000
100000108,2011-05-06,9,8,6,2402250,96090,860750
100000109,2011-05-07,1,0,8,2005050,80202,1395000
100000110,2011-05-09,2,2,2,2459625,98385,4070750
100000111,2011-05-10,7,4,9,2895500,115820,995250
100000112,2011-05-11,1,0,8,2657175,106287,1563500
100000113,2011-05-12,6,9,0,2561300,102452,822500
100000114,2011-05-13,0,5,9,2713550,108542,3210750
100000115,2011-05-14,6,8,2,1960175,78407,510500
100000116,2011-05-16,8,3,5,2393175,95727,1544250
100000117,2011-05-17,9,6,2,2310625,92425,947500
100000118,2011-05-18,3,3,4,2491425,99657,1415000
100000119,2011-05-19,2,6,5,2569025,102761,1316750
100000120,2011-05-20,3,3,9,2608850,104354,1067250
100000121,2011-05-21,3,2,9,2391450,95658,1180000
100000122,2011-05-23,1,4,1,2711625,108465,689000
100000123,2011-05-24,9,1,0,2607500,104300,1778250
100000124,2011-05-25,2,4,5,2803275,112131,824750
100000125,2011-05-26,0,1,1,2695050,107802,1072750
100000126,2011-05-27,8,0,8,2770150,110806,1049750
100000127,2011-05-28,0,0,5,2496675,99867,506750
100000128,2011-05-30,8,2,4,2943800,117752,672000
100000129,2011-05-31,2,6,4,2730600,109224,604250
100000130,2011-06-01,1,3,3,2817450,112698,1707500
100000131,2011-06-02,0,8,7,2804300,112172,957500
100000132,2011-06-03,6,2,1,2962925,118517,956000
100000133,2011-06-04,6,6,8,2634975,105399,710250
100000134,2011-06-06,5,6,8,2890550,115622,1520500
100000135,2011-06-07,5,6,0,2895000,115800,695000
100000136,2011-06-08,9,8,5,3003625,120145,690250
100000137,2011-06-09,6,3,1,2839125,113565,1038250
100000138,2011-06-10,6,7,7,2952025,118081,5048000
100000139,2011-06-11,8,7,1,2077575,83103,721000
100000140,2011-06-13,4,3,6,2299725,91989,718500
100000141,2011-06-14,4,2,7,2122725,84909,861000
100000142,2011-06-15,3,5,8,2163800,86552,2220000
100000143,2011-06-16,6,1,6,2097550,83902,5301750
100000144,2011-06-17,8,0,4,2335975,93439,727500
100000145,2011-06-18,3,0,3,1879250,75170,777250
100000146,2011-06-20,7,6,5,2371550,94862,1567500
100000147,2011-06-21,4,5,6,2157325,86293,2284250
100000148,2011-06-22,2,9,8,2440475,97619,1973000
100000149,2011-06-23,4,7,0,1982025,79281,765000
100000150,2011-06-24,0,0,6,2137500,85500,810000
100000151,2011-06-25,8,3,8,1707875,68315,937750
100000152,2011-06-27,1,5,8,2107675,84307,1005750
100000153,2011-06-28,2,3,3,1976425,79057,1519750
100000154,2011-06-29,6,4,8,2113825,84553,1559000
100000155,2011-06-30,5,8,5,1990800,79632,1370000
100000156,2011-07-01,3,9,2,2161550,86462,939500
100000157,2011-07-02,9,2,5,1803400,72136,1422000
100000158,2011-07-04,1,6,2,2132575,85303,1201000
100000159,2011-07-05,1,2,6,2029100,81164,1551500
100000160,2011-07-06,0,7,6,2246450,89858,804250
100000161,2011-07-07,8,3,0,2074550,82982,1205250
100000162,2011-07-08,0,1,6,2112075,84483,893250
100000163,2011-07-09,6,7,3,1836650,73466,597000
100000164,2011-07-11,9,7,5,2332300,93292,961500
100000165,2011-07-12,7,3,0,2023425,80937,572250
100000166,2011-07-13,5,8,1,2115700,84628,843250
100000167,2011-07-14,9,7,9,2001825,80073,543000
100000168,2011-07-15,3,0,2,2133325,85333,1182250
100000169,2011-07-16,1,4,6,1820975,72839,1567000
100000170,2011-07-18,9,0,9,2154850,86194,1217000
100000171,2011-07-19,9,4,6,2040575,81623,529750
100000172,2011-07-20,3,4,1,2184700,87388,645000
100000173,2011-07-21,0,4,9,2004825,80193,451750
100000174,2011-07-22,2,8,5,2152450,86098,1675000
100000175,2011-07-23,4,5,5,1873825,74953,1813000
100000176,2011-07-25,6,1,6,2055875,82235,879500
100000177,2011-07-26,8,8,2,2005525,80221,886750
100000178,2011-07-27,0,0,3,2038075,81523,834000
100000179,2011-07-28,9,3,0,1976900,79076,834000
100000180,2011-07-29,3,7,8,2016350,80654,1095250
100000181,2011-07-30,8,8,9,1720025,68801,809000
100000182,2011-08-01,0,5,3,2238475,89539,842500
100000183,2011-08-02,1,0,1,2098475,83939,2190000
100000184,2011-08-03,6,2,4,2197850,87914,1613250
100000185,2011-08-04,5,9,7,2090925,83637,2657250
100000186,2011-08-05,6,9,7,2080125,83205,718000
100000187,2011-08-06,8,8,8,1861000,74440,5640500
100000188,2011-08-08,8,6,4,2885625,115425,1675750
100000189,2011-08-09,3,4,7,2091425,83657,1299750
100000190,2011-08-10,0,8,9,2257425,90297,1038500
100000191,2011-08-11,9,9,1,2164575,86583,874000
100000192,2011-08-12,2,1,8,2267550,90702,2209750
100000193,2011-08-13,4,8,6,1926000,77040,558750
100000194,2011-08-15,6,2,4,2368750,94750,1121000
100000195,2011-08-16,5,2,1,2132550,85302,1103500
100000196,2011-08-17,6,6,3,2155600,86224,1071250
100000197,2011-08-18,9,9,4,2156500,86260,781250
100000198,2011-08-19,6,9,8,2223375,88935,668750
100000199,2011-08-20,8,3,0,1915100,76604,1324250
100000200,2011-08-22,4,7,7,2393750,95750,1328750
100000201,2011-08-23,4,0,7,2123200,84928,1158000
100000202,2011-08-24,7,0,1,2048850,81954,926250
100000203,2011-08-25,2,4,2,2078775,83151,765750
100000204,2011-08-26,0,2,5,2138250,85530,983250
100000205,2011-08-27,9,6,8,1775925,71037,700750
100000206,2011-08-29,2,5,5,2055275,82211,1928000
100000207,2011-08-30,0,5,2,1900900,76036,847750
100000208,2011-08-31,4,2,1,2105975,84239,513500
100000209,2011-09-01,1,9,4,2083725,83349,819500
100000210,2011-09-02,5,2,5,2113975,84559,1292750
100000211,2011-09-03,4,3,7,2025875,81035,959500
100000212,2011-09-05,7,6,4,2449975,97999,557250
100000213,2011-09-06,0,0,1,2334375,93375,879250
100000214,2011-09-07,1,6,6,2489625,99585,976250
100000215,2011-09-08,5,1,9,2593100,103724,3361000
100000216,2011-09-09,1,0,1,2307075,92283,1919500
100000217,2011-09-10,8,0,6,2221375,88855,922500
100000218,2011-09-12,3,6,6,2277625,91105,723500
100000219,2011-09-13,2,3,0,2233325,89333,970000
100000220,2011-09-14,0,3,5,2359275,94371,907500
100000221,2011-09-15,1,8,5,2416400,96656,3177750
100000222,2011-09-16,4,1,7,2426250,97050,1399000
100000223,2011-09-17,7,8,9,2093050,83722,1443500
100000224,2011-09-19,8,6,3,2718650,108746,1000750
100000225,2011-09-20,6,2,1,2558600,102344,1698750
100000226,2011-09-21,4,7,1,2657875,106315,2968250
100000227,2011-09-22,4,9,2,2272175,90887,920250
100000228,2011-09-23,1,8,4,2367525,94701,719250
100000229,2011-09-24,5,3,7,1970400,78816,1242000
100000230,2011-09-26,5,7,8,2654025,106161,1058250
100000231,2011-09-27,2,5,4,2391825,95673,789250
100000232,2011-09-28,9,1,8,2569800,102792,1200750
100000233,2011-09-29,2,5,0,2658050,106322,1066750
100000234,2011-09-30,9,6,5,2748750,109950,983250
100000235,2011-10-01,6,5,6,2489825,99593,1005750
100000236,2011-10-03,7,6,9,2796525,111861,636250
100000237,2011-10-04,5,5,0,2709525,108381,959750
100000238,2011-10-05,2,0,1,2992950,119718,1432500
100000239,2011-10-06,1,5,0,2887925,115517,1177500
100000240,2011-10-07,6,0,8,3067825,122713,891500
100000241,2011-10-08,6,9,0,2779050,111162,1041750
100000242,2011-10-10,0,7,1,3199650,127986,713000
100000243,2011-10-11,1,3,9,2857825,114313,1117250
100000244,2011-10-12,6,1,0,2912825,116513,1310000
100000245,2011-10-13,9,3,0,2838450,113538,794750
100000246,2011-10-14,7,0,8,2867150,114686,574750
100000247,2011-10-15,6,9,3,2654225,106169,1780750
100000248,2011-10-17,3,1,4,3046925,121877,977000
100000249,2011-10-18,5,9,4,2810850,112434,823250
100000250,2011-10-19,5,6,3,2808575,112343,1162500
100000251,2011-10-20,8,0,0,2805825,112233,705500
100000252,2011-10-21,4,1,3,2906350,116254,830500
100000253,2011-10-22,7,9,7,2552925,102117,866000
100000254,2011-10-24,0,2,4,2947250,117890,1584750
100000255,2011-10-25,4,1,0,2651400,106056,876750
100000256,2011-10-26,4,4,0,2930775,117231,5236000
100000257,2011-10-27,2,2,7,2128250,85130,1409500
100000258,2011-10-28,9,3,0,2089325,83573,797750
100000259,2011-10-29,4,7,3,1861425,74457,612500
100000260,2011-10-31,3,6,7,2271650,90866,1062500
100000261,2011-11-01,6,3,3,2090700,83628,1410500
100000262,2011-11-02,0,7,0,2217400,88696,503500
100000263,2011-11-03,6,0,5,2075000,83000,816750
100000264,2011-11-04,3,5,2,2218150,88726,1825750
100000265,2011-11-05,7,4,0,1929475,77179,599750
100000266,2011-11-07,3,8,1,2088425,83537,2392750
100000267,2011-11-08,6,2,6,1977525,79101,1234000
100000268,2011-11-09,8,6,4,1939175,77567,884250
100000269,2011-11-10,6,4,5,1885875,75435,1214750
100000270,2011-11-11,4,2,6,2332900,93316,1109500
100000271,2011-11-12,1,4,6,1953100,78124,797000
100000272,2011-11-14,1,3,1,2406450,96258,1434000
100000273,2011-11-15,6,8,8,2138050,85522,969500
100000274,2011-11-16,6,8,7,2233025,89321,995500
100000275,2011-11-17,1,8,9,2076950,83078,694500
100000276,2011-11-18,4,4,9,2234400,89376,632500
100000277,2011-11-19,2,2,1,1894500,75780,1086000
100000278,2011-11-21,7,7,7,2341500,93660,3852250
100000279,2011-11-22,4,1,8,2158825,86353,1150500
100000280,2011-11-23,7,4,0,2232100,89284,965000
100000281,2011-11-24,2,4,8,2118125,84725,830500
100000282,2011-11-25,1,0,1,2259825,90393,4854750
100000283,2011-11-26,2,4,6,1912300,76492,1096500
100000284,2011-11-28,1,3,4,2456075,98243,1216250
100000285,2011-11-29,0,4,2,2250025,90001,719250
100000286,2011-11-30,4,7,0,2362450,94498,755000
100000287,2011-12-01,5,6,9,2179600,87184,1413250
100000288,2011-12-02,8,6,7,2201600,88064,867000
100000289,2011-12-03,4,3,8,2084050,83362,1117000
100000290,2011-12-05,2,2,4,2369975,94799,1070500
100000291,2011-12-06,3,6,6,2435000,97400,1212750
100000292,2011-12-07,7,3,6,2488300,99532,915250
100000293,2011-12-08,4,6,2,2397125,95885,1228000
100000294,2011-12-09,4,3,4,2507000,100280,1105500
100000295,2011-12-10,6,3,0,2122725,84909,818250
100000296,2011-12-12,3,8,2,2510875,100435,935000
100000297,2011-12-13,3,9,5,2392625,95705,2887500
100000298,2011-12-14,0,8,5,2199925,87997,814750
100000299,2011-12-15,3,5,5,2136950,85478,1769000
100000300,2011-12-16,3,0,0,2089950,83598,1102000
100000301,2011-12-17,0,9,6,1869600,74784,909250
100000302,2011-12-19,2,3,2,2210475,88419,1363250
100000303,2011-12-20,1,5,0,2113000,84520,1595250
100000304,2011-12-21,5,5,2,2160575,86423,1213500
100000305,2011-12-22,5,7,6,2024300,80972,652500
100000306,2011-12-23,4,6,4,2074050,82962,838750
100000307,2011-12-24,9,5,7,1797025,71881,598250
100000308,2011-12-26,2,9,7,2111625,84465,728500
100000309,2011-12-27,1,6,1,2007225,80289,786250
100000310,2011-12-28,7,4,0,2099225,83969,909000
100000311,2011-12-29,5,0,0,2070875,82835,1235250
100000312,2011-12-30,4,9,8,2110150,84406,592500
100000313,2011-12-31,8,0,9,1925425,77017,445250
101000001,2012-01-02,0,0,1,2247525,89901,2213250
101000002,2012-01-03,9,2,2,2197500,87900,1129500
101000003,2012-01-04,2,3,3,2069600,82784,1783000
101000004,2012-01-05,4,7,0,2036200,81448,1197500
101000005,2012-01-06,3,6,6,2254975,90199,1470250
101000006,2012-01-07,1,1,5,2082250,83290,2615750
101000007,2012-01-09,4,2,6,2402800,96112,2531250
101000008,2012-01-10,6,7,9,2211600,88464,919250
101000009,2012-01-11,0,5,4,2383625,95345,646750
101000010,2012-01-12,5,8,7,2241200,89648,1879500
101000011,2012-01-13,4,0,4,2359800,94392,613250
101000012,2012-01-14,8,7,1,2057525,82301,757500
101000013,2012-01-16,2,3,3,2634475,105379,1683000
101000014,2012-01-17,7,9,3,2262200,90488,716500
101000015,2012-01-18,7,7,9,2393000,95720,895500
101000016,2012-01-19,4,9,9,2345575,93823,1016500
101000017,2012-01-20,0,9,1,2451700,98068,688750
101000018,2012-01-21,3,9,0,2292350,91694,789250
101000019,2012-01-23,3,1,6,2295075,91803,1554250
101000020,2012-01-24,9,3,2,2327375,93095,749750
101000021,2012-01-25,3,8,3,2067175,82687,1104250
101000022,2012-01-26,1,9,7,2274125,90965,1095500
101000023,2012-01-27,9,1,8,2503900,100156,943250
101000024,2012-01-28,4,3,9,2284750,91390,591000
101000025,2012-01-30,2,8,8,2704050,108162,2201000
101000026,2012-01-31,1,3,3,2445950,97838,1638000
101000027,2012-02-01,5,9,4,2569950,102798,829000
101000028,2012-02-02,4,9,0,2372325,94893,979000
101000029,2012-02-03,1,2,1,2366300,94652,2018500
101000030,2012-02-04,7,9,0,2309400,92376,502000
101000031,2012-02-06,0,7,5,3318600,132744,1110750
101000032,2012-02-07,9,9,3,2708550,108342,1317250
101000033,2012-02-08,0,9,6,2588200,103528,1463000
101000034,2012-02-09,9,9,2,2744275,109771,1017000
101000035,2012-02-10,9,3,8,3036375,121455,1266750
101000036,2012-02-11,2,7,3,2492100,99684,981000
101000037,2012-02-13,0,6,7,3005875,120235,762250
101000038,2012-02-14,6,6,0,2960075,118403,1415750
101000039,2012-02-15,0,2,8,2749500,109980,1056750
101000040,2012-02-16,2,7,4,2735700,109428,753250
101000041,2012-02-17,5,6,0,3133200,125328,1080750
101000042,2012-02-18,9,0,2,2559250,102370,926500
101000043,2012-02-20,5,2,4,3097850,123914,964500
101000044,2012-02-21,6,3,8,2926450,117058,1476250
101000045,2012-02-22,1,8,2,3199225,127969,1113750
101000046,2012-02-23,6,2,5,2950325,118013,1562500
101000047,2012-02-24,2,9,6,2996900,119876,1234000
101000048,2012-02-25,8,8,1,2568700,102748,930250
101000049,2012-02-27,6,1,1,2951525,118061,1445750
101000050,2012-02-28,2,3,4,2742300,109692,1294500
101000051,2012-02-29,2,3,9,2975675,119027,1358750
101000052,2012-03-01,4,6,6,2994325,119773,789500
101000053,2012-03-02,6,8,1,3077800,123112,1707500
101000054,2012-03-03,2,8,7,2990750,119630,1068000
101000055,2012-03-05,0,1,2,3374725,134989,1303250
101000056,2012-03-06,8,5,3,3188975,127559,1815500
101000057,2012-03-07,8,2,3,3247300,129892,1616250
101000058,2012-03-08,6,0,8,3229100,129164,1347250
101000059,2012-03-09,4,5,9,3197550,127902,1017500
101000060,2012-03-10,0,0,8,2994875,119795,868750
101000061,2012-03-12,4,0,3,3213275,128531,804000
101000062,2012-03-13,6,0,7,3054475,122179,1055250
101000063,2012-03-14,8,8,5,3104475,124179,1302750
101000064,2012-03-15,5,7,5,2942225,117689,875750
101000065,2012-03-16,5,0,1,3112875,124515,1296750
101000066,2012-03-17,1,2,2,2635375,105415,1285750
101000067,2012-03-19,5,2,3,3122100,124884,1767250
101000068,2012-03-20,5,3,2,2887025,115481,1047500
101000069,2012-03-21,0,6,1,2637925,105517,871000
101000070,2012-03-22,5,5,9,2484300,99372,966250
101000071,2012-03-23,1,3,7,2613625,104545,1237500
101000072,2012-03-24,1,6,8,2181150,87246,2056000
101000073,2012-03-26,3,3,8,2836475,113459,1523000
101000074,2012-03-27,7,7,8,2459525,98381,888750
101000075,2012-03-28,1,5,5,2563325,102533,1028000
101000076,2012-03-29,8,2,7,2437000,97480,1121250
101000077,2012-03-30,3,8,2,2527800,101112,1319250
101000078,2012-03-31,1,2,0,2107000,84280,1183500
101000079,2012-04-02,1,8,5,2734575,109383,1103000
101000080,2012-04-03,2,8,7,2425000,97000,687000
101000081,2012-04-04,0,6,5,2281400,91256,690500
101000082,2012-04-05,2,3,7,2409125,96365,1705750
101000083,2012-04-06,3,8,5,2630600,105224,1815000
101000084,2012-04-07,3,2,8,2410900,96436,1812250
101000085,2012-04-09,8,0,8,2876825,115073,2635500
101000086,2012-04-10,1,7,4,2790525,111621,1193000
101000087,2012-04-11,0,7,1,2911175,116447,712250
101000088,2012-04-12,5,8,9,2663475,106539,1255750
101000089,2012-04-13,4,2,4,2744700,109788,916000
101000090,2012-04-14,6,8,8,2198800,87952,1094250
101000091,2012-04-16,8,5,8,2558450,102338,1280000
101000092,2012-04-17,1,4,4,2407825,96313,1897750
101000093,2012-04-18,6,4,5,2382500,95300,1157250
101000094,2012-04-19,5,1,8,2256200,90248,1787000
101000095,2012-04-20,5,7,4,2392700,95708,598750
101000096,2012-04-21,6,7,6,2134300,85372,782250
101000097,2012-04-23,2,2,9,2485425,99417,1275500
101000098,2012-04-24,3,9,1,2207225,88289,1417500
101000099,2012-04-25,2,6,4,2111500,84460,1787750
101000100,2012-04-26,8,7,2,2118375,84735,743500
101000101,2012-04-27,9,7,8,2300100,92004,1129250
101000102,2012-04-28,6,3,8,1974725,78989,1082500
101000103,2012-04-30,9,2,8,2376700,95068,953250
101000104,2012-05-01,5,0,2,2140925,85637,1643250
101000105,2012-05-02,9,4,4,2225025,89001,698250
101000106,2012-05-03,0,6,6,2206925,88277,765750
101000107,2012-05-04,9,7,3,2287175,91487,592000
101000108,2012-05-05,0,2,0,1976025,79041,702000
101000109,2012-05-07,6,3,9,2436175,97447,2209750
101000110,2012-05-08,0,2,8,2234000,89360,872500
101000111,2012-05-09,4,1,3,2325975,93039,1157000
101000112,2012-05-10,6,8,6,2219850,88794,1432000
101000113,2012-05-11,3,2,9,2330800,93232,1835750
101000114,2012-05-12,0,7,4,2116400,84656,780000
101000115,2012-05-14,6,2,7,2300125,92005,1267500
101000116,2012-05-15,6,6,5,2176675,87067,840750
101000117,2012-05-16,1,0,6,2185675,87427,1770000
101000118,2012-05-17,3,3,6,2040875,81635,1161500
101000119,2012-05-18,8,5,5,2178200,87128,1314500
101000120,2012-05-19,0,3,4,1997500,79900,787500
101000121,2012-05-21,0,3,4,2279275,91171,729500
101000122,2012-05-22,7,3,4,2150950,86038,580500
101000123,2012-05-23,4,4,8,2206125,88245,847250
101000124,2012-05-24,6,9,5,2062850,82514,835750
101000125,2012-05-25,2,6,6,2128575,85143,1694250
101000126,2012-05-26,6,4,3,1853300,74132,636000
101000127,2012-05-28,2,5,9,2123700,84948,1019000
101000128,2012-05-29,7,1,8,1980050,79202,1163750
101000129,2012-05-30,7,5,6,2062675,82507,786500
101000130,2012-05-31,1,7,9,1945475,77819,1061500
101000131,2012-06-01,8,3,7,2125025,85001,1161250
101000132,2012-06-02,0,2,5,1855000,74200,1297500
101000133,2012-06-04,3,0,8,2273925,90957,1269250
101000134,2012-06-05,9,1,6,2120100,84804,1102250
101000135,2012-06-06,2,1,1,2314125,92565,1454250
101000136,2012-06-07,3,3,0,2006350,80254,2489000
101000137,2012-06-08,2,5,1,2107375,84295,892250
101000138,2012-06-09,4,3,4,1867875,74715,690000
101000139,2012-06-11,6,1,3,2223250,88930,1654250
101000140,2012-06-12,1,7,4,1917825,76713,1008750
101000141,2012-06-13,6,6,0,2244650,89786,1019750
101000142,2012-06-14,6,0,8,1950775,78031,1125750
101000143,2012-06-15,6,4,0,2081600,83264,459250
101000144,2012-06-16,3,5,4,1859800,74392,567750
101000145,2012-06-18,5,0,3,2143175,85727,1014500
101000146,2012-06-19,2,5,2,1879725,75189,992250
101000147,2012-06-20,5,3,8,1755425,70217,1049250
101000148,2012-06-21,0,6,4,1996175,79847,430500
101000149,2012-06-22,3,2,2,2215900,88636,1872500
101000150,2012-06-23,6,6,3,1836100,73444,838500
101000151,2012-06-25,7,1,4,2223950,88958,1173750
101000152,2012-06-26,7,6,1,2076900,83076,653000
101000153,2012-06-27,6,0,3,2052450,82098,2076000
101000154,2012-06-28,6,7,3,2136775,85471,963750
101000155,2012-06-29,5,8,6,2136675,85467,1133250
101000156,2012-06-30,3,9,2,1830150,73206,1549500
101000157,2012-07-02,1,2,8,2202575,88103,1282750
101000158,2012-07-03,7,9,8,2059450,82378,659000
101000159,2012-07-04,0,1,4,2071850,82874,6996250
101000160,2012-07-05,0,7,8,3360450,134418,1123750
101000161,2012-07-06,6,9,1,3467250,138690,883750
101000162,2012-07-07,9,3,4,2689875,107595,1343000
101000163,2012-07-09,0,3,9,3275675,131027,1378000
101000164,2012-07-10,8,2,1,2970500,118820,1686000
101000165,2012-07-11,0,7,5,3115850,124634,725250
101000166,2012-07-12,6,0,5,3827350,153094,1187000
101000167,2012-07-13,6,2,3,3161725,126469,1843750
101000168,2012-07-14,7,7,9,2416400,96656,1068000
101000169,2012-07-16,7,9,6,3122850,124914,978750
101000170,2012-07-17,0,9,9,2782875,111315,987000
101000171,2012-07-18,7,8,6,2706150,108246,709000
101000172,2012-07-19,6,2,8,2777300,111092,1524000
101000173,2012-07-20,6,6,4,2837525,113501,1071500
101000174,2012-07-21,3,5,8,2167100,86684,1348000
101000175,2012-07-23,8,8,0,3075850,123034,1536250
101000176,2012-07-24,3,6,8,2670675,106827,1617000
101000177,2012-07-25,4,0,6,2594000,103760,865750
101000178,2012-07-26,7,1,2,2835575,113423,2113750
101000179,2012-07-27,4,6,9,2649525,105981,918000
101000180,2012-07-28,1,1,9,2220300,88812,1448000
101000181,2012-07-30,8,5,0,3340325,133613,1077250
101000182,2012-07-31,3,8,8,2349175,93967,2237750
101000183,2012-08-01,9,1,3,2462375,98495,1047000
101000184,2012-08-02,0,7,5,1759400,70376,446250
101000185,2012-08-03,4,2,6,2815950,112638,3474250
101000186,2012-08-04,1,5,2,2393525,95741,1335000
101000187,2012-08-06,4,1,0,3201275,128051,1393750
101000188,2012-08-07,9,1,9,2773825,110953,951750
101000189,2012-08-08,5,5,3,3257950,130318,1171250
101000190,2012-08-09,6,2,9,2598125,103925,1415250
101000191,2012-08-10,0,0,2,2774950,110998,1110750
101000192,2012-08-11,7,6,3,2303425,92137,698000
101000193,2012-08-13,1,2,8,2828400,113136,2767750
101000194,2012-08-14,8,6,2,2548375,101935,850500
101000195,2012-08-15,1,6,4,2610925,104437,743750
101000196,2012-08-16,2,1,8,2546300,101852,1524250
101000197,2012-08-17,5,4,6,2528000,101120,1119750
101000198,2012-08-18,7,5,6,2231575,89263,803750
101000199,2012-08-20,0,7,0,2778225,111129,794250
101000200,2012-08-21,1,2,0,2463550,98542,1627500
101000201,2012-08-22,0,0,2,2519350,100774,822250
101000202,2012-08-23,1,4,6,2497025,99881,827250
101000203,2012-08-24,2,6,6,2314050,92562,1261250
101000204,2012-08-25,6,3,2,2143025,85721,1280000
101000205,2012-08-27,9,6,5,2551375,102055,732000
101000206,2012-08-28,4,9,4,2259775,90391,787750
101000207,2012-08-29,4,1,5,2354050,94162,902500
101000208,2012-08-30,9,2,5,2203050,88122,823750
101000209,2012-08-31,6,5,6,2393900,95756,1029250
101000210,2012-09-01,5,0,2,2070375,82815,1093000
101000211,2012-09-03,6,8,2,2588350,103534,1288250
101000212,2012-09-04,9,8,2,2279275,91171,867000
101000213,2012-09-05,4,9,7,2401150,96046,673250
101000214,2012-09-06,0,6,2,2276950,91078,1006250
101000215,2012-09-07,1,9,7,2504550,100182,1094250
101000216,2012-09-08,2,2,5,2100325,84013,1029500
101000217,2012-09-10,0,4,7,2529175,101167,1033500
101000218,2012-09-11,9,0,8,2431650,97266,768250
101000219,2012-09-12,8,7,2,2345600,93824,1454250
101000220,2012-09-13,5,2,6,2200450,88018,1361250
101000221,2012-09-14,5,3,5,2241000,89640,1128000
101000222,2012-09-15,4,4,2,1940925,77637,755250
101000223,2012-09-17,0,4,1,2486525,99461,778500
101000224,2012-09-18,9,8,5,2353250,94130,1076000
101000225,2012-09-19,0,7,2,2200975,88039,757250
101000226,2012-09-20,5,6,8,2325350,93014,1233250
101000227,2012-09-21,7,1,6,2377175,95087,1277750
101000228,2012-09-22,2,2,4,1939225,77569,1141250
101000229,2012-09-24,6,3,6,2329425,93177,1193750
101000230,2012-09-25,9,0,1,2297025,91881,1197750
101000231,2012-09-26,1,0,6,2233550,89342,1712250
101000232,2012-09-27,7,7,8,2210075,88403,766750
101000233,2012-09-28,7,6,7,2313150,92526,729750
101000234,2012-09-29,6,5,8,1979350,79174,1248750
101000235,2012-10-01,2,0,5,2403650,96146,1617750
101000236,2012-10-02,8,5,6,2312225,92489,1055500
101000237,2012-10-03,9,9,9,2285025,91401,2572000
101000238,2012-10-04,2,8,1,2321125,92845,1393750
101000239,2012-10-05,2,9,0,2558225,102329,953250
101000240,2012-10-06,9,0,2,2148475,85939,920750
101000241,2012-10-08,2,9,7,2598025,103921,886000
101000242,2012-10-09,9,9,9,2638550,105542,1558500
101000243,2012-10-10,2,5,1,2440375,97615,749500
101000244,2012-10-11,2,7,3,2461425,98457,1195250
101000245,2012-10-12,7,5,5,2566700,102668,1058500
101000246,2012-10-13,8,7,4,2203825,88153,558500
101000247,2012-10-15,6,1,8,2719750,108790,1529750
101000248,2012-10-16,4,4,0,2409900,96396,1709000
101000249,2012-10-17,1,0,3,2359450,94378,1806500
101000250,2012-10-18,0,9,6,2358650,94346,778500
101000251,2012-10-19,4,8,7,2484350,99374,754500
101000252,2012-10-20,5,6,7,2111175,84447,1429500
101000253,2012-10-22,8,8,2,2596325,103853,1033250
101000254,2012-10-23,8,5,8,2384375,95375,1220000
101000255,2012-10-24,5,5,7,2395425,95817,959250
101000256,2012-10-25,6,0,6,2359475,94379,1382000
101000257,2012-10-26,9,5,8,2431875,97275,888750
101000258,2012-10-27,4,9,3,1990600,79624,713250
101000259,2012-10-29,6,5,2,2436175,97447,1143500
101000260,2012-10-30,7,5,7,2210500,88420,796250
101000261,2012-10-31,8,0,2,2261825,90473,950000
101000262,2012-11-01,6,2,1,2285500,91420,1621750
101000263,2012-11-02,2,2,4,2357350,94294,1150000
101000264,2012-11-03,2,1,3,2041975,81679,1607250
101000265,2012-11-05,8,0,0,2590150,103606,909500
101000266,2012-11-06,1,9,6,2398350,95934,1013250
101000267,2012-11-07,8,0,9,2662025,106481,789500
101000268,2012-11-08,4,2,8,2338550,93542,1177750
101000269,2012-11-09,2,4,2,2434200,97368,903750
101000270,2012-11-10,9,6,1,2229450,89178,547750
101000271,2012-11-12,6,3,3,2690750,107630,2872000
101000272,2012-11-13,1,4,4,2516200,100648,1089500
101000273,2012-11-14,2,7,8,2607850,104314,1985500
101000274,2012-11-15,5,3,8,2327150,93086,1870000
101000275,2012-11-16,1,2,8,2494425,99777,2149250
101000276,2012-11-17,1,5,7,1961175,78447,2131250
101000277,2012-11-19,2,7,1,2573375,102935,1158000
101000278,2012-11-20,1,6,3,2298475,91939,936750
101000279,2012-11-21,2,8,3,2309250,92370,1563500
101000280,2012-11-22,7,3,2,2268725,90749,917250
101000281,2012-11-23,6,6,6,2233500,89340,2722000
101000282,2012-11-24,8,1,2,2012975,80519,1602250
101000283,2012-11-26,1,4,4,2667650,106706,1219750
101000284,2012-11-27,0,1,2,2194350,87774,1277500
101000285,2012-11-28,8,2,4,2327675,93107,998750
101000286,2012-11-29,7,6,3,2426250,97050,896750
101000287,2012-11-30,0,5,1,2295950,91838,1172000
101000288,2012-12-01,2,6,2,1941425,77657,942250
101000289,2012-12-03,2,3,9,2821950,112878,2284750
101000290,2012-12-04,6,8,9,2260050,90402,1130000
101000291,2012-12-05,6,6,6,2263375,90535,4331000
101000292,2012-12-06,6,7,2,2802125,112085,1011000
101000293,2012-12-07,1,4,5,2582925,103317,1381750
101000294,2012-12-08,0,9,6,2113525,84541,1287500
101000295,2012-12-10,4,1,3,2907450,116298,2643500
101000296,2012-12-11,1,0,8,2606000,104240,3028250
101000297,2012-12-12,9,6,2,2796050,111842,889750
101000298,2012-12-13,8,6,4,2529025,101161,613750
101000299,2012-12-14,7,5,8,2581200,103248,1369750
101000300,2012-12-15,2,9,2,2321000,92840,772750
101000301,2012-12-17,5,4,5,2814800,112592,718250
101000302,2012-12-18,9,3,0,2395775,95831,901000
101000303,2012-12-19,9,1,9,2535325,101413,1114000
101000304,2012-12-20,3,1,2,2576600,103064,1575000
101000305,2012-12-21,6,3,4,2818325,112733,1014500
101000306,2012-12-22,6,2,6,2545550,101822,1924250
101000307,2012-12-24,6,1,9,2759075,110363,1212000
101000308,2012-12-25,9,2,3,2674300,106972,1276750
101000309,2012-12-26,1,0,7,2774350,110974,1366750
101000310,2012-12-27,7,5,9,2704275,108171,1040250
101000311,2012-12-28,9,3,6,2894025,115761,2026750
101000312,2012-12-29,3,4,5,2328250,93130,1288500
101000313,2012-12-31,1,9,4,2470475,98819,609250
102000001,2013-01-01,6,2,7,2327475,93099,1095750
102000002,2013-01-02,6,7,0,2760000,110400,1221000
102000003,2013-01-03,2,3,0,2466350,98654,887250
102000004,2013-01-04,2,7,7,2734050,109362,1200750
102000005,2013-01-05,8,5,4,2495275,99811,1258000
102000006,2013-01-07,1,3,0,3005425,120217,1201750
102000007,2013-01-08,6,3,6,2548800,101952,1338500
102000008,2013-01-09,6,6,6,2749375,109975,10198250
102000009,2013-01-10,0,2,3,2773550,110942,1163750
102000010,2013-01-11,0,9,7,2928700,117148,1034750
102000011,2013-01-12,1,1,1,2537000,101480,7975750
102000012,2013-01-14,1,3,1,3070000,122800,12255000
102000013,2013-01-15,9,1,5,3228075,129123,1311500
102000014,2013-01-16,2,2,0,3214725,128589,2529500
102000015,2013-01-17,7,1,0,3096175,123847,1099250
102000016,2013-01-18,4,4,2,3082850,123314,1029750
102000017,2013-01-19,4,2,7,2824175,112967,1306500
102000018,2013-01-21,6,9,4,3257175,130287,798500
102000019,2013-01-22,1,3,6,2938750,117550,2475000
102000020,2013-01-23,4,5,7,2980025,119201,975750
102000021,2013-01-24,9,5,9,2808750,112350,686000
102000022,2013-01-25,3,8,5,3002900,120116,2435250
102000023,2013-01-26,5,9,7,2549825,101993,1326250
102000024,2013-01-28,6,8,5,3021875,120875,1145250
102000025,2013-01-29,1,7,7,2684075,107363,1471000
102000026,2013-01-30,0,0,0,2757600,110304,2385500
102000027,2013-01-31,9,4,6,2938150,117526,849000
102000028,2013-02-01,4,1,4,2960275,118411,995000
102000029,2013-02-02,3,5,5,2801100,112044,1591000
102000030,2013-02-04,6,3,3,3315550,132622,2459500
102000031,2013-02-05,6,1,9,3152025,126081,1812750
102000032,2013-02-06,0,7,1,3335200,133408,1245000
102000033,2013-02-07,0,2,2,3145650,125826,3470500
102000034,2013-02-08,6,3,4,3194700,127788,1007250
102000035,2013-02-09,7,7,3,2980300,119212,925250
102000036,2013-02-11,7,6,6,3576200,143048,2584750
102000037,2013-02-12,8,8,0,2997750,119910,2124250
102000038,2013-02-13,5,5,5,3125775,125031,9936250
102000039,2013-02-14,9,6,5,3319250,132770,1010250
102000040,2013-02-15,0,6,2,3557150,142286,914500
102000041,2013-02-16,1,3,6,3096100,123844,1469750
102000042,2013-02-18,4,5,1,3794175,151767,1561000
102000043,2013-02-19,0,2,8,3418250,136730,1831000
102000044,2013-02-20,3,2,8,3519125,140765,1750000
102000045,2013-02-21,5,5,2,3422900,136916,1257500
102000046,2013-02-22,9,7,1,3650550,146022,1147500
102000047,2013-02-23,2,4,8,3230075,129203,1398500
102000048,2013-02-25,7,6,9,3699025,147961,1146500
102000049,2013-02-26,0,1,0,3220200,128808,1732500
102000050,2013-02-27,3,1,0,3426450,137058,1435500
102000051,2013-02-28,9,9,4,3368025,134721,1286750
102000052,2013-03-01,1,4,8,3331950,133278,1174250
102000053,2013-03-02,5,3,1,2930000,117200,1470750
102000054,2013-03-04,4,9,3,3418950,136758,827000
102000055,2013-03-05,0,9,0,3233925,129357,687250
102000056,2013-03-06,8,7,4,3367275,134691,818750
102000057,2013-03-07,7,5,9,3053250,122130,846500
102000058,2013-03-08,0,2,0,3159050,126362,1440250
102000059,2013-03-09,0,2,3,2831225,113249,1692500
102000060,2013-03-11,4,0,1,3545950,141838,2517250
102000061,2013-03-12,6,0,2,3080450,123218,1198250
102000062,2013-03-13,0,7,4,3355650,134226,843500
102000063,2013-03-14,0,7,4,2901100,116044,929000
102000064,2013-03-15,7,9,2,3152025,126081,810000
102000065,2013-03-16,7,0,3,2732275,109291,779750
102000066,2013-03-18,3,9,6,3241825,129673,1804000
102000067,2013-03-19,4,4,9,2960225,118409,1054250
102000068,2013-03-20,3,9,9,2920700,116828,1060250
102000069,2013-03-21,2,7,9,2873350,114934,881500
102000070,2013-03-22,2,9,2,2876875,115075,1388750
102000071,2013-03-23,2,6,6,2662975,106519,1746250
102000072,2013-03-25,4,3,8,3335225,133409,1418250
102000073,2013-03-26,3,8,7,2826800,113072,2041000
102000074,2013-03-27,3,5,3,3172725,126909,1085750
102000075,2013-03-28,8,8,7,2841925,113677,1138500
102000076,2013-03-29,1,4,0,3425925,137037,1739500
102000077,2013-03-30,0,5,9,2740200,109608,974250
102000078,2013-04-01,7,3,8,3713850,148554,1123250
102000079,2013-04-02,9,0,5,2926750,117070,814250
102000080,2013-04-03,0,9,8,2947300,117892,915000
102000081,2013-04-04,4,9,2,2562400,102496,552000
102000082,2013-04-05,5,4,4,2334725,93389,1163500
102000083,2013-04-06,5,9,2,2442800,97712,618000
102000084,2013-04-08,3,4,3,3243225,129729,1271500
102000085,2013-04-09,2,3,2,2720375,108815,2011250
102000086,2013-04-10,3,9,5,3229775,129191,1309000
102000087,2013-04-11,4,9,8,2790475,111619,747750
102000088,2013-04-12,0,9,4,2888200,115528,569750
102000089,2013-04-13,7,4,4,2679275,107171,990750
102000090,2013-04-15,5,5,9,3349700,133988,1258500
102000091,2013-04-16,6,2,6,2867875,114715,2223250
102000092,2013-04-17,7,6,0,2962450,118498,769750
102000093,2013-04-18,3,2,9,2955825,118233,2030500
102000094,2013-04-19,0,8,8,2752025,110081,1009500
102000095,2013-04-20,6,3,6,2531025,101241,1573250
102000096,2013-04-22,8,1,2,3391325,135653,3429750
102000097,2013-04-23,8,5,4,2501100,100044,570750
102000098,2013-04-24,4,6,9,2601750,104070,912000
102000099,2013-04-25,3,3,0,2418300,96732,1690750
102000100,2013-04-26,6,7,6,2552925,102117,1131000
102000101,2013-04-27,9,6,5,2281325,91253,991750
102000102,2013-04-29,3,9,8,2720125,108805,1112750
102000103,2013-04-30,7,5,3,2556575,102263,980000
102000104,2013-05-01,8,0,5,2552925,102117,874250
102000105,2013-05-02,9,6,9,2518700,100748,879750
102000106,2013-05-03,1,0,3,2634775,105391,1340000
102000107,2013-05-04,5,1,3,2291200,91648,1222500
102000108,2013-05-06,2,2,0,2824675,112987,2128250
102000109,2013-05-07,2,8,5,2483225,99329,1440750
102000110,2013-05-08,9,1,9,2546125,101845,1392750
102000111,2013-05-09,9,4,9,2523975,100959,930250
102000112,2013-05-10,4,3,9,2640275,105611,1192500
102000113,2013-05-11,2,4,2,2318300,92732,983000
102000114,2013-05-13,8,8,6,2644075,105763,1132000
102000115,2013-05-14,1,9,3,2404575,96183,894750
102000116,2013-05-15,4,4,8,2422300,96892,873500
102000117,2013-05-16,7,1,9,2318100,92724,962250
102000118,2013-05-17,4,9,2,2409875,96395,712750
102000119,2013-05-18,7,0,2,2194700,87788,554250
102000120,2013-05-20,3,1,1,2551900,102076,1948750
102000121,2013-05-21,8,2,6,2337825,93513,1008500
102000122,2013-05-22,9,7,0,2406675,96267,717250
102000123,2013-05-23,1,7,5,2196350,87854,903000
102000124,2013-05-24,3,8,9,2277200,91088,1299750
102000125,2013-05-25,1,6,2,2076975,83079,1131500
102000126,2013-05-27,0,0,6,2412775,96511,1049750
102000127,2013-05-28,8,6,8,2190925,87637,1145750
102000128,2013-05-29,3,0,7,2327925,93117,603750
102000129,2013-05-30,9,1,7,2175575,87023,851250
102000130,2013-05-31,4,0,7,2285525,91421,880500
102000131,2013-06-01,2,2,7,2040500,81620,1076500
102000132,2013-06-03,9,4,1,2591525,103661,750250
102000133,2013-06-04,9,4,3,2208175,88327,609500
102000134,2013-06-05,7,1,8,2412225,96489,1174000
102000135,2013-06-06,1,4,8,2291675,91667,829500
102000136,2013-06-07,0,3,7,2496200,99848,1027250
102000137,2013-06-08,8,3,1,2249350,89974,1229500
102000138,2013-06-10,9,6,8,2574800,102992,906500
102000139,2013-06-11,4,3,0,2479325,99173,684500
102000140,2013-06-12,1,1,5,2215150,88606,1163750
102000141,2013-06-13,9,8,3,2296650,91866,657500
102000142,2013-06-14,4,5,8,2407550,96302,2331500
102000143,2013-06-15,1,6,6,2092875,83715,1666500
102000144,2013-06-17,3,8,0,2471800,98872,931000
102000145,2013-06-18,3,7,8,2171875,86875,977500
102000146,2013-06-19,4,7,6,2221750,88870,596250
102000147,2013-06-20,0,5,5,2203225,88129,1414500
102000148,2013-06-21,3,2,8,2229850,89194,1880500
102000149,2013-06-22,4,2,2,2002775,80111,1201500
102000150,2013-06-24,5,2,7,2418425,96737,1142250
102000151,2013-06-25,7,7,2,2164800,86592,1096250
102000152,2013-06-26,7,8,7,2292825,91713,1104500
102000153,2013-06-27,6,9,5,2194175,87767,1657750
102000154,2013-06-28,9,6,7,2038125,81525,694750
102000155,2013-06-29,5,0,6,1904975,76199,796250
102000156,2013-07-01,4,5,0,2299525,91981,1932250
102000157,2013-07-02,8,9,7,1989300,79572,880000
102000158,2013-07-03,6,3,8,2115175,84607,1489500
102000159,2013-07-04,9,0,4,2234675,89387,589500
102000160,2013-07-05,3,5,1,2204800,88192,866000
102000161,2013-07-06,2,1,4,1992250,79690,1167000
102000162,2013-07-08,6,8,5,2579250,103170,946250
102000163,2013-07-09,5,9,4,2084750,83390,601750
102000164,2013-07-10,4,4,8,2246350,89854,1373000
102000165,2013-07-11,4,7,3,2259450,90378,1103750
102000166,2013-07-12,0,9,7,2122575,84903,517000
102000167,2013-07-13,9,4,5,1603650,64146,390750
102000168,2013-07-15,6,9,5,2547650,101906,872750
102000169,2013-07-16,8,4,6,2143200,85728,582750
102000170,2013-07-17,5,4,8,2312125,92485,907750
102000171,2013-07-18,6,4,4,2442550,97702,756750
102000172,2013-07-19,8,6,9,2233275,89331,1134000
102000173,2013-07-20,5,7,8,2130025,85201,1083250
102000174,2013-07-22,7,6,0,2444925,97797,904250
102000175,2013-07-23,4,4,4,2209925,88397,2534750
102000176,2013-07-24,8,5,9,2336025,93441,895500
102000177,2013-07-25,8,7,5,2216825,88673,830250
102000178,2013-07-26,9,5,7,2395450,95818,986750
102000179,2013-07-27,1,3,8,2229700,89188,1269000
102000180,2013-07-29,1,9,6,2565875,102635,1057750
102000181,2013-07-30,5,1,8,2306625,92265,1560000
102000182,2013-07-31,8,4,1,2438325,97533,1020250
102000183,2013-08-01,0,9,7,2374125,94965,465750
102000184,2013-08-02,6,6,4,2425250,97010,872250
102000185,2013-08-03,9,8,6,2226050,89042,1007500
102000186,2013-08-05,7,5,3,2755125,110205,1292250
102000187,2013-08-06,8,0,0,2574875,102995,948000
102000188,2013-08-07,3,5,6,2636875,105475,1513750
102000189,2013-08-08,7,0,7,2819125,112765,1346750
102000190,2013-08-09,2,5,6,2705125,108205,907750
102000191,2013-08-10,0,1,9,2305950,92238,974250
102000192,2013-08-12,4,1,4,2812800,112512,1215500
102000193,2013-08-13,0,8,6,2666200,106648,763500
102000194,2013-08-14,1,8,5,2474100,98964,1360500
102000195,2013-08-15,7,2,2,2643725,105749,4546500
102000196,2013-08-16,2,5,8,2156875,86275,1670750
102000197,2013-08-17,0,0,1,2031050,81242,979000
102000198,2013-08-19,7,4,8,2323750,92950,1129250
102000199,2013-08-20,0,1,9,2017475,80699,682500
102000200,2013-08-21,3,3,6,1798125,71925,1500250
102000201,2013-08-22,1,1,4,2019225,80769,1046500
102000202,2013-08-23,8,1,4,2042300,81692,1112750
102000203,2013-08-24,8,4,7,1875700,75028,1468250
102000204,2013-08-26,8,7,1,2423400,96936,1229250
102000205,2013-08-27,4,0,5,2081550,83262,615250
102000206,2013-08-28,0,9,5,2092725,83709,669000
102000207,2013-08-29,0,3,4,1692525,67701,497750
102000208,2013-08-30,4,7,2,1930175,77207,663000
102000209,2013-08-31,8,0,7,1755450,70218,508500
102000210,2013-09-02,0,1,9,2361900,94476,2046500
102000211,2013-09-03,7,9,1,2128500,85140,996750
102000212,2013-09-04,1,5,3,2294000,91760,771000
102000213,2013-09-05,6,5,8,2178525,87141,1066250
102000214,2013-09-06,5,2,4,2233225,89329,862250
102000215,2013-09-07,9,4,2,2047875,81915,668750
102000216,2013-09-09,7,7,3,2404075,96163,1051000
102000217,2013-09-10,2,6,0,2186500,87460,2257250
102000218,2013-09-11,8,4,1,2127875,85115,901500
102000219,2013-09-12,6,4,1,2092875,83715,362250
102000220,2013-09-13,4,6,4,2267175,90687,441250
102000221,2013-09-14,3,0,5,2050950,82038,896000
102000222,2013-09-16,8,4,4,2327975,93119,853000
102000223,2013-09-17,7,5,9,2183150,87326,1029250
102000224,2013-09-18,2,9,1,2270500,90820,990250
102000225,2013-09-19,2,8,2,2083850,83354,1931000
102000226,2013-09-20,2,8,8,1830125,73205,1265250
102000227,2013-09-21,5,0,8,1765075,70603,550500
102000228,2013-09-23,4,6,7,2231925,89277,611750
102000229,2013-09-24,9,6,3,2027700,81108,1772500
102000230,2013-09-25,0,8,8,2204525,88181,872750
102000231,2013-09-26,6,0,3,2114275,84571,1278000
102000232,2013-09-27,8,2,5,2136750,85470,1221750
102000233,2013-09-28,3,2,3,1986150,79446,1520500
102000234,2013-09-30,1,0,3,2354925,94197,1316000
102000235,2013-10-01,3,8,4,2205050,88202,848500
102000236,2013-10-02,0,0,5,2242125,89685,491000
102000237,2013-10-03,1,6,6,2225825,89033,1724250
102000238,2013-10-04,2,3,0,2293000,91720,2257000
102000239,2013-10-05,7,3,5,2044300,81772,736750
102000240,2013-10-07,5,0,9,2516800,100672,796500
102000241,2013-10-08,0,0,8,2263900,90556,577500
102000242,2013-10-09,4,5,8,2441000,97640,1631500
102000243,2013-10-10,1,9,7,2191400,87656,1084000
102000244,2013-10-11,8,5,7,2311925,92477,1021250
102000245,2013-10-12,0,3,9,2256400,90256,905000
102000246,2013-10-14,4,1,6,2644475,105779,2966500
102000247,2013-10-15,5,3,5,2093625,83745,947250
102000248,2013-10-16,9,9,5,2287225,91489,1264500
102000249,2013-10-17,3,0,4,2147550,85902,977500
102000250,2013-10-18,7,1,5,2161000,86440,1689750
102000251,2013-10-19,9,0,5,2048775,81951,600750
102000252,2013-10-21,1,6,1,2424125,96965,1061750
102000253,2013-10-22,6,5,3,2208500,88340,893500
102000254,2013-10-23,0,0,4,2300325,92013,556500
102000255,2013-10-24,9,5,5,2113175,84527,869500
102000256,2013-10-25,4,9,9,2278125,91125,558000
102000257,2013-10-26,7,7,3,2068050,82722,1588750
102000258,2013-10-28,7,8,7,2244275,89771,997000
102000259,2013-10-29,1,8,9,2063350,82534,853250
102000260,2013-10-30,4,5,0,2142675,85707,785750
102000261,2013-10-31,7,4,1,2135075,85403,1883000
102000262,2013-11-01,8,5,5,2131200,85248,960250
102000263,2013-11-02,2,4,7,1963625,78545,716750
102000264,2013-11-04,1,0,1,2277950,91118,3366250
102000265,2013-11-05,5,1,9,2281550,91262,1034500
102000266,2013-11-06,0,5,1,2398300,95932,710250
102000267,2013-11-07,9,2,6,2238575,89543,2230250
102000268,2013-11-08,5,5,6,2319050,92762,841750
102000269,2013-11-09,6,3,1,2042125,81685,1102250
102000270,2013-11-11,6,4,1,2430950,97238,1064500
102000271,2013-11-12,6,8,2,2393800,95752,686500
102000272,2013-11-13,1,3,6,2210425,88417,1073750
102000273,2013-11-14,3,5,3,2186000,87440,1081750
102000274,2013-11-15,5,7,7,2299650,91986,1378500
102000275,2013-11-16,4,9,0,2152675,86107,1079750
102000276,2013-11-18,5,3,7,2337775,93511,1182500
102000277,2013-11-19,5,8,3,2084350,83374,1357500
102000278,2013-11-20,5,2,6,2317075,92683,1180250
102000279,2013-11-21,6,6,3,2191575,87663,1907000
102000280,2013-11-22,9,2,4,2299450,91978,578750
102000281,2013-11-23,5,3,0,1959775,78391,884000
102000282,2013-11-25,7,9,3,2260250,90410,796500
102000283,2013-11-26,4,7,9,2099925,83997,923750
102000284,2013-11-27,4,5,0,2175450,87018,1024500
102000285,2013-11-28,9,0,4,1976675,79067,715750
102000286,2013-11-29,1,1,3,2041225,81649,1918500
102000287,2013-11-30,6,7,0,1865925,74637,709250
102000288,2013-12-02,2,1,1,2283425,91337,1156250
102000289,2013-12-03,7,0,6,2070300,82812,569000
102000290,2013-12-04,1,5,2,2153475,86139,1000750
102000291,2013-12-05,7,5,3,2198475,87939,841750
102000292,2013-12-06,8,8,5,2359475,94379,1865000
102000293,2013-12-07,9,9,3,2099125,83965,902750
102000294,2013-12-09,6,6,6,2681500,107260,8245250
102000295,2013-12-10,0,6,6,2531875,101275,1281750
102000296,2013-12-11,7,4,4,2658275,106331,1437000
102000297,2013-12-12,4,9,0,2538275,101531,576750
102000298,2013-12-13,0,5,2,2410975,96439,874750
102000299,2013-12-14,8,9,6,2096950,83878,721000
102000300,2013-12-16,1,7,3,2629025,105161,1568750
102000301,2013-12-17,6,3,7,2031225,81249,813750
102000302,2013-12-18,4,7,1,2393725,95749,819500
102000303,2013-12-19,8,5,6,2330775,93231,925250
102000304,2013-12-20,0,3,7,2288050,91522,672500
102000305,2013-12-21,5,4,4,2182375,87295,826750
102000306,2013-12-23,8,3,7,2690275,107611,1029500
102000307,2013-12-24,0,3,3,2311300,92452,1644500
102000308,2013-12-25,5,5,5,2516250,100650,5562500
102000309,2013-12-26,8,8,5,2612425,104497,2307000
102000310,2013-12-27,0,7,0,2696525,107861,641750
102000311,2013-12-28,8,6,5,2343000,93720,1083500
102000312,2013-12-30,4,3,7,3001225,120049,1680000
102000313,2013-12-31,8,5,9,3121075,124843,1250500
103000001,2014-01-01,5,6,9,2719700,108788,904500
103000002,2014-01-02,7,6,0,2597750,103910,702500
103000003,2014-01-03,1,7,1,2658125,106325,1049250
103000004,2014-01-04,1,9,5,2623800,104952,800750
103000005,2014-01-06,4,5,9,3085325,123413,912750
103000006,2014-01-07,3,5,4,2798200,111928,656500
103000007,2014-01-08,7,5,3,3039400,121576,1539250
103000008,2014-01-09,5,6,8,2898875,115955,1973250
103000009,2014-01-10,5,0,8,3179100,127164,1554250
103000010,2014-01-11,8,1,2,3119500,124780,1874750
103000011,2014-01-13,9,3,3,3422750,136910,1335500
103000012,2014-01-14,1,7,1,3078125,123125,1261000
103000013,2014-01-15,7,7,0,3343150,133726,1042750
103000014,2014-01-16,1,4,5,2795850,111834,896500
103000015,2014-01-17,7,1,5,2822400,112896,2008000
103000016,2014-01-18,3,5,1,2638425,105537,982500
103000017,2014-01-20,7,5,5,3160800,126432,2337250
103000018,2014-01-21,6,5,8,2669875,106795,2026250
103000019,2014-01-22,0,5,2,2863875,114555,1094750
103000020,2014-01-23,8,5,5,2763625,110545,1588750
103000021,2014-01-24,5,6,8,2971850,118874,5313750
103000022,2014-01-25,7,2,4,2978050,119122,1422750
103000023,2014-01-27,5,4,6,3163525,126541,1070250
103000024,2014-01-28,1,5,8,2904600,116184,2019000
103000025,2014-01-29,1,8,7,3148125,125925,1239000
103000026,2014-01-30,0,8,4,2792425,111697,709750
103000027,2014-01-31,6,6,2,2797075,111883,1565500
103000028,2014-02-01,7,3,6,2879225,115169,1232000
103000029,2014-02-03,3,9,9,3528550,141142,1954500
103000030,2014-02-04,2,6,2,2979350,119174,1530750
103000031,2014-02-05,4,1,9,3139775,125591,1053250
103000032,2014-02-06,7,9,1,3021950,120878,1161250
103000033,2014-02-07,1,2,6,3183225,127329,2132000
103000034,2014-02-08,3,3,2,2975650,119026,1425500
103000035,2014-02-10,7,5,2,3122200,124888,1665750
103000036,2014-02-11,2,7,4,2743400,109736,988750
103000037,2014-02-12,2,0,9,2947325,117893,1364500
103000038,2014-02-13,3,5,8,2734700,109388,2287500
103000039,2014-02-14,5,3,6,2981950,119278,1463500
103000040,2014-02-15,2,6,1,2744475,109779,1029750
103000041,2014-02-17,4,5,6,3269900,130796,2470000
103000042,2014-02-18,9,1,9,2894425,115777,1505250
103000043,2014-02-19,4,4,6,2730325,109213,893750
103000044,2014-02-20,8,7,8,2807000,112280,1470500
103000045,2014-02-21,5,9,1,2857350,114294,1147250
103000046,2014-02-22,7,8,3,2673900,106956,1502000
103000047,2014-02-24,9,0,2,3113200,124528,980750
103000048,2014-02-25,8,2,0,2669125,106765,1188500
103000049,2014-02-26,3,7,6,2866975,114679,991250
103000050,2014-02-27,5,9,7,2876075,115043,1117250
103000051,2014-02-28,0,8,3,2898400,115936,772500
103000052,2014-03-01,2,6,2,2761575,110463,1817500
103000053,2014-03-03,9,7,4,3156675,126267,785000
103000054,2014-03-04,9,3,5,2703975,108159,1750750
103000055,2014-03-05,6,6,0,3013925,120557,1902500
103000056,2014-03-06,8,3,6,2850300,114012,1437500
103000057,2014-03-07,1,4,8,2751725,110069,1527000
103000058,2014-03-08,0,7,8,2723575,108943,892000
103000059,2014-03-10,8,5,2,3326850,133074,2736750
103000060,2014-03-11,0,2,2,2781325,111253,1403250
103000061,2014-03-12,6,8,0,2955175,118207,1070000
103000062,2014-03-13,2,2,6,2667250,106690,2361250
103000063,2014-03-14,4,7,8,2779600,111184,1188500
103000064,2014-03-15,3,0,3,2715025,108601,2098250
103000065,2014-03-17,1,7,3,3152900,126116,2092500
103000066,2014-03-18,2,2,9,2764900,110596,1261000
103000067,2014-03-19,0,5,0,2883425,115337,891000
103000068,2014-03-20,4,2,1,2674600,106984,1013250
103000069,2014-03-21,1,2,5,2708550,108342,1733000
103000070,2014-03-22,5,1,0,2641275,105651,2003500
103000071,2014-03-24,4,8,2,2940075,117603,799750
103000072,2014-03-25,3,5,5,2657025,106281,1448500
103000073,2014-03-26,4,6,7,2715625,108625,1356250
103000074,2014-03-27,2,8,9,2623425,104937,1360250
103000075,2014-03-28,6,4,9,2673625,106945,858750
103000076,2014-03-29,8,9,5,2447175,97887,1324000
103000077,2014-03-31,3,9,9,2712725,108509,953250
103000078,2014-04-01,4,5,3,2489800,99592,1021750
103000079,2014-04-02,0,8,6,2569550,102782,662500
103000080,2014-04-03,6,1,1,2574075,102963,1201500
103000081,2014-04-04,8,5,1,2457650,98306,911750
103000082,2014-04-05,6,8,2,2426300,97052,857750
103000083,2014-04-07,5,3,6,2917475,116699,2274500
103000084,2014-04-08,8,8,1,2535150,101406,1141500
103000085,2014-04-09,3,2,9,2689425,107577,3772000
103000086,2014-04-10,3,4,6,2657050,106282,1622000
103000087,2014-04-11,4,7,0,2698250,107930,1904750
103000088,2014-04-12,7,6,3,2507550,100302,1344000
103000089,2014-04-14,4,9,4,2908275,116331,898250
103000090,2014-04-15,8,5,1,2612625,104505,1394750
103000091,2014-04-16,2,0,4,2738625,109545,1387250
103000092,2014-04-17,1,8,9,2480525,99221,1219250
103000093,2014-04-18,1,1,3,2570250,102810,1626500
103000094,2014-04-19,9,1,0,2404325,96173,966250
103000095,2014-04-21,6,2,6,2802750,112110,1812500
103000096,2014-04-22,6,3,7,2564325,102573,1932000
103000097,2014-04-23,6,7,7,2629300,105172,1173500
103000098,2014-04-24,7,6,0,2482150,99286,954500
103000099,2014-04-25,9,7,9,2796875,111875,1016750
103000100,2014-04-26,8,8,7,2386750,95470,1070750
103000101,2014-04-28,8,7,4,2751675,110067,596250
103000102,2014-04-29,3,8,1,2543250,101730,1086750
103000103,2014-04-30,6,1,6,2553775,102151,1024500
103000104,2014-05-01,1,1,3,2361250,94450,1422250
103000105,2014-05-02,1,3,2,2618800,104752,1859000
103000106,2014-05-03,0,2,7,2467850,98714,824750
103000107,2014-05-05,7,2,3,2850375,114015,1181500
103000108,2014-05-06,0,6,1,2653800,106152,684250
103000109,2014-05-07,4,2,4,2745400,109816,1050750
103000110,2014-05-08,1,5,8,2683575,107343,2810500
103000111,2014-05-09,0,0,2,2678425,107137,1186750
103000112,2014-05-10,2,9,5,2593900,103756,2021500
103000113,2014-05-12,8,7,4,2715200,108608,806750
103000114,2014-05-13,2,9,3,2545900,101836,786750
103000115,2014-05-14,5,1,6,2614625,104585,2491500
103000116,2014-05-15,6,2,3,2426125,97045,1063250
103000117,2014-05-16,6,1,8,2600825,104033,1646500
103000118,2014-05-17,4,7,9,2581425,103257,1202500
103000119,2014-05-19,9,1,3,2798050,111922,1304750
103000120,2014-05-20,6,8,2,2669700,106788,1198500
103000121,2014-05-21,5,8,4,2552900,102116,721250
103000122,2014-05-22,9,5,3,2586100,103444,1320750
103000123,2014-05-23,6,3,0,2699200,107968,2272750
103000124,2014-05-24,6,4,0,2648875,105955,2840250
103000125,2014-05-26,0,4,9,2668575,106743,1014000
103000126,2014-05-27,3,8,4,2336350,93454,780250
103000127,2014-05-28,3,7,9,2395625,95825,1065750
103000128,2014-05-29,3,0,6,2276025,91041,866750
103000129,2014-05-30,1,0,9,2557175,102287,790750
103000130,2014-05-31,0,6,0,2287625,91505,1893750
103000131,2014-06-02,2,7,0,2548900,101956,773750
103000132,2014-06-03,0,8,0,2238925,89557,692500
103000133,2014-06-04,9,0,3,2350725,94029,1204500
103000134,2014-06-05,1,2,8,2524350,100974,2908750
103000135,2014-06-06,0,3,5,2573750,102950,1783500
103000136,2014-06-07,3,8,5,2456725,98269,1396500
103000137,2014-06-09,3,3,9,2897250,115890,1580250
103000138,2014-06-10,4,4,5,2477025,99081,1403750
103000139,2014-06-11,6,7,0,2663100,106524,1088250
103000140,2014-06-12,4,0,1,2575425,103017,684500
103000141,2014-06-13,7,0,0,2462350,98494,835000
103000142,2014-06-14,7,7,5,2473650,98946,1027000
103000143,2014-06-16,2,7,6,2764225,110569,974000
103000144,2014-06-17,7,6,9,2481975,99279,952750
103000145,2014-06-18,9,5,5,2587975,103519,1796250
103000146,2014-06-19,3,6,6,2392500,95700,2233750
103000147,2014-06-20,7,6,0,2584850,103394,662250
103000148,2014-06-21,3,0,7,2335025,93401,861500
103000149,2014-06-23,7,4,7,2633350,105334,1058000
103000150,2014-06-24,9,0,7,2498200,99928,600750
103000151,2014-06-25,4,6,4,2612350,104494,787500
103000152,2014-06-26,6,4,3,2566550,102662,926000
103000153,2014-06-27,2,1,0,2766900,110676,2030000
103000154,2014-06-28,3,4,9,2604925,104197,1232750
103000155,2014-06-30,0,7,3,2787875,111515,951000
103000156,2014-07-01,9,7,0,2612325,104493,857750
103000157,2014-07-02,9,9,4,2806600,112264,3680500
103000158,2014-07-03,1,1,7,2205025,88201,1440250
103000159,2014-07-04,4,7,0,2326625,93065,2559500
103000160,2014-07-05,2,0,1,2258925,90357,1095500
103000161,2014-07-07,0,4,3,2625150,105006,1224000
103000162,2014-07-08,0,7,0,2303925,92157,1131500
103000163,2014-07-09,7,7,2,2492400,99696,792250
103000164,2014-07-10,0,9,0,2470125,98805,882500
103000165,2014-07-11,9,3,3,2622200,104888,1051750
103000166,2014-07-12,6,7,4,2347725,93909,462750
103000167,2014-07-14,6,0,4,2601375,104055,876000
103000168,2014-07-15,0,2,9,2389075,95563,833000
103000169,2014-07-16,9,0,5,2402450,96098,824250
103000170,2014-07-17,1,0,2,2341025,93641,1202750
103000171,2014-07-18,3,2,6,2754425,110177,1364250
103000172,2014-07-19,2,5,8,2375100,95004,3150250
103000173,2014-07-21,8,3,8,2697875,107915,1230500
103000174,2014-07-22,7,9,1,2398300,95932,817000
103000175,2014-07-23,1,0,8,1958850,78354,1671000
103000176,2014-07-24,6,7,9,2610600,104424,775750
103000177,2014-07-25,8,2,3,2490100,99604,1371000
103000178,2014-07-26,5,6,0,2450075,98003,954000
103000179,2014-07-28,9,2,2,2735225,109409,1308000
103000180,2014-07-29,9,6,9,2495200,99808,516500
103000181,2014-07-30,0,3,8,2595425,103817,902000
103000182,2014-07-31,2,5,4,2667750,106710,595000
103000183,2014-08-01,5,9,9,2752225,110089,656250
103000184,2014-08-02,0,8,5,2515675,100627,3463250
103000185,2014-08-04,0,2,2,2439375,97575,1381250
103000186,2014-08-05,2,1,3,2302600,92104,2457500
103000187,2014-08-06,8,9,7,2430225,97209,750250
103000188,2014-08-07,6,8,4,2332775,93311,697250
103000189,2014-08-08,0,1,5,2502575,100103,1001000
103000190,2014-08-09,7,3,4,2169125,86765,962500
103000191,2014-08-11,1,5,0,2587350,103494,968500
103000192,2014-08-12,1,2,8,2267625,90705,2860750
103000193,2014-08-13,4,9,2,2494625,99785,707500
103000194,2014-08-14,1,5,4,2316525,92661,500750
103000195,2014-08-15,3,2,5,2389825,95593,1324250
103000196,2014-08-16,2,1,1,2349375,93975,1185000
103000197,2014-08-18,5,5,2,2589075,103563,1133000
103000198,2014-08-19,0,9,6,2367350,94694,904250
103000199,2014-08-20,4,8,3,2548225,101929,734000
103000200,2014-08-21,7,4,6,2424525,96981,2180750
103000201,2014-08-22,7,4,2,2292475,91699,716750
103000202,2014-08-23,0,7,5,2395075,95803,925750
103000203,2014-08-25,4,4,5,2567225,102689,886250
103000204,2014-08-26,7,5,6,2297925,91917,1264500
103000205,2014-08-27,3,9,7,2502100,100084,731500
103000206,2014-08-28,4,0,8,2420025,96801,1594000
103000207,2014-08-29,2,8,6,2227500,89100,1023250
103000208,2014-08-30,0,2,1,2126725,85069,1088750
103000209,2014-09-01,5,3,9,2441300,97652,2847750
103000210,2014-09-02,9,8,0,2235975,89439,973500
103000211,2014-09-03,3,3,1,2344300,93772,1484000
103000212,2014-09-04,2,8,4,2383850,95354,759750
103000213,2014-09-05,0,2,2,2581550,103262,1295250
103000214,2014-09-06,9,8,4,2603500,104140,453500
103000215,2014-09-08,7,8,8,2689300,107572,1298000
103000216,2014-09-09,4,8,6,2533400,101336,615250
103000217,2014-09-10,5,5,9,2845350,113814,1874500
103000218,2014-09-11,6,4,8,2685750,107430,656250
103000219,2014-09-12,7,5,2,2589375,103575,964250
103000220,2014-09-13,8,0,9,2644275,105771,717000
103000221,2014-09-15,4,2,7,2824325,112973,1130500
103000222,2014-09-16,9,1,5,2526400,101056,1919500
103000223,2014-09-17,3,1,4,2574925,102997,1074500
103000224,2014-09-18,4,5,1,2578050,103122,613000
103000225,2014-09-19,9,1,0,2742250,109690,1060000
103000226,2014-09-20,4,7,9,2544475,101779,707500
103000227,2014-09-22,7,6,4,2669900,106796,2977000
103000228,2014-09-23,1,8,1,2079850,83194,910500
103000229,2014-09-24,0,5,9,2236625,89465,1169250
103000230,2014-09-25,2,3,5,2307100,92284,1278750
103000231,2014-09-26,9,0,9,2291875,91675,1152500
103000232,2014-09-27,6,2,3,2178425,87137,892000
103000233,2014-09-29,2,5,9,2402225,96089,1405500
103000234,2014-09-30,8,9,7,2250375,90015,1387000
103000235,2014-10-01,7,0,5,2260000,90400,680250
103000236,2014-10-02,1,8,0,2185400,87416,909500
103000237,2014-10-03,8,4,5,2245550,89822,965000
103000238,2014-10-04,7,0,4,2164925,86597,817500
103000239,2014-10-06,8,4,7,2567850,102714,955500
103000240,2014-10-07,0,2,3,2371200,94848,1093000
103000241,2014-10-08,5,9,5,2523075,100923,1281000
103000242,2014-10-09,2,9,2,2266650,90666,897000
103000243,2014-10-10,3,4,7,2172475,86899,842250
103000244,2014-10-11,4,6,9,2152025,86081,1241250
103000245,2014-10-13,7,9,8,2562875,102515,1414500
103000246,2014-10-14,5,9,2,2349900,93996,732250
103000247,2014-10-15,3,9,8,2364175,94567,929250
103000248,2014-10-16,6,1,3,2286200,91448,1598500
103000249,2014-10-17,7,9,6,2267450,90698,787250
103000250,2014-10-18,6,6,6,2175075,87003,9102000
103000251,2014-10-20,2,8,8,2621375,104855,1868000
103000252,2014-10-21,2,4,5,2441900,97676,656500
103000253,2014-10-22,1,0,0,2430200,97208,2155750
103000254,2014-10-23,1,9,6,2334900,93396,733750
103000255,2014-10-24,2,5,5,2384675,95387,1430000
103000256,2014-10-25,0,7,3,2212875,88515,1745750
103000257,2014-10-27,1,7,2,2398125,95925,962250
103000258,2014-10-28,4,2,1,2157650,86306,1078250
103000259,2014-10-29,4,1,6,2401800,96072,747000
103000260,2014-10-30,9,8,4,2229075,89163,512000
103000261,2014-10-31,1,6,3,2301450,92058,1119750
103000262,2014-11-01,3,6,5,2217200,88688,913000
103000263,2014-11-03,7,4,5,2515800,100632,1036750
103000264,2014-11-04,4,7,2,2381525,95261,942500
103000265,2014-11-05,6,9,3,2537250,101490,2248750
103000266,2014-11-06,5,4,9,2609800,104392,753500
103000267,2014-11-07,7,2,7,2610425,104417,1098500
103000268,2014-11-08,6,2,4,2549475,101979,1120500
103000269,2014-11-10,5,9,7,2943450,117738,1103500
103000270,2014-11-11,5,7,7,2726325,109053,1408000
103000271,2014-11-12,7,5,1,2872625,114905,961500
103000272,2014-11-13,7,6,9,2706000,108240,651250
103000273,2014-11-14,4,4,8,2792450,111698,994250
103000274,2014-11-15,4,6,4,2883825,115353,639250
103000275,2014-11-17,2,2,6,2558925,102357,2538500
103000276,2014-11-18,4,2,5,2540425,101617,821750
103000277,2014-11-19,9,2,5,2579075,103163,1621250
103000278,2014-11-20,7,7,6,2541775,101671,648000
103000279,2014-11-21,8,0,7,2588350,103534,889500
103000280,2014-11-22,9,9,4,2401450,96058,1007000
103000281,2014-11-24,5,8,0,2644450,105778,1044250
103000282,2014-11-25,6,7,0,2401775,96071,998000
103000283,2014-11-26,5,4,8,2613400,104536,848750
103000284,2014-11-27,3,4,3,2439550,97582,1022250
103000285,2014-11-28,3,3,3,2659750,106390,11446500
103000286,2014-11-29,2,5,3,2173325,86933,1017500
103000287,2014-12-01,2,8,1,2390275,95611,1169750
103000288,2014-12-02,6,1,3,2184125,87365,1260500
103000289,2014-12-03,3,5,1,2408100,96324,787750
103000290,2014-12-04,7,5,1,2114875,84595,773500
103000291,2014-12-05,4,6,6,2461150,98446,1727500
103000292,2014-12-06,6,3,3,2330200,93208,4903000
103000293,2014-12-08,1,9,2,2713400,108536,1163750
103000294,2014-12-09,6,7,8,2190800,87632,929000
103000295,2014-12-10,3,6,5,2498350,99934,1587500
103000296,2014-12-11,5,9,5,2406625,96265,566750
103000297,2014-12-12,6,6,3,2420825,96833,1538000
103000298,2014-12-13,6,0,9,2328350,93134,956750
103000299,2014-12-15,0,0,9,2704400,108176,1026500
103000300,2014-12-16,0,5,2,2241275,89651,869500
103000301,2014-12-17,7,1,5,2321875,92875,1023000
103000302,2014-12-18,0,2,9,2296475,91859,968750
103000303,2014-12-19,2,7,1,2214900,88596,1039500
103000304,2014-12-20,9,4,7,2197900,87916,1209250
103000305,2014-12-22,2,3,4,2485425,99417,1172250
103000306,2014-12-23,4,2,1,2252200,90088,1435250
103000307,2014-12-24,0,8,9,2350250,94010,982250
103000308,2014-12-25,0,0,0,2138225,85529,1735000
103000309,2014-12-26,1,5,2,2264700,90588,1180750
103000310,2014-12-27,0,2,0,2202525,88101,864250
103000311,2014-12-29,4,7,5,2694600,107784,859750
103000312,2014-12-30,3,3,7,2352875,94115,1313500
103000313,2014-12-31,7,6,6,2603500,104140,1907250
104000001,2015-01-01,9,1,3,2388875,95555,1271500
104000002,2015-01-02,6,7,1,2188575,87543,647750
104000003,2015-01-03,7,6,6,2202300,88092,944000
104000004,2015-01-05,0,8,6,3119000,124760,928250
104000005,2015-01-06,1,8,6,2466400,98656,1240500
104000006,2015-01-07,5,2,2,2553350,102134,1685750
104000007,2015-01-08,8,9,5,2742375,109695,1959750
104000008,2015-01-09,5,8,6,2581775,103271,3327000
104000009,2015-01-10,3,8,1,2649775,105991,996750
104000010,2015-01-12,4,8,3,2805000,112200,830500
104000011,2015-01-13,1,3,4,2604150,104166,1249250
104000012,2015-01-14,2,3,3,2695875,107835,1760000
104000013,2015-01-15,6,5,1,2620075,104803,1361500
104000014,2015-01-16,9,7,8,2626725,105069,1449000
104000015,2015-01-17,6,3,2,2528675,101147,912750
104000016,2015-01-19,0,3,7,2867000,114680,1261750
104000017,2015-01-20,1,4,1,2616600,104664,2254500
104000018,2015-01-21,2,1,9,2646875,105875,1599500
104000019,2015-01-22,0,6,4,2563500,102540,573500
104000020,2015-01-23,5,0,4,2548575,101943,1434250
104000021,2015-01-24,5,5,0,2323075,92923,2223000
104000022,2015-01-26,4,5,0,2804075,112163,3212500
104000023,2015-01-27,1,9,3,2522725,100909,1117000
104000024,2015-01-28,7,4,9,2673075,106923,850500
104000025,2015-01-29,0,1,9,2424275,96971,1447000
104000026,2015-01-30,0,2,8,2624775,104991,1458250
104000027,2015-01-31,3,8,6,2335025,93401,2101500
104000028,2015-02-02,4,2,1,2773825,110953,1041750
104000029,2015-02-03,2,0,8,2442075,97683,1051000
104000030,2015-02-04,1,9,3,2823025,112921,1078250
104000031,2015-02-05,9,7,0,2715075,108603,1048000
104000032,2015-02-06,9,5,8,2653100,106124,1529250
104000033,2015-02-07,1,6,9,2579400,103176,1397500
104000034,2015-02-09,9,1,9,2768350,110734,1760500
104000035,2015-02-10,9,8,6,2648950,105958,1200500
104000036,2015-02-11,8,4,5,2889500,115580,1467250
104000037,2015-02-12,8,3,1,2677275,107091,2153500
104000038,2015-02-13,6,7,8,2642700,105708,1143250
104000039,2015-02-14,2,1,6,2747975,109919,1849500
104000040,2015-02-16,6,9,7,3091800,123672,1180750
104000041,2015-02-17,8,8,8,2811525,112461,10058500
104000042,2015-02-18,2,8,2,2892550,115702,1929000
104000043,2015-02-19,7,0,9,2910350,116414,1144250
104000044,2015-02-20,5,9,4,2806875,112275,558000
104000045,2015-02-21,0,7,0,2664125,106565,703750
104000046,2015-02-23,2,2,8,3550675,142027,8448750
104000047,2015-02-24,0,2,3,3062000,122480,1495000
104000048,2015-02-25,1,7,8,3117625,124705,6700250
104000049,2015-02-26,2,0,9,3179200,127168,1522000
104000050,2015-02-27,3,6,3,3029525,121181,2029000
104000051,2015-02-28,9,4,9,3033300,121332,1262500
104000052,2015-03-02,9,8,2,3464300,138572,939500
104000053,2015-03-03,7,3,0,3038750,121550,1913250
104000054,2015-03-04,3,0,5,2975125,119005,2009500
104000055,2015-03-05,9,3,0,3255275,130211,988750
104000056,2015-03-06,9,6,3,3163725,126549,1474000
104000057,2015-03-07,9,1,8,3119750,124790,1392750
104000058,2015-03-09,5,7,7,3372800,134912,1350500
104000059,2015-03-10,7,3,0,2938075,117523,1023500
104000060,2015-03-11,8,1,3,3038150,121526,1421000
104000061,2015-03-12,4,5,8,3037825,121513,3833250
104000062,2015-03-13,0,1,1,2837325,113493,1840250
104000063,2015-03-14,3,9,3,2603650,104146,1157000
104000064,2015-03-16,4,3,8,3156675,126267,1254250
104000065,2015-03-17,9,1,3,2818875,112755,1979750
104000066,2015-03-18,3,2,6,3030250,121210,3059000
104000067,2015-03-19,4,5,2,2785125,111405,901500
104000068,2015-03-20,4,9,5,2771175,110847,1029750
104000069,2015-03-21,7,8,2,2754525,110181,2245250
104000070,2015-03-23,8,8,9,2918825,116753,1875000
104000071,2015-03-24,6,1,2,2676825,107073,1656750
104000072,2015-03-25,8,4,8,2695100,107804,1260750
104000073,2015-03-26,0,9,2,2625800,105032,801250
104000074,2015-03-27,9,6,2,2638375,105535,958000
104000075,2015-03-28,1,3,4,2536375,101455,1144750
104000076,2015-03-30,6,3,9,2979400,119176,1609750
104000077,2015-03-31,1,7,0,2701950,108078,1525250
104000078,2015-04-01,4,3,9,2698875,107955,1042500
104000079,2015-04-02,8,3,8,2744075,109763,1008750
104000080,2015-04-03,3,3,3,2684650,107386,5326750
104000081,2015-04-04,2,9,6,2672300,106892,1736250
104000082,2015-04-06,9,0,4,2973175,118927,1970250
104000083,2015-04-07,9,3,4,2606300,104252,749250
104000084,2015-04-08,6,8,5,2776450,111058,1350500
104000085,2015-04-09,4,1,7,2762650,110506,1884750
104000086,2015-04-10,7,6,2,2902800,116112,1226500
104000087,2015-04-11,6,2,9,2511700,100468,1914250
104000088,2015-04-13,4,4,8,3174600,126984,1509000
104000089,2015-04-14,6,8,1,2665350,106614,1063000
104000090,2015-04-15,7,7,7,2919850,116794,5238500
104000091,2015-04-16,4,3,7,2948275,117931,1465750
104000092,2015-04-17,7,2,5,2910500,116420,1758250
104000093,2015-04-18,3,3,7,2843375,113735,1125250
104000094,2015-04-20,4,8,1,3544725,141789,986250
104000095,2015-04-21,6,1,1,2886575,115463,1151000
104000096,2015-04-22,4,6,1,3005100,120204,649500
104000097,2015-04-23,0,7,1,3249025,129961,786000
104000098,2015-04-24,1,0,6,3063700,122548,1849500
104000099,2015-04-25,0,3,0,2956350,118254,1004750
104000100,2015-04-27,4,7,0,3411475,136459,958500
104000101,2015-04-28,7,3,2,3024200,120968,1157250
104000102,2015-04-29,6,7,0,3032475,121299,669000
104000103,2015-04-30,4,5,9,2988275,119531,3069250
104000104,2015-05-01,4,9,0,2567175,102687,1165500
104000105,2015-05-02,7,9,2,2360975,94439,855750
104000106,2015-05-04,1,1,7,2916550,116662,1443250
104000107,2015-05-05,1,9,2,2675325,107013,993500
104000108,2015-05-06,4,7,5,2794950,111798,670250
104000109,2015-05-07,7,4,2,2822175,112887,1309750
104000110,2015-05-08,4,9,1,2733700,109348,872250
104000111,2015-05-09,6,4,1,2605150,104206,612500
104000112,2015-05-11,9,6,5,2909450,116378,1250250
104000113,2015-05-12,6,5,0,2579925,103197,842500
104000114,2015-05-13,9,6,6,2631775,105271,1423500
104000115,2015-05-14,5,6,4,2652875,106115,961750
104000116,2015-05-15,8,7,6,2699200,107968,813750
104000117,2015-05-16,7,7,7,2568600,102744,3874000
104000118,2015-05-18,6,4,8,2814975,112599,702750
104000119,2015-05-19,6,2,6,2695400,107816,1864750
104000120,2015-05-20,5,2,0,2439350,97574,22486250
104000121,2015-05-21,6,2,9,3090775,123631,1186500
104000122,2015-05-22,4,5,7,3051650,122066,901500
104000123,2015-05-23,3,2,8,2756175,110247,1777000
104000124,2015-05-25,3,9,5,3417550,136702,1676000
104000125,2015-05-26,0,4,5,2987375,119495,840750
104000126,2015-05-27,2,7,5,3010225,120409,3128750
104000127,2015-05-28,5,3,7,3126875,125075,1490500
104000128,2015-05-29,4,9,2,3180800,127232,1127000
104000129,2015-05-30,3,5,1,3032350,121294,1318500
104000130,2015-06-01,3,5,9,3363275,134531,1684500
104000131,2015-06-02,7,0,9,3036900,121476,1155750
104000132,2015-06-03,3,5,3,3017925,120717,1130500
104000133,2015-06-04,5,5,1,3135850,125434,1521500
104000134,2015-06-05,5,4,2,3162500,126500,859250
104000135,2015-06-06,5,4,8,3710825,148433,1167250
104000136,2015-06-08,5,8,9,3621975,144879,3603250
104000137,2015-06-09,5,7,0,2936625,117465,857250
104000138,2015-06-10,9,6,9,2991925,119677,1266500
104000139,2015-06-11,0,0,4,2882500,115300,495500
104000140,2015-06-12,4,3,3,2736000,109440,939000
104000141,2015-06-13,9,4,6,2619125,104765,697000
104000142,2015-06-15,5,5,4,2952275,118091,1281750
104000143,2015-06-16,6,3,8,2768575,110743,1047250
104000144,2015-06-17,8,3,5,2752125,110085,1321000
104000145,2015-06-18,7,4,3,2786975,111479,715750
104000146,2015-06-19,6,2,0,2821150,112846,10033750
104000147,2015-06-20,6,9,3,2991500,119660,1568250
104000148,2015-06-22,5,2,8,3041700,121668,2936000
104000149,2015-06-23,8,1,0,2687500,107500,1658750
104000150,2015-06-24,3,7,4,2543500,101740,911000
104000151,2015-06-25,5,8,3,2567050,102682,1772000
104000152,2015-06-26,1,0,5,2661700,106468,1219250
104000153,2015-06-27,6,9,1,2458825,98353,874000
104000154,2015-06-29,6,6,4,2997175,119887,1097250
104000155,2015-06-30,2,1,9,2596450,103858,1441250
104000156,2015-07-01,4,6,3,2479825,99193,933250
104000157,2015-07-02,3,5,6,2441125,97645,1693000
104000158,2015-07-03,3,9,9,2570000,102800,1286750
104000159,2015-07-04,9,6,2,2468625,98745,1175250
104000160,2015-07-06,8,5,7,2875725,115029,1143750
104000161,2015-07-07,3,5,3,2673100,106924,3277750
104000162,2015-07-08,2,1,5,2726525,109061,1020750
104000163,2015-07-09,4,3,9,2645375,105815,1392500
104000164,2015-07-10,7,6,5,2525025,101001,1145500
104000165,2015-07-11,4,7,7,2571900,102876,1379000
104000166,2015-07-13,9,9,4,2838300,113532,1120500
104000167,2015-07-14,4,0,7,2642525,105701,817250
104000168,2015-07-15,6,7,9,2656525,106261,1054500
104000169,2015-07-16,3,0,3,2648400,105936,943500
104000170,2015-07-17,0,5,6,2745575,109823,918000
104000171,2015-07-18,1,6,8,2617650,104706,4051000
104000172,2015-07-20,6,0,5,3132050,125282,1428500
104000173,2015-07-21,6,6,3,2749375,109975,1561500
104000174,2015-07-22,8,9,0,2713600,108544,855250
104000175,2015-07-23,1,2,5,2695325,107813,2102750
104000176,2015-07-24,8,8,0,2690625,107625,2129750
104000177,2015-07-25,1,5,9,2523450,100938,842750
104000178,2015-07-27,6,6,5,2818025,112721,1548250
104000179,2015-07-28,4,0,2,2600775,104031,652250
104000180,2015-07-29,4,7,4,2670225,106809,716250
104000181,2015-07-30,0,3,7,2810400,112416,2078000
104000182,2015-07-31,6,5,0,2934825,117393,910500
104000183,2015-08-01,8,7,6,2643600,105744,588750
104000184,2015-08-03,4,6,1,3177075,127083,761000
104000185,2015-08-04,1,0,7,2899375,115975,1414500
104000186,2015-08-05,6,2,3,3096575,123863,2255250
104000187,2015-08-06,4,5,0,3106100,124244,1421500
104000188,2015-08-07,6,3,6,3245500,129820,3995500
104000189,2015-08-08,2,0,9,2138500,85540,458250
104000190,2015-08-10,7,1,2,3407875,136315,1983250
104000191,2015-08-11,8,7,0,3113625,124545,1232500
104000192,2015-08-12,3,8,4,3174125,126965,1173500
104000193,2015-08-13,4,1,0,3102950,124118,814750
104000194,2015-08-14,8,0,2,3161775,126471,851250
104000195,2015-08-15,1,2,3,2965675,118627,2150750
104000196,2015-08-17,7,7,6,3355275,134211,2335500
104000197,2015-08-18,0,8,8,2997875,119915,3508750
104000198,2015-08-19,8,7,4,3159625,126385,752250
104000199,2015-08-20,3,8,7,3441175,137647,1013750
104000200,2015-08-21,0,0,1,2861375,114455,833000
104000201,2015-08-22,4,7,2,2670025,106801,1033750
104000202,2015-08-24,1,4,5,3224850,128994,4915000
104000203,2015-08-25,4,4,2,2492000,99680,766750
104000204,2015-08-26,7,7,7,2358550,94342,6954250
104000205,2015-08-27,8,9,4,2625950,105038,833500
104000206,2015-08-28,2,8,5,2596275,103851,2089000
104000207,2015-08-29,9,2,1,2335375,93415,1362250
104000208,2015-08-31,4,4,0,2913800,116552,826750
104000209,2015-09-01,4,3,9,2539600,101584,3464750
104000210,2015-09-02,4,7,5,2633075,105323,716000
104000211,2015-09-03,1,2,9,2827825,113113,1456250
104000212,2015-09-04,8,8,2,2763325,110533,1219500
104000213,2015-09-05,0,4,4,2816400,112656,685500
104000214,2015-09-07,1,4,2,3183275,127331,13503250
104000215,2015-09-08,3,5,5,2878475,115139,1504250
104000216,2015-09-09,4,8,2,2954875,118195,2527750
104000217,2015-09-10,3,5,6,3009550,120382,1586750
104000218,2015-09-11,4,6,0,3066075,122643,1223000
104000219,2015-09-12,1,0,9,2610000,104400,1136750
104000220,2015-09-14,8,9,8,3300575,132023,1550000
104000221,2015-09-15,5,0,8,2649150,105966,878500
104000222,2015-09-16,3,7,8,2652600,106104,1495250
104000223,2015-09-17,7,2,9,2821600,112864,1467750
104000224,2015-09-18,0,7,8,2947400,117896,846250
104000225,2015-09-19,3,5,1,2827025,113081,2188500
104000226,2015-09-21,8,8,5,3444075,137763,1546250
104000227,2015-09-22,3,5,3,2927025,117081,2216250
104000228,2015-09-23,8,1,4,3083475,123339,1683000
104000229,2015-09-24,0,0,8,2899325,115973,970750
104000230,2015-09-25,7,2,6,3097750,123910,1403000
104000231,2015-09-26,7,9,0,2945700,117828,965750
104000232,2015-09-28,8,8,4,2201600,88064,916000
104000233,2015-09-29,5,9,9,2483225,99329,952750
104000234,2015-09-30,4,9,0,2758475,110339,737750
104000235,2015-10-01,0,2,5,2756200,110248,1211500
104000236,2015-10-02,4,6,8,2837125,113485,798750
104000237,2015-10-03,5,7,0,2639300,105572,1993500
104000238,2015-10-05,6,0,5,3207950,128318,1116750
104000239,2015-10-06,5,7,7,2805925,112237,1188000
104000240,2015-10-07,0,0,8,2973050,118922,918500
104000241,2015-10-08,7,4,6,2828550,113142,623250
104000242,2015-10-09,2,7,0,2677275,107091,1314250
104000243,2015-10-10,6,9,5,2763150,110526,1173250
104000244,2015-10-12,3,9,1,2921475,116859,1071250
104000245,2015-10-13,9,4,6,2625525,105021,585500
104000246,2015-10-14,0,6,2,2587950,103518,661000
104000247,2015-10-15,0,6,2,2554475,102179,601000
104000248,2015-10-16,0,7,3,2682325,107293,803500
104000249,2015-10-17,2,7,9,2479075,99163,763750
104000250,2015-10-19,3,4,8,2786075,111443,796750
104000251,2015-10-20,5,7,9,2507225,100289,1475750
104000252,2015-10-21,8,4,2,2731725,109269,573750
104000253,2015-10-22,3,7,3,2636300,105452,939750
104000254,2015-10-23,2,7,8,2751000,110040,1136000
104000255,2015-10-24,9,4,7,2475000,99000,684500
104000256,2015-10-26,7,9,0,2962125,118485,810750
104000257,2015-10-27,5,1,3,2514175,100567,3396500
104000258,2015-10-28,1,7,0,2634000,105360,976750
104000259,2015-10-29,0,5,3,2613300,104532,792000
104000260,2015-10-30,8,9,8,2669450,106778,882250
104000261,2015-10-31,1,3,6,2620200,104808,3031750
104000262,2015-11-02,8,1,8,2719125,108765,1235750
104000263,2015-11-03,9,4,5,2494725,99789,1050000
104000264,2015-11-04,6,5,7,2607650,104306,927250
104000265,2015-11-05,6,7,0,2792475,111699,1384500
104000266,2015-11-06,7,7,3,2697725,107909,1233750
104000267,2015-11-07,0,1,8,2753100,110124,832250
104000268,2015-11-09,8,7,3,2738025,109521,1101500
104000269,2015-11-10,8,5,5,2672400,106896,1313250
104000270,2015-11-11,3,5,4,2658100,106324,962750
104000271,2015-11-12,1,2,1,2568625,102745,3219000
104000272,2015-11-13,8,2,2,2587875,103515,2248250
104000273,2015-11-14,9,8,2,2494475,99779,927000
104000274,2015-11-16,2,3,9,2573425,102937,1588250
104000275,2015-11-17,7,2,5,2437200,97488,1577250
104000276,2015-11-18,8,4,2,2403675,96147,716750
104000277,2015-11-19,8,5,0,2362775,94511,918500
104000278,2015-11-20,9,9,8,2406725,96269,1009750
104000279,2015-11-21,6,0,9,2330325,93213,1178750
104000280,2015-11-23,2,4,9,2527175,101087,674000
104000281,2015-11-24,8,4,2,2435775,97431,603000
104000282,2015-11-25,3,6,3,2366775,94671,1506250
104000283,2015-11-26,3,4,4,2456950,98278,602750
104000284,2015-11-27,5,6,3,2465000,98600,820750
104000285,2015-11-28,2,5,7,2357250,94290,1337250
104000286,2015-11-30,4,4,8,2671350,106854,867750
104000287,2015-12-01,8,7,8,2524000,100960,1645000
104000288,2015-12-02,1,4,0,2554525,102181,954000
104000289,2015-12-03,9,3,5,2294700,91788,2011000
104000290,2015-12-04,4,8,1,2365750,94630,839500
104000291,2015-12-05,6,2,7,2248175,89927,1712250
104000292,2015-12-07,7,0,5,2569725,102789,806000
104000293,2015-12-08,3,0,7,2345925,93837,1279500
104000294,2015-12-09,1,7,9,2329675,93187,811000
104000295,2015-12-10,8,6,6,2393325,95733,1650000
104000296,2015-12-11,9,3,2,2567250,102690,854750
104000297,2015-12-12,2,0,8,2369875,94795,728250
104000298,2015-12-14,2,9,8,2724875,108995,1504500
104000299,2015-12-15,5,9,6,2474975,98999,949000
104000300,2015-12-16,1,7,4,2437575,97503,1262000
104000301,2015-12-17,5,8,8,2466950,98678,1270250
104000302,2015-12-18,7,2,7,2765500,110620,1061500
104000303,2015-12-19,1,3,3,2612200,104488,3529250
104000304,2015-12-21,6,4,7,2617625,104705,969500
104000305,2015-12-22,1,1,7,2439850,97594,2780000
104000306,2015-12-23,7,9,3,2664100,106564,1711000
104000307,2015-12-24,1,0,8,2401825,96073,1122000
104000308,2015-12-25,4,4,1,2500475,100019,690500
104000309,2015-12-26,5,9,3,2362100,94484,946500
104000310,2015-12-28,3,2,4,2608675,104347,967000
104000311,2015-12-29,9,6,7,2395550,95822,991750
104000312,2015-12-30,5,2,4,2517075,100683,736500
104000313,2015-12-31,0,6,1,2836850,113474,907000
105000001,2016-01-01,8,8,1,2603350,104134,988000
105000002,2016-01-02,0,9,9,2247200,89888,3036750
105000003,2016-01-04,5,9,1,2670250,106810,1095500
105000004,2016-01-05,2,0,0,2543750,101750,1199000
105000005,2016-01-06,5,1,8,2597725,103909,1700250
105000006,2016-01-07,6,5,6,2600625,104025,2134250
105000007,2016-01-08,2,2,1,2772200,110888,2474000
105000008,2016-01-09,4,3,0,2626375,105055,1133250
105000009,2016-01-11,9,7,6,2725200,109008,1132500
105000010,2016-01-12,2,5,0,2608050,104322,3084000
105000011,2016-01-13,4,9,0,2398050,95922,634750
105000012,2016-01-14,3,9,1,2406300,96252,1278250
105000013,2016-01-15,1,6,2,2369900,94796,1573000
105000014,2016-01-16,5,9,3,2720350,108814,1176250
105000015,2016-01-18,0,2,1,3856700,154268,1505500
105000016,2016-01-19,7,1,7,2814250,112570,1381250
105000017,2016-01-20,4,7,3,2679275,107171,1278500
105000018,2016-01-21,0,0,4,2547600,101904,574000
105000019,2016-01-22,3,9,1,2445700,97828,1072750
105000020,2016-01-23,1,1,4,2248200,89928,985750
105000021,2016-01-25,8,3,9,2705825,108233,978000
105000022,2016-01-26,9,2,3,2637375,105495,1152000
105000023,2016-01-27,1,6,2,2590275,103611,1993000
105000024,2016-01-28,0,5,9,2609900,104396,1266500
105000025,2016-01-29,0,9,9,2555300,102212,917750
105000026,2016-01-30,4,8,8,2822650,112906,1658500
105000027,2016-02-01,4,2,0,3137275,125491,1258250
105000028,2016-02-02,0,5,3,2619825,104793,828500
105000029,2016-02-03,9,7,7,2759925,110397,1184000
105000030,2016-02-04,2,7,6,2871000,114840,954500
105000031,2016-02-05,8,6,1,2915325,116613,1521000
105000032,2016-02-06,6,3,0,3344150,133766,1089500
105000033,2016-02-08,1,3,1,3096775,123871,2156000
105000034,2016-02-09,5,8,7,2684225,107369,2051500
105000035,2016-02-10,9,3,8,2708450,108338,860250
105000036,2016-02-11,7,6,4,2727300,109092,664500
105000037,2016-02-12,3,0,1,2876525,115061,1157000
105000038,2016-02-13,2,3,1,2816025,112641,1759250
105000039,2016-02-15,5,2,0,3674900,146996,5977750
105000040,2016-02-16,0,0,3,3159575,126383,894750
105000041,2016-02-17,9,3,8,2957125,118285,1047750
105000042,2016-02-18,0,8,1,3166650,126666,790000
105000043,2016-02-19,5,6,1,3197600,127904,1403500
105000044,2016-02-20,4,5,4,2949075,117963,1395750
105000045,2016-02-22,9,6,4,3612050,144482,556500
105000046,2016-02-23,4,8,9,2940050,117602,929500
105000047,2016-02-24,0,5,7,3100725,124029,1006250
105000048,2016-02-25,2,0,9,2983075,119323,1114500
105000049,2016-02-26,4,5,5,2991575,119663,1383500
105000050,2016-02-27,4,2,2,2996700,119868,1199250
105000051,2016-02-29,5,2,1,3351775,134071,1425250
105000052,2016-03-01,5,5,9,2845025,113801,777000
105000053,2016-03-02,0,5,5,2911875,116475,1107250
105000054,2016-03-03,8,9,8,2990475,119619,1193500
105000055,2016-03-04,9,3,4,3003850,120154,935000
105000056,2016-03-05,0,4,8,2987975,119519,2526500
105000057,2016-03-07,5,0,9,3058175,122327,1129000
105000058,2016-03-08,8,3,1,2824600,112984,1613250
105000059,2016-03-09,7,4,4,2777350,111094,848000
105000060,2016-03-10,1,2,4,2706625,108265,1035500
105000061,2016-03-11,8,7,3,2727075,109083,1009500
105000062,2016-03-12,0,4,4,2619925,104797,660750
105000063,2016-03-14,7,4,3,3062450,122498,1022750
105000064,2016-03-15,4,7,7,2517500,100700,1563250
105000065,2016-03-16,9,9,3,2786250,111450,1522750
105000066,2016-03-17,0,2,1,2824525,112981,808500
105000067,2016-03-18,1,2,2,2779400,111176,2025000
105000068,2016-03-19,8,6,0,2889250,115570,993500
105000069,2016-03-21,4,7,1,2699400,107976,960500
105000070,2016-03-22,6,8,4,2594725,103789,764000
105000071,2016-03-23,0,8,0,2331000,93240,869750
105000072,2016-03-24,6,7,9,2341975,93679,691750
105000073,2016-03-25,5,2,5,2350325,94013,1953750
105000074,2016-03-26,8,0,3,2576650,103066,745250
105000075,2016-03-28,4,5,4,2757875,110315,1142500
105000076,2016-03-29,8,5,8,2576000,103040,1218250
105000077,2016-03-30,0,7,7,2694450,107778,2271250
105000078,2016-03-31,7,2,3,2928125,117125,1482500
105000079,2016-04-01,5,1,9,3057325,122293,2280500
105000080,2016-04-02,7,8,0,2399150,95966,1600750
105000081,2016-04-04,5,4,8,2570425,102817,1186500
105000082,2016-04-05,1,0,2,2290825,91633,1243000
105000083,2016-04-06,9,2,4,2411225,96449,661500
105000084,2016-04-07,5,7,8,2695200,107808,1080500
105000085,2016-04-08,5,9,5,2582875,103315,852000
105000086,2016-04-09,5,7,3,2457425,98297,733750
105000087,2016-04-11,3,0,9,2878625,115145,1366250
105000088,2016-04-12,8,3,5,2509200,100368,1463250
105000089,2016-04-13,1,5,9,2398900,95956,2126000
105000090,2016-04-14,3,8,9,2427750,97110,1034500
105000091,2016-04-15,0,9,5,2589325,103573,610750
105000092,2016-04-16,7,7,0,2931275,117251,1594750
105000093,2016-04-18,5,2,1,2777700,111108,1478000
105000094,2016-04-19,1,6,9,2565100,102604,1779250
105000095,2016-04-20,9,3,7,2512925,100517,1532000
105000096,2016-04-21,3,3,5,2502250,100090,1381000
105000097,2016-04-22,9,4,8,2640250,105610,737000
105000098,2016-04-23,9,0,5,2599100,103964,929000
105000099,2016-04-25,0,0,9,2748000,109920,737500
105000100,2016-04-26,5,5,4,2457400,98296,1421000
105000101,2016-04-27,2,4,5,2510775,100431,795750
105000102,2016-04-28,1,0,8,2649100,105964,1577000
105000103,2016-04-29,4,6,0,2706600,108264,648000
105000104,2016-04-30,8,9,0,2528575,101143,1195250
105000105,2016-05-02,0,5,2,3140375,125615,3794750
105000106,2016-05-03,0,0,8,2532000,101280,1031250
105000107,2016-05-04,5,0,0,2540475,101619,1302500
105000108,2016-05-05,5,5,7,2601650,104066,1500750
105000109,2016-05-06,6,0,9,2820900,112836,1411250
105000110,2016-05-07,7,2,9,2634325,105373,1049250
105000111,2016-05-09,0,1,1,2721675,108867,2191750
105000112,2016-05-10,8,9,9,2402075,96083,985750
105000113,2016-05-11,8,8,3,2677325,107093,1436750
105000114,2016-05-12,1,6,5,2618800,104752,1027250
105000115,2016-05-13,9,0,5,2590875,103635,1305250
105000116,2016-05-14,1,2,5,2461550,98462,1866250
105000117,2016-05-16,6,1,8,2777600,111104,1401750
105000118,2016-05-17,7,0,6,2559050,102362,744250
105000119,2016-05-18,8,1,6,2690075,107603,3139250
105000120,2016-05-19,3,7,7,3784700,151388,1840000
105000121,2016-05-20,8,0,1,4899325,195973,1462000
105000122,2016-05-21,3,9,3,2669150,106766,859750
105000123,2016-05-23,0,0,9,2885725,115429,973500
105000124,2016-05-24,2,1,9,2652225,106089,1296000
105000125,2016-05-25,7,5,2,2679675,107187,1316250
105000126,2016-05-26,5,7,2,2616600,104664,1546750
105000127,2016-05-27,8,4,8,2637450,105498,1042500
105000128,2016-05-28,3,5,5,2397625,95905,1150250
105000129,2016-05-30,7,2,7,2845050,113802,824750
105000130,2016-05-31,5,2,5,2553925,102157,2478500
105000131,2016-06-01,1,4,7,3034100,121364,1577250
105000132,2016-06-02,1,1,5,2519675,100787,1205500
105000133,2016-06-03,8,3,6,2623100,104924,2791500
105000134,2016-06-04,6,5,4,2472675,98907,1139750
105000135,2016-06-06,0,0,2,2899975,115999,1165000
105000136,2016-06-07,2,6,0,2525450,101018,1249750
105000137,2016-06-08,0,8,9,2590325,103613,970500
105000138,2016-06-09,3,3,1,2520100,100804,945250
105000139,2016-06-10,1,3,1,2338700,93548,1317000
105000140,2016-06-11,4,5,7,2283450,91338,1051500
105000141,2016-06-13,6,1,9,2672450,106898,2043000
105000142,2016-06-14,6,3,8,2450175,98007,1541000
105000143,2016-06-15,2,0,6,2568975,102759,1233250
105000144,2016-06-16,4,1,9,2521300,100852,765750
105000145,2016-06-17,7,9,2,2464900,98596,1212500
105000146,2016-06-18,8,4,5,2267300,90692,1032500
105000147,2016-06-20,3,6,5,2694825,107793,1298500
105000148,2016-06-21,5,2,1,2374650,94986,2126750
105000149,2016-06-22,9,8,9,2535500,101420,579250
105000150,2016-06-23,2,5,8,2498150,99926,2097750
105000151,2016-06-24,4,9,6,2531225,101249,539000
105000152,2016-06-25,9,2,9,2374000,94960,939500
105000153,2016-06-27,9,4,9,2624950,104998,1066750
105000154,2016-06-28,6,3,6,2386425,95457,1266000
105000155,2016-06-29,6,3,7,2453925,98157,848000
105000156,2016-06-30,1,9,5,2438550,97542,1157500
105000157,2016-07-01,7,4,0,2940600,117624,972750
105000158,2016-07-02,6,4,8,2291425,91657,572250
105000159,2016-07-04,2,8,2,2598450,103938,1377500
105000160,2016-07-05,0,5,6,2521425,100857,1370000
105000161,2016-07-06,9,4,9,2582950,103318,489750
105000162,2016-07-07,0,4,8,2637675,105507,508500
105000163,2016-07-08,7,6,2,2179575,87183,567250
105000164,2016-07-09,5,5,2,2448075,97923,977000
105000165,2016-07-11,7,2,0,2727275,109091,1344750
105000166,2016-07-12,7,3,6,2395050,95802,945750
105000167,2016-07-13,6,8,5,2490925,99637,1000250
105000168,2016-07-14,5,8,7,2479550,99182,950500
105000169,2016-07-15,6,0,5,2542525,101701,867500
105000170,2016-07-16,4,0,2,2307725,92309,720500
105000171,2016-07-18,8,9,8,2541675,101667,1065500
105000172,2016-07-19,3,9,5,2411325,96453,1037750
105000173,2016-07-20,6,3,8,2416425,96657,1556750
105000174,2016-07-21,2,9,2,2481625,99265,791750
105000175,2016-07-22,5,7,6,2496450,99858,1523500
105000176,2016-07-23,6,6,3,2197675,87907,1319250
105000177,2016-07-25,3,9,1,2590200,103608,1336500
105000178,2016-07-26,8,8,8,2354050,94162,5067250
105000179,2016-07-27,2,7,4,2446450,97858,832750
105000180,2016-07-28,4,8,9,2284950,91398,754500
105000181,2016-07-29,9,2,3,2375050,95002,1239250
105000182,2016-07-30,6,2,2,2263950,90558,1089000
105000183,2016-08-01,2,8,3,2677000,107080,951250
105000184,2016-08-02,7,4,6,2283050,91322,917750
105000185,2016-08-03,7,2,0,2468700,98748,1009250
105000186,2016-08-04,5,1,9,2425225,97009,2791500
105000187,2016-08-05,7,1,4,2416975,96679,988000
105000188,2016-08-06,2,4,7,2356225,94249,838000
105000189,2016-08-08,1,6,0,2964750,118590,1081500
105000190,2016-08-09,1,2,5,2544800,101792,2188250
105000191,2016-08-10,2,0,3,2437075,97483,1686750
105000192,2016-08-11,3,9,4,2301750,92070,779250
105000193,2016-08-12,4,4,7,2343325,93733,1725500
105000194,2016-08-13,5,3,7,2283400,91336,1217250
105000195,2016-08-15,8,9,5,2687700,107508,1048250
105000196,2016-08-16,1,3,6,2279050,91162,1164000
105000197,2016-08-17,7,5,4,2458150,98326,2481500
105000198,2016-08-18,2,0,0,2301725,92069,1381750
105000199,2016-08-19,5,4,7,2329075,93163,910750
105000200,2016-08-20,9,5,7,2312450,92498,820500
105000201,2016-08-22,5,2,6,2556250,102250,1489000
105000202,2016-08-23,3,2,6,2325675,93027,1091750
105000203,2016-08-24,8,7,0,2455375,98215,918500
105000204,2016-08-25,9,8,1,2407350,96294,1105250
105000205,2016-08-26,3,6,7,2316175,92647,1186500
105000206,2016-08-27,1,1,3,2237825,89513,1694000
105000207,2016-08-29,5,3,3,2456925,98277,1861500
105000208,2016-08-30,9,2,5,2311475,92459,1597250
105000209,2016-08-31,5,7,6,2488350,99534,825000
105000210,2016-09-01,6,0,8,2373250,94930,2879250
105000211,2016-09-02,9,2,3,2243800,89752,1204750
105000212,2016-09-03,3,1,1,2280125,91205,1014750
105000213,2016-09-05,2,5,7,2630750,105230,1926500
105000214,2016-09-06,6,1,5,2253975,90159,802250
105000215,2016-09-07,2,8,2,2300425,92017,968000
105000216,2016-09-08,9,2,4,2509850,100394,827500
105000217,2016-09-09,9,1,6,2668450,106738,6058000
105000218,2016-09-10,9,3,1,2702275,108091,1046500
105000219,2016-09-12,5,9,0,2841025,113641,2152500
105000220,2016-09-13,2,8,9,2461950,98478,1464500
105000221,2016-09-14,7,0,5,2253950,90158,655250
105000222,2016-09-15,6,8,8,2395400,95816,773500
105000223,2016-09-16,1,8,1,2381475,95259,886750
105000224,2016-09-17,9,2,7,2288100,91524,2610250
105000225,2016-09-19,7,5,8,3017275,120691,1995500
105000226,2016-09-20,4,9,2,2598825,103953,808500
105000227,2016-09-21,7,1,5,2878950,115158,1680500
105000228,2016-09-22,2,0,9,2702150,108086,1982000
105000229,2016-09-23,6,7,4,2809925,112397,982000
105000230,2016-09-24,4,9,8,2456325,98253,983250
105000231,2016-09-26,1,2,0,2916950,116678,1914750
105000232,2016-09-27,8,9,6,1386300,55452,505250
105000233,2016-09-28,7,3,6,2343175,93727,792500
105000234,2016-09-29,9,3,5,2636025,105441,1191250
105000235,2016-09-30,3,4,7,2777900,111116,2777250
105000236,2016-10-01,9,6,0,2561850,102474,1469500
105000237,2016-10-03,6,2,8,2685175,107407,1390250
105000238,2016-10-04,7,6,6,2378700,95148,975250
105000239,2016-10-05,1,6,6,2414800,96592,1311750
105000240,2016-10-06,2,0,1,2631400,105256,1251750
105000241,2016-10-07,5,8,6,2749050,109962,1360750
105000242,2016-10-08,2,9,0,2351050,94042,2183500
105000243,2016-10-10,6,1,4,2489450,99578,1335750
105000244,2016-10-11,2,2,5,2341475,93659,1901000
105000245,2016-10-12,8,5,3,2423825,96953,1626750
105000246,2016-10-13,1,4,8,2402825,96113,839000
105000247,2016-10-14,2,1,7,2409100,96364,1187750
105000248,2016-10-15,5,8,3,2317950,92718,1200000
105000249,2016-10-17,3,7,8,2591875,103675,1632750
105000250,2016-10-18,1,5,2,2390675,95627,2004000
105000251,2016-10-19,7,2,2,2440650,97626,1268750
105000252,2016-10-20,2,1,1,2376525,95061,1100000
105000253,2016-10-21,5,4,2,2531475,101259,864000
105000254,2016-10-22,5,4,4,2328050,93122,1027250
105000255,2016-10-24,7,0,3,2650225,106009,992000
105000256,2016-10-25,2,4,4,2385550,95422,541250
105000257,2016-10-26,4,5,3,2449075,97963,1260750
105000258,2016-10-27,8,8,6,2484000,99360,1389250
105000259,2016-10-28,3,7,7,2553900,102156,1522000
105000260,2016-10-29,5,9,7,2425275,97011,1422250
105000261,2016-10-31,1,7,3,2691300,107652,1064500
105000262,2016-11-01,9,0,1,2388600,95544,857000
105000263,2016-11-02,7,9,9,2418125,96725,1167750
105000264,2016-11-03,5,0,0,2661600,106464,1331750
105000265,2016-11-04,3,4,1,2677475,107099,774750
105000266,2016-11-05,9,3,8,2627575,105103,2882500
105000267,2016-11-07,1,4,9,2757475,110299,787750
105000268,2016-11-08,0,5,2,2465075,98603,1991750
105000269,2016-11-09,5,6,4,2753475,110139,1969000
105000270,2016-11-10,7,6,4,2400950,96038,493500
105000271,2016-11-11,4,8,1,2588075,103523,855000
105000272,2016-11-12,1,9,4,2375475,95019,553500
105000273,2016-11-14,9,7,2,2701150,108046,976000
105000274,2016-11-15,2,0,6,2473075,98923,939750
105000275,2016-11-16,1,2,0,2596200,103848,1881500
105000276,2016-11-17,4,4,0,2595375,103815,701000
105000277,2016-11-18,1,2,4,2623300,104932,1022250
105000278,2016-11-19,4,3,5,2514125,100565,2205500
105000279,2016-11-21,5,6,2,2780425,111217,861750
105000280,2016-11-22,6,0,0,2527525,101101,848500
105000281,2016-11-23,7,2,1,2602100,104084,1190000
105000282,2016-11-24,5,6,5,2797275,111891,907000
105000283,2016-11-25,5,1,0,2931725,117269,3126500
105000284,2016-11-26,1,1,6,2364175,94567,4294000
105000285,2016-11-28,9,5,5,2696550,107862,1238500
105000286,2016-11-29,1,9,7,2512750,100510,1924250
105000287,2016-11-30,1,9,3,2595550,103822,1112750
105000288,2016-12-01,1,1,1,2545350,101814,3644750
105000289,2016-12-02,0,3,0,2656925,106277,1700250
105000290,2016-12-03,3,5,1,2435750,97430,1234000
105000291,2016-12-05,8,4,8,2987225,119489,1932500
105000292,2016-12-06,7,9,1,2768200,110728,677000
105000293,2016-12-07,7,5,1,2931650,117266,669250
105000294,2016-12-08,6,5,4,3014600,120584,1241750
105000295,2016-12-09,1,8,3,2997525,119901,3644750
105000296,2016-12-10,5,3,5,2497600,99904,1273000
105000297,2016-12-12,7,3,0,2910075,116403,1084000
105000298,2016-12-13,2,9,1,2690825,107633,995750
105000299,2016-12-14,3,6,2,2686700,107468,1469500
105000300,2016-12-15,2,8,5,2582400,103296,1581000
105000301,2016-12-16,8,3,0,2794375,111775,795000
105000302,2016-12-17,5,9,4,2804775,112191,631500
105000303,2016-12-19,2,5,5,3200875,128035,1205750
105000304,2016-12-20,0,6,7,3048750,121950,970250
105000305,2016-12-21,5,4,2,3209375,128375,748000
105000306,2016-12-22,1,5,0,3190300,127612,1055500
105000307,2016-12-23,8,8,9,3225400,129016,2946500
105000308,2016-12-24,1,2,9,3163275,126531,1888250
105000309,2016-12-26,9,8,4,3384250,135370,544750
105000310,2016-12-27,6,8,6,3162125,126485,574250
105000311,2016-12-28,8,1,2,2899975,115999,1141750
105000312,2016-12-29,3,9,5,2990425,119617,2526250
105000313,2016-12-30,7,3,1,3263800,130552,1638000
105000314,2016-12-31,3,1,0,3350900,134036,8668750
106000001,2017-01-02,0,3,9,3513750,140550,2220500
106000002,2017-01-03,2,0,0,3246225,129849,3179500
106000003,2017-01-04,5,7,4,3079400,123176,3332750
106000004,2017-01-05,2,1,1,2836225,113449,1722000
106000005,2017-01-06,7,4,6,2983875,119355,982500
106000006,2017-01-07,0,2,3,2948825,117953,1694750
106000007,2017-01-09,1,8,0,3015900,120636,1579250
106000008,2017-01-10,4,5,9,2960725,118429,2604750
106000009,2017-01-11,1,8,8,3119775,124791,1238250
106000010,2017-01-12,5,0,9,2975825,119033,1348500
106000011,2017-01-13,5,4,0,2859750,114390,802750
106000012,2017-01-14,0,9,3,2795400,111816,1194250
106000013,2017-01-16,2,2,6,3111475,124459,1922250
106000014,2017-01-17,5,5,5,2949225,117969,5594000
106000015,2017-01-18,7,7,4,3294675,131787,2335000
106000016,2017-01-19,4,8,0,3124275,124971,840750
106000017,2017-01-20,0,5,0,3174425,126977,905250
106000018,2017-01-21,7,3,4,2948550,117942,1269000
106000019,2017-01-23,9,1,2,3252100,130084,2063000
106000020,2017-01-24,2,7,2,3042250,121690,931000
106000021,2017-01-25,1,4,4,3255625,130225,863250
106000022,2017-01-26,0,3,9,3276775,131071,884250
106000023,2017-01-27,4,7,1,3227825,129113,946250
106000024,2017-01-28,1,3,8,3340175,133607,2147250
106000025,2017-01-30,6,8,0,3759650,150386,1174000
106000026,2017-01-31,9,4,1,3373750,134950,756500
106000027,2017-02-01,8,5,8,3419025,136761,1394000
106000028,2017-02-02,1,6,2,3709975,148399,4960750
106000029,2017-02-03,1,7,4,3075800,123032,1119000
106000030,2017-02-04,9,7,0,3083725,123349,847000
106000031,2017-02-06,3,5,6,3515575,140623,1879250
106000032,2017-02-07,6,6,5,3091350,123654,1344000
106000033,2017-02-08,0,4,9,3054975,122199,950250
106000034,2017-02-09,7,5,2,2779525,111181,1226750
106000035,2017-02-10,7,0,3,2959800,118392,942000
106000036,2017-02-11,5,0,7,3031225,121249,1233500
106000037,2017-02-13,8,1,2,3269600,130784,1622000
106000038,2017-02-14,6,3,2,3236675,129467,1165500
106000039,2017-02-15,6,0,8,3043875,121755,898250
106000040,2017-02-16,6,7,5,3001000,120040,976500
106000041,2017-02-17,0,1,5,3037950,121518,953500
106000042,2017-02-18,3,3,7,3104050,124162,2583000
106000043,2017-02-20,4,4,2,3371450,134858,1196250
106000044,2017-02-21,7,2,4,3131975,125279,1503000
106000045,2017-02-22,2,1,9,3061150,122446,2593250
106000046,2017-02-23,8,2,3,3166325,126653,1779750
106000047,2017-02-24,2,7,5,3350725,134029,1230750
106000048,2017-02-25,8,6,9,3376425,135057,1432750
106000049,2017-02-27,5,5,2,4008600,160344,2423250
106000050,2017-02-28,3,5,4,3421925,136877,1321500
106000051,2017-03-01,4,4,3,3407550,136302,1291000
106000052,2017-03-02,9,0,7,3124650,124986,1115250
106000053,2017-03-03,2,3,4,3317625,132705,1698250
106000054,2017-03-04,0,9,3,3270750,130830,3906500
106000055,2017-03-06,4,7,9,3188925,127557,1307250
106000056,2017-03-07,3,2,8,2800500,112020,1944750
106000057,2017-03-08,4,3,0,2924300,116972,853500
106000058,2017-03-09,8,1,1,3001975,120079,2352500
106000059,2017-03-10,4,8,4,3009025,120361,1848500
106000060,2017-03-11,3,1,5,2889225,115569,2578750
106000061,2017-03-13,5,4,8,3303075,132123,1504000
106000062,2017-03-14,6,2,0,3089075,123563,3790500
106000063,2017-03-15,1,3,5,3095250,123810,2788500
106000064,2017-03-16,5,2,1,3079575,123183,1813750
106000065,2017-03-17,9,7,0,3096600,123864,1403250
106000066,2017-03-18,2,3,8,3199675,127987,1788500
106000067,2017-03-20,7,3,7,3655725,146229,1211250
106000068,2017-03-21,0,4,9,3244125,129765,878250
106000069,2017-03-22,8,4,0,3449700,137988,642750
106000070,2017-03-23,1,8,1,3320400,132816,1243000
106000071,2017-03-24,1,9,4,3570675,142827,1611500
106000072,2017-03-25,9,8,0,2983450,119338,734250
106000073,2017-03-27,4,2,0,3589875,143595,1144500
106000074,2017-03-28,8,7,9,3411850,136474,859500
106000075,2017-03-29,4,9,1,3095550,123822,761750
106000076,2017-03-30,4,8,2,3185550,127422,783500
106000077,2017-03-31,3,3,1,3292175,131687,9287500
106000078,2017-04-01,4,0,1,3524275,140971,15611250
106000079,2017-04-03,0,6,4,3969000,158760,2293500
106000080,2017-04-04,3,6,7,3313875,132555,1103250
106000081,2017-04-05,9,5,6,3236600,129464,3619500
106000082,2017-04-06,6,4,4,2970075,118803,1830000
106000083,2017-04-07,2,8,7,3051450,122058,1316000
106000084,2017-04-08,0,1,1,2879850,115194,2236750
106000085,2017-04-10,3,0,3,3181925,127277,2217000
106000086,2017-04-11,0,8,3,2854300,114172,926750
106000087,2017-04-12,8,8,4,2820900,112836,912750
106000088,2017-04-13,4,7,3,2693675,107747,1397500
106000089,2017-04-14,7,2,9,2907625,116305,1994750
106000090,2017-04-15,3,2,9,2809075,112363,2039250
106000091,2017-04-17,3,1,3,3085150,123406,2118500
106000092,2017-04-18,5,2,6,2865425,114617,1345000
106000093,2017-04-19,2,0,6,3116825,124673,2289250
106000094,2017-04-20,7,3,1,3005050,120202,2030000
106000095,2017-04-21,6,7,6,2933275,117331,840000
106000096,2017-04-22,9,5,9,2627250,105090,1552250
106000097,2017-04-24,0,7,0,3074200,122968,913500
106000098,2017-04-25,4,5,0,2732850,109314,943000
106000099,2017-04-26,7,1,2,2917200,116688,1212500
106000100,2017-04-27,0,7,6,2817375,112695,541750
106000101,2017-04-28,3,3,8,3164225,126569,1571500
106000102,2017-04-29,5,3,5,2769075,110763,1273250
106000103,2017-05-01,3,7,9,3412875,136515,1308250
106000104,2017-05-02,7,0,4,2929575,117183,924250
106000105,2017-05-03,4,2,6,2956900,118276,2309000
106000106,2017-05-04,1,1,2,2932025,117281,1360750
106000107,2017-05-05,6,0,9,3225975,129039,844500
106000108,2017-05-06,1,6,4,2884450,115378,1227500
106000109,2017-05-08,9,1,4,3212625,128505,1261500
106000110,2017-05-09,4,8,3,2968600,118744,1054000
106000111,2017-05-10,3,2,4,3186200,127448,1268250
106000112,2017-05-11,8,0,7,3234700,129388,726250
106000113,2017-05-12,3,6,7,3186500,127460,803250
106000114,2017-05-13,7,9,7,3128975,125159,3809500
106000115,2017-05-15,8,3,8,3238225,129529,1164750
106000116,2017-05-16,1,4,6,2611550,104462,2472250
106000117,2017-05-17,8,5,1,2888275,115531,2518500
106000118,2017-05-18,6,2,9,2684500,107380,1488000
106000119,2017-05-19,3,3,2,2986050,119442,1291750
106000120,2017-05-20,7,4,2,3159200,126368,1227500
106000121,2017-05-22,5,0,2,2989225,119569,5080250
106000122,2017-05-23,5,7,8,2810825,112433,2397000
106000123,2017-05-24,0,1,3,2698275,107931,1577000
106000124,2017-05-25,2,5,8,2795025,111801,2396000
106000125,2017-05-26,1,3,9,2908350,116334,1364750
106000126,2017-05-27,3,5,9,2697525,107901,1497750
106000127,2017-05-29,0,9,8,3043475,121739,1295250
106000128,2017-05-30,5,6,5,2768050,110722,2061250
106000129,2017-05-31,1,0,4,2717150,108686,3006500
106000130,2017-06-01,7,4,6,2701700,108068,1273750
106000131,2017-06-02,5,7,0,2488225,99529,1086000
106000132,2017-06-03,1,0,9,2358300,94332,1135500
106000133,2017-06-05,8,5,4,2989475,119579,1074000
106000134,2017-06-06,1,3,4,2815400,112616,1325500
106000135,2017-06-07,3,7,2,2688450,107538,1766750
106000136,2017-06-08,1,0,1,2699800,107992,2380250
106000137,2017-06-09,9,3,8,2868075,114723,1028750
106000138,2017-06-10,7,8,4,2704475,108179,2104750
106000139,2017-06-12,9,2,0,2777275,111091,1811500
106000140,2017-06-13,8,9,2,2448350,97934,1516500
106000141,2017-06-14,3,3,3,2453075,98123,5010250
106000142,2017-06-15,4,6,1,2486225,99449,2004250
106000143,2017-06-16,5,6,5,2760925,110437,831000
106000144,2017-06-17,9,9,4,2491400,99656,1045000
106000145,2017-06-19,2,6,1,3013175,120527,1269750
106000146,2017-06-20,7,0,9,3327475,133099,1045000
106000147,2017-06-21,3,2,5,2974625,118985,1990750
106000148,2017-06-22,0,8,3,2905025,116201,899500
106000149,2017-06-23,2,2,9,3005975,120239,1833500
106000150,2017-06-24,1,1,5,2963575,118543,3093750
106000151,2017-06-26,0,6,9,2922700,116908,888250
106000152,2017-06-27,0,0,5,2610925,104437,1250500
106000153,2017-06-28,7,1,3,2740850,109634,948750
106000154,2017-06-29,3,3,5,2824925,112997,1426250
106000155,2017-06-30,7,4,2,2776275,111051,1960250
106000156,2017-07-01,7,7,0,2725200,109008,1467750
106000157,2017-07-03,1,6,3,2844525,113781,1654000
106000158,2017-07-04,6,1,7,2548650,101946,1357000
106000159,2017-07-05,7,6,5,2779350,111174,1305250
106000160,2017-07-06,5,8,6,2736500,109460,1703250
106000161,2017-07-07,9,0,8,3005700,120228,756500
106000162,2017-07-08,0,1,6,2841425,113657,903000
106000163,2017-07-10,5,4,3,3191825,127673,1662250
106000164,2017-07-11,1,6,6,3025925,121037,1708750
106000165,2017-07-12,6,8,1,3144600,125784,2060250
106000166,2017-07-13,0,4,2,3006650,120266,733500
106000167,2017-07-14,0,7,2,3119125,124765,920500
106000168,2017-07-15,7,1,2,3084150,123366,1262750
106000169,2017-07-17,6,2,0,3480425,139217,2812250
106000170,2017-07-18,2,9,0,3203250,128130,1823750
106000171,2017-07-19,3,4,3,3148750,125950,864250
106000172,2017-07-20,6,6,4,3180700,127228,961750
106000173,2017-07-21,0,9,2,3337800,133512,967250
106000174,2017-07-22,2,0,1,3170475,126819,1344750
106000175,2017-07-24,7,7,7,3538650,141546,6139750
106000176,2017-07-25,7,7,2,3410150,136406,1515000
106000177,2017-07-26,3,1,3,3561375,142455,2266250
106000178,2017-07-27,1,8,8,3503050,140122,2608250
106000179,2017-07-28,3,6,9,3543300,141732,2848000
106000180,2017-07-29,1,0,7,3184450,127378,1507250
106000181,2017-07-31,1,3,2,3388675,135547,2331000
106000182,2017-08-01,3,4,1,3110925,124437,1235250
106000183,2017-08-02,9,3,1,3116775,124671,1132750
106000184,2017-08-03,0,4,6,3137800,125512,496000
106000185,2017-08-04,7,3,8,3272025,130881,936250
106000186,2017-08-05,2,2,0,3097850,123914,1922000
106000187,2017-08-07,4,7,0,3580350,143214,1626500
106000188,2017-08-08,1,1,3,3539900,141596,3355250
106000189,2017-08-09,6,1,1,3512475,140499,1231000
106000190,2017-08-10,2,1,8,3400950,136038,1855500
106000191,2017-08-11,6,4,0,3481175,139247,548500
106000192,2017-08-12,8,6,9,3453175,138127,1500500
106000193,2017-08-14,0,5,1,3408000,136320,2854000
106000194,2017-08-15,7,7,3,2615575,104623,2259500
106000195,2017-08-16,9,7,5,2958175,118327,889750
106000196,2017-08-17,6,0,5,2682425,107297,855750
106000197,2017-08-18,0,1,9,2813650,112546,1313500
106000198,2017-08-19,3,9,8,2632425,105297,877500
106000199,2017-08-21,2,7,6,2870825,114833,1044000
106000200,2017-08-22,5,1,8,2599150,103966,2187250
106000201,2017-08-23,4,0,6,2948625,117945,785500
106000202,2017-08-24,4,2,4,2858100,114324,1837000
106000203,2017-08-25,6,5,4,3053850,122154,1695250
106000204,2017-08-26,8,9,5,2737025,109481,941250
106000205,2017-08-28,0,7,7,3192925,127717,6993750
106000206,2017-08-29,5,1,3,2827025,113081,1320000
106000207,2017-08-30,0,5,0,2906875,116275,723000
106000208,2017-08-31,2,3,7,2898100,115924,1924000
106000209,2017-09-01,1,7,4,3142925,125717,1260500
106000210,2017-09-02,2,7,6,2675600,107024,688500
106000211,2017-09-04,2,1,6,3276825,131073,1595000
106000212,2017-09-05,0,4,2,3087675,123507,2336750
106000213,2017-09-06,6,4,5,3061825,122473,690000
106000214,2017-09-07,7,4,2,3160975,126439,791750
106000215,2017-09-08,0,9,0,3352125,134085,1629500
106000216,2017-09-09,1,4,0,2946975,117879,1003000
106000217,2017-09-11,7,7,7,3631875,145275,5421250
106000218,2017-09-12,4,2,6,3219325,128773,1201250
106000219,2017-09-13,1,0,7,3053525,122141,1706250
106000220,2017-09-14,8,4,5,2799325,111973,879250
106000221,2017-09-15,2,3,7,2921975,116879,1243500
106000222,2017-09-16,0,5,4,2769150,110766,1011750
106000223,2017-09-18,9,2,4,3206550,128262,1336000
106000224,2017-09-19,6,9,0,2860525,114421,2950000
106000225,2017-09-20,6,8,8,2968300,118732,2474000
106000226,2017-09-21,0,4,3,2782525,111301,678250
106000227,2017-09-22,2,7,4,2685975,107439,1401000
106000228,2017-09-23,3,0,0,2495600,99824,800250
106000229,2017-09-25,2,6,8,2965925,118637,1697750
106000230,2017-09-26,4,4,0,2603025,104121,1220000
106000231,2017-09-27,2,0,6,2668850,106754,1132000
106000232,2017-09-28,3,0,8,2463525,98541,1067250
106000233,2017-09-29,9,3,8,2526175,101047,1394250
106000234,2017-09-30,9,5,7,2571750,102870,1307500
106000235,2017-10-02,1,9,1,2750500,110020,1794000
106000236,2017-10-03,3,4,1,2618600,104744,798250
106000237,2017-10-04,5,8,8,2643800,105752,2549750
106000238,2017-10-05,7,7,5,2602125,104085,1104750
106000239,2017-10-06,7,5,9,2769100,110764,889500
106000240,2017-10-07,5,1,7,2433250,97330,1478000
106000241,2017-10-09,4,9,5,2709200,108368,812750
106000242,2017-10-10,1,4,2,2644075,105763,1106500
106000243,2017-10-11,9,0,8,2566450,102658,1038250
106000244,2017-10-12,2,8,6,2491925,99677,1381750
106000245,2017-10-13,5,7,1,2491050,99642,1835250
106000246,2017-10-14,3,4,2,2233475,89339,672000
106000247,2017-10-16,4,9,3,2834225,113369,909750
106000248,2017-10-17,8,3,9,2539500,101580,1176750
106000249,2017-10-18,5,7,2,2586125,103445,2028500
106000250,2017-10-19,7,0,0,2495425,99817,978500
106000251,2017-10-20,5,0,5,2532975,101319,1341000
106000252,2017-10-21,2,6,8,2401375,96055,1555750
106000253,2017-10-23,7,1,7,2741375,109655,1481750
106000254,2017-10-24,4,7,5,2499975,99999,1441500
106000255,2017-10-25,1,0,8,2581500,103260,1650500
106000256,2017-10-26,4,4,4,2582200,103288,2715500
106000257,2017-10-27,3,6,6,2629500,105180,1326500
106000258,2017-10-28,9,6,8,2607000,104280,731500
106000259,2017-10-30,9,5,5,2712200,108488,1177750
106000260,2017-10-31,5,9,2,2786600,111464,951000
106000261,2017-11-01,8,4,4,2991800,119672,770500
106000262,2017-11-02,0,2,1,2794575,111783,3107750
106000263,2017-11-03,3,8,1,2686400,107456,1253250
106000264,2017-11-04,8,8,4,2450850,98034,698000
106000265,2017-11-06,4,2,6,3004875,120195,1699000
106000266,2017-11-07,8,7,1,2701175,108047,1233000
106000267,2017-11-08,3,2,7,2695125,107805,1242500
106000268,2017-11-09,0,4,4,2720400,108816,1595250
106000269,2017-11-10,7,5,4,2694925,107797,981500
106000270,2017-11-11,4,7,0,2685775,107431,988000
106000271,2017-11-13,3,4,1,2679775,107191,900500
106000272,2017-11-14,8,0,8,2655225,106209,1574000
106000273,2017-11-15,7,7,7,2750125,110005,9620250
106000274,2017-11-16,0,2,4,2729375,109175,909500
106000275,2017-11-17,0,4,5,2581950,103278,1069500
106000276,2017-11-18,1,8,0,2391150,95646,1069250
106000277,2017-11-20,4,6,8,2898275,115931,1005000
106000278,2017-11-21,2,9,9,2632625,105305,1599250
106000279,2017-11-22,7,5,8,2707775,108311,1541750
106000280,2017-11-23,0,9,6,2742550,109702,1223500
106000281,2017-11-24,2,6,3,2747325,109893,1288500
106000282,2017-11-25,7,7,6,2367525,94701,1347500
106000283,2017-11-27,0,3,3,2874100,114964,1756250
106000284,2017-11-28,1,9,3,2654175,106167,835250
106000285,2017-11-29,2,0,3,2627900,105116,1261000
106000286,2017-11-30,3,5,9,2699550,107982,1955500
106000287,2017-12-01,3,3,5,2800275,112011,1527250
106000288,2017-12-02,7,4,7,2651600,106064,2630500
106000289,2017-12-04,9,5,0,2999225,119969,795250
106000290,2017-12-05,6,6,7,2828000,113120,1469250
106000291,2017-12-06,1,5,5,2830200,113208,1790000
106000292,2017-12-07,9,2,0,2745525,109821,1120750
106000293,2017-12-08,2,6,6,2800575,112023,1745500
106000294,2017-12-09,9,7,6,2629800,105192,1359750
106000295,2017-12-11,4,8,5,3087450,123498,1702500
106000296,2017-12-12,5,4,3,2625175,105007,1314250
106000297,2017-12-13,0,9,0,2771475,110859,798250
106000298,2017-12-14,2,8,1,2762925,110517,1193000
106000299,2017-12-15,4,1,9,2824125,112965,2592000
106000300,2017-12-16,3,9,4,2465000,98600,640750
106000301,2017-12-18,9,2,6,2923825,116953,1454500
106000302,2017-12-19,6,6,4,2619950,104798,691500
106000303,2017-12-20,9,4,6,2721875,108875,961500
106000304,2017-12-21,7,2,7,2490175,99607,962750
106000305,2017-12-22,7,4,2,2689625,107585,1116750
106000306,2017-12-23,5,7,1,2610025,104401,2104000
106000307,2017-12-25,3,8,0,2727175,109087,1685000
106000308,2017-12-26,2,2,9,2556925,102277,1446500
106000309,2017-12-27,2,0,5,2587625,103505,1914250
106000310,2017-12-28,6,2,7,2560800,102432,895750
106000311,2017-12-29,6,6,9,2721075,108843,1368500
106000312,2017-12-30,2,4,8,2665075,106603,1215500
107000001,2018-01-01,5,7,5,2988125,119525,1229500
107000002,2018-01-02,1,8,8,2453725,98149,2109750
107000003,2018-01-03,4,7,0,2549375,101975,796250
107000004,2018-01-04,2,1,7,2394350,95774,1765750
107000005,2018-01-05,2,8,3,2631425,105257,1225250
107000006,2018-01-06,7,4,8,2317725,92709,846250
107000007,2018-01-08,0,6,6,2611550,104462,969000
107000008,2018-01-09,1,6,7,2428250,97130,800750
107000009,2018-01-10,3,2,3,2636225,105449,1437000
107000010,2018-01-11,0,7,1,2681375,107255,1542750
107000011,2018-01-12,8,9,0,2524600,100984,1753500
107000012,2018-01-13,1,6,8,2438400,97536,3339500
107000013,2018-01-15,6,4,3,2947675,117907,1097000
107000014,2018-01-16,6,0,0,2638450,105538,902750
107000015,2018-01-17,6,4,8,2672750,106910,850000
107000016,2018-01-18,4,5,6,2667350,106694,1536250
107000017,2018-01-19,6,6,4,2742350,109694,1176750
107000018,2018-01-20,2,3,6,2717600,108704,2679000
107000019,2018-01-22,7,7,9,2830975,113239,2014750
107000020,2018-01-23,1,3,0,2511075,100443,1331750
107000021,2018-01-24,5,7,5,2500075,100003,1021500
107000022,2018-01-25,1,4,3,2584700,103388,867500
107000023,2018-01-26,8,3,3,2498325,99933,1021000
107000024,2018-01-27,1,0,1,2416675,96667,3820000
107000025,2018-01-29,2,4,0,2774300,110972,893000
107000026,2018-01-30,7,1,5,2520375,100815,1407750
107000027,2018-01-31,0,3,9,2737350,109494,979000
107000028,2018-02-01,4,9,2,2641675,105667,829500
107000029,2018-02-02,2,2,4,2620525,104821,1845250
107000030,2018-02-03,4,0,3,2489125,99565,607500
107000031,2018-02-05,2,4,7,2748625,109945,1212000
107000032,2018-02-06,3,1,6,2814400,112576,1532000
107000033,2018-02-07,4,9,1,2983525,119341,1035250
107000034,2018-02-08,9,9,7,2757825,110313,909500
107000035,2018-02-09,0,0,6,2854775,114191,1085750
107000036,2018-02-10,6,4,8,2850575,114023,1498000
107000037,2018-02-12,0,4,1,3117800,124712,788500
107000038,2018-02-13,0,2,1,2845200,113808,959750
107000039,2018-02-14,7,8,8,2953075,118123,1654000
107000040,2018-02-15,9,6,3,2856425,114257,1647000
107000041,2018-02-16,9,1,5,3065000,122600,3143000
107000042,2018-02-17,3,7,9,3015600,120624,1487000
107000043,2018-02-19,9,0,6,3807875,152315,1550250
107000044,2018-02-20,6,4,2,3116150,124646,1893000
107000045,2018-02-21,4,4,5,3168275,126731,1108250
107000046,2018-02-22,2,8,7,2806675,112267,1253000
107000047,2018-02-23,5,4,4,3260550,130422,822250
107000048,2018-02-24,2,3,9,3031200,121248,1445000
107000049,2018-02-26,5,4,1,3353250,134130,958000
107000050,2018-02-27,9,9,6,2979025,119161,1091750
107000051,2018-02-28,9,4,0,3049400,121976,862500
107000052,2018-03-01,6,8,1,2959150,118366,1250750
107000053,2018-03-02,7,1,6,3097075,123883,951500
107000054,2018-03-03,7,2,7,2816475,112659,1286750
107000055,2018-03-05,3,0,0,3284825,131393,1645250
107000056,2018-03-06,4,4,6,2917600,116704,1061000
107000057,2018-03-07,0,5,7,2978350,119134,1957000
107000058,2018-03-08,2,8,6,2689175,107567,1456250
107000059,2018-03-09,5,5,1,2816825,112673,1189750
107000060,2018-03-10,1,9,3,2693800,107752,1363500
107000061,2018-03-12,1,4,5,3027200,121088,1533250
107000062,2018-03-13,9,5,4,2679100,107164,810500
107000063,2018-03-14,8,7,6,2971150,118846,2828250
107000064,2018-03-15,2,1,8,2595500,103820,1685500
107000065,2018-03-16,6,4,0,2880000,115200,1518750
107000066,2018-03-17,4,2,4,2737275,109491,2321000
107000067,2018-03-19,8,0,6,3164350,126574,1313250
107000068,2018-03-20,7,6,7,2746800,109872,1371250
107000069,2018-03-21,3,7,0,2811800,112472,1174750
107000070,2018-03-22,6,4,3,2747675,109907,1660250
107000071,2018-03-23,7,8,2,2784925,111397,1184750
107000072,2018-03-24,6,0,1,2474025,98961,763500
107000073,2018-03-26,0,6,4,3081200,123248,834000
107000074,2018-03-27,0,3,3,2935800,117432,1860500
107000075,2018-03-28,5,3,9,2868700,114748,3185000
107000076,2018-03-29,2,6,6,2797625,111905,1567500
107000077,2018-03-30,6,5,3,2980425,119217,1085000
107000078,2018-03-31,7,6,1,3221825,128873,820750
107000079,2018-04-02,7,3,5,3249400,129976,938250
107000080,2018-04-03,1,6,9,3041825,121673,1370250
107000081,2018-04-04,4,8,3,3022100,120884,1333000
107000082,2018-04-05,0,2,9,2720300,108812,1234750
107000083,2018-04-06,5,6,7,2605725,104229,1002750
107000084,2018-04-07,6,8,2,2588600,103544,987000
107000085,2018-04-09,7,0,9,3234925,129397,994000
107000086,2018-04-10,0,9,2,3119200,124768,2244500
107000087,2018-04-11,4,5,4,2859575,114383,1907000
107000088,2018-04-12,0,6,9,2873425,114937,1517250
107000089,2018-04-13,7,8,5,2957250,118290,1265500
107000090,2018-04-14,6,0,3,2947875,117915,2259750
107000091,2018-04-16,6,1,6,3083450,123338,1995000
107000092,2018-04-17,4,3,5,2811300,112452,1097250
107000093,2018-04-18,5,8,1,2932950,117318,1221750
107000094,2018-04-19,9,7,0,2590575,103623,1526500
107000095,2018-04-20,9,2,7,2905550,116222,1450000
107000096,2018-04-21,4,4,0,2604325,104173,1808000
107000097,2018-04-23,7,2,4,2496625,99865,1121750
107000098,2018-04-24,2,2,3,2534050,101362,1145000
107000099,2018-04-25,9,2,8,2462700,98508,960250
107000100,2018-04-26,7,6,2,2480900,99236,1032750
107000101,2018-04-27,3,4,8,2498150,99926,1160750
107000102,2018-04-28,3,6,1,2399275,95971,977250
107000103,2018-04-30,4,6,1,2831325,113253,876750
107000104,2018-05-01,1,1,5,2502300,100092,2641750
107000105,2018-05-02,0,1,9,2437100,97484,1002000
107000106,2018-05-03,4,0,6,2488950,99558,1298750
107000107,2018-05-04,9,8,4,2611350,104454,700000
107000108,2018-05-05,5,2,5,2417300,96692,2361250
107000109,2018-05-07,4,8,4,2834025,113361,524500
107000110,2018-05-08,2,8,3,2624225,104969,1352250
107000111,2018-05-09,4,1,7,2503100,100124,2561500
107000112,2018-05-10,4,3,8,2811175,112447,773000
107000113,2018-05-11,8,5,3,2717625,108705,1698750
107000114,2018-05-12,7,0,7,2673500,106940,1092000
107000115,2018-05-14,0,6,0,2830225,113209,993500
107000116,2018-05-15,9,1,4,2631025,105241,820500
107000117,2018-05-16,3,1,7,2507025,100281,1075000
107000118,2018-05-17,2,5,9,2516325,100653,1345750
107000119,2018-05-18,2,2,8,2659125,106365,2000500
107000120,2018-05-19,4,9,8,2687675,107507,1830000
107000121,2018-05-21,6,0,1,2816250,112650,1373250
107000122,2018-05-22,9,1,6,2419625,96785,1037500
107000123,2018-05-23,3,6,3,2428325,97133,1170750
107000124,2018-05-24,3,7,8,2324725,92989,1485750
107000125,2018-05-25,2,1,7,2388675,95547,1299750
107000126,2018-05-26,1,4,9,2267600,90704,1706500
107000127,2018-05-28,9,5,3,2392425,95697,1238750
107000128,2018-05-29,7,8,4,2138425,85537,790750
107000129,2018-05-30,4,7,3,2194150,87766,786000
107000130,2018-05-31,2,8,4,2251750,90070,582750
107000131,2018-06-01,8,2,9,2268825,90753,943500
107000132,2018-06-02,8,1,6,2128500,85140,1185250
107000133,2018-06-04,7,2,2,2459850,98394,1237250
107000134,2018-06-05,5,4,5,2292450,91698,1021000
107000135,2018-06-06,6,7,8,2369875,94795,1455250
107000136,2018-06-07,7,3,7,2276950,91078,1458250
107000137,2018-06-08,2,6,1,2334425,93377,1232500
107000138,2018-06-09,6,8,3,2256825,90273,1906750
107000139,2018-06-11,1,2,0,2488400,99536,2237000
107000140,2018-06-12,5,5,6,2448175,97927,1131750
107000141,2018-06-13,5,2,6,2382700,95308,1234000
107000142,2018-06-14,0,3,6,2365325,94613,818250
107000143,2018-06-15,1,6,0,2381050,95242,939250
107000144,2018-06-16,6,7,7,2471275,98851,1037500
107000145,2018-06-18,8,1,1,2490200,99608,2172250
107000146,2018-06-19,5,7,3,2168050,86722,590750
107000147,2018-06-20,2,7,7,2292125,91685,930000
107000148,2018-06-21,8,1,4,2267225,90689,1178750
107000149,2018-06-22,0,4,9,2435750,97430,1184000
107000150,2018-06-23,0,3,6,2286000,91440,646250
107000151,2018-06-25,2,2,6,2529325,101173,1914250
107000152,2018-06-26,9,4,0,2381150,95246,428000
107000153,2018-06-27,8,5,7,2352700,94108,1349500
107000154,2018-06-28,8,9,9,2366850,94674,1604250
107000155,2018-06-29,3,8,9,2330800,93232,1327500
107000156,2018-06-30,0,9,7,2243650,89746,630000
107000157,2018-07-02,0,2,8,2418125,96725,2068750
107000158,2018-07-03,6,0,0,2251525,90061,1936000
107000159,2018-07-04,1,0,3,2085275,83411,960000
107000160,2018-07-05,0,8,0,2160775,86431,582250
107000161,2018-07-06,0,8,4,2231950,89278,447000
107000162,2018-07-07,8,4,0,2164900,86596,567000
107000163,2018-07-09,3,2,1,2485275,99411,1261500
107000164,2018-07-10,6,9,6,2309625,92385,830000
107000165,2018-07-11,0,1,7,2289500,91580,1167750
107000166,2018-07-12,4,0,5,2253150,90126,949500
107000167,2018-07-13,2,2,2,2346450,93858,7993500
107000168,2018-07-14,6,7,8,2235075,89403,1336250
107000169,2018-07-16,1,7,1,2599000,103960,952250
107000170,2018-07-17,0,7,4,2404500,96180,790750
107000171,2018-07-18,8,0,0,2402050,96082,2313250
107000172,2018-07-19,7,8,9,2264175,90567,2116750
107000173,2018-07-20,4,3,3,2433300,97332,1004500
107000174,2018-07-21,0,4,1,2411325,96453,640500
107000175,2018-07-23,8,8,4,2627375,105095,1027250
107000176,2018-07-24,3,2,1,2344225,93769,1338750
107000177,2018-07-25,2,3,6,2509275,100371,1036500
107000178,2018-07-26,4,9,1,2468675,98747,1150250
107000179,2018-07-27,1,5,2,2528800,101152,1986500
107000180,2018-07-28,8,7,4,2364975,94599,740500
107000181,2018-07-30,0,2,4,2590100,103604,1031000
107000182,2018-07-31,8,8,1,2520225,100809,1133000
107000183,2018-08-01,5,5,1,2521000,100840,866250
107000184,2018-08-02,7,3,3,2431125,97245,1611000
107000185,2018-08-03,5,7,6,2578475,103139,747750
107000186,2018-08-04,0,2,7,2475725,99029,864750
107000187,2018-08-06,0,3,9,2675625,107025,942250
107000188,2018-08-07,9,7,0,2499225,99969,836750
107000189,2018-08-08,2,0,8,2743300,109732,1830000
107000190,2018-08-09,1,8,1,2392800,95712,1059500
107000191,2018-08-10,3,8,4,2600975,104039,969750
107000192,2018-08-11,3,6,5,2554200,102168,2986750
107000193,2018-08-13,8,4,2,2456975,98279,737000
107000194,2018-08-14,1,7,8,2067775,82711,1001000
107000195,2018-08-15,9,6,2,2250625,90025,1034000
107000196,2018-08-16,7,5,2,2293875,91755,1110750
107000197,2018-08-17,2,0,4,2545675,101827,685500
107000198,2018-08-18,7,8,0,2153450,86138,680500
107000199,2018-08-20,4,7,2,2305400,92216,1030500
107000200,2018-08-21,3,6,3,2149825,85993,1294500
107000201,2018-08-22,8,3,3,2222050,88882,1015500
107000202,2018-08-23,6,1,4,2056050,82242,1539500
107000203,2018-08-24,9,6,6,1933025,77321,807250
107000204,2018-08-25,4,4,9,2034325,81373,932000
107000205,2018-08-27,0,3,9,2202650,88106,989500
107000206,2018-08-28,6,6,6,1872675,74907,6727500
107000207,2018-08-29,7,5,7,2047900,81916,1312500
107000208,2018-08-30,0,1,4,2053875,82155,728000
107000209,2018-08-31,4,9,9,2231125,89245,1088750
107000210,2018-09-01,2,7,3,2126500,85060,912250
107000211,2018-09-03,5,7,7,2366225,94649,1460750
107000212,2018-09-04,1,0,5,2171200,86848,1601000
107000213,2018-09-05,3,5,4,2269675,90787,661000
107000214,2018-09-06,4,0,2,2181300,87252,657250
107000215,2018-09-07,4,9,9,2228425,89137,759750
107000216,2018-09-08,1,0,9,2123025,84921,1317750
107000217,2018-09-10,0,8,1,2384675,95387,1330500
107000218,2018-09-11,1,7,6,2315925,92637,1125500
107000219,2018-09-12,8,7,6,2192600,87704,678250
107000220,2018-09-13,1,7,5,2196850,87874,874250
107000221,2018-09-14,1,0,0,2235925,89437,1608000
107000222,2018-09-15,6,0,8,2143975,85759,1065500
107000223,2018-09-17,8,0,6,2513325,100533,1666000
107000224,2018-09-18,8,6,7,2343775,93751,913500
107000225,2018-09-19,5,8,3,2355575,94223,942250
107000226,2018-09-20,3,7,3,2279725,91189,687500
107000227,2018-09-21,8,7,5,2420825,96833,786500
107000228,2018-09-22,0,7,2,2219250,88770,609750
107000229,2018-09-24,8,6,0,2339325,93573,964500
107000230,2018-09-25,6,1,0,2275550,91022,900000
107000231,2018-09-26,4,8,7,2322725,92909,559500
107000232,2018-09-27,5,7,9,2290600,91624,1243750
107000233,2018-09-28,4,8,7,2526025,101041,652250
107000234,2018-09-29,7,9,0,2550725,102029,1534500
107000235,2018-10-01,0,5,5,3065525,122621,921500
107000236,2018-10-02,0,1,0,2541800,101672,1420750
107000237,2018-10-03,2,7,9,2523350,100934,667500
107000238,2018-10-04,8,7,3,2582400,103296,1095250
107000239,2018-10-05,5,0,1,2879825,115193,1596500
107000240,2018-10-06,9,2,8,2635000,105400,4154750
107000241,2018-10-08,4,8,5,2496650,99866,794500
107000242,2018-10-09,5,0,0,2337900,93516,1687250
107000243,2018-10-10,8,8,7,2315225,92609,838750
107000244,2018-10-11,6,0,2,2270700,90828,883750
107000245,2018-10-12,7,0,6,2299875,91995,583750
107000246,2018-10-13,3,5,9,2292075,91683,1937250
107000247,2018-10-15,8,2,4,2463825,98553,1457750
107000248,2018-10-16,4,8,6,2248750,89950,970750
107000249,2018-10-17,9,5,2,2397575,95903,839000
107000250,2018-10-18,5,4,9,2292625,91705,964500
107000251,2018-10-19,6,5,7,2285700,91428,807750
107000252,2018-10-20,8,5,5,2170750,86830,782000
107000253,2018-10-22,4,5,4,2814500,112580,706500
107000254,2018-10-23,3,5,8,2174625,86985,809750
107000255,2018-10-24,0,7,5,2309550,92382,621000
107000256,2018-10-25,8,6,3,2278625,91145,767750
107000257,2018-10-26,0,7,3,2295025,91801,599500
107000258,2018-10-27,3,7,7,2237500,89500,1102000
107000259,2018-10-29,4,0,1,2601975,104079,1251500
107000260,2018-10-30,3,3,2,2343525,93741,2888750
107000261,2018-10-31,0,6,2,2076850,83074,641000
107000262,2018-11-01,3,6,4,2232100,89284,599000
107000263,2018-11-02,0,7,1,2022825,80913,721250
107000264,2018-11-03,0,3,7,2019025,80761,1221250
107000265,2018-11-05,0,6,8,2572350,102894,1247500
107000266,2018-11-06,5,1,0,2245525,89821,1028250
107000267,2018-11-07,6,5,7,2288000,91520,864250
107000268,2018-11-08,3,0,0,2327700,93108,952250
107000269,2018-11-09,2,8,5,2441175,97647,1520750
107000270,2018-11-10,0,7,5,2290750,91630,887000
107000271,2018-11-12,4,7,2,2573175,102927,952750
107000272,2018-11-13,2,6,0,2256375,90255,1164500
107000273,2018-11-14,0,0,5,2274000,90960,879000
107000274,2018-11-15,4,3,2,2289075,91563,783750
107000275,2018-11-16,6,4,4,2287025,91481,820500
107000276,2018-11-17,5,5,3,2134400,85376,989250
107000277,2018-11-19,7,3,2,2459750,98390,1052750
107000278,2018-11-20,8,0,1,2225475,89019,1189000
107000279,2018-11-21,9,4,1,2296850,91874,701750
107000280,2018-11-22,4,0,7,2217025,88681,958250
107000281,2018-11-23,6,8,6,2355675,94227,804250
107000282,2018-11-24,0,2,9,2135475,85419,952250
107000283,2018-11-26,2,4,8,2446750,97870,1361250
107000284,2018-11-27,7,9,2,2288400,91536,1517250
107000285,2018-11-28,5,0,7,2092850,83714,978250
107000286,2018-11-29,7,2,4,2222350,88894,1354000
107000287,2018-11-30,1,0,0,2282850,91314,1903250
107000288,2018-12-01,1,6,7,2182025,87281,1790000
107000289,2018-12-03,0,5,2,2428400,97136,1218250
107000290,2018-12-04,4,0,6,2261900,90476,890250
107000291,2018-12-05,4,0,5,2316275,92651,969500
107000292,2018-12-06,8,7,5,2339300,93572,855000
107000293,2018-12-07,9,8,9,2295625,91825,982000
107000294,2018-12-08,3,8,3,2178075,87123,1147250
107000295,2018-12-10,4,1,0,2430325,97213,1213750
107000296,2018-12-11,5,8,6,2228300,89132,862250
107000297,2018-12-12,4,9,5,2250750,90030,768500
107000298,2018-12-13,0,2,8,2224475,88979,863000
107000299,2018-12-14,7,4,1,2312000,92480,1292250
107000300,2018-12-15,6,3,3,2199550,87982,2904500
107000301,2018-12-17,6,2,9,2411500,96460,868000
107000302,2018-12-18,8,5,9,2120300,84812,609250
107000303,2018-12-19,7,7,1,2203225,88129,1039750
107000304,2018-12-20,2,4,9,2260775,90431,547000
107000305,2018-12-21,1,4,1,2393350,95734,1127750
107000306,2018-12-22,2,6,7,2311925,92477,1058250
107000307,2018-12-24,3,4,8,2411300,96452,1248500
107000308,2018-12-25,1,1,1,2192175,87687,4196500
107000309,2018-12-26,4,3,6,2198500,87940,744250
107000310,2018-12-27,2,5,3,2118400,84736,920000
107000311,2018-12-28,7,6,4,2203200,88128,901500
107000312,2018-12-29,2,3,7,2106500,84260,903500
107000313,2018-12-31,8,4,9,2326800,93072,456250
108000001,2019-01-01,0,1,9,2265925,90637,2290500
108000002,2019-01-02,3,7,5,2121250,84850,996500
108000003,2019-01-03,1,9,8,2152075,86083,807750
108000004,2019-01-04,2,6,0,2319550,92782,1455250
108000005,2019-01-05,2,3,4,2272850,90914,963000
108000006,2019-01-07,9,7,8,2596025,103841,1046750
108000007,2019-01-08,6,7,8,2345975,93839,1720250
108000008,2019-01-09,5,2,0,2386150,95446,3426500
108000009,2019-01-10,3,3,3,2437725,97509,4923000
108000010,2019-01-11,5,8,3,2546000,101840,1284250
108000011,2019-01-12,5,5,1,2410275,96411,850500
108000012,2019-01-14,6,5,6,2632200,105288,1039000
108000013,2019-01-15,5,6,7,2389900,95596,2570750
108000014,2019-01-16,9,6,5,2320050,92802,642000
108000015,2019-01-17,3,0,9,2386450,95458,1409250
108000016,2019-01-18,7,2,4,2437075,97483,1538500
108000017,2019-01-19,0,4,5,2447100,97884,665250
108000018,2019-01-21,5,0,5,2532250,101290,1269750
108000019,2019-01-22,8,0,4,2359975,94399,631500
108000020,2019-01-23,0,0,2,2413600,96544,922750
108000021,2019-01-24,5,9,1,2310450,92418,1337750
108000022,2019-01-25,0,2,5,2374750,94990,1516750
108000023,2019-01-26,7,4,4,2371050,94842,776500
108000024,2019-01-28,7,1,9,2662050,106482,1731000
108000025,2019-01-29,4,8,1,2328650,93146,709000
108000026,2019-01-30,8,3,2,2410650,96426,1262750
108000027,2019-01-31,9,8,6,2460925,98437,789750
108000028,2019-02-01,9,2,1,2670075,106803,3259750
108000029,2019-02-02,6,8,8,2558550,102342,1596250
108000030,2019-02-04,4,5,2,3047800,121912,1206500
108000031,2019-02-05,7,5,1,2643850,105754,884000
108000032,2019-02-06,9,3,8,2545375,101815,1275750
108000033,2019-02-07,6,9,9,2472025,98881,1153750
108000034,2019-02-08,3,9,1,2724800,108992,1291000
108000035,2019-02-09,7,9,4,2570450,102818,837000
108000036,2019-02-11,8,8,2,3134000,125360,1057750
108000037,2019-02-12,9,0,4,2622150,104886,541000
108000038,2019-02-13,0,0,3,2661875,106475,958250
108000039,2019-02-14,0,7,0,2643150,105726,1370250
108000040,2019-02-15,1,2,6,2490650,99626,2260000
108000041,2019-02-16,2,6,3,2449050,97962,1363500
108000042,2019-02-18,1,0,7,2837800,113512,1525750
108000043,2019-02-19,2,3,0,2530975,101239,981000
108000044,2019-02-20,7,5,5,2500100,100004,1003750
108000045,2019-02-21,7,8,2,2421950,96878,1045000
108000046,2019-02-22,4,7,0,2458975,98359,1727750
108000047,2019-02-23,4,2,9,2469100,98764,1093250
108000048,2019-02-25,9,8,8,2663650,106546,1833500
108000049,2019-02-26,0,3,3,2371425,94857,1234750
108000050,2019-02-27,4,6,3,2618650,104746,756000
108000051,2019-02-28,0,4,4,2408900,96356,970750
108000052,2019-03-01,8,1,4,2360350,94414,990250
108000053,2019-03-02,6,1,9,2285050,91402,1189750
108000054,2019-03-04,4,9,9,2554850,102194,1286000
108000055,2019-03-05,9,6,0,2372125,94885,705500
108000056,2019-03-06,9,4,8,2339975,93599,580750
108000057,2019-03-07,4,8,8,2094325,83773,764750
108000058,2019-03-08,3,0,6,2635425,105417,1582000
108000059,2019-03-09,9,2,3,2104550,84182,1222750
108000060,2019-03-11,4,4,0,2724100,108964,1254750
108000061,2019-03-12,9,6,7,2475975,99039,714250
108000062,2019-03-13,1,0,3,2499275,99971,1966750
108000063,2019-03-14,3,9,3,2421775,96871,1351000
108000064,2019-03-15,2,8,0,2500450,100018,962500
108000065,2019-03-16,7,9,8,2268000,90720,1040750
108000066,2019-03-18,8,6,3,2631775,105271,1522250
108000067,2019-03-19,9,6,8,2339325,93573,762500
108000068,2019-03-20,7,3,0,2422400,96896,1170250
108000069,2019-03-21,6,3,4,2460725,98429,634250
108000070,2019-03-22,4,9,9,2457325,98293,1275500
108000071,2019-03-23,0,8,0,2295750,91830,826500
108000072,2019-03-25,6,3,1,2600150,104006,1966500
108000073,2019-03-26,9,3,8,2366125,94645,1605500
108000074,2019-03-27,7,0,6,2471350,98854,771250
108000075,2019-03-28,8,0,5,2339250,93570,1014750
108000076,2019-03-29,0,6,3,2431200,97248,642000
108000077,2019-03-30,9,8,9,2426825,97073,642500
108000078,2019-04-01,8,2,6,2701150,108046,1160250
108000079,2019-04-02,1,1,1,2378050,95122,3152000
108000080,2019-04-03,1,6,7,2450700,98028,857500
108000081,2019-04-04,7,3,5,2365375,94615,1328000
108000082,2019-04-05,5,5,0,2393125,95725,2022750
108000083,2019-04-06,9,9,5,2221925,88877,765500
108000084,2019-04-08,3,2,0,2564025,102561,1278500
108000085,2019-04-09,1,4,0,2279075,91163,1046000
108000086,2019-04-10,6,2,5,2375725,95029,1112500
108000087,2019-04-11,7,1,3,2319500,92780,1013250
108000088,2019-04-12,9,1,2,2466000,98640,1216750
108000089,2019-04-13,9,2,3,2335875,93435,1111250
108000090,2019-04-15,9,8,4,2700075,108003,778500
108000091,2019-04-16,9,6,6,2187675,87507,839250
108000092,2019-04-17,4,7,4,2452125,98085,1474500
108000093,2019-04-18,1,2,2,2352075,94083,2082750
108000094,2019-04-19,1,5,7,2186175,87447,1529000
108000095,2019-04-20,3,7,7,2213050,88522,1125250
108000096,2019-04-22,7,6,7,2308000,92320,610000
108000097,2019-04-23,3,8,8,2178875,87155,1244250
108000098,2019-04-24,5,2,2,2241800,89672,1471250
108000099,2019-04-25,1,8,5,2144475,85779,873000
108000100,2019-04-26,5,2,3,2214900,88596,1580250
108000101,2019-04-27,4,1,6,2178400,87136,1072250
108000102,2019-04-29,7,6,9,2348550,93942,818000
108000103,2019-04-30,9,9,4,2282200,91288,1138750
108000104,2019-05-01,6,6,5,2412675,96507,875750
108000105,2019-05-02,6,9,2,2042625,81705,696000
108000106,2019-05-03,9,8,6,2370025,94801,1058000
108000107,2019-05-04,7,6,3,2284050,91362,848500
108000108,2019-05-06,4,2,8,2325675,93027,1278500
108000109,2019-05-07,7,5,0,2280950,91238,1124500
108000110,2019-05-08,3,1,9,2364550,94582,2305000
108000111,2019-05-09,5,1,2,2199950,87998,4714000
108000112,2019-05-10,7,4,9,2505300,100212,744750
108000113,2019-05-11,8,1,8,2456375,98255,1035500
108000114,2019-05-13,3,2,1,2529050,101162,1628500
108000115,2019-05-14,1,2,3,2396550,95862,2820250
108000116,2019-05-15,8,6,9,2637525,105501,788000
108000117,2019-05-16,3,3,5,2461350,98454,1294000
108000118,2019-05-17,9,1,5,2432375,97295,1068250
108000119,2019-05-18,4,8,3,2435675,97427,956250
108000120,2019-05-20,3,3,9,2870725,114829,1113500
108000121,2019-05-21,7,1,9,2549700,101988,872000
108000122,2019-05-22,5,7,7,2587525,103501,1788250
108000123,2019-05-23,9,0,0,2560950,102438,2901750
108000124,2019-05-24,1,6,6,2306800,92272,1512500
108000125,2019-05-25,3,7,3,2419475,96779,867250
108000126,2019-05-27,9,8,8,2508850,100354,1208750
108000127,2019-05-28,7,4,7,2241400,89656,834500
108000128,2019-05-29,9,1,2,2355600,94224,1096500
108000129,2019-05-30,1,3,4,2394175,95767,1046500
108000130,2019-05-31,6,5,5,2520250,100810,1705000
108000131,2019-06-01,6,2,0,2310400,92416,1644000
108000132,2019-06-03,9,9,6,2440225,97609,1406000
108000133,2019-06-04,0,9,4,2164725,86589,537500
108000134,2019-06-05,1,1,5,2318725,92749,1627000
108000135,2019-06-06,9,9,1,2395775,95831,640250
108000136,2019-06-07,7,8,9,2347825,93913,1777500
108000137,2019-06-08,1,9,8,2276100,91044,1176750
108000138,2019-06-10,8,8,1,2367575,94703,1360250
108000139,2019-06-11,0,4,4,2174525,86981,816750
108000140,2019-06-12,3,6,1,2280700,91228,1125500
108000141,2019-06-13,4,4,7,2210450,88418,639000
108000142,2019-06-14,8,2,1,2249150,89966,974500
108000143,2019-06-15,8,9,4,2254575,90183,512250
108000144,2019-06-17,8,2,5,2463725,98549,1203000
108000145,2019-06-18,0,0,5,2136900,85476,752250
108000146,2019-06-19,8,3,3,2160250,86410,1302750
108000147,2019-06-20,5,8,4,2151050,86042,610500
108000148,2019-06-21,0,6,8,2159925,86397,1014500
108000149,2019-06-22,9,7,1,2195425,87817,1167000
108000150,2019-06-24,1,1,8,2247150,89886,1610500
108000151,2019-06-25,4,0,5,2062200,82488,654000
108000152,2019-06-26,4,9,6,2144925,85797,818750
108000153,2019-06-27,8,6,4,2065725,82629,506750
108000154,2019-06-28,6,2,8,2204775,88191,5069000
108000155,2019-06-29,8,6,5,2251550,90062,1171000
108000156,2019-07-01,4,0,1,2608525,104341,906500
108000157,2019-07-02,5,2,3,2133675,85347,991250
108000158,2019-07-03,8,0,2,2338575,93543,650750
108000159,2019-07-04,6,0,2,2290300,91612,1399500
108000160,2019-07-05,0,8,8,2455225,98209,1374250
108000161,2019-07-06,0,8,2,2387150,95486,716250
108000162,2019-07-08,1,7,2,2631675,105267,1182750
108000163,2019-07-09,5,0,4,2332275,93291,512250
108000164,2019-07-10,5,5,1,2468275,98731,2516500
108000165,2019-07-11,2,8,5,2210675,88427,1028500
108000166,2019-07-12,7,4,5,2234400,89376,926000
108000167,2019-07-13,9,5,5,2144225,85769,800500
108000168,2019-07-15,0,5,4,2387950,95518,513500
108000169,2019-07-16,8,1,6,2079900,83196,1761250
108000170,2019-07-17,8,8,9,2275225,91009,1378750
108000171,2019-07-18,5,6,2,2180150,87206,530500
108000172,2019-07-19,3,8,1,2111175,84447,864500
108000173,2019-07-20,7,2,4,2099850,83994,1935500
108000174,2019-07-22,2,1,3,2383000,95320,1748500
108000175,2019-07-23,2,6,8,2082550,83302,1064250
108000176,2019-07-24,5,4,6,2221450,88858,756500
108000177,2019-07-25,6,2,6,2230425,89217,1596000
108000178,2019-07-26,8,2,1,2290675,91627,886250
108000179,2019-07-27,3,2,2,2170350,86814,1236750
108000180,2019-07-29,0,5,1,2358250,94330,877250
108000181,2019-07-30,2,0,8,2078100,83124,902250
108000182,2019-07-31,1,5,2,2344250,93770,1205750
108000183,2019-08-01,3,8,7,2385975,95439,1260750
108000184,2019-08-02,8,2,7,2217950,88718,1140500
108000185,2019-08-03,3,4,8,2281850,91274,784250
108000186,2019-08-05,4,8,1,2641900,105676,974500
108000187,2019-08-06,1,1,9,2460000,98400,1796250
108000188,2019-08-07,5,4,5,2597150,103886,502000
108000189,2019-08-08,3,7,1,2838850,113554,895000
108000190,2019-08-09,8,4,3,2280100,91204,622000
108000191,2019-08-10,7,2,3,2387950,95518,882500
108000192,2019-08-12,9,4,0,2744000,109760,496750
108000193,2019-08-13,6,7,2,2327375,93095,620750
108000194,2019-08-14,5,9,7,2429700,97188,939250
108000195,2019-08-15,5,4,7,2374250,94970,764000
108000196,2019-08-16,3,9,2,2636500,105460,991750
108000197,2019-08-17,3,8,0,2429775,97191,860000
108000198,2019-08-19,4,9,2,2627000,105080,804000
108000199,2019-08-20,1,5,1,2527850,101114,959250
108000200,2019-08-21,3,2,0,2677175,107087,1362000
108000201,2019-08-22,7,3,0,2659225,106369,3090000
108000202,2019-08-23,1,4,7,2446650,97866,1462750
108000203,2019-08-24,5,4,1,2274750,90990,477000
108000204,2019-08-26,0,6,4,2627525,105101,1198500
108000205,2019-08-27,3,6,6,2277050,91082,1758000
108000206,2019-08-28,8,1,8,2226825,89073,1752250
108000207,2019-08-29,0,8,9,2124275,84971,1234250
108000208,2019-08-30,8,6,5,2060575,82423,701750
108000209,2019-08-31,5,5,4,2143100,85724,738000
108000210,2019-09-02,2,9,5,2345375,93815,1201750
108000211,2019-09-03,7,8,9,2018675,80747,1551250
108000212,2019-09-04,8,4,3,2095500,83820,570500
108000213,2019-09-05,7,2,5,2125925,85037,1886000
108000214,2019-09-06,3,4,7,2191675,87667,1136000
108000215,2019-09-07,6,5,3,2065950,82638,954250
108000216,2019-09-09,6,7,8,2398575,95943,1563750
108000217,2019-09-10,1,9,3,2188050,87522,1552000
108000218,2019-09-11,4,9,4,2330525,93221,648250
108000219,2019-09-12,2,0,8,2238500,89540,1228000
108000220,2019-09-13,2,5,1,2151825,86073,969500
108000221,2019-09-14,3,4,7,2074075,82963,1011750
108000222,2019-09-16,4,3,7,2400025,96001,1166750
108000223,2019-09-17,7,1,9,2171425,86857,2161500
108000224,2019-09-18,7,5,1,2279750,91190,749000
108000225,2019-09-19,6,8,0,2251375,90055,3247000
108000226,2019-09-20,5,7,2,2220300,88812,750750
108000227,2019-09-21,6,5,3,2356200,94248,642000
108000228,2019-09-23,2,4,1,2416650,96666,941500
108000229,2019-09-24,8,6,4,2187475,87499,572750
108000230,2019-09-25,4,6,0,2307000,92280,669250
108000231,2019-09-26,6,5,1,2204925,88197,837000
108000232,2019-09-27,1,0,3,2248550,89942,1331000
108000233,2019-09-28,1,6,8,2145150,85806,2384000
108000234,2019-09-30,9,9,9,2319025,92761,8100000
108000235,2019-10-01,4,4,6,2403700,96148,995750
108000236,2019-10-02,8,0,9,2394575,95783,696750
108000237,2019-10-03,5,7,5,2214650,88586,815250
108000238,2019-10-04,5,8,3,2288800,91552,1286000
108000239,2019-10-05,0,4,6,2471275,98851,705500
108000240,2019-10-07,1,7,9,2617325,104693,2052250
108000241,2019-10-08,5,1,6,2294125,91765,981250
108000242,2019-10-09,6,8,1,2365825,94633,1398250
108000243,2019-10-10,1,5,1,2306975,92279,957750
108000244,2019-10-11,7,8,2,2195800,87832,1023750
108000245,2019-10-12,6,0,8,2159775,86391,1291500
108000246,2019-10-14,7,4,7,2446400,97856,1493250
108000247,2019-10-15,8,2,6,2265700,90628,1371000
108000248,2019-10-16,2,9,5,2317425,92697,873000
108000249,2019-10-17,7,4,3,2224750,88990,984500
108000250,2019-10-18,7,3,5,2354325,94173,3574750
108000251,2019-10-19,7,8,0,2213925,88557,773500
108000252,2019-10-21,4,2,7,2422175,96887,1451250
108000253,2019-10-22,1,6,0,2210425,88417,907500
108000254,2019-10-23,3,1,6,2299625,91985,1376250
108000255,2019-10-24,6,3,4,2222700,88908,738500
108000256,2019-10-25,3,2,9,2359500,94380,1773750
108000257,2019-10-26,9,8,5,2208925,88357,1038750
108000258,2019-10-28,9,8,0,2347025,93881,839750
108000259,2019-10-29,3,3,4,2134900,85396,885500
108000260,2019-10-30,4,4,8,2277550,91102,1086000
108000261,2019-10-31,8,4,1,2216900,88676,678000
108000262,2019-11-01,5,1,6,2552925,102117,1148500
108000263,2019-11-02,6,9,1,2187325,87493,687500
108000264,2019-11-04,0,3,6,2395125,95805,785250
108000265,2019-11-05,2,3,3,2219950,88798,1100000
108000266,2019-11-06,1,9,2,2342350,93694,807750
108000267,2019-11-07,4,8,1,2219750,88790,657250
108000268,2019-11-08,1,9,0,2292600,91704,662750
108000269,2019-11-09,3,0,3,2332875,93315,1396500
108000270,2019-11-11,8,1,2,2583150,103326,1248500
108000271,2019-11-12,2,2,4,2292750,91710,1505750
108000272,2019-11-13,5,4,3,2329350,93174,780500
108000273,2019-11-14,6,7,5,2294350,91774,1763000
108000274,2019-11-15,6,3,9,2300625,92025,1347000
108000275,2019-11-16,2,9,9,2174700,86988,1985750
108000276,2019-11-18,7,9,7,2347850,93914,818750
108000277,2019-11-19,6,0,2,2122975,84919,745750
108000278,2019-11-20,9,7,0,2181475,87259,690000
108000279,2019-11-21,0,6,7,2171075,86843,804000
108000280,2019-11-22,8,4,4,2215550,88622,702500
108000281,2019-11-23,2,5,7,2188925,87557,1431250
108000282,2019-11-25,0,3,8,2347775,93911,1001250
108000283,2019-11-26,9,5,7,2179750,87190,710250
108000284,2019-11-27,3,7,4,2205250,88210,806500
108000285,2019-11-28,1,4,3,2097275,83891,1108250
108000286,2019-11-29,8,3,4,2193475,87739,693500
108000287,2019-11-30,0,3,9,2209925,88397,949500
108000288,2019-12-02,4,0,6,2467675,98707,924000
108000289,2019-12-03,3,9,9,2137050,85482,896750
108000290,2019-12-04,3,7,2,2149500,85980,662250
108000291,2019-12-05,3,1,5,1913225,76529,1163500
108000292,2019-12-06,0,9,7,2040600,81624,622250
108000293,2019-12-07,4,5,7,2192950,87718,684000
108000294,2019-12-09,3,1,9,2492425,99697,1530000
108000295,2019-12-10,9,0,2,2409725,96389,924000
108000296,2019-12-11,1,3,5,2462825,98513,1459500
108000297,2019-12-12,6,3,9,2379050,95162,1158750
108000298,2019-12-13,5,7,8,2400800,96032,1144750
108000299,2019-12-14,0,5,1,2324000,92960,785250
108000300,2019-12-16,8,2,5,2504500,100180,1566500
108000301,2019-12-17,3,1,1,2281550,91262,1586750
108000302,2019-12-18,2,6,1,2186725,87469,1196500
108000303,2019-12-19,6,8,4,2144875,85795,1055250
108000304,2019-12-20,2,2,0,2162375,86495,1819000
108000305,2019-12-21,8,9,1,2181425,87257,655000
108000306,2019-12-23,7,5,5,2342375,93695,1113250
108000307,2019-12-24,9,3,1,2109575,84383,761750
108000308,2019-12-25,8,7,0,2221925,88877,1040250
108000309,2019-12-26,4,5,1,2117125,84685,644250
108000310,2019-12-27,6,1,5,2145025,85801,1088500
108000311,2019-12-28,0,5,9,2135950,85438,958500
108000312,2019-12-30,8,0,1,2255700,90228,1408500
108000313,2019-12-31,1,3,4,2433650,97346,1583500
109000001,2020-01-01,5,7,4,2464250,98570,935500
109000002,2020-01-02,3,5,3,2223150,88926,1456000
109000003,2020-01-03,0,8,7,2374550,94982,822500
109000004,2020-01-04,8,4,8,2374325,94973,1088000
109000005,2020-01-06,6,7,2,2542050,101682,963750
109000006,2020-01-07,8,6,6,2307925,92317,1004250
109000007,2020-01-08,0,1,0,2356950,94278,1440750
109000008,2020-01-09,7,1,3,2334475,93379,804250
109000009,2020-01-10,1,7,5,2447675,97907,1099500
109000010,2020-01-11,5,2,3,2642125,105685,1479000
109000011,2020-01-13,8,2,0,2994200,119768,1206500
109000012,2020-01-14,2,4,9,2377625,95105,1030750
109000013,2020-01-15,2,3,3,2432425,97297,1119500
109000014,2020-01-16,1,8,1,2338000,93520,1547000
109000015,2020-01-17,7,1,9,2342775,93711,2007750
109000016,2020-01-18,3,2,6,2439450,97578,1293250
109000017,2020-01-20,5,6,2,2630875,105235,1199750
109000018,2020-01-21,9,7,8,2491700,99668,1361000
109000019,2020-01-22,5,8,5,2652400,106096,1265750
109000020,2020-01-23,1,5,9,2433200,97328,1208000
109000021,2020-01-24,9,5,5,2617025,104681,899250
109000022,2020-01-25,3,4,7,2653075,106123,1545500
109000023,2020-01-27,7,6,9,3082250,123290,985500
109000024,2020-01-28,6,6,4,2472000,98880,574750
109000025,2020-01-29,4,0,2,2502900,100116,1685000
109000026,2020-01-30,7,3,4,2514600,100584,805250
109000027,2020-01-31,5,1,7,2498125,99925,1843500
109000028,2020-02-01,8,4,1,2573750,102950,1007750
109000029,2020-02-03,5,8,6,2888725,115549,1387250
109000030,2020-02-04,1,3,1,2477550,99102,1220750
109000031,2020-02-05,4,8,0,2615000,104600,805000
109000032,2020-02-06,6,4,6,2558375,102335,584000
109000033,2020-02-07,1,2,6,2604200,104168,2837250
109000034,2020-02-08,6,3,8,2664000,106560,1269000
109000035,2020-02-10,9,1,7,2950550,118022,1751500
109000036,2020-02-11,1,0,2,2696425,107857,1922500
109000037,2020-02-12,7,3,5,2806400,112256,1224000
109000038,2020-02-13,2,8,5,2668800,106752,1274750
109000039,2020-02-14,8,2,6,2835075,113403,1465750
109000040,2020-02-15,4,1,4,2787300,111492,1484500
109000041,2020-02-17,9,5,0,2861050,114442,930000
109000042,2020-02-18,3,4,8,2550100,102004,961750
109000043,2020-02-19,7,5,0,2648800,105952,977000
109000044,2020-02-20,5,6,8,2585050,103402,1137250
109000045,2020-02-21,4,2,9,2734650,109386,1230750
109000046,2020-02-22,4,8,0,2727025,109081,1065750
109000047,2020-02-24,2,0,7,3027625,121105,1571500
109000048,2020-02-25,4,9,8,2763300,110532,2661500
109000049,2020-02-26,2,4,4,2497050,99882,1021500
109000050,2020-02-27,6,7,0,2547800,101912,1208000
109000051,2020-02-28,2,0,7,2552175,102087,665000
109000052,2020-02-29,5,9,3,2537525,101501,2093250
109000053,2020-03-02,4,8,8,2646900,105876,1673750
109000054,2020-03-03,8,9,0,2431450,97258,962750
109000055,2020-03-04,7,4,9,2399675,95987,867500
109000056,2020-03-05,5,6,3,2420375,96815,1223250
109000057,2020-03-06,9,2,2,2451775,98071,1276000
109000058,2020-03-07,0,3,2,2511475,100459,950250
109000059,2020-03-09,9,7,3,2705975,108239,756750
109000060,2020-03-10,4,3,5,2350450,94018,899750
109000061,2020-03-11,7,1,2,2533275,101331,1401250
109000062,2020-03-12,5,8,3,2487475,99499,1571250
109000063,2020-03-13,0,0,8,2417300,96692,1357500
109000064,2020-03-14,6,7,0,2308675,92347,831250
109000065,2020-03-16,9,4,4,2634700,105388,786250
109000066,2020-03-17,5,4,5,2300000,92000,594000
109000067,2020-03-18,5,4,3,2330825,93233,1306000
109000068,2020-03-19,5,6,6,2271275,90851,1014250
109000069,2020-03-20,2,7,6,2375100,95004,949500
109000070,2020-03-21,9,8,2,2373250,94930,1152500
109000071,2020-03-23,7,1,4,2612825,104513,1913500
109000072,2020-03-24,8,9,2,2371450,94858,702000
109000073,2020-03-25,5,1,9,2376100,95044,835000
109000074,2020-03-26,7,9,9,2302225,92089,723750
109000075,2020-03-27,1,3,7,2290700,91628,1488750
109000076,2020-03-28,6,2,5,2224475,88979,1132750
109000077,2020-03-30,7,3,6,2706550,108262,2444750
109000078,2020-03-31,8,1,0,2428075,97123,1405000
109000079,2020-04-01,7,8,8,2528275,101131,1202750
109000080,2020-04-02,6,1,9,2252000,90080,919250
109000081,2020-04-03,6,7,3,2328450,93138,560500
109000082,2020-04-04,5,7,0,2397025,95881,544500
109000083,2020-04-06,4,2,8,2446525,97861,1723000
109000084,2020-04-07,8,2,0,2412450,96498,725500
109000085,2020-04-08,8,2,2,2452500,98100,1620500
109000086,2020-04-09,3,5,3,2383325,95333,1551500
109000087,2020-04-10,0,7,4,2405450,96218,858750
109000088,2020-04-11,5,4,7,2388525,95541,1142000
109000089,2020-04-13,8,1,2,2588475,103539,1577500
109000090,2020-04-14,7,4,5,2445075,97803,1068250
109000091,2020-04-15,9,2,2,2522325,100893,918000
109000092,2020-04-16,6,9,8,2422600,96904,956750
109000093,2020-04-17,2,3,0,2346475,93859,1922750
109000094,2020-04-18,3,3,4,2324775,92991,2596250
109000095,2020-04-20,1,6,8,2520575,100823,4178250
109000096,2020-04-21,1,2,3,2343550,93742,2448500
109000097,2020-04-22,7,9,3,2441075,97643,864750
109000098,2020-04-23,0,2,3,2276375,91055,1235500
109000099,2020-04-24,5,1,9,2414275,96571,1172500
109000100,2020-04-25,4,3,6,2422450,96898,779000
109000101,2020-04-27,1,4,9,2640975,105639,1339750
109000102,2020-04-28,3,6,8,2405625,96225,1277750
109000103,2020-04-29,0,8,5,2439450,97578,933250
109000104,2020-04-30,1,0,7,2501400,100056,1662500
109000105,2020-05-01,9,4,5,2484800,99392,1044500
109000106,2020-05-02,8,0,6,2343775,93751,664000
109000107,2020-05-04,0,5,2,2411800,96472,1999000
109000108,2020-05-05,6,9,9,2449550,97982,824750
109000109,2020-05-06,7,9,5,2368125,94725,720500
109000110,2020-05-07,6,5,6,2358825,94353,761000
109000111,2020-05-08,9,5,1,2468275,98731,821500
109000112,2020-05-09,2,5,3,2418675,96747,911500
109000113,2020-05-11,9,4,7,2686700,107468,946750
109000114,2020-05-12,2,5,9,2398675,95947,863500
109000115,2020-05-13,9,4,1,2447725,97909,649750
109000116,2020-05-14,6,3,5,2430700,97228,1111250
109000117,2020-05-15,7,9,5,2469625,98785,1044500
109000118,2020-05-16,4,4,5,2451725,98069,856000
109000119,2020-05-18,3,5,6,2635225,105409,1207750
109000120,2020-05-19,6,8,0,2411650,96466,1179750
109000121,2020-05-20,2,5,9,2968500,118740,1319000
109000122,2020-05-21,5,5,4,2306150,92246,1444000
109000123,2020-05-22,5,8,6,2162150,86486,1070250
109000124,2020-05-23,1,9,8,2462875,98515,822750
109000125,2020-05-25,7,4,6,2688900,107556,1054750
109000126,2020-05-26,1,8,4,2371775,94871,932000
109000127,2020-05-27,8,4,9,2275900,91036,529000
109000128,2020-05-28,9,2,2,2254975,90199,1300250
109000129,2020-05-29,6,5,7,2335875,93435,982500
109000130,2020-05-30,5,3,2,2357775,94311,1451500
109000131,2020-06-01,5,1,1,2584575,103383,1353000
109000132,2020-06-02,9,7,4,2342900,93716,1094250
109000133,2020-06-03,8,9,5,2248175,89927,1377500
109000134,2020-06-04,3,8,6,2309200,92368,1187250
109000135,2020-06-05,7,1,8,2407750,96310,1192250
109000136,2020-06-06,0,0,9,2600325,104013,1929000
109000137,2020-06-08,6,0,5,2536250,101450,1419500
109000138,2020-06-09,9,1,6,2325475,93019,1173750
109000139,2020-06-10,5,1,8,2457975,98319,1851750
109000140,2020-06-11,4,4,8,2436400,97456,896500
109000141,2020-06-12,5,2,5,2385200,95408,1533000
109000142,2020-06-13,7,1,3,2400500,96020,1768750
109000143,2020-06-15,8,2,5,2740325,109613,1665500
109000144,2020-06-16,8,6,1,2435550,97422,1918750
109000145,2020-06-17,1,6,3,2409350,96374,1248250
109000146,2020-06-18,3,4,8,2439150,97566,1243500
109000147,2020-06-19,2,2,8,2427575,97103,2428250
109000148,2020-06-20,0,1,7,2460675,98427,721750
109000149,2020-06-22,4,3,3,2610325,104413,1150750
109000150,2020-06-23,6,7,6,2252375,90095,973250
109000151,2020-06-24,9,5,6,2340400,93616,983250
109000152,2020-06-25,4,7,5,2224950,88998,829750
109000153,2020-06-26,9,9,1,2030500,81220,580000
109000154,2020-06-27,0,4,0,2105250,84210,862250
109000155,2020-06-29,7,2,5,2356375,94255,1502000
109000156,2020-06-30,5,0,4,2177650,87106,731250
109000157,2020-07-01,6,5,3,2108325,84333,870000
109000158,2020-07-02,3,8,9,2083225,83329,1737500
109000159,2020-07-03,3,3,7,2183800,87352,1404500
109000160,2020-07-04,9,6,2,2257850,90314,1083500
109000161,2020-07-06,9,8,0,2501500,100060,841250
109000162,2020-07-07,1,6,9,2205450,88218,994250
109000163,2020-07-08,2,1,1,2263125,90525,1385250
109000164,2020-07-09,6,0,1,2209300,88372,840750
109000165,2020-07-10,2,7,0,2231250,89250,933750
109000166,2020-07-11,7,1,6,2234350,89374,1398750
109000167,2020-07-13,6,1,8,2506150,100246,3002750
109000168,2020-07-14,0,7,3,2242700,89708,731750
109000169,2020-07-15,8,7,4,2259900,90396,737750
109000170,2020-07-16,7,4,2,2343075,93723,1214250
109000171,2020-07-17,9,3,5,2271300,90852,1568500
109000172,2020-07-18,2,0,0,2300875,92035,1435250
109000173,2020-07-20,7,5,4,2528600,101144,1026750
109000174,2020-07-21,2,8,8,2207750,88310,1413000
109000175,2020-07-22,0,8,5,2278800,91152,818500
109000176,2020-07-23,4,1,1,2406625,96265,844750
109000177,2020-07-24,6,4,1,2184650,87386,678000
109000178,2020-07-25,0,5,6,2209175,88367,736750
109000179,2020-07-27,1,1,3,2684325,107373,2337250
109000180,2020-07-28,0,5,3,2108900,84356,646750
109000181,2020-07-29,7,5,4,2299925,91997,714750
109000182,2020-07-30,0,3,3,2239025,89561,1239000
109000183,2020-07-31,0,7,5,2648325,105933,669000
109000184,2020-08-01,0,8,8,2491200,99648,1961750
109000185,2020-08-03,7,9,8,2613500,104540,1824500
109000186,2020-08-04,3,6,0,2402725,96109,1389500
109000187,2020-08-05,5,8,1,2569625,102785,1145250
109000188,2020-08-06,3,8,6,2548025,101921,927500
109000189,2020-08-07,8,7,8,2669800,106792,2211250
109000190,2020-08-08,1,3,0,2827775,113111,957000
109000191,2020-08-10,3,6,2,2707150,108286,1083250
109000192,2020-08-11,7,8,3,2486925,99477,743750
109000193,2020-08-12,7,4,2,2471375,98855,1251500
109000194,2020-08-13,7,1,6,2432325,97293,1063500
109000195,2020-08-14,9,8,5,2558325,102333,842000
109000196,2020-08-15,6,9,7,2397875,95915,749250
109000197,2020-08-17,3,1,1,2665700,106628,2041500
109000198,2020-08-18,7,5,5,2377425,95097,1018750
109000199,2020-08-19,8,0,8,2456350,98254,1806500
109000200,2020-08-20,6,2,4,2456225,98249,2215000
109000201,2020-08-21,3,0,3,2326150,93046,1103250
109000202,2020-08-22,2,9,9,2282300,91292,975250
109000203,2020-08-24,0,5,6,2593225,103729,941750
109000204,2020-08-25,3,1,4,2440600,97624,1143750
109000205,2020-08-26,5,9,3,2173350,86934,1085000
109000206,2020-08-27,1,4,4,2095625,83825,987500
109000207,2020-08-28,9,4,2,2287350,91494,638000
109000208,2020-08-29,9,4,9,2253725,90149,678500
109000209,2020-08-31,7,0,1,2463325,98533,1176500
109000210,2020-09-01,2,7,7,2244050,89762,1524250
109000211,2020-09-02,8,4,4,2320700,92828,638250
109000212,2020-09-03,5,8,8,2143950,85758,2361250
109000213,2020-09-04,3,0,5,2399925,95997,807000
109000214,2020-09-05,8,1,5,2284675,91387,2069750
109000215,2020-09-07,3,6,9,2612600,104504,2510000
109000216,2020-09-08,0,1,8,2403300,96132,1264250
109000217,2020-09-09,2,7,0,2458125,98325,1195000
109000218,2020-09-10,9,7,4,2337525,93501,813750
109000219,2020-09-11,3,5,8,2407125,96285,1901250
109000220,2020-09-12,5,1,2,2316025,92641,1347000
109000221,2020-09-14,5,5,9,2551875,102075,1038500
109000222,2020-09-15,2,1,4,2307450,92298,954750
109000223,2020-09-16,7,3,7,2421950,96878,1372000
109000224,2020-09-17,4,9,4,2343900,93756,1089250
109000225,2020-09-18,7,9,0,2285375,91415,973000
109000226,2020-09-19,5,6,8,2256225,90249,1458000
109000227,2020-09-21,6,3,2,2532700,101308,975000
109000228,2020-09-22,9,3,0,2210500,88420,1346750
109000229,2020-09-23,3,9,7,2232100,89284,830500
109000230,2020-09-24,0,7,8,2155125,86205,853750
109000231,2020-09-25,8,6,5,2269800,90792,883750
109000232,2020-09-26,6,2,8,2356400,94256,1624000
109000233,2020-09-28,3,1,8,2365675,94627,1839250
109000234,2020-09-29,3,2,0,2288425,91537,1146500
109000235,2020-09-30,0,2,4,2413475,96539,659750
109000236,2020-10-01,7,3,5,2273150,90926,936000
109000237,2020-10-02,2,4,8,2106325,84253,1157500
109000238,2020-10-03,2,8,2,2152100,86084,1825750
109000239,2020-10-05,2,0,6,2440075,97603,1665500
109000240,2020-10-06,4,4,5,2300700,92028,627000
109000241,2020-10-07,9,6,9,2282475,91299,701500
109000242,2020-10-08,9,3,7,2286525,91461,546250
109000243,2020-10-09,3,9,0,2252350,90094,917000
109000244,2020-10-10,0,4,4,2351075,94043,632250
109000245,2020-10-12,9,0,0,2460925,98437,656500
109000246,2020-10-13,7,6,2,2130050,85202,680500
109000247,2020-10-14,9,2,1,2190000,87600,1740000
109000248,2020-10-15,3,7,7,2216450,88658,2965000
109000249,2020-10-16,8,2,6,2219975,88799,1911500
109000250,2020-10-17,2,0,2,2224900,88996,1413000
109000251,2020-10-19,5,2,9,2411550,96462,1097500
109000252,2020-10-20,1,8,7,2177300,87092,1030500
109000253,2020-10-21,5,6,9,2243425,89737,789000
109000254,2020-10-22,7,0,5,2052150,82086,598750
109000255,2020-10-23,3,4,0,2252400,90096,1110250
109000256,2020-10-24,3,8,1,2279700,91188,818250
109000257,2020-10-26,3,7,7,2381050,95242,953500
109000258,2020-10-27,5,0,8,2140700,85628,725500
109000259,2020-10-28,6,2,9,2214025,88561,1581500
109000260,2020-10-29,4,2,9,2285125,91405,1026250
109000261,2020-10-30,7,2,1,2318225,92729,877000
109000262,2020-10-31,7,0,7,2335925,93437,1868500
109000263,2020-11-02,7,7,0,2574100,102964,918750
109000264,2020-11-03,1,6,3,2396725,95869,1098500
109000265,2020-11-04,0,0,3,2443175,97727,812250
109000266,2020-11-05,8,8,7,2391650,95666,803250
109000267,2020-11-06,8,6,8,2418725,96749,955750
109000268,2020-11-07,7,7,2,2517650,100706,1268500
109000269,2020-11-09,3,1,7,2769900,110796,1287250
109000270,2020-11-10,4,2,9,2551325,102053,916000
109000271,2020-11-11,0,9,4,2652150,106086,557500
109000272,2020-11-12,9,2,4,2385300,95412,913250
109000273,2020-11-13,2,6,2,2346100,93844,1108500
109000274,2020-11-14,8,3,6,2519450,100778,1252750
109000275,2020-11-16,2,6,4,2753925,110157,1053250
109000276,2020-11-17,2,1,9,2456425,98257,1267500
109000277,2020-11-18,9,8,7,2602825,104113,1696500
109000278,2020-11-19,5,4,9,2638725,105549,879000
109000279,2020-11-20,8,4,7,2666250,106650,643250
109000280,2020-11-21,8,4,6,2498800,99952,539750
109000281,2020-11-23,6,9,2,2786175,111447,1427750
109000282,2020-11-24,2,8,8,2553625,102145,1072500
109000283,2020-11-25,4,9,4,2672750,106910,534250
109000284,2020-11-26,7,4,4,2727050,109082,653750
109000285,2020-11-27,4,1,9,2766050,110642,767250
109000286,2020-11-28,6,0,9,2375550,95022,1730750
109000287,2020-11-30,4,8,6,2658950,106358,964500
109000288,2020-12-01,5,6,7,2311600,92464,1229750
109000289,2020-12-02,0,2,4,2415125,96605,918000
109000290,2020-12-03,6,5,2,2199050,87962,1813750
109000291,2020-12-04,1,4,5,2121125,84845,1131000
109000292,2020-12-05,7,6,9,2169800,86792,1096250
109000293,2020-12-07,0,6,3,2369700,94788,629000
109000294,2020-12-08,4,6,0,2089275,83571,999500
109000295,2020-12-09,1,3,3,2081250,83250,1669750
109000296,2020-12-10,5,4,0,2203350,88134,537250
109000297,2020-12-11,1,8,8,2296000,91840,1396000
109000298,2020-12-12,9,8,1,2235475,89419,1093250
109000299,2020-12-14,9,4,8,2382725,95309,738000
109000300,2020-12-15,8,9,4,2084450,83378,623250
109000301,2020-12-16,1,6,6,2168825,86753,1654500
109000302,2020-12-17,4,5,6,2182225,87289,1318500
109000303,2020-12-18,7,8,8,2183075,87323,991000
109000304,2020-12-19,2,4,9,2179125,87165,798000
109000305,2020-12-21,8,5,6,2318850,92754,1264500
109000306,2020-12-22,4,8,8,2166300,86652,1449750
109000307,2020-12-23,2,3,5,2206025,88241,1525750
109000308,2020-12-24,1,6,7,2197500,87900,1169750
109000309,2020-12-25,0,7,5,2313825,92553,1130000
109000310,2020-12-26,6,4,3,2215225,88609,658750
109000311,2020-12-28,4,4,6,2371500,94860,701750
109000312,2020-12-29,9,5,5,2205025,88201,872000
109000313,2020-12-30,4,3,9,2127925,85117,705750
109000314,2020-12-31,0,0,5,2216675,88667,778250
110000001,2021-01-01,8,5,4,2208325,88333,798000
110000002,2021-01-02,8,0,8,2139800,85592,1636500
110000003,2021-01-04,3,6,9,2360275,94411,2144250
110000004,2021-01-05,7,8,4,2257675,90307,884250
110000005,2021-01-06,4,8,0,2350000,94000,752750
110000006,2021-01-07,6,6,1,2167400,86696,927750
110000007,2021-01-08,4,2,8,2176150,87046,1027750
110000008,2021-01-09,9,6,9,2249400,89976,612500
110000009,2021-01-11,5,7,7,2533475,101339,1731250
110000010,2021-01-12,6,6,7,2228225,89129,1176250
110000011,2021-01-13,2,8,1,2437825,97513,1003000
110000012,2021-01-14,3,8,1,2267775,90711,1248750
110000013,2021-01-15,4,4,2,2340725,93629,768500
110000014,2021-01-16,6,8,2,2379825,95193,1365750
110000015,2021-01-18,0,2,8,2522400,100896,1062750
110000016,2021-01-19,7,9,6,2367625,94705,992250
110000017,2021-01-20,8,3,3,2291525,91661,1190750
110000018,2021-01-21,1,9,6,2227300,89092,810750
110000019,2021-01-22,9,9,4,2236725,89469,1010250
110000020,2021-01-23,0,6,5,2277950,91118,635500
110000021,2021-01-25,3,0,4,2424975,96999,750500
110000022,2021-01-26,0,3,3,2185050,87402,1165500
110000023,2021-01-27,1,1,1,2217250,88690,5204000
110000024,2021-01-28,4,4,0,2191375,87655,782250
110000025,2021-01-29,2,7,3,2238875,89555,905500
110000026,2021-01-30,0,4,0,2275400,91016,705500
110000027,2021-02-01,1,6,9,2452200,98088,1266500
110000028,2021-02-02,8,4,9,2312400,92496,795000
110000029,2021-02-03,2,4,1,2303100,92124,666250
110000030,2021-02-04,2,3,9,2238375,89535,1080750
110000031,2021-02-05,3,0,5,2359525,94381,900750
110000032,2021-02-06,4,2,6,2433800,97352,2044250
110000033,2021-02-08,3,8,6,2855925,114237,2376750
110000034,2021-02-09,2,6,8,2576200,103048,1700250
110000035,2021-02-10,7,5,9,2523275,100931,1467000
110000036,2021-02-11,7,3,9,2434075,97363,1055000
110000037,2021-02-12,3,0,9,2600600,104024,1042750
110000038,2021-02-13,2,9,6,2488500,99540,1076250
110000039,2021-02-15,2,8,2,3243075,129723,2217000
110000040,2021-02-16,4,8,2,2684800,107392,1111750
110000041,2021-02-17,5,7,5,2625425,105017,1507500
110000042,2021-02-18,2,6,5,2599875,103995,988500
110000043,2021-02-19,8,3,3,2636750,105470,1360250
110000044,2021-02-20,2,0,1,2726450,109058,1593250
110000045,2021-02-22,3,3,6,3040475,121619,1691500
110000046,2021-02-23,2,0,8,2590875,103635,1472000
110000047,2021-02-24,8,8,9,2636250,105450,1411000
110000048,2021-02-25,3,8,3,2554750,102190,1144250
110000049,2021-02-26,9,1,5,2750050,110002,1855250
110000050,2021-02-27,8,6,6,2579125,103165,967250
110000051,2021-03-01,2,2,1,2725450,109018,2246750
110000052,2021-03-02,1,4,6,2381575,95263,818250
110000053,2021-03-03,2,8,1,2609500,104380,1015750
110000054,2021-03-04,6,9,2,2513325,100533,1970250
110000055,2021-03-05,2,3,8,2520625,100825,1891750
110000056,2021-03-06,0,1,0,2642975,105719,1513500
110000057,2021-03-08,6,4,5,3035850,121434,779000
110000058,2021-03-09,4,1,4,2542800,101712,764750
110000059,2021-03-10,0,9,7,2688525,107541,795000
110000060,2021-03-11,7,9,9,2597675,103907,1066250
110000061,2021-03-12,1,7,0,2546025,101841,835250
110000062,2021-03-13,1,3,5,2644875,105795,1705000
110000063,2021-03-15,8,8,5,2890075,115603,1571250
110000064,2021-03-16,2,0,9,2520975,100839,1973500
110000065,2021-03-17,6,3,0,2392925,95717,1017250
110000066,2021-03-18,2,9,2,2470375,98815,1013500
110000067,2021-03-19,4,9,6,2482775,99311,937000
110000068,2021-03-20,3,5,2,2348575,93943,1202000
110000069,2021-03-22,9,2,3,2624050,104962,2194250
110000070,2021-03-23,8,3,4,2323750,92950,873000
110000071,2021-03-24,2,0,6,2333325,93333,888750
110000072,2021-03-25,7,0,0,2456825,98273,629250
110000073,2021-03-26,1,2,4,2318725,92749,1151250
110000074,2021-03-27,4,3,7,2383075,95323,1149000
110000075,2021-03-29,4,6,8,2528100,101124,1299250
110000076,2021-03-30,7,9,1,2279650,91186,834750
110000077,2021-03-31,6,0,1,2496450,99858,1049750
110000078,2021-04-01,5,8,8,2367100,94684,1641250
110000079,2021-04-02,1,6,8,2711825,108473,5608500
110000080,2021-04-03,9,9,2,2598225,103929,1505250
110000081,2021-04-05,0,7,6,2533050,101322,850500
110000082,2021-04-06,6,4,2,2387075,95483,1119250
110000083,2021-04-07,9,5,4,2489525,99581,768750
110000084,2021-04-08,6,6,5,2376000,95040,1215500
110000085,2021-04-09,3,2,8,2356900,94276,2309250
110000086,2021-04-10,7,4,3,2367675,94707,1300000
110000087,2021-04-12,1,3,5,2725075,109003,1927250
110000088,2021-04-13,1,3,3,2482700,99308,2410500
110000089,2021-04-14,0,8,6,2594150,103766,1188000
110000090,2021-04-15,1,5,1,2637525,105501,925000
110000091,2021-04-16,8,7,5,2464175,98567,806500
110000092,2021-04-17,1,3,7,2589575,103583,1305000
110000093,2021-04-19,5,0,0,2749225,109969,2285250
110000094,2021-04-20,1,4,4,2294275,91771,903000
110000095,2021-04-21,2,9,6,2378175,95127,1694500
110000096,2021-04-22,4,1,9,2383175,95327,2944750
110000097,2021-04-23,3,8,3,2375175,95007,1891000
110000098,2021-04-24,0,7,6,2346425,93857,668000
110000099,2021-04-26,6,6,1,2806525,112261,2043500
110000100,2021-04-27,6,9,9,2304050,92162,947000
110000101,2021-04-28,6,0,4,2248350,89934,536000
110000102,2021-04-29,0,6,1,2250325,90013,451250
110000103,2021-04-30,0,8,6,2354175,94167,854500
110000104,2021-05-01,1,1,2,2405650,96226,2169750
110000105,2021-05-03,3,7,4,2569650,102786,1034500
110000106,2021-05-04,3,4,2,2323775,92951,916500
110000107,2021-05-05,9,1,9,2457350,98294,1262750
110000108,2021-05-06,5,0,5,2341550,93662,1749750
110000109,2021-05-07,0,6,6,2306250,92250,991750
110000110,2021-05-08,4,7,6,2564350,102574,749750
110000111,2021-05-10,9,1,1,2644350,105774,2238750
110000112,2021-05-11,0,3,2,2358275,94331,745250
110000113,2021-05-12,4,7,1,2369175,94767,916500
110000114,2021-05-13,2,3,8,2300625,92025,1183500
110000115,2021-05-14,2,3,4,2304100,92164,805750
110000116,2021-05-15,4,3,3,2480675,99227,1048250
110000117,2021-05-17,9,2,1,2711700,108468,1889750
110000118,2021-05-18,2,5,1,2135825,85433,995000
110000119,2021-05-19,6,5,9,2067050,82682,517750
110000120,2021-05-20,2,7,5,2176000,87040,922750
110000121,2021-05-21,6,6,0,2062000,82480,626250
110000122,2021-05-22,7,4,7,2033975,81359,1343000
110000123,2021-05-24,0,2,1,1953875,78155,825000
110000124,2021-05-25,4,5,7,1890075,75603,650750
110000125,2021-05-26,6,0,7,1907425,76297,715250
110000126,2021-05-27,9,2,7,1848425,73937,758250
110000127,2021-05-28,1,6,9,1914325,76573,973250
110000128,2021-05-29,4,1,4,1867300,74692,904750
110000129,2021-05-31,8,3,3,1903975,76159,2009500
110000130,2021-06-01,2,3,3,1938025,77521,1263500
110000131,2021-06-02,1,3,7,1969100,78764,826750
110000132,2021-06-03,2,6,0,1995650,79826,714750
110000133,2021-06-04,2,3,4,2095450,83818,1325250
110000134,2021-06-05,0,9,9,2134800,85392,1397250
110000135,2021-06-07,7,6,3,2138525,85541,633750
110000136,2021-06-08,3,5,8,2040475,81619,1181000
110000137,2021-06-09,3,5,5,2014300,80572,1049750
110000138,2021-06-10,8,7,7,2106225,84249,1406750
110000139,2021-06-11,1,1,2,2157950,86318,1714250
110000140,2021-06-12,3,9,2,2186475,87459,733750
110000141,2021-06-14,9,1,3,2271675,90867,1133500
110000142,2021-06-15,4,7,9,2050575,82023,1456250
110000143,2021-06-16,6,6,6,2146725,85869,5909250
110000144,2021-06-17,3,1,2,2197550,87902,1345500
110000145,2021-06-18,1,8,7,2260175,90407,3708750
110000146,2021-06-19,1,3,0,2191750,87670,1556250
110000147,2021-06-21,0,7,1,2223000,88920,765750
110000148,2021-06-22,7,8,2,1962525,78501,832250
110000149,2021-06-23,5,1,0,2108225,84329,1043250
110000150,2021-06-24,9,0,5,2091275,83651,769750
110000151,2021-06-25,0,1,6,2039825,81593,972500
110000152,2021-06-26,8,4,6,2212700,88508,883500
110000153,2021-06-28,9,5,1,2147550,85902,790250
110000154,2021-06-29,1,1,0,1998350,79934,2543750
110000155,2021-06-30,7,8,8,2130725,85229,951250
110000156,2021-07-01,4,6,3,2106275,84251,744750
110000157,2021-07-02,5,5,8,2105800,84232,1261750
110000158,2021-07-03,6,7,2,2164375,86575,883750
110000159,2021-07-05,6,6,7,2300625,92025,784750
110000160,2021-07-06,4,2,3,2230450,89218,1021500
110000161,2021-07-07,2,9,7,2218800,88752,858250
110000162,2021-07-08,4,8,6,2128275,85131,970250
110000163,2021-07-09,6,5,8,2193075,87723,1176750
110000164,2021-07-10,2,0,3,2384000,95360,813000
110000165,2021-07-12,9,6,5,2374350,94974,694500
110000166,2021-07-13,5,6,2,2109550,84382,800750
110000167,2021-07-14,0,6,0,2185675,87427,627000
110000168,2021-07-15,2,5,2,2176400,87056,1210500
110000169,2021-07-16,8,0,7,2174725,86989,734000
110000170,2021-07-17,4,1,2,2301975,92079,1203250
110000171,2021-07-19,1,7,7,2167550,86702,1372000
110000172,2021-07-20,7,7,1,2047825,81913,1350250
110000173,2021-07-21,5,0,2,2180175,87207,1012500
110000174,2021-07-22,2,3,6,2096775,83871,1669000
110000175,2021-07-23,9,9,7,2052750,82110,825500
110000176,2021-07-24,2,6,9,2218350,88734,1073000
110000177,2021-07-26,8,1,9,2401475,96059,1509250
110000178,2021-07-27,1,5,6,2227350,89094,979250
110000179,2021-07-28,9,6,7,2110675,84427,709250
110000180,2021-07-29,5,3,3,2058450,82338,1189500
110000181,2021-07-30,1,5,0,2119225,84769,872750
110000182,2021-07-31,2,3,0,2161925,86477,786500
110000183,2021-08-02,0,5,6,2294725,91789,593250
110000184,2021-08-03,0,5,1,2015650,80626,1220000
110000185,2021-08-04,6,8,0,2107875,84315,853750
110000186,2021-08-05,4,5,5,2215450,88618,852750
110000187,2021-08-06,1,8,3,2117425,84697,1077750
110000188,2021-08-07,8,8,4,2138075,85523,1732500
110000189,2021-08-09,5,2,1,2745300,109812,1310750
110000190,2021-08-10,8,1,5,2315400,92616,1900250
110000191,2021-08-11,9,1,1,2458175,98327,1876250
110000192,2021-08-12,6,8,3,2741500,109660,1267750
110000193,2021-08-13,5,0,4,2507025,100281,464000
110000194,2021-08-14,9,0,1,2755650,110226,828000
110000195,2021-08-16,1,6,0,3055175,122207,1658500
110000196,2021-08-17,4,6,1,2596950,103878,532750
110000197,2021-08-18,5,7,3,2397425,95897,1189250
110000198,2021-08-19,1,1,0,2512600,100504,2006250
110000199,2021-08-20,4,3,1,2429400,97176,1042250
110000200,2021-08-21,7,1,8,2383925,95357,1197000
110000201,2021-08-23,8,5,3,2989525,119581,1507750
110000202,2021-08-24,9,9,7,2350700,94028,856250
110000203,2021-08-25,9,1,1,2522450,100898,1755250
110000204,2021-08-26,8,0,6,2526075,101043,1158750
110000205,2021-08-27,4,6,2,2441050,97642,1031250
110000206,2021-08-28,2,1,3,2407100,96284,1419500
110000207,2021-08-30,5,8,4,2650200,106008,644500
110000208,2021-08-31,7,1,4,2352875,94115,815250
110000209,2021-09-01,3,8,0,2455200,98208,730000
110000210,2021-09-02,6,3,4,2344850,93794,567000
110000211,2021-09-03,8,0,6,2435650,97426,659250
110000212,2021-09-04,0,0,2,2423825,96953,754500
110000213,2021-09-06,2,7,9,2768550,110742,1325250
110000214,2021-09-07,6,2,0,2482175,99287,1068750
110000215,2021-09-08,3,7,0,2578925,103157,758750
110000216,2021-09-09,7,5,0,2560650,102426,952250
110000217,2021-09-10,3,1,7,2586400,103456,974750
110000218,2021-09-11,2,7,7,2839800,113592,1214500
110000219,2021-09-13,0,4,4,2866325,114653,3883750
110000220,2021-09-14,1,1,6,2356950,94278,1654500
110000221,2021-09-15,8,9,3,2367750,94710,1168000
110000222,2021-09-16,0,0,1,2247775,89911,1171750
110000223,2021-09-17,8,5,8,2376700,95068,1774000
110000224,2021-09-18,5,1,5,2348175,93927,2150000
110000225,2021-09-20,6,4,8,2586975,103479,685500
110000226,2021-09-21,1,3,0,2494625,99785,1686000
110000227,2021-09-22,3,1,9,2370300,94812,4198000
110000228,2021-09-23,8,6,5,2368650,94746,790750
110000229,2021-09-24,1,2,0,2290475,91619,1697250
110000230,2021-09-25,9,0,2,2378900,95156,821500
110000231,2021-09-27,0,9,2,2475450,99018,809750
110000232,2021-09-28,0,4,9,2365850,94634,754000
110000233,2021-09-29,3,2,7,2348625,93945,1162750
110000234,2021-09-30,0,4,8,2310225,92409,542500
110000235,2021-10-01,0,4,5,2339900,93596,551750
110000236,2021-10-02,3,0,8,2309400,92376,1003750
110000237,2021-10-04,6,3,6,2484275,99371,1552500
110000238,2021-10-05,4,7,7,2270425,90817,1662500
110000239,2021-10-06,2,8,5,2358875,94355,1613000
110000240,2021-10-07,3,2,4,2222900,88916,807750
110000241,2021-10-08,0,9,4,2396325,95853,572500
110000242,2021-10-09,5,2,6,2346700,93868,1395500
110000243,2021-10-11,5,3,9,2251500,90060,2590000
110000244,2021-10-12,7,2,1,2194375,87775,1016500
110000245,2021-10-13,9,8,0,2247950,89918,825750
110000246,2021-10-14,9,0,9,2338775,93551,7899500
110000247,2021-10-15,3,4,2,2466825,98673,820500
110000248,2021-10-16,5,9,3,2308250,92330,774500
110000249,2021-10-18,1,4,9,2565675,102627,1167250
110000250,2021-10-19,9,8,0,2363025,94521,659000
110000251,2021-10-20,4,3,5,2448875,97955,954250
110000252,2021-10-21,6,4,3,2288225,91529,568750
110000253,2021-10-22,8,4,6,2284700,91388,867250
110000254,2021-10-23,6,4,5,2333175,93327,1096000
110000255,2021-10-25,0,5,7,2525350,101014,1075000
110000256,2021-10-26,6,2,9,2239425,89577,1175750
110000257,2021-10-27,5,7,1,2244300,89772,1033000
110000258,2021-10-28,1,1,7,2184975,87399,2199000
110000259,2021-10-29,9,6,8,2294675,91787,1348500
110000260,2021-10-30,6,3,1,2295425,91817,867250
110000261,2021-11-01,5,3,8,2438400,97536,1412750
110000262,2021-11-02,8,3,9,2201675,88067,860250
110000263,2021-11-03,6,8,9,2261100,90444,702500
110000264,2021-11-04,2,4,1,2233675,89347,759000
110000265,2021-11-05,8,2,4,2317250,92690,849250
110000266,2021-11-06,1,5,4,2366550,94662,941000
110000267,2021-11-08,8,6,5,2384150,95366,1051750
110000268,2021-11-09,1,0,0,2213450,88538,2229000
110000269,2021-11-10,3,5,3,2316575,92663,1011000
110000270,2021-11-11,9,5,7,2364750,94590,746750
110000271,2021-11-12,8,7,3,2202475,88099,795000
110000272,2021-11-13,1,2,4,2157425,86297,1236500
110000273,2021-11-15,9,1,8,2422175,96887,1400750
110000274,2021-11-16,6,0,4,2163100,86524,622250
110000275,2021-11-17,5,4,1,2172400,86896,758750
110000276,2021-11-18,8,7,4,2127700,85108,644750
110000277,2021-11-19,8,7,9,2228000,89120,989250
110000278,2021-11-20,2,0,2,2176975,87079,1475000
110000279,2021-11-22,2,7,7,2291300,91652,1053250
110000280,2021-11-23,2,6,9,2095300,83812,1044750
110000281,2021-11-24,6,7,7,2132125,85285,791250
110000282,2021-11-25,0,5,2,2189550,87582,1634250
110000283,2021-11-26,0,5,0,2159200,86368,1036000
110000284,2021-11-27,1,4,9,2186775,87471,891250
110000285,2021-11-29,7,1,2,2342000,93680,1257750
110000286,2021-11-30,0,3,9,2133275,85331,1215250
110000287,2021-12-01,0,1,8,2226325,89053,1040500
110000288,2021-12-02,1,9,8,2180375,87215,1278250
110000289,2021-12-03,6,7,5,2206125,88245,1458750
110000290,2021-12-04,7,0,4,2266650,90666,915500
110000291,2021-12-06,1,5,9,2386000,95440,1230000
110000292,2021-12-07,2,5,1,2221800,88872,1031250
110000293,2021-12-08,3,5,5,2321925,92877,956000
110000294,2021-12-09,0,1,3,2270225,90809,991250
110000295,2021-12-10,4,9,4,2359300,94372,744500
110000296,2021-12-11,3,9,8,2320850,92834,887250
110000297,2021-12-13,9,3,0,2427950,97118,920250
110000298,2021-12-14,8,5,6,2282475,91299,915750
110000299,2021-12-15,5,0,3,2405775,96231,844750
110000300,2021-12-16,6,6,4,2332800,93312,819250
110000301,2021-12-17,1,9,8,2253150,90126,758500
110000302,2021-12-18,0,3,6,2218950,88758,908500
110000303,2021-12-20,6,9,8,2352950,94118,883500
110000304,2021-12-21,3,8,6,2028950,81158,1158000
110000305,2021-12-22,1,6,3,2238900,89556,1094000
110000306,2021-12-23,5,4,2,2245250,89810,930000
110000307,2021-12-24,3,1,4,2209425,88377,1072000
110000308,2021-12-25,7,0,9,2213600,88544,1242500
110000309,2021-12-27,2,8,0,2276025,91041,1042750
110000310,2021-12-28,7,6,7,2127750,85110,670500
110000311,2021-12-29,5,7,8,2135850,85434,1068500
110000312,2021-12-30,1,7,4,2145775,85831,705000
110000313,2021-12-31,6,6,3,2339250,93570,953000
111000001,2022-01-01,7,9,6,2446850,97874,909500
111000002,2022-01-03,7,7,5,2406425,96257,863750
111000003,2022-01-04,2,1,1,2182450,87298,1630500
111000004,2022-01-05,4,9,3,2313825,92553,662000
111000005,2022-01-06,9,3,1,2206500,88260,907750
111000006,2022-01-07,3,1,4,2307200,92288,1178250
111000007,2022-01-08,6,2,4,2515950,100638,1773000
111000008,2022-01-10,2,5,6,2531025,101241,934250
111000009,2022-01-11,8,7,7,2382675,95307,790750
111000010,2022-01-12,9,0,4,2314350,92574,683250
111000011,2022-01-13,2,4,1,2172450,86898,1222000
111000012,2022-01-14,7,6,7,2215225,88609,729000
111000013,2022-01-15,7,8,8,2367550,94702,2046750
111000014,2022-01-17,6,9,6,2417125,96685,897250
111000015,2022-01-18,8,1,6,2178375,87135,2215250
111000016,2022-01-19,3,0,6,2326350,93054,1036000
111000017,2022-01-20,6,0,7,2259075,90363,621500
111000018,2022-01-21,3,4,4,2244525,89781,652750
111000019,2022-01-22,8,9,1,2188075,87523,958250
111000020,2022-01-24,4,8,9,2413100,96524,818250
111000021,2022-01-25,6,7,4,2278700,91148,572000
111000022,2022-01-26,5,6,3,2352075,94083,1229000
111000023,2022-01-27,1,1,2,2369200,94768,1925500
111000024,2022-01-28,1,0,5,2402625,96105,1594750
111000025,2022-01-29,6,8,1,2402900,96116,1897250
111000026,2022-01-31,1,3,9,3021325,120853,2060250
111000027,2022-02-01,2,7,2,2570125,102805,1544500
111000028,2022-02-02,2,9,2,2685000,107400,1232250
111000029,2022-02-03,4,5,4,2610525,104421,1393250
111000030,2022-02-04,1,6,6,2763275,110531,2088250
111000031,2022-02-05,8,2,5,2771775,110871,1977750
111000032,2022-02-07,9,9,2,3099250,123970,1093500
111000033,2022-02-08,8,1,0,2663375,106535,1293250
111000034,2022-02-09,2,6,1,2572600,102904,1270250
111000035,2022-02-10,8,3,0,2637025,105481,796250
111000036,2022-02-11,1,8,6,2745575,109823,2499000
111000037,2022-02-12,1,5,9,2759625,110385,1776000
111000038,2022-02-14,8,6,2,3001175,120047,1625250
111000039,2022-02-15,7,8,1,2790550,111622,636000
111000040,2022-02-16,0,8,7,2740075,109603,1004000
111000041,2022-02-17,7,9,5,2724400,108976,1078750
111000042,2022-02-18,6,4,3,2475150,99006,1269500
111000043,2022-02-19,6,7,6,2552550,102102,1385250
111000044,2022-02-21,5,6,3,2469050,98762,1082000
111000045,2022-02-22,8,3,1,2622550,104902,1236500
111000046,2022-02-23,4,0,6,2345100,93804,1156000
111000047,2022-02-24,1,9,7,2433800,97352,1397000
111000048,2022-02-25,9,2,6,2640525,105621,1825500
111000049,2022-02-26,2,1,6,2589175,103567,2539750
111000050,2022-02-28,8,6,9,2808900,112356,864250
111000051,2022-03-01,4,7,0,2615075,104603,1909750
111000052,2022-03-02,7,3,5,2450175,98007,1124750
111000053,2022-03-03,6,4,5,2489025,99561,1072000
111000054,2022-03-04,4,5,3,2765275,110611,2168250
111000055,2022-03-05,1,9,4,2626850,105074,933000
111000056,2022-03-07,6,0,3,2619250,104770,1168500
111000057,2022-03-08,9,5,2,2602550,104102,678000
111000058,2022-03-09,2,0,9,2677050,107082,1230750
111000059,2022-03-10,7,1,4,2781500,111260,1158750
111000060,2022-03-11,8,8,7,3026450,121058,3249250
111000061,2022-03-12,2,2,7,2655200,106208,1442250
111000062,2022-03-14,6,6,3,2658575,106343,1361250
111000063,2022-03-15,6,7,3,2611375,104455,1833500
111000064,2022-03-16,5,2,7,2475975,99039,1245750
111000065,2022-03-17,5,9,0,2556850,102274,934750
111000066,2022-03-18,3,1,4,2533575,101343,1550000
111000067,2022-03-19,9,3,6,2746900,109876,2692250
111000068,2022-03-21,6,3,4,2718125,108725,911750
111000069,2022-03-22,8,7,5,2477200,99088,1050750
111000070,2022-03-23,3,2,4,2568600,102744,2035500
111000071,2022-03-24,2,6,5,2767625,110705,1187750
111000072,2022-03-25,3,2,6,3058450,122338,3692000
111000073,2022-03-26,4,7,0,3386500,135460,878750
111000074,2022-03-28,7,9,0,3142350,125694,1897500
111000075,2022-03-29,9,2,2,2913075,116523,1560500
111000076,2022-03-30,7,8,2,3163250,126530,1679750
111000077,2022-03-31,2,0,2,2935775,117431,2158250
111000078,2022-04-01,1,3,7,2857775,114311,1519000
111000079,2022-04-02,7,6,6,2547850,101914,768000
111000080,2022-04-04,1,5,9,2988725,119549,1952750
111000081,2022-04-05,3,2,0,2493450,99738,1513500
111000082,2022-04-06,2,8,5,2670025,106801,1307250
111000083,2022-04-07,9,1,9,2688750,107550,1750000
111000084,2022-04-08,8,6,3,2890700,115628,1412750
111000085,2022-04-09,9,2,1,2846125,113845,1547500
111000086,2022-04-11,0,7,7,3165825,126633,2000500
111000087,2022-04-12,8,3,6,2807075,112283,1137750
111000088,2022-04-13,1,4,4,2848400,113936,4223500
111000089,2022-04-14,1,0,9,2559600,102384,1161750
111000090,2022-04-15,6,3,6,2605050,104202,1043250
111000091,2022-04-16,2,9,3,2816275,112651,2044250
111000092,2022-04-18,3,6,2,2737550,109502,1367500
111000093,2022-04-19,1,5,6,2516750,100670,1528250
111000094,2022-04-20,3,6,1,2521750,100870,1079750
111000095,2022-04-21,0,2,0,2536950,101478,814500
111000096,2022-04-22,2,9,4,2600725,104029,1084500
111000097,2022-04-23,0,8,3,2776550,111062,1113500
111000098,2022-04-25,7,3,2,2507150,100286,877500
111000099,2022-04-26,2,3,8,2336800,93472,1567000
111000100,2022-04-27,2,9,0,2525550,101022,646500
111000101,2022-04-28,4,8,8,2637650,105506,901000
111000102,2022-04-29,8,0,6,2717800,108712,2559750
111000103,2022-04-30,9,4,9,2655300,106212,1830000
111000104,2022-05-02,6,0,0,2335700,93428,818000
111000105,2022-05-03,0,0,9,2333900,93356,947250
111000106,2022-05-04,7,7,6,2368200,94728,1149500
111000107,2022-05-05,2,6,1,2302350,92094,905250
111000108,2022-05-06,4,2,4,2344500,93780,835500
111000109,2022-05-07,2,2,0,2425900,97036,1369500
111000110,2022-05-09,1,6,6,2567700,102708,1365500
111000111,2022-05-10,7,7,9,2663125,106525,952750
111000112,2022-05-11,3,1,2,2633700,105348,2505000
111000113,2022-05-12,0,6,2,2389575,95583,748500
111000114,2022-05-13,0,7,1,2738425,109537,524750
111000115,2022-05-14,9,1,9,2877050,115082,1315750
111000116,2022-05-16,4,7,2,2640075,105603,533500
111000117,2022-05-17,5,3,3,2715675,108627,1967500
111000118,2022-05-18,9,1,6,2310975,92439,1172000
111000119,2022-05-19,4,7,8,2491175,99647,620500
111000120,2022-05-20,2,0,7,2667625,106705,1325000
111000121,2022-05-21,4,9,3,2365875,94635,678750
111000122,2022-05-23,6,8,4,2424975,96999,3044750
111000123,2022-05-24,5,0,9,1874900,74996,909250
111000124,2022-05-25,6,4,8,1937750,77510,599750
111000125,2022-05-26,0,7,0,1854125,74165,618750
111000126,2022-05-27,7,4,4,2018275,80731,674750
111000127,2022-05-28,1,1,5,2144400,85776,1438500
111000128,2022-05-30,2,6,1,2453825,98153,2034000
111000129,2022-05-31,6,6,2,2275850,91034,889750
111000130,2022-06-01,3,8,6,2382350,95294,1904000
111000131,2022-06-02,0,8,8,2349700,93988,955750
111000132,2022-06-03,1,9,9,2481575,99263,3058250
111000133,2022-06-04,0,1,3,2202300,88092,746250
111000134,2022-06-06,3,5,5,2433000,97320,2439500
111000135,2022-06-07,2,2,2,1964850,78594,2531250
111000136,2022-06-08,6,3,8,1949325,77973,1427250
111000137,2022-06-09,2,4,6,2183075,87323,1264500
111000138,2022-06-10,0,2,5,2306950,92278,1208250
111000139,2022-06-11,8,4,6,2289525,91581,756750
111000140,2022-06-13,5,7,6,2429625,97185,1821750
111000141,2022-06-14,1,8,2,2147025,85881,802250
111000142,2022-06-15,0,9,2,2159350,86374,712750
111000143,2022-06-16,9,7,8,2167750,86710,900500
111000144,2022-06-17,4,9,1,2275925,91037,588750
111000145,2022-06-18,0,5,8,2280300,91212,999750
111000146,2022-06-20,4,8,8,2288925,91557,748750
111000147,2022-06-21,8,4,3,2111225,84449,753750
111000148,2022-06-22,0,2,0,2109050,84362,729500
111000149,2022-06-23,0,3,8,2130525,85221,990750
111000150,2022-06-24,7,7,8,2051175,82047,959250
111000151,2022-06-25,4,2,7,2192750,87710,817000
111000152,2022-06-27,2,1,7,2272150,90886,1287000
111000153,2022-06-28,6,0,4,2148350,85934,1037250
111000154,2022-06-29,3,0,8,1984050,79362,817500
111000155,2022-06-30,5,9,3,2195625,87825,1812000
111000156,2022-07-01,0,4,0,2190300,87612,702500
111000157,2022-07-02,8,2,8,2182050,87282,1107750
111000158,2022-07-04,3,7,3,2367825,94713,833250
111000159,2022-07-05,3,0,4,2416375,96655,1248250
111000160,2022-07-06,9,5,1,2484650,99386,1607250
111000161,2022-07-07,9,6,7,2247950,89918,1452750
111000162,2022-07-08,9,3,6,2219150,88766,1057250
111000163,2022-07-09,1,8,6,2198425,87937,1937500
111000164,2022-07-11,5,9,3,2433050,97322,1088750
111000165,2022-07-12,0,5,3,2282625,91305,714000
111000166,2022-07-13,7,8,2,2230400,89216,977250
111000167,2022-07-14,2,9,0,2169400,86776,524750
111000168,2022-07-15,4,9,4,2202850,88114,803500
111000169,2022-07-16,8,3,6,2244550,89782,1799000
111000170,2022-07-18,8,9,9,2258575,90343,1096250
111000171,2022-07-19,8,8,6,2081100,83244,1374000
111000172,2022-07-20,4,9,5,2231225,89249,455000
111000173,2022-07-21,9,9,0,2152875,86115,829250
111000174,2022-07-22,2,4,4,2330975,93239,886000
111000175,2022-07-23,7,1,8,2201400,88056,1178750
111000176,2022-07-25,9,0,4,2355400,94216,1007500
111000177,2022-07-26,6,5,5,2151325,86053,1044750
111000178,2022-07-27,2,5,7,2099750,83990,1125750
111000179,2022-07-28,4,0,9,2179300,87172,643250
111000180,2022-07-29,1,9,0,2261375,90455,591250
111000181,2022-07-30,1,9,1,2290525,91621,1550750
111000182,2022-08-01,5,0,3,2501925,100077,750250
111000183,2022-08-02,4,9,5,2101050,84042,728750
111000184,2022-08-03,3,0,2,2223450,88938,698500
111000185,2022-08-04,2,0,1,2302475,92099,1512750
111000186,2022-08-05,4,1,9,2410125,96405,1252000
111000187,2022-08-06,0,2,7,2510725,100429,1047750
111000188,2022-08-08,6,7,8,2649650,105986,1974250
111000189,2022-08-09,9,9,5,2220650,88826,680750
111000190,2022-08-10,1,4,2,2312000,92480,875250
111000191,2022-08-11,9,9,1,2229000,89160,579750
111000192,2022-08-12,4,1,3,2414500,96580,1020500
111000193,2022-08-13,0,8,7,2337475,93499,931250
111000194,2022-08-15,7,7,9,2399900,95996,1292000
111000195,2022-08-16,4,0,4,2185850,87434,1127500
111000196,2022-08-17,3,9,7,2176025,87041,585500
111000197,2022-08-18,0,9,2,2213425,88537,833500
111000198,2022-08-19,8,8,2,2280650,91226,1055500
111000199,2022-08-20,5,1,6,2361500,94460,1833500
111000200,2022-08-22,9,2,0,2370175,94807,1196000
111000201,2022-08-23,2,1,5,2152200,86088,1078250
111000202,2022-08-24,6,0,4,2229750,89190,737750
111000203,2022-08-25,9,4,9,2139300,85572,827250
111000204,2022-08-26,9,7,5,2265750,90630,548000
111000205,2022-08-27,5,0,6,2266600,90664,612500
111000206,2022-08-29,7,2,5,2248375,89935,843500
111000207,2022-08-30,2,2,9,2117825,84713,1392750
111000208,2022-08-31,8,8,0,2216450,88658,1372250
111000209,2022-09-01,5,6,0,2315850,92634,1583500
111000210,2022-09-02,6,2,4,2001125,80045,1136500
111000211,2022-09-03,2,7,8,2004250,80170,856000
111000212,2022-09-05,1,6,9,2335650,93426,2222750
111000213,2022-09-06,8,9,4,2186300,87452,507500
111000214,2022-09-07,5,3,4,2223725,88949,1263250
111000215,2022-09-08,2,6,6,2218200,88728,1304750
111000216,2022-09-09,6,6,0,2254000,90160,922000
111000217,2022-09-10,2,2,2,2296475,91859,2353750
111000218,2022-09-12,1,1,7,2304700,92188,1908750
111000219,2022-09-13,3,2,1,2177575,87103,1645750
111000220,2022-09-14,4,6,8,2310725,92429,1031000
111000221,2022-09-15,6,1,4,2215625,88625,801750
111000222,2022-09-16,9,8,2,2239275,89571,863250
111000223,2022-09-17,1,2,9,2311900,92476,1892750
111000224,2022-09-19,0,2,0,2689350,107574,1009000
111000225,2022-09-20,9,3,4,2279850,91194,634500
111000226,2022-09-21,8,7,7,2545075,101803,1427500
111000227,2022-09-22,4,0,2,2397250,95890,571500
111000228,2022-09-23,6,9,3,2427825,97113,1272750
111000229,2022-09-24,4,5,5,2184500,87380,1802500
111000230,2022-09-26,7,9,2,2219275,88771,784500
111000231,2022-09-27,3,7,5,2020300,80812,984500
111000232,2022-09-28,9,8,0,2114600,84584,1080250
111000233,2022-09-29,6,2,7,2010800,80432,642750
111000234,2022-09-30,9,5,5,2128300,85132,761750
111000235,2022-10-01,6,0,6,2110425,84417,831750
111000236,2022-10-03,2,9,1,2293075,91723,1056250
111000237,2022-10-04,6,1,0,2257925,90317,1011500
111000238,2022-10-05,9,0,5,2182575,87303,1096250
111000239,2022-10-06,2,2,9,2194025,87761,1095250
111000240,2022-10-07,8,7,4,2279650,91186,1076500
111000241,2022-10-08,1,3,8,2186900,87476,1890500
111000242,2022-10-10,2,0,1,2338700,93548,1718250
111000243,2022-10-11,3,9,5,2216325,88653,1206250
111000244,2022-10-12,7,4,9,2211350,88454,1426500
111000245,2022-10-13,0,7,3,2173700,86948,696000
111000246,2022-10-14,3,4,8,2215050,88602,708250
111000247,2022-10-15,8,7,3,2219750,88790,640250
111000248,2022-10-17,3,5,1,2194350,87774,1134750
111000249,2022-10-18,9,7,5,2124525,84981,694500
111000250,2022-10-19,3,3,0,2217275,88691,1756250
111000251,2022-10-20,5,4,2,2150200,86008,697000
111000252,2022-10-21,6,5,0,2149125,85965,999500
111000253,2022-10-22,5,4,3,2059750,82390,1317750
111000254,2022-10-24,1,1,9,2292475,91699,2818750
111000255,2022-10-25,7,2,6,2147700,85908,827250
111000256,2022-10-26,2,8,8,2209500,88380,1598250
111000257,2022-10-27,2,0,5,2060625,82425,1311500
111000258,2022-10-28,1,7,2,2091475,83659,1129750
111000259,2022-10-29,7,7,1,2206650,88266,1072000
111000260,2022-10-31,1,5,8,2181300,87252,1253500
111000261,2022-11-01,5,0,2,2216175,88647,1221750
111000262,2022-11-02,9,1,7,2196600,87864,1559000
111000263,2022-11-03,3,2,4,2182650,87306,835000
111000264,2022-11-04,4,4,0,2263975,90559,1013250
111000265,2022-11-05,9,5,2,2293750,91750,683250
111000266,2022-11-07,6,6,9,2508400,100336,1743000
111000267,2022-11-08,0,6,8,2125500,85020,1062000
111000268,2022-11-09,5,0,4,2223975,88959,599500
111000269,2022-11-10,7,8,9,2177275,87091,1443500
111000270,2022-11-11,6,0,6,2461300,98452,879750
111000271,2022-11-12,1,2,6,2295125,91805,2334250
111000272,2022-11-14,5,5,6,2479325,99173,700500
111000273,2022-11-15,1,5,3,2217200,88688,1124500
111000274,2022-11-16,1,4,0,2185600,87424,742250
111000275,2022-11-17,1,9,1,2150575,86023,1372250
111000276,2022-11-18,6,0,7,2236175,89447,824500
111000277,2022-11-19,1,3,3,2217550,88702,1449500
111000278,2022-11-21,8,1,5,2336575,93463,1878250
111000279,2022-11-22,5,5,1,2151825,86073,990500
111000280,2022-11-23,7,4,3,2118900,84756,638750
111000281,2022-11-24,7,9,9,2020500,80820,964500
111000282,2022-11-25,1,9,4,2138775,85551,582750
111000283,2022-11-26,9,9,0,2217700,88708,875500
111000284,2022-11-28,8,2,7,2350925,94037,991000
111000285,2022-11-29,1,9,0,2046975,81879,614500
111000286,2022-11-30,0,3,6,2120625,84825,889500
111000287,2022-12-01,1,5,3,2166975,86679,823500
111000288,2022-12-02,4,5,6,2171700,86868,1163500
111000289,2022-12-03,6,1,7,2182900,87316,983500
111000290,2022-12-05,8,3,1,2334975,93399,1410750
111000291,2022-12-06,3,4,2,2171500,86860,861500
111000292,2022-12-07,8,7,6,2255350,90214,1177000
111000293,2022-12-08,9,8,9,2263225,90529,970750
111000294,2022-12-09,6,8,4,2236425,89457,625250
111000295,2022-12-10,6,6,4,2248700,89948,762500
111000296,2022-12-12,3,7,8,2419025,96761,1208000
111000297,2022-12-13,9,2,2,2085525,83421,1619000
111000298,2022-12-14,4,2,1,2161125,86445,1144500
111000299,2022-12-15,8,3,8,2156850,86274,931000
111000300,2022-12-16,5,0,8,2138125,85525,1247500
111000301,2022-12-17,2,2,8,1969600,78784,2338750
111000302,2022-12-19,5,8,8,2358650,94346,1622500
111000303,2022-12-20,7,5,9,2253850,90154,811750
111000304,2022-12-21,0,8,4,2275725,91029,456750
111000305,2022-12-22,2,7,1,2249600,89984,1013250
111000306,2022-12-23,1,2,2,2254750,90190,1976250
111000307,2022-12-24,6,0,2,2354600,94184,912000
111000308,2022-12-26,4,3,8,2398850,95954,1143750
111000309,2022-12-27,6,2,5,2242600,89704,1077250
111000310,2022-12-28,4,0,6,2310700,92428,754000
111000311,2022-12-29,9,4,1,2160250,86410,1464000
111000312,2022-12-30,9,6,4,2310125,92405,569000
111000313,2022-12-31,4,2,8,2482725,99309,924250
112000001,2023-01-02,9,1,5,2400600,96024,1206750
112000002,2023-01-03,5,2,7,2199325,87973,1370500
112000003,2023-01-04,4,5,4,2283450,91338,652750
112000004,2023-01-05,8,5,4,2315950,92638,713000
112000005,2023-01-06,6,3,4,2403075,96123,668500
112000006,2023-01-07,4,0,5,2508425,100337,722250
112000007,2023-01-09,7,5,3,2667825,106713,856250
112000008,2023-01-10,2,3,3,2396850,95874,1750250
112000009,2023-01-11,9,9,1,2493750,99750,1357250
112000010,2023-01-12,7,1,8,2483075,99323,889250
112000011,2023-01-13,6,0,6,2459900,98396,1802250
112000012,2023-01-14,0,6,1,2478600,99144,973000
112000013,2023-01-16,5,4,7,2566225,102649,1451000
112000014,2023-01-17,8,7,1,2377400,95096,763000
112000015,2023-01-18,1,3,6,2501275,100051,1648500
112000016,2023-01-19,6,3,4,2551725,102069,858750
112000017,2023-01-20,9,3,1,2594800,103792,1078750
112000018,2023-01-21,1,1,5,2546125,101845,3541500
112000019,2023-01-23,4,6,0,3156175,126247,866500
112000020,2023-01-24,6,0,9,2311150,92446,1037250
112000021,2023-01-25,0,6,9,2475050,99002,1218750
112000022,2023-01-26,1,2,5,2548450,101938,2242250
112000023,2023-01-27,1,3,1,2571050,102842,2283250
112000024,2023-01-28,2,2,3,2590650,103626,2761500
112000025,2023-01-30,4,3,5,3226475,129059,1534000
112000026,2023-01-31,4,2,4,2682825,107313,1367500
112000027,2023-02-01,7,6,6,2615800,104632,747750
112000028,2023-02-02,5,9,7,2546925,101877,1018750
112000029,2023-02-03,8,8,0,2562625,102505,4109250
112000030,2023-02-04,1,3,7,2681625,107265,1377750
112000031,2023-02-06,9,6,2,2962550,118502,1421750
112000032,2023-02-07,2,6,0,2501250,100050,1113250
112000033,2023-02-08,5,5,1,2651050,106042,1189250
112000034,2023-02-09,1,7,9,2651550,106062,926250
112000035,2023-02-10,1,8,8,2767675,110707,1720500
112000036,2023-02-11,1,4,0,2649925,105997,802500
112000037,2023-02-13,9,6,6,2832225,113289,855000
112000038,2023-02-14,8,4,6,2438125,97525,953000
112000039,2023-02-15,4,0,2,2430425,97217,960250
112000040,2023-02-16,6,8,4,2442050,97682,722750
112000041,2023-02-17,1,4,1,2473050,98922,1208000
112000042,2023-02-18,0,1,7,2565625,102625,892500
112000043,2023-02-20,0,7,8,2728650,109146,1083500
112000044,2023-02-21,4,2,2,2530800,101232,1717250
112000045,2023-02-22,9,7,5,2563875,102555,719000
112000046,2023-02-23,6,2,4,2445800,97832,1586500
112000047,2023-02-24,0,5,4,2574800,102992,562000
112000048,2023-02-25,1,1,0,2544925,101797,3938250
112000049,2023-02-27,6,9,0,2732325,109293,777500
112000050,2023-02-28,5,0,2,2555475,102219,1264750
112000051,2023-03-01,2,2,9,2514200,100568,2411250
112000052,2023-03-02,0,7,8,2561275,102451,587250
112000053,2023-03-03,2,3,7,2572650,102906,1269750
112000054,2023-03-04,3,7,8,2523925,100957,1506750
112000055,2023-03-06,1,2,9,2734975,109399,2204000
112000056,2023-03-07,1,8,7,2541050,101642,1129000
112000057,2023-03-08,1,4,4,2688875,107555,1070000
112000058,2023-03-09,3,4,8,2555475,102219,785500
112000059,2023-03-10,6,8,5,2636175,105447,1244000
112000060,2023-03-11,7,6,8,2544075,101763,1437000
112000061,2023-03-13,6,8,8,2716675,108667,1789750
112000062,2023-03-14,3,0,6,2501025,100041,1148500
112000063,2023-03-15,3,9,3,2530025,101201,1300500
112000064,2023-03-16,1,4,2,2428125,97125,832250
112000065,2023-03-17,0,8,3,2430800,97232,594000
112000066,2023-03-18,1,3,6,2428150,97126,1617000
112000067,2023-03-20,2,3,8,2631725,105269,1584000
112000068,2023-03-21,4,1,1,2493450,99738,3057750
112000069,2023-03-22,5,3,3,2458975,98359,1295750
112000070,2023-03-23,7,5,9,2424125,96965,1253250
112000071,2023-03-24,6,9,2,2310200,92408,1059250
112000072,2023-03-25,2,8,5,2309625,92385,1591750
112000073,2023-03-27,5,5,1,2426725,97069,1595250
112000074,2023-03-28,5,8,3,2242725,89709,1175500
112000075,2023-03-29,9,3,6,2332075,93283,1821750
112000076,2023-03-30,1,3,4,2356875,94275,1211750
112000077,2023-03-31,7,2,6,2538050,101522,1223250
112000078,2023-04-01,9,4,8,2458750,98350,641250
112000079,2023-04-03,0,9,0,2620300,104812,1650250
112000080,2023-04-04,6,4,2,2303025,92121,852750
112000081,2023-04-05,1,1,8,2293875,91755,1954750
112000082,2023-04-06,0,0,7,2356325,94253,997500
112000083,2023-04-07,9,0,7,2447475,97899,812500
112000084,2023-04-08,4,0,1,2422925,96917,1033750
112000085,2023-04-10,9,7,6,2655350,106214,1102750
112000086,2023-04-11,5,2,5,2375100,95004,1801750
112000087,2023-04-12,3,2,8,2409150,96366,1388750
112000088,2023-04-13,0,9,0,2403450,96138,477000
112000089,2023-04-14,7,4,5,2431625,97265,783500
112000090,2023-04-15,6,6,5,2408625,96345,1420250
112000091,2023-04-17,8,5,9,2568975,102759,1385750
112000092,2023-04-18,8,4,7,2226575,89063,664750
112000093,2023-04-19,6,7,7,2158950,86358,1045750
112000094,2023-04-20,7,6,6,2233550,89342,1507250
112000095,2023-04-21,6,0,1,2428750,97150,854250
112000096,2023-04-22,1,6,9,2358225,94329,1474500
112000097,2023-04-24,7,4,9,2536000,101440,689250
112000098,2023-04-25,1,6,3,2283125,91325,930750
112000099,2023-04-26,9,4,5,2412200,96488,560250
112000100,2023-04-27,8,1,1,2336150,93446,1246000
112000101,2023-04-28,1,6,0,2443800,97752,974000
112000102,2023-04-29,9,4,2,2405950,96238,1554500
112000103,2023-05-01,4,9,0,2522825,100913,643000
112000104,2023-05-02,3,2,0,2330525,93221,1493000
112000105,2023-05-03,1,4,2,2386650,95466,1028000
112000106,2023-05-04,5,8,7,2445650,97826,1865000
112000107,2023-05-05,0,1,5,2452475,98099,1416250
112000108,2023-05-06,3,5,3,2405600,96224,1004750
112000109,2023-05-08,6,9,3,2553300,102132,1131000
112000110,2023-05-09,1,4,1,2390325,95613,1038250
112000111,2023-05-10,5,4,6,2492900,99716,807500
112000112,2023-05-11,7,6,5,2425025,97001,1336500
112000113,2023-05-12,2,5,9,2667100,106684,998250
112000114,2023-05-13,6,1,3,2478600,99144,1218500
112000115,2023-05-15,5,9,8,2565400,102616,652000
112000116,2023-05-16,8,9,0,2343575,93743,632000
112000117,2023-05-17,7,9,6,2405375,96215,586500
112000118,2023-05-18,1,3,0,2292875,91715,1649750
112000119,2023-05-19,0,1,1,2281850,91274,1061000
112000120,2023-05-20,2,4,5,2515975,100639,983750
112000121,2023-05-22,6,6,5,2403250,96130,1337750
112000122,2023-05-23,7,5,0,2156025,86241,1165750
112000123,2023-05-24,8,1,8,2186875,87475,1162000
112000124,2023-05-25,3,9,7,2193250,87730,1053250
112000125,2023-05-26,8,7,2,2200350,88014,713750
112000126,2023-05-27,7,0,9,2170050,86802,703000
112000127,2023-05-29,3,1,4,2227250,89090,1401750
112000128,2023-05-30,1,5,4,1992175,79687,775500
112000129,2023-05-31,7,9,3,2129800,85192,810000
112000130,2023-06-01,4,2,4,2121525,84861,984000
112000131,2023-06-02,6,7,7,2132675,85307,776750
112000132,2023-06-03,8,3,1,2112925,84517,1365500
112000133,2023-06-05,9,6,9,2252900,90116,741750
112000134,2023-06-06,3,0,3,2159100,86364,1016500
112000135,2023-06-07,2,9,8,2096450,83858,800000
112000136,2023-06-08,7,2,0,2096125,83845,1162750
112000137,2023-06-09,3,8,1,2147675,85907,1104500
112000138,2023-06-10,7,2,8,2151650,86066,1218000
112000139,2023-06-12,2,6,7,2240225,89609,787750
112000140,2023-06-13,4,8,1,2077275,83091,804000
112000141,2023-06-14,3,0,3,2126425,85057,1122500
112000142,2023-06-15,8,5,7,2130750,85230,736500
112000143,2023-06-16,5,7,1,2201875,88075,859750
112000144,2023-06-17,0,9,9,2283175,91327,903500
112000145,2023-06-19,4,8,5,2366975,94679,623250
112000146,2023-06-20,6,2,6,2108800,84352,1848250
112000147,2023-06-21,3,6,0,2255875,90235,958750
112000148,2023-06-22,9,2,6,2180925,87237,933500
112000149,2023-06-23,2,0,2,2054175,82167,1092750
112000150,2023-06-24,4,8,4,2070475,82819,472250
112000151,2023-06-26,1,1,9,2286650,91466,2717250
112000152,2023-06-27,0,1,0,2093525,83741,1793000
112000153,2023-06-28,3,5,3,2075075,83003,1377250
112000154,2023-06-29,6,2,4,2130650,85226,2022000
112000155,2023-06-30,1,9,9,2251650,90066,1090500
112000156,2023-07-01,9,9,0,2272700,90908,1610500
112000157,2023-07-03,2,8,8,2416925,96677,1849750
112000158,2023-07-04,1,1,0,2261375,90455,3533250
112000159,2023-07-05,9,4,0,2360850,94434,1025750
112000160,2023-07-06,8,9,2,2222275,88891,650750
112000161,2023-07-07,7,4,5,2233725,89349,961250
112000162,2023-07-08,6,5,9,2282825,91313,781750
112000163,2023-07-10,2,4,2,2494750,99790,595000
112000164,2023-07-11,3,3,3,2286000,91440,6646000
112000165,2023-07-12,6,9,6,2436825,97473,976750
112000166,2023-07-13,7,8,2,2253100,90124,876250
112000167,2023-07-14,8,5,3,2310750,92430,895250
112000168,2023-07-15,0,3,4,2256475,90259,774250
112000169,2023-07-17,8,3,2,2298000,91920,835500
112000170,2023-07-18,6,9,5,2098925,83957,798250
112000171,2023-07-19,0,8,9,2229125,89165,572500
112000172,2023-07-20,6,8,9,2215350,88614,724000
112000173,2023-07-21,5,2,7,2224675,88987,1583000
112000174,2023-07-22,0,9,0,2333325,93333,873250
112000175,2023-07-24,4,7,5,2347100,93884,1069750
112000176,2023-07-25,9,7,2,2168775,86751,858250
112000177,2023-07-26,0,0,2,2070800,82832,815500
112000178,2023-07-27,7,2,9,1991475,79659,1573750
112000179,2023-07-28,8,2,1,1967225,78689,1223750
112000180,2023-07-29,7,6,6,2178500,87140,1539250
112000181,2023-07-31,6,3,6,2391600,95664,931000
112000182,2023-08-01,9,0,1,2212400,88496,887000
112000183,2023-08-02,4,0,4,2206450,88258,528750
112000184,2023-08-03,7,4,0,2092375,83695,734750
112000185,2023-08-04,5,0,4,2239425,89577,901250
112000186,2023-08-05,4,7,2,2322900,92916,812000
112000187,2023-08-07,1,2,7,2498450,99938,1710250
112000188,2023-08-08,8,0,5,2513025,100521,1248000
112000189,2023-08-09,6,8,6,2257450,90298,747500
112000190,2023-08-10,2,7,2,2223025,88921,833750
112000191,2023-08-11,6,1,7,2271125,90845,1123250
112000192,2023-08-12,2,1,5,2275425,91017,1075000
112000193,2023-08-14,8,9,5,2350275,94011,785000
112000194,2023-08-15,6,4,8,2167725,86709,827000
112000195,2023-08-16,3,1,6,2172875,86915,1416250
112000196,2023-08-17,2,7,7,2118850,84754,1886750
112000197,2023-08-18,9,8,6,2246725,89869,709000
112000198,2023-08-19,7,4,3,2184600,87384,679500
112000199,2023-08-21,0,9,7,2312725,92509,565250
112000200,2023-08-22,1,5,2,2245975,89839,1817250
112000201,2023-08-23,6,3,2,2147125,85885,994750
112000202,2023-08-24,7,0,4,2071925,82877,717500
112000203,2023-08-25,9,7,1,2096550,83862,562750
112000204,2023-08-26,5,8,0,2070925,82837,1419750
112000205,2023-08-28,5,6,6,2302775,92111,1366000
112000206,2023-08-29,1,5,9,2107950,84318,1363500
112000207,2023-08-30,9,0,1,2156375,86255,850250
112000208,2023-08-31,7,2,7,2069200,82768,1087000
112000209,2023-09-01,6,1,5,2095625,83825,1022750
112000210,2023-09-02,4,6,7,2205325,88213,673750
112000211,2023-09-04,8,7,0,1996100,79844,723750
112000212,2023-09-05,7,3,5,1946575,77863,791250
112000213,2023-09-06,4,3,9,2148800,85952,605750
112000214,2023-09-07,0,8,9,2155850,86234,992250
112000215,2023-09-08,4,9,8,2162125,86485,1062000
112000216,2023-09-09,1,7,9,2185150,87406,1102250
112000217,2023-09-11,5,3,0,2430600,97224,1075000
112000218,2023-09-12,5,8,0,2151775,86071,670500
112000219,2023-09-13,5,0,1,2252275,90091,935250
112000220,2023-09-14,6,9,2,2245525,89821,1990750
112000221,2023-09-15,2,4,8,2187075,87483,1339000
112000222,2023-09-16,7,5,8,2182000,87280,760000
112000223,2023-09-18,2,1,2,2330050,93202,1383500
112000224,2023-09-19,4,9,6,2070575,82823,1189500
112000225,2023-09-20,7,0,9,2146600,85864,811500
112000226,2023-09-21,3,5,7,2202525,88101,931750
112000227,2023-09-22,9,0,4,2174025,86961,934000
112000228,2023-09-23,3,9,0,2203150,88126,1018750
112000229,2023-09-25,2,0,0,2355900,94236,1069250
112000230,2023-09-26,9,6,0,2110750,84430,568250
112000231,2023-09-27,5,1,8,2177225,87089,2539750
112000232,2023-09-28,4,0,9,2391600,95664,855000
112000233,2023-09-29,4,3,0,2238875,89555,666000
112000234,2023-09-30,7,5,9,2144200,85768,737750
112000235,2023-10-02,3,8,8,2398725,95949,1616250
112000236,2023-10-03,9,3,0,2079625,83185,1043500
112000237,2023-10-04,9,7,6,2078350,83134,559750
112000238,2023-10-05,8,3,3,2028275,81131,1438250
112000239,2023-10-06,6,6,2,2246600,89864,1176750
112000240,2023-10-07,3,7,8,2217275,88691,1429250
112000241,2023-10-09,4,8,5,2287175,91487,892750
112000242,2023-10-10,8,6,0,2249150,89966,625250
112000243,2023-10-11,0,7,6,2303625,92145,507000
112000244,2023-10-12,6,1,0,2215175,88607,705750
112000245,2023-10-13,0,8,7,2233725,89349,703500
112000246,2023-10-14,1,6,1,2277200,91088,1266000
112000247,2023-10-16,6,9,1,2418325,96733,1016500
112000248,2023-10-17,8,2,6,2257625,90305,2601500
112000249,2023-10-18,8,7,0,2209925,88397,598500
112000250,2023-10-19,2,8,7,2087300,83492,849500
112000251,2023-10-20,6,7,3,2192550,87702,657250
112000252,2023-10-21,7,3,2,2237200,89488,993500
112000253,2023-10-23,1,7,1,2437900,97516,1739000
112000254,2023-10-24,2,1,7,2173300,86932,1942250
112000255,2023-10-25,4,1,1,2276625,91065,960750
112000256,2023-10-26,3,8,2,2254225,90169,792250
112000257,2023-10-27,6,7,6,2185975,87439,992500
112000258,2023-10-28,5,8,1,2196400,87856,1081250
112000259,2023-10-30,8,1,1,2428200,97128,1245750
112000260,2023-10-31,5,1,2,2222000,88880,1322000
112000261,2023-11-01,8,7,0,2414975,96599,1370750
112000262,2023-11-02,9,2,8,2255225,90209,1300000
112000263,2023-11-03,8,4,2,2274125,90965,1039000
112000264,2023-11-04,7,6,0,2218700,88748,1002250
112000265,2023-11-06,1,8,0,2388225,95529,1107000
112000266,2023-11-07,3,9,6,2203700,88148,1128250
112000267,2023-11-08,4,4,9,2198575,87943,1111250
112000268,2023-11-09,6,4,4,2164625,86585,1376500
112000269,2023-11-10,8,1,9,2286225,91449,879250
112000270,2023-11-11,8,4,5,2280500,91220,709000
112000271,2023-11-13,5,8,6,2378650,95146,1077500
112000272,2023-11-14,2,7,6,2180475,87219,919250
112000273,2023-11-15,9,6,6,2210075,88403,993500
112000274,2023-11-16,5,5,7,2148625,85945,1366750
112000275,2023-11-17,6,7,3,2155725,86229,578750
112000276,2023-11-18,1,0,5,2142725,85709,1817500
112000277,2023-11-20,9,3,4,2222625,88905,452750
112000278,2023-11-21,8,3,5,1962125,78485,884750
112000279,2023-11-22,0,0,5,2171600,86864,681500
112000280,2023-11-23,5,0,7,2043525,81741,729000
112000281,2023-11-24,9,4,2,2073950,82958,674000
112000282,2023-11-25,2,0,2,2020525,80821,1202750
112000283,2023-11-27,0,1,3,2164325,86573,1193500
112000284,2023-11-28,0,1,4,1955825,78233,1239750
112000285,2023-11-29,1,9,8,2115275,84611,1065750
112000286,2023-11-30,0,7,7,2040350,81614,954500
112000287,2023-12-01,5,9,7,2074425,82977,742250
112000288,2023-12-02,9,8,4,2148700,85948,539500
112000289,2023-12-04,8,1,8,2039475,81579,1491500
112000290,2023-12-05,1,7,8,2039150,81566,1097000
112000291,2023-12-06,6,1,8,2170750,86830,2226250
112000292,2023-12-07,5,6,7,2267225,90689,1569250
112000293,2023-12-08,5,3,3,2413350,96534,1152500
112000294,2023-12-09,3,2,7,2378600,95144,1148750
112000295,2023-12-11,6,9,2,2382875,95315,878750
112000296,2023-12-12,7,9,0,2041900,81676,949000
112000297,2023-12-13,4,8,8,2091825,83673,1230250
112000298,2023-12-14,1,0,3,2099025,83961,845250
112000299,2023-12-15,8,4,2,2152050,86082,491000
112000300,2023-12-16,1,9,0,2091425,83657,657250
112000301,2023-12-18,2,2,0,2291350,91654,2625250
112000302,2023-12-19,7,5,4,2039750,81590,931750
112000303,2023-12-20,9,2,6,2032350,81294,1018750
112000304,2023-12-21,8,0,7,1912875,76515,1052500
112000305,2023-12-22,5,4,8,2013175,80527,868500
112000306,2023-12-23,1,9,2,2002500,80100,858000
112000307,2023-12-25,8,3,1,2157525,86301,1309250
112000308,2023-12-26,1,6,2,2006700,80268,1242500
112000309,2023-12-27,1,5,8,2072500,82900,1137250
112000310,2023-12-28,8,1,7,2081725,83269,1657250
112000311,2023-12-29,8,2,6,2265600,90624,1843250
112000312,2023-12-30,4,2,3,2431850,97274,1170250
113000001,2024-01-01,5,7,0,1682350,67294,642350
113000002,2024-01-02,5,2,8,1549875,61995,1252200
113000003,2024-01-03,5,5,3,1706950,68278,893750
113000004,2024-01-04,7,9,9,1725275,69011,876550
113000005,2024-01-05,5,6,5,1802850,72114,852250
113000006,2024-01-06,0,2,5,1908200,76328,1008250
113000007,2024-01-08,9,9,2,2007975,80319,844350
113000008,2024-01-09,7,5,6,1796825,71873,1056450
113000009,2024-01-10,7,9,3,1917075,76683,895800
113000010,2024-01-11,6,3,0,1949675,77987,1023400
113000011,2024-01-12,2,3,6,1936750,77470,1732600
113000012,2024-01-13,5,0,6,2131500,85260,975800
113000013,2024-01-15,1,3,0,2199725,87989,1219200
113000014,2024-01-16,2,6,4,1848400,73936,959450
113000015,2024-01-17,8,1,2,1891250,75650,1112950
113000016,2024-01-18,0,6,9,1864275,74571,1136600
113000017,2024-01-19,7,6,1,1861000,74440,869150
113000018,2024-01-20,3,5,7,1904325,76173,1263300
113000019,2024-01-22,3,5,5,1983075,79323,963200
113000020,2024-01-23,0,2,7,1602100,64084,898600
113000021,2024-01-24,4,3,0,1774450,70978,917150
113000022,2024-01-25,8,7,5,1783850,71354,767500
113000023,2024-01-26,8,6,1,1834425,73377,859250
113000024,2024-01-27,8,2,7,1893300,75732,1153100
113000025,2024-01-29,2,7,0,2115925,84637,1088250
113000026,2024-01-30,4,2,8,1831275,73251,1520050
113000027,2024-01-31,3,3,0,1991675,79667,1397300
113000028,2024-02-01,2,0,5,1919250,76770,1692350
113000029,2024-02-02,1,8,0,1947425,77897,879050
113000030,2024-02-03,4,1,9,1995700,79828,1261450
113000031,2024-02-05,2,2,2,2192600,87704,2261500
113000032,2024-02-06,5,2,4,1975375,79015,987250
113000033,2024-02-07,3,0,3,1939650,77586,1235950
113000034,2024-02-08,1,8,3,2041150,81646,1028950
113000035,2024-02-09,1,4,1,1995300,79812,927550
113000036,2024-02-10,2,7,0,2085650,83426,1656650
113000037,2024-02-12,4,9,7,2656525,106261,1102550
113000038,2024-02-13,3,0,7,2133425,85337,1028250
113000039,2024-02-14,1,2,1,2210700,88428,1301600
113000040,2024-02-15,8,1,3,2090475,83619,1307250
113000041,2024-02-16,9,0,0,2185900,87436,1147200
113000042,2024-02-17,8,8,8,2139375,85575,5477800
113000043,2024-02-19,9,2,8,2517600,100704,2427350
113000044,2024-02-20,1,1,2,2181125,87245,1720650
113000045,2024-02-21,2,4,1,2098675,83947,902750
113000046,2024-02-22,6,1,2,2107525,84301,1125750
113000047,2024-02-23,0,0,0,2096700,83868,1715750
113000048,2024-02-24,9,0,9,2179275,87171,1267750
113000049,2024-02-26,5,2,7,2395925,95837,1448650
113000050,2024-02-27,0,5,0,2142500,85700,882700
113000051,2024-02-28,8,4,4,2283550,91342,835900
113000052,2024-02-29,3,1,3,2206800,88272,1695400
113000053,2024-03-01,0,4,0,2128550,85142,882050
113000054,2024-03-02,5,0,1,2133300,85332,946000
113000055,2024-03-04,5,3,9,2440250,97610,2305550
113000056,2024-03-05,6,5,3,2232325,89293,1042750
113000057,2024-03-06,4,9,4,2161950,86478,650250
113000058,2024-03-07,3,5,3,2163450,86538,1044800
113000059,2024-03-08,7,9,7,2290850,91634,1007850
113000060,2024-03-09,8,3,4,2263300,90532,755550
113000061,2024-03-11,0,9,6,2452325,98093,1232850
113000062,2024-03-12,6,5,4,2117450,84698,631600
113000063,2024-03-13,2,9,4,2164200,86568,664900
113000064,2024-03-14,7,4,2,2075925,83037,805500
113000065,2024-03-15,7,5,8,2123500,84940,1137500
113000066,2024-03-16,8,9,6,2178550,87142,1067650
113000067,2024-03-18,3,1,5,2460200,98408,1727400
113000068,2024-03-19,6,8,9,2046850,81874,1334700
113000069,2024-03-20,9,5,4,2120250,84810,777900
113000070,2024-03-21,7,9,1,2068700,82748,989500
113000071,2024-03-22,6,2,3,2053725,82149,1570200
113000072,2024-03-23,0,5,1,2086875,83475,944100
113000073,2024-03-25,0,4,0,2256125,90245,1062800
113000074,2024-03-26,1,8,0,1998075,79923,883550
113000075,2024-03-27,7,6,0,2097725,83909,935800
113000076,2024-03-28,3,1,5,2021325,80853,1510750
113000077,2024-03-29,1,3,9,2056575,82263,1491550
113000078,2024-03-30,0,9,8,2106025,84241,1076900
113000079,2024-04-01,4,2,7,2275200,91008,2035700
113000080,2024-04-02,8,2,6,2019925,80797,1606450
113000081,2024-04-03,5,4,6,2472300,98892,821150
113000082,2024-04-04,3,4,4,2009700,80388,1574850
113000083,2024-04-05,7,1,7,2059375,82375,1179450
113000084,2024-04-06,5,3,0,2069575,82783,1316000
113000085,2024-04-08,6,4,6,2272875,90915,911550
113000086,2024-04-09,5,5,1,2065550,82622,796050
113000087,2024-04-10,6,9,5,2177625,87105,1007150
113000088,2024-04-11,3,0,3,2143050,85722,4310850
113000089,2024-04-12,6,3,6,2189400,87576,1163800
113000090,2024-04-13,5,1,1,2273600,90944,1437000
113000091,2024-04-15,8,0,5,2445525,97821,1312800
113000092,2024-04-16,6,1,6,2150075,86003,1977850
113000093,2024-04-17,7,5,7,2255075,90203,1185900
113000094,2024-04-18,2,5,5,2199650,87986,1656650
113000095,2024-04-19,3,8,9,2239350,89574,1146850
113000096,2024-04-20,5,1,4,2203850,88154,1309500
113000097,2024-04-22,5,5,0,2347625,93905,1233550
113000098,2024-04-23,5,2,3,2162175,86487,2349750
113000099,2024-04-24,7,5,8,2084100,83364,1329050
113000100,2024-04-25,2,5,2,1968875,78755,1246700
113000101,2024-04-26,2,1,0,2085725,83429,1410450
113000102,2024-04-27,8,1,7,2133550,85342,1277900
113000103,2024-04-29,1,8,4,2272150,90886,763050
113000104,2024-04-30,4,1,1,2073450,82938,1310550
113000105,2024-05-01,3,0,1,2239975,89599,1801100
113000106,2024-05-02,3,3,0,2155225,86209,1626100
113000107,2024-05-03,4,3,8,2183450,87338,1074100
113000108,2024-05-04,5,5,5,2174975,86999,3119250
113000109,2024-05-06,2,5,8,2483250,99330,1881700
113000110,2024-05-07,5,2,5,2184300,87372,1912950
113000111,2024-05-08,1,3,9,2412175,96487,1354700
113000112,2024-05-09,3,8,5,2286600,91464,990050
113000113,2024-05-10,7,1,5,2355200,94208,1311200
113000114,2024-05-11,2,3,1,2393950,95758,1165900
113000115,2024-05-13,1,9,7,2454325,98173,1051500
113000116,2024-05-14,5,4,5,2191750,87670,1095500
113000117,2024-05-15,4,4,6,2318150,92726,1053450
113000118,2024-05-16,6,2,7,2254400,90176,1184900
113000119,2024-05-17,5,9,8,2337375,93495,1285050
113000120,2024-05-18,5,4,7,2348825,93953,910950
113000121,2024-05-20,6,4,2,4148300,165932,1724250
113000122,2024-05-21,0,5,4,2917775,116711,1416900
113000123,2024-05-22,1,5,7,2975200,119008,1863600
113000124,2024-05-23,7,1,2,2887600,115504,2213700
113000125,2024-05-24,7,1,8,2917125,116685,2346900
113000126,2024-05-25,5,8,1,3035700,121428,1979400
113000127,2024-05-27,6,3,0,3179425,127177,2571750
113000128,2024-05-28,6,1,5,2666250,106650,2365500
113000129,2024-05-29,2,5,9,2900825,116033,2710750
113000130,2024-05-30,4,5,0,2985350,119414,1881500
113000131,2024-05-31,1,3,4,3101225,124049,1982600
113000132,2024-06-01,2,4,4,2993925,119757,1812750
113000133,2024-06-03,6,9,7,3328525,133141,2223750
113000134,2024-06-04,2,2,5,2982950,119318,2737550
113000135,2024-06-05,9,8,9,3058350,122334,2189250
113000136,2024-06-06,3,6,6,3135700,125428,3882750
113000137,2024-06-07,1,9,7,3318350,132734,2116200
113000138,2024-06-08,1,7,0,3560500,142420,1980100
113000139,2024-06-10,9,8,9,2840825,113633,1418750
113000140,2024-06-11,8,5,9,2417775,96711,888950
113000141,2024-06-12,4,4,0,2464400,98576,957150
113000142,2024-06-13,6,8,9,2388150,95526,1063350
113000143,2024-06-14,2,5,0,2359200,94368,1539450
113000144,2024-06-15,1,2,3,2365800,94632,2466700
113000145,2024-06-17,1,7,5,2569750,102790,1489900
113000146,2024-06-18,3,9,6,2208775,88351,1073600
113000147,2024-06-19,3,2,9,2253475,90139,1714950
113000148,2024-06-20,4,4,4,2211875,88475,1823100
113000149,2024-06-21,0,8,8,2275300,91012,1642650
113000150,2024-06-22,5,5,5,2265550,90622,3845400
113000151,2024-06-24,7,5,2,2607550,104302,1246100
113000152,2024-06-25,8,2,4,2260250,90410,885850
113000153,2024-06-26,6,1,1,2307200,92288,1879350
113000154,2024-06-27,7,1,5,2288575,91543,1470300
113000155,2024-06-28,3,4,8,2317550,92702,1388450
113000156,2024-06-29,1,7,2,2253850,90154,1088500
113000157,2024-07-01,7,5,3,2451875,98075,1391550
113000158,2024-07-02,0,5,2,2233225,89329,995100
113000159,2024-07-03,0,7,5,2263850,90554,1086100
113000160,2024-07-04,3,5,6,2232150,89286,1394550
113000161,2024-07-05,8,8,3,2298150,91926,1058750
113000162,2024-07-06,6,9,5,2297650,91906,1065050
113000163,2024-07-08,7,6,0,2429450,97178,1004250
113000164,2024-07-09,9,1,4,2115725,84629,1050850
113000165,2024-07-10,2,2,3,2262875,90515,1772300
113000166,2024-07-11,2,9,8,2369250,94770,1181900
113000167,2024-07-12,9,0,9,2252175,90087,1172550
113000168,2024-07-13,3,9,3,2283225,91329,999100
113000169,2024-07-15,7,6,1,2419425,96777,1160950
113000170,2024-07-16,0,7,7,2111975,84479,1905400
113000171,2024-07-17,5,2,7,2200600,88024,1581550
113000172,2024-07-18,0,0,1,2183150,87326,863150
113000173,2024-07-19,9,6,8,2232150,89286,1251200
113000174,2024-07-20,9,6,2,2147275,85891,992000
113000175,2024-07-22,8,5,0,2311200,92448,1192900
113000176,2024-07-23,5,3,8,2035975,81439,1537650
113000177,2024-07-24,7,3,0,1499525,59981,782900
113000178,2024-07-25,4,5,1,1386600,55464,487450
113000179,2024-07-26,5,2,9,1853075,74123,1129200
113000180,2024-07-27,2,6,8,2141800,85672,1846050
113000181,2024-07-29,6,7,6,2317625,92705,1041350
113000182,2024-07-30,3,9,2,1997600,79904,751300
113000183,2024-07-31,0,6,7,2082250,83290,993250
113000184,2024-08-01,4,7,5,2108325,84333,963750
113000185,2024-08-02,7,8,3,2135275,85411,1204600
113000186,2024-08-03,9,5,9,2157775,86311,1219350
113000187,2024-08-05,3,0,5,2388525,95541,1346600
113000188,2024-08-06,7,0,3,2114250,84570,1140850
113000189,2024-08-07,0,3,5,2272175,90887,1076500
113000190,2024-08-08,9,9,8,2403375,96135,1639100
113000191,2024-08-09,3,6,1,2218725,88749,956800
113000192,2024-08-10,7,1,7,2318250,92730,2023000
113000193,2024-08-12,9,6,9,2525950,101038,1161050
113000194,2024-08-13,2,9,4,2223200,88928,812900
113000195,2024-08-14,9,7,5,2199825,87993,1144050
113000196,2024-08-15,3,3,1,2140925,85637,973000
113000197,2024-08-16,2,9,9,2142025,85681,1066400
113000198,2024-08-17,9,8,7,2232675,89307,1245850
113000199,2024-08-19,8,4,3,2345675,93827,993950
113000200,2024-08-20,6,5,6,2039150,81566,1266450
113000201,2024-08-21,2,4,9,2243400,89736,1016100
113000202,2024-08-22,5,9,4,2103750,84150,745200
113000203,2024-08-23,4,7,8,2114325,84573,1208750
113000204,2024-08-24,2,9,3,2138225,85529,983550
113000205,2024-08-26,0,6,7,2310075,92403,1300850
113000206,2024-08-27,2,6,1,2080050,83202,830200
113000207,2024-08-28,5,1,4,2270525,90821,1323000
113000208,2024-08-29,6,3,9,2108375,84335,1714650
113000209,2024-08-30,4,3,2,2155775,86231,957650
113000210,2024-08-31,2,0,5,2163875,86555,1286950
113000211,2024-09-02,9,9,3,2309375,92375,1067600
113000212,2024-09-03,6,2,1,2101675,84067,1084000
113000213,2024-09-04,2,5,2,2140175,85607,1095750
113000214,2024-09-05,8,2,9,2126675,85067,1336500
113000215,2024-09-06,1,4,9,2138825,85553,905300
113000216,2024-09-07,7,7,3,2157050,86282,989000
113000217,2024-09-09,4,9,9,2351525,94061,2656200
113000218,2024-09-10,3,8,1,2239175,89567,1791750
113000219,2024-09-11,1,8,5,2281800,91272,968250
113000220,2024-09-12,4,3,8,2248875,89955,1258150
113000221,2024-09-13,9,4,3,2227900,89116,1110800
113000222,2024-09-14,3,3,0,2141075,85643,1850200
113000223,2024-09-16,2,7,7,2480375,99215,1550100
113000224,2024-09-17,8,7,7,2285500,91420,1226750
113000225,2024-09-18,0,4,0,2169725,86789,735200
113000226,2024-09-19,8,1,0,2077575,83103,1357950
113000227,2024-09-20,1,9,1,2127475,85099,1022150
113000228,2024-09-21,0,9,7,2124600,84984,822900
113000229,2024-09-23,6,4,7,2926900,117076,1426750
113000230,2024-09-24,1,5,8,2797225,111889,2695600
113000231,2024-09-25,6,4,7,2902600,116104,1533950
113000232,2024-09-26,4,2,4,2786375,111455,1755750
113000233,2024-09-27,9,7,3,2748650,109946,1479750
113000234,2024-09-28,2,0,6,2727150,109086,2909300
113000235,2024-09-30,0,2,8,2904550,116182,2643550
113000236,2024-10-01,0,5,7,2659950,106398,1410600
113000237,2024-10-02,3,1,9,2275950,91038,2539150
113000238,2024-10-03,6,3,7,2058550,82342,1131050
113000239,2024-10-04,2,1,3,2648875,105955,2099650
113000240,2024-10-05,1,1,8,2830000,113200,2429400
113000241,2024-10-07,8,4,6,3053450,122138,1843750
113000242,2024-10-08,3,2,1,2695400,107816,2138450
113000243,2024-10-09,2,0,3,2992875,119715,1823850
113000244,2024-10-10,8,5,8,2984750,119390,2208650
113000245,2024-10-11,3,6,3,3132050,125282,2900800
113000246,2024-10-12,5,8,1,3351975,134079,2574800
113000247,2024-10-14,4,7,6,2511850,100474,1815000
113000248,2024-10-15,4,1,7,2248250,89930,1399100
113000249,2024-10-16,3,7,3,2303975,92159,1014250
113000250,2024-10-17,1,2,4,2315100,92604,1571200
113000251,2024-10-18,1,7,9,2292375,91695,1255400
113000252,2024-10-19,4,7,2,2326750,93070,931250
113000253,2024-10-21,5,8,0,2450325,98013,1502600
113000254,2024-10-22,3,3,5,2149100,85964,1427900
113000255,2024-10-23,5,1,3,2155700,86228,2099300
113000256,2024-10-24,6,3,0,2136075,85443,1336700
113000257,2024-10-25,0,2,4,2226775,89071,890700
113000258,2024-10-26,2,4,4,2229725,89189,1295900
113000259,2024-10-28,2,5,9,2369400,94776,1153250
113000260,2024-10-29,4,3,7,2106650,84266,1014450
113000261,2024-10-30,2,8,3,2182375,87295,1104750
113000262,2024-10-31,7,9,4,1428950,57158,664250
113000263,2024-11-01,4,1,6,2205200,88208,1349350
113000264,2024-11-02,8,5,1,2282925,91317,1057750
113000265,2024-11-04,4,0,3,2482325,99293,1149750
113000266,2024-11-05,2,2,1,2168300,86732,1215450
113000267,2024-11-06,8,4,3,2342600,93704,975400
113000268,2024-11-07,8,1,0,2231475,89259,1090300
113000269,2024-11-08,2,5,3,2270750,90830,1106550
113000270,2024-11-09,4,3,3,2337650,93506,1401150
113000271,2024-11-11,8,6,3,2527375,101095,1000150
113000272,2024-11-12,2,0,7,2147750,85910,1137800
113000273,2024-11-13,7,5,8,2287025,91481,1866350
113000274,2024-11-14,5,5,0,2202600,88104,993200
113000275,2024-11-15,8,9,8,2205975,88239,1159850
113000276,2024-11-16,4,3,0,2204300,88172,1233550
113000277,2024-11-18,8,0,8,2289925,91597,1502500
113000278,2024-11-19,3,5,2,2106975,84279,1239900
113000279,2024-11-20,6,7,5,2180625,87225,1293000
113000280,2024-11-21,6,2,3,2048450,81938,1412750
113000281,2024-11-22,1,0,4,2156025,86241,1514600
113000282,2024-11-23,3,7,3,2163275,86531,904450
113000283,2024-11-25,1,0,0,2387125,95485,1704550
113000284,2024-11-26,4,1,7,2032025,81281,1197950
113000285,2024-11-27,5,1,8,2106600,84264,1846550
113000286,2024-11-28,2,5,3,2137875,85515,1322950
113000287,2024-11-29,8,8,7,2205775,88231,1003950
113000288,2024-11-30,0,0,2,2238175,89527,912000
113000289,2024-12-02,3,7,7,2429325,97173,1475600
113000290,2024-12-03,8,1,9,2199875,87995,1308800
113000291,2024-12-04,3,5,4,2219725,88789,799000
113000292,2024-12-05,8,9,8,2270125,90805,1226200
113000293,2024-12-06,3,6,8,2318875,92755,1443950
113000294,2024-12-07,1,3,1,2306500,92260,1502500
113000295,2024-12-09,7,6,1,2431250,97250,783200
113000296,2024-12-10,3,2,7,2227825,89113,1355250
113000297,2024-12-11,4,9,6,2339625,93585,1252750
113000298,2024-12-12,4,0,0,2213350,88534,1211000
113000299,2024-12-13,6,8,4,2215475,88619,848650
113000300,2024-12-14,8,3,1,2190050,87602,1199450
113000301,2024-12-16,8,6,5,2381350,95254,1411300
113000302,2024-12-17,1,6,6,2124100,84964,1341000
113000303,2024-12-18,1,8,5,2233100,89324,1227900
113000304,2024-12-19,2,7,8,2092800,83712,1254850
113000305,2024-12-20,8,7,3,2209625,88385,1065700
113000306,2024-12-21,8,9,7,2223900,88956,1053000
113000307,2024-12-23,9,2,3,2166850,86674,1754200
113000308,2024-12-24,1,6,7,2075575,83023,1108650
113000309,2024-12-25,1,4,3,2224850,88994,1093550
113000310,2024-12-26,3,6,9,2219300,88772,1685850
113000311,2024-12-27,4,8,5,2203750,88150,1130250
113000312,2024-12-28,3,5,1,2170450,86818,1095000
113000313,2024-12-30,5,8,5,2401600,96064,1391950
113000314,2024-12-31,6,6,8,2371925,94877,1679800
114000001,2025-01-01,3,1,3,2234325,89373,1784300
114000002,2025-01-02,3,5,1,2222025,88881,969250
114000003,2025-01-03,7,9,9,2291475,91659,1436900
114000004,2025-01-04,4,6,8,2323800,92952,1697750
114000005,2025-01-06,5,7,3,2575750,103030,1350250
114000006,2025-01-07,0,5,7,2270500,90820,1178850
114000007,2025-01-08,4,2,6,2386150,95446,1882500
114000008,2025-01-09,5,0,8,2272250,90890,1366950
114000009,2025-01-10,3,4,1,2337525,93501,835700
114000010,2025-01-11,0,5,7,2390725,95629,1331650
114000011,2025-01-13,2,9,6,2574475,102979,1142500
114000012,2025-01-14,3,5,1,2264500,90580,1654100
114000013,2025-01-15,7,5,2,2296225,91849,968850
114000014,2025-01-16,0,1,0,2307350,92294,1354750
114000015,2025-01-17,7,9,7,2328750,93150,1250500
114000016,2025-01-18,7,0,8,2405650,96226,1491300
114000017,2025-01-20,6,1,7,2545075,101803,1522250
114000018,2025-01-21,6,7,0,2311925,92477,898100
114000019,2025-01-22,5,4,1,2383225,95329,931650
114000020,2025-01-23,6,9,4,2398425,95937,832100
114000021,2025-01-24,0,8,4,2372250,94890,709650
114000022,2025-01-25,3,1,7,2314350,92574,1615700
114000023,2025-01-26,8,6,7,1586100,63444,694550
114000024,2025-01-27,8,1,3,2232900,89316,1442550
114000025,2025-01-28,9,3,0,2323975,92959,1632200
114000026,2025-01-29,5,7,5,2422750,96910,1358700
114000027,2025-01-30,1,1,4,2444175,97767,1786100
114000028,2025-01-31,9,4,0,2443000,97720,770450
114000029,2025-02-01,0,2,7,2475175,99007,1377150
114000030,2025-02-02,1,3,0,2235200,89408,1216200
114000031,2025-02-03,2,1,2,2337225,93489,1702850
114000032,2025-02-04,2,0,6,2439825,97593,1611350
114000033,2025-02-05,1,2,5,2528450,101138,2019250
114000034,2025-02-06,0,8,5,2673750,106950,1285350
114000035,2025-02-07,1,9,8,2667825,106713,1613150
114000036,2025-02-08,0,0,5,2742025,109681,1196950
114000037,2025-02-09,5,1,0,2265725,90629,1512200
114000038,2025-02-10,1,7,0,2934700,117388,1343350
114000039,2025-02-11,7,7,8,2926450,117058,1448800
114000040,2025-02-12,7,5,5,3042175,121687,1564400
114000041,2025-02-13,4,4,5,2899675,115987,1232300
114000042,2025-02-14,1,5,9,3052625,122105,1739550
114000043,2025-02-15,1,3,5,2910675,116427,1672100
114000044,2025-02-17,3,3,7,3208725,128349,1669600
114000045,2025-02-18,6,3,2,2690125,107605,1229850
114000046,2025-02-19,7,2,0,2710425,108417,1625450
114000047,2025-02-20,7,5,9,2722750,108910,1391700
114000048,2025-02-21,2,8,2,2570400,102816,1195650
114000049,2025-02-22,9,7,6,2565250,102610,1036550
114000050,2025-02-24,5,3,5,2773900,110956,1602850
114000051,2025-02-25,3,9,2,2450925,98037,979050
114000052,2025-02-26,7,2,2,2518350,100734,1437350
114000053,2025-02-27,2,9,5,2588925,103557,1167800
114000054,2025-02-28,1,6,9,2591400,103656,1375650
114000055,2025-03-01,9,2,2,2688850,107554,2457450
114000056,2025-03-03,2,3,0,2832700,113308,1673600
114000057,2025-03-04,4,8,0,2256950,90278,908350
114000058,2025-03-05,1,0,0,2510575,100423,1585050
114000059,2025-03-06,9,9,4,2405975,96239,763850
114000060,2025-03-07,0,9,3,2434350,97374,942300
114000061,2025-03-08,6,5,0,2546150,101846,1188150
114000062,2025-03-10,4,6,4,2697500,107900,985250
114000063,2025-03-11,4,2,0,2418775,96751,1380050
114000064,2025-03-12,7,6,0,2486525,99461,1250600
114000065,2025-03-13,7,7,4,2316550,92662,824900
114000066,2025-03-14,4,3,3,2458725,98349,1502900
114000067,2025-03-15,5,6,0,2382750,95310,1182600
114000068,2025-03-17,0,4,4,2601400,104056,1112900
114000069,2025-03-18,1,8,8,2317000,92680,1875700
114000070,2025-03-19,2,2,9,2410575,96423,1414600
114000071,2025-03-20,4,5,8,2415000,96600,1469400
114000072,2025-03-21,5,3,0,2363625,94545,1776200
114000073,2025-03-22,4,5,4,2393575,95743,821700
114000074,2025-03-24,4,3,2,2572675,102907,1168700
114000075,2025-03-25,4,7,5,2266725,90669,1125400
114000076,2025-03-26,5,0,5,2282775,91311,1079100
114000077,2025-03-27,2,0,4,2283925,91357,790000
114000078,2025-03-28,1,1,0,2271325,90853,1898500
114000079,2025-03-29,7,6,2,2340125,93605,921650
114000080,2025-03-31,2,6,1,2458625,98345,1324500
114000081,2025-04-01,6,7,2,2281675,91267,836550
114000082,2025-04-02,2,1,2,2440275,97611,1625950
114000083,2025-04-03,2,3,8,2315000,92600,1342300
114000084,2025-04-04,8,7,2,2312125,92485,879800
114000085,2025-04-05,2,7,3,2280325,91213,1089850
114000086,2025-04-07,3,6,5,2587500,103500,1367500
114000087,2025-04-08,2,5,4,2257550,90302,910350
114000088,2025-04-09,2,6,4,2370775,94831,881550
114000089,2025-04-10,5,3,4,2333300,93332,981350
114000090,2025-04-11,4,9,9,2385425,95417,1212450
114000091,2025-04-12,1,5,8,2389275,95571,1919750
114000092,2025-04-14,2,5,8,2576850,103074,2021250
114000093,2025-04-15,2,4,7,2354800,94192,1792400
114000094,2025-04-16,8,9,8,2402850,96114,1336800
114000095,2025-04-17,8,4,5,2277875,91115,866650
114000096,2025-04-18,1,9,6,2298300,91932,1224800
114000097,2025-04-19,9,7,2,2299800,91992,960950
114000098,2025-04-21,5,0,4,2448525,97941,1007350
114000099,2025-04-22,5,4,6,2175900,87036,897600
114000100,2025-04-23,6,5,0,2187550,87502,1319000
114000101,2025-04-24,2,8,9,2141225,85649,1099900
114000102,2025-04-25,8,8,5,2094900,83796,1089550
114000103,2025-04-26,9,7,7,2243075,89723,1169650
114000104,2025-04-28,9,9,1,2321225,92849,917900
114000105,2025-04-29,6,0,9,2105350,84214,1384050
114000106,2025-04-30,0,6,7,2281500,91260,925350
114000107,2025-05-01,1,4,4,2186500,87460,1138350
114000108,2025-05-02,1,4,5,2215650,88626,1306750
114000109,2025-05-03,4,6,8,2316650,92666,1605550
114000110,2025-05-05,9,3,7,2488300,99532,1221400
114000111,2025-05-06,1,2,2,2179325,87173,1443850
114000112,2025-05-07,1,8,9,2179075,87163,969100
114000113,2025-05-08,9,5,4,2223425,88937,723300
114000114,2025-05-09,2,8,2,2282825,91313,1006700
114000115,2025-05-10,8,2,5,2240900,89636,1590900
114000116,2025-05-12,9,2,8,2411050,96442,1799650
114000117,2025-05-13,0,6,0,2180500,87220,894600
114000118,2025-05-14,6,3,1,2181000,87240,1203400
114000119,2025-05-15,6,6,8,2204025,88161,1443250
114000120,2025-05-16,4,2,9,2212450,88498,1252150
114000121,2025-05-17,7,4,7,2131200,85248,1287200
114000122,2025-05-19,1,8,8,2388125,95525,1723000
114000123,2025-05-20,5,9,3,2361300,94452,1086650
114000124,2025-05-21,5,5,8,2119225,84769,1459500
114000125,2025-05-22,9,5,3,2100125,84005,1015550
114000126,2025-05-23,4,6,5,2153650,86146,1008600
114000127,2025-05-24,0,6,8,2087425,83497,1518800
114000128,2025-05-26,1,4,3,2299850,91994,992900
114000129,2025-05-27,4,8,5,2083300,83332,1115350
114000130,2025-05-28,3,4,1,2143475,85739,736400
114000131,2025-05-29,9,3,3,2047750,81910,1126500
114000132,2025-05-30,0,9,1,2144050,85762,746750
114000133,2025-05-31,8,4,0,2231325,89253,1198100
114000134,2025-06-02,6,3,8,2232250,89290,1377200
114000135,2025-06-03,4,6,6,1950850,78034,1237950
114000136,2025-06-04,4,6,9,2032925,81317,1121250
114000137,2025-06-05,9,6,6,2161500,86460,1213000
114000138,2025-06-06,6,5,4,2240550,89622,780150
114000139,2025-06-07,4,5,9,2157700,86308,960300
114000140,2025-06-09,2,7,9,2278475,91139,1228650
114000141,2025-06-10,6,9,9,2119650,84786,1241750
114000142,2025-06-11,0,4,9,2191075,87643,967900
114000143,2025-06-12,0,3,0,2159025,86361,1357450
114000144,2025-06-13,6,2,1,2044475,81779,1142400
114000145,2025-06-14,7,1,3,2179925,87197,1313900
114000146,2025-06-16,1,2,2,2369500,94780,1627750
114000147,2025-06-17,7,2,5,2128725,85149,1547200
114000148,2025-06-18,9,5,2,2170125,86805,802900
114000149,2025-06-19,3,2,5,2146425,85857,1805650
114000150,2025-06-20,0,0,3,2160500,86420,925050
114000151,2025-06-21,7,0,4,2154300,86172,663100
114000152,2025-06-23,6,8,2,2289950,91598,950250
114000153,2025-06-24,1,2,4,1965875,78635,1182450
114000154,2025-06-25,1,2,7,2078400,83136,1494450
114000155,2025-06-26,6,5,6,2147075,85883,1199150
114000156,2025-06-27,4,0,2,2044250,81770,813700
114000157,2025-06-28,2,5,7,2093075,83723,1206250
114000158,2025-06-30,0,1,6,2291825,91673,1376950
114000159,2025-07-01,7,8,4,2108200,84328,585250
114000160,2025-07-02,6,9,3,2096175,83847,1018600
114000161,2025-07-03,8,8,0,2060150,82406,956900
114000162,2025-07-04,5,6,6,2096825,83873,1426800
114000163,2025-07-05,6,3,7,2104200,84168,1225900
114000164,2025-07-07,3,9,3,2131100,85244,856700
114000165,2025-07-08,4,5,6,2032350,81294,1184000
114000166,2025-07-09,1,2,4,1984125,79365,1218050
114000167,2025-07-10,5,1,9,2117300,84692,1450600
114000168,2025-07-11,3,3,3,2292450,91698,2980350
114000169,2025-07-12,1,8,4,2190175,87607,571050
114000170,2025-07-14,0,9,2,2378125,95125,871500
114000171,2025-07-15,9,9,1,2081125,83245,1481900
114000172,2025-07-16,1,3,0,2160100,86404,1297650
114000173,2025-07-17,3,1,9,2163225,86529,1707750
114000174,2025-07-18,8,3,1,2148800,85952,1486500
114000175,2025-07-19,1,2,7,2131025,85241,1364100
114000176,2025-07-21,1,5,8,2327350,93094,2293400
114000177,2025-07-22,0,8,9,2217075,88683,1235300
114000178,2025-07-23,7,1,3,2314050,92562,2562800
114000179,2025-07-24,0,0,9,2215450,88618,833750
114000180,2025-07-25,5,8,8,2181700,87268,1835250
114000181,2025-07-26,9,4,8,2300675,92027,990400
114000182,2025-07-28,1,6,1,2300750,92030,937300
114000183,2025-07-29,9,1,0,2083575,83343,1080750
114000184,2025-07-30,4,2,4,2157675,86307,1045850
114000185,2025-07-31,2,1,9,2227450,89098,1778700
114000186,2025-08-01,5,9,7,2216475,88659,1409200
114000187,2025-08-02,8,3,9,2236650,89466,964100
114000188,2025-08-04,2,5,6,2336850,93474,1420250
114000189,2025-08-05,4,6,4,2290450,91618,716850
114000190,2025-08-06,8,2,5,2365075,94603,2054850
114000191,2025-08-07,0,8,4,2411850,96474,679900
114000192,2025-08-08,9,9,6,2414350,96574,966750
114000193,2025-08-09,9,9,7,2279075,91163,1111650
114000194,2025-08-11,8,3,3,2505100,100204,1668700
114000195,2025-08-12,3,7,1,2327250,93090,1479100
114000196,2025-08-13,6,8,7,1945350,77814,875250
114000197,2025-08-14,7,2,4,2160025,86401,1141000
114000198,2025-08-15,0,9,7,2220750,88830,1014650
114000199,2025-08-16,8,0,6,2258225,90329,1333750
114000200,2025-08-18,9,0,2,2411750,96470,1060900
114000201,2025-08-19,0,6,6,2209275,88371,1071650
114000202,2025-08-20,6,4,9,2155225,86209,1008850
114000203,2025-08-21,3,2,2,2125825,85033,1339750
114000204,2025-08-22,3,7,3,2250300,90012,985400
114000205,2025-08-23,0,5,0,2279000,91160,1074400
114000206,2025-08-25,2,5,3,2361450,94458,1364400
114000207,2025-08-26,2,2,1,2093325,83733,1187450
114000208,2025-08-27,7,9,1,2212425,88497,861550
114000209,2025-08-28,0,8,3,2141575,85663,912000
114000210,2025-08-29,9,6,1,2237175,89487,795200
114000211,2025-08-30,8,4,9,2159450,86378,911300
114000212,2025-09-01,9,3,5,2336750,93470,1722600
114000213,2025-09-02,1,8,5,2038700,81548,1079050
114000214,2025-09-03,1,2,3,2146300,85852,2144400
114000215,2025-09-04,7,3,1,2167550,86702,1068100
114000216,2025-09-05,5,1,3,2260825,90433,1463700
114000217,2025-09-06,6,6,2,2288850,91554,882200
114000218,2025-09-08,9,3,6,2389600,95584,1436150
114000219,2025-09-09,8,2,1,2243550,89742,1303750
114000220,2025-09-10,3,8,6,2272600,90904,1117950
114000221,2025-09-11,1,8,5,2273500,90940,1329500
114000222,2025-09-12,5,1,2,2358075,94323,1711350
114000223,2025-09-13,6,9,6,2405000,96200,925800
114000224,2025-09-15,4,6,3,3502850,140114,2148750
114000225,2025-09-16,3,9,3,3451225,138049,2329150
114000226,2025-09-17,1,5,9,3551600,142064,2842100
114000227,2025-09-18,6,8,3,3671750,146870,2384000
114000228,2025-09-19,4,4,3,3569750,142790,1893600
114000229,2025-09-20,5,6,1,3737475,149499,1915050
114000230,2025-09-22,5,2,5,3861300,154452,3943150
114000231,2025-09-23,9,3,9,3434450,137378,3236600
114000232,2025-09-24,2,2,5,3670625,146825,2670750
114000233,2025-09-25,5,8,4,3868025,154721,1964800
114000234,2025-09-26,3,7,2,3900725,156029,2462100
114000235,2025-09-27,7,5,3,3933650,157346,2656950
114000236,2025-09-29,7,2,7,3891200,155648,3914900
114000237,2025-09-30,2,2,0,3718400,148736,3708400
114000238,2025-10-01,5,5,1,3853125,154125,2858450
114000239,2025-10-02,5,4,1,3679225,147169,2376500
114000240,2025-10-03,7,7,9,3809450,152378,2146500
114000241,2025-10-04,8,2,3,3847025,153881,3723400
114000242,2025-10-06,7,5,9,4342425,173697,2752300
114000243,2025-10-07,1,6,2,3835375,153415,2207850
114000244,2025-10-08,3,5,9,3891450,155658,2706700
114000245,2025-10-09,1,3,8,4108900,164356,3813300
114000246,2025-10-10,5,4,4,4105100,164204,1866300
114000247,2025-10-11,5,7,4,4051475,162059,2132550
114000248,2025-10-13,7,9,8,2907650,116306,1568100
114000249,2025-10-14,1,1,9,2667275,106691,1984100
114000250,2025-10-15,6,8,0,2772025,110881,1283500
114000251,2025-10-16,5,0,1,2581200,103248,1487700
114000252,2025-10-17,2,8,6,2669475,106779,1458550
114000253,2025-10-18,5,7,6,2682100,107284,1244550
114000254,2025-10-20,5,8,8,2736575,109463,2327100
114000255,2025-10-21,0,3,8,2577900,103116,1282800
114000256,2025-10-22,5,4,9,2668375,106735,1765150
114000257,2025-10-23,2,6,8,2636200,105448,1903700
114000258,2025-10-24,1,7,9,2607050,104282,1493000
114000259,2025-10-25,4,8,3,2658400,106336,1093600
114000260,2025-10-27,9,2,0,2706325,108253,1528450
114000261,2025-10-28,6,3,3,2478375,99135,1468950
114000262,2025-10-29,2,8,7,2703600,108144,1650550
114000263,2025-10-30,6,4,2,2676625,107065,957550
114000264,2025-10-31,5,0,3,2603725,104149,1302700
114000265,2025-11-01,9,8,7,2769025,110761,1760750
114000266,2025-11-03,1,9,7,2904225,116169,2196400
114000267,2025-11-04,0,5,2,2733850,109354,1228800
114000268,2025-11-05,8,1,9,2859725,114389,1559400
114000269,2025-11-06,5,4,8,2863100,114524,1533250
114000270,2025-11-07,7,0,6,2686675,107467,1079300
114000271,2025-11-08,7,7,3,2689175,107567,1335900
114000272,2025-11-10,1,2,3,2728750,109150,2287750
114000273,2025-11-11,4,5,0,2527775,101111,1329200
114000274,2025-11-12,7,8,1,2442075,97683,1354650
114000275,2025-11-13,4,0,8,2506875,100275,1198000
114000276,2025-11-14,5,5,9,2583225,103329,1371300
114000277,2025-11-15,3,9,0,2578175,103127,1190450
114000278,2025-11-17,2,9,3,2670500,106820,1214900
114000279,2025-11-18,5,0,6,2452525,98101,1394750
114000280,2025-11-19,7,4,2,2525200,101008,924700
114000281,2025-11-20,2,3,2,2435475,97419,1130350
114000282,2025-11-21,4,6,5,2528050,101122,1487750
114000283,2025-11-22,4,2,0,2507075,100283,1388750
114000284,2025-11-24,9,0,9,2580875,103235,1539750
114000285,2025-11-25,9,6,0,2434500,97380,938100
114000286,2025-11-26,3,5,3,2565975,102639,1886250
114000287,2025-11-27,0,7,3,2413000,96520,913700
114000288,2025-11-28,7,4,5,2527950,101118,1145900
114000289,2025-11-29,4,5,7,2483200,99328,1646700
114000290,2025-12-01,2,7,0,2643800,105752,1252200
114000291,2025-12-02,8,4,9,2425550,97022,941700
114000292,2025-12-03,7,2,5,2479325,99173,2223000
114000293,2025-12-04,6,8,7,2503425,100137,1288900
114000294,2025-12-05,8,4,4,2529950,101198,1025900
114000295,2025-12-06,4,0,9,2575925,103037,1041000
114000296,2025-12-08,1,2,8,2664050,106562,4069700
114000297,2025-12-09,5,2,8,2463650,98546,1426100
114000298,2025-12-10,9,8,8,2676525,107061,1884950
114000299,2025-12-11,3,3,5,2644225,105769,1697150
114000300,2025-12-12,3,5,0,2609400,104376,1886450
114000301,2025-12-13,5,3,7,2520200,100808,1442600
114000302,2025-12-15,8,7,2,2761275,110451,1189650
114000303,2025-12-16,5,7,2,2457500,98300,989600
114000304,2025-12-17,9,8,4,2530525,101221,939200
114000305,2025-12-18,5,1,3,2448425,97937,1694450
114000306,2025-12-19,3,1,2,2406450,96258,1305450
114000307,2025-12-20,1,7,3,2492525,99701,1312550
114000308,2025-12-22,3,0,2,2699525,107981,1152800
114000309,2025-12-23,2,9,6,2418000,96720,1348850
114000310,2025-12-24,9,3,2,2492300,99692,1126400
114000311,2025-12-25,9,3,2,2564575,102583,982800
114000312,2025-12-26,4,3,4,2380500,95220,934050
114000313,2025-12-27,1,1,3,2427950,97118,1790650
114000314,2025-12-29,3,4,0,2656675,106267,1057950
114000315,2025-12-30,8,2,8,2395175,95807,1836050
114000316,2025-12-31,4,5,8,2596775,103871,1865200
115000001,2026-01-01,7,9,7,2563325,102533,1372700
115000002,2026-01-02,7,1,0,2423475,96939,1041750
115000003,2026-01-03,9,0,4,2471925,98877,879300
115000004,2026-01-05,5,4,4,2703625,108145,1037550
115000005,2026-01-06,7,8,3,2431200,97248,1088100
115000006,2026-01-07,3,2,6,2440500,97620,2181950
115000007,2026-01-08,2,4,1,2444400,97776,1155900
115000008,2026-01-09,6,6,8,2521150,100846,1686000
115000009,2026-01-10,3,9,6,2682600,107304,1357550
115000010,2026-01-12,9,8,5,2794175,111767,1580000
115000011,2026-01-13,9,0,7,2533725,101349,1138000
115000012,2026-01-14,9,3,7,2562100,102484,1279200
115000013,2026-01-15,5,9,2,2533225,101329,1183150
115000014,2026-01-16,4,5,3,2544775,101791,1215300
115000015,2026-01-17,8,6,2,2598400,103936,963800
115000016,2026-01-19,5,4,4,2712325,108493,1164450
115000017,2026-01-20,3,4,7,2370925,94837,1170150
115000018,2026-01-21,4,0,2,2369700,94788,1014050
115000019,2026-01-22,1,2,8,2281750,91270,1980250
115000020,2026-01-23,1,4,0,2452325,98093,1035350
115000021,2026-01-24,5,6,7,2450175,98007,1256350
115000022,2026-01-26,9,1,8,2672775,106911,1869900
115000023,2026-01-27,4,3,3,2327025,93081,1445150
115000024,2026-01-28,0,5,9,2491725,99669,1438250
115000025,2026-01-29,5,5,5,2478775,99151,2406500
115000026,2026-01-30,9,0,0,2543525,101741,1218650
115000027,2026-01-31,6,6,6,2507150,100286,3597300
115000028,2026-02-02,8,9,0,2956925,118277,1124400
115000029,2026-02-03,0,6,6,2695175,107807,1318850
115000030,2026-02-04,8,6,0,2806225,112249,1401150
115000031,2026-02-05,8,8,4,2773975,110959,846350
115000032,2026-02-06,5,0,6,2727100,109084,1252000
115000033,2026-02-07,9,4,1,2811575,112463,1097750
115000034,2026-02-09,1,0,1,2954125,118165,2220450
115000035,2026-02-10,7,4,9,2695850,107834,1264400
115000036,2026-02-11,5,0,3,2799350,111974,1633650
115000037,2026-02-12,3,2,4,2761350,110454,1525850
115000038,2026-02-13,1,1,2,2835000,113400,2111850
115000039,2026-02-14,7,5,7,2790850,111634,1372100
115000040,2026-02-15,0,4,5,2221425,88857,980650
115000041,2026-02-16,7,5,2,2803050,112122,1213600
115000042,2026-02-17,5,7,3,2939575,117583,1542150
115000043,2026-02-18,0,2,5,2959300,118372,2033950
115000044,2026-02-19,2,7,5,2959650,118386,1823650
115000045,2026-02-20,1,3,5,3135875,125435,1873800
115000046,2026-02-21,8,6,7,3144350,125774,1339900
115000047,2026-02-22,3,0,9,2779250,111170,1519450
115000048,2026-02-23,1,4,3,2890800,115632,1504850
115000049,2026-02-24,2,0,1,2805400,112216,1509250
115000050,2026-02-25,6,8,3,2950600,118024,1432350
115000051,2026-02-26,0,5,2,2836050,113442,1771300
115000052,2026-02-27,6,2,2,2808050,112322,1708800
115000053,2026-02-28,1,5,2,2829500,113180,1629100
115000054,2026-03-01,8,8,5,2387475,95499,1071050
115000055,2026-03-02,0,9,4,2798175,111927,1218350
115000056,2026-03-03,6,2,5,2876825,115073,2269500
115000057,2026-03-04,7,0,5,2755850,110234,1386200
115000058,2026-03-05,4,3,1,2895400,115816,1855650
115000059,2026-03-06,1,6,1,2784150,111366,1113700
115000060,2026-03-07,2,3,3,2925550,117022,1756550
115000061,2026-03-09,5,1,0,3014025,120561,1791550
115000062,2026-03-10,9,5,3,2622200,104888,1249350
115000063,2026-03-11,4,3,6,2842475,113699,1339000
115000064,2026-03-12,5,8,2,2783300,111332,2130600
115000065,2026-03-13,5,8,4,2763250,110530,847000
115000066,2026-03-14,3,6,5,2897875,115915,1614350
115000067,2026-03-16,0,0,8,2978700,119148,1720800
115000068,2026-03-17,2,4,4,2614800,104592,993800
115000069,2026-03-18,2,5,8,2721475,108859,2576100
115000070,2026-03-19,1,9,0,2694325,107773,1204200
115000071,2026-03-20,9,7,9,2740375,109615,1479850
115000072,2026-03-21,8,1,3,2592875,103715,1676850
115000073,2026-03-23,3,6,0,2759125,110365,1360300
115000074,2026-03-24,2,3,8,2428750,97150,1478250
115000075,2026-03-25,6,2,0,2540000,101600,1263950
115000076,2026-03-26,2,7,1,2395575,95823,1236400
115000077,2026-03-27,1,2,4,2386725,95469,1299700
115000078,2026-03-28,0,9,7,2459600,98384,1641450
115000079,2026-03-30,8,8,8,2670550,106822,3610250
115000080,2026-03-31,5,3,3,2516175,100647,2549700
115000081,2026-04-01,8,9,5,2569650,102786,1305650
115000082,2026-04-02,6,4,8,2544075,101763,1605000
115000083,2026-04-03,9,0,2,2432175,97287,1195950
115000084,2026-04-04,9,0,2,2390175,95607,968600
115000085,2026-04-06,5,5,5,2631275,105251,2753650
115000086,2026-04-07,1,6,8,2461675,98467,3692350
115000087,2026-04-08,3,5,2,2728700,109148,1192950
115000088,2026-04-09,6,9,4,2647225,105889,1102100
115000089,2026-04-10,8,6,7,2628850,105154,1552100
115000090,2026-04-11,5,6,3,2682825,107313,1401250
115000091,2026-04-13,9,0,7,2933400,117336,1862000
115000092,2026-04-14,6,5,1,2514425,100577,1053400
115000093,2026-04-15,8,7,3,2552575,102103,1352850
115000094,2026-04-16,4,4,6,2507500,100300,1340900
115000095,2026-04-17,1,3,4,2549525,101981,1015900
115000096,2026-04-18,9,1,8,2549525,101981,1906650
115000097,2026-04-20,0,9,8,2791950,111678,1369000
115000098,2026-04-21,6,1,2,2476375,99055,1312500
115000099,2026-04-22,2,1,6,2549600,101984,1605250
115000100,2026-04-23,4,8,6,2468675,98747,1037750
115000101,2026-04-24,2,6,8,2364050,94562,1936200
115000102,2026-04-25,4,9,3,2528625,101145,1083450
115000103,2026-04-27,6,4,1,2674500,106980,1007700
115000104,2026-04-28,2,3,1,2430900,97236,1221950
115000105,2026-04-29,4,3,9,2470300,98812,1341350
115000106,2026-04-30,5,9,6,2446275,97851,1107200
115000107,2026-05-01,5,5,1,2499125,99965,1730000
115000108,2026-05-02,9,8,8,2585750,103430,1580850
115000109,2026-05-04,6,5,2,2700150,108006,1237150
115000110,2026-05-05,0,9,2,2412150,96486,816700
115000111,2026-05-06,2,8,5,2641250,105650,1710250
115000112,2026-05-07,5,9,0,2552350,102094,1013650
115000113,2026-05-08,8,2,4,2604875,104195,1231850
115000114,2026-05-09,1,2,2,2646425,105857,2041500
115000115,2026-05-11,2,6,8,2810500,112420,2039500
115000116,2026-05-12,1,4,3,2593975,103759,1606400
115000117,2026-05-13,1,9,0,2532375,101295,892600
115000118,2026-05-14,9,4,7,2420450,96818,1155500
115000119,2026-05-15,4,8,4,2522700,100908,817650
115000120,2026-05-16,2,4,9,2537925,101517,1260200
115000121,2026-05-18,8,7,4,2647375,105895,829000
115000122,2026-05-19,5,6,0,2342375,93695,1180050
115000123,2026-05-20,1,4,6,2753050,110122,1210450
115000124,2026-05-21,5,3,1,2328625,93145,1308950
115000125,2026-05-22,6,8,6,2390575,95623,1046250
115000126,2026-05-23,6,5,6,2326500,93060,1092150
115000127,2026-05-25,5,7,8,2491600,99664,1479700
115000128,2026-05-26,6,6,7,2258575,90343,1108900
115000129,2026-05-27,8,3,9,2387850,95514,1196700
115000130,2026-05-28,7,4,9,2321875,92875,953900
115000131,2026-05-29,0,6,3,2345825,93833,1081150
115000132,2026-05-30,7,2,5,2353875,94155,2277100
115000133,2026-06-01,0,8,8,2596775,103871,1703600
115000134,2026-06-02,7,6,7,2280150,91206,1280350
115000135,2026-06-03,7,3,5,2367350,94694,1500650
115000136,2026-06-04,6,9,7,2196200,87848,810650
115000137,2026-06-05,8,6,5,2306275,92251,1272250
115000138,2026-06-06,1,6,0,2572225,102889,1249300
115000139,2026-06-08,1,9,5,2401425,96057,1174500
115000140,2026-06-09,6,1,3,2104700,84188,1321850
115000141,2026-06-10,3,5,1,2304050,92162,1368250
115000142,2026-06-11,9,9,1,2344625,93785,951550
115000143,2026-06-12,6,3,6,2305025,92201,1232100
115000144,2026-06-13,0,3,7,2405375,96215,1176750
115000145,2026-06-15,2,3,7,2446700,97868,1301500
115000146,2026-06-16,8,2,6,2232550,89302,1828000
115000147,2026-06-17,4,5,6,2367200,94688,1325750
115000148,2026-06-18,2,8,6,2360200,94408,1208300
115000149,2026-06-19,3,0,7,2382600,95304,956600
115000150,2026-06-20,2,3,0,2283275,91331,1245000
115000151,2026-06-22,6,2,8,2456500,98260,2183850
115000152,2026-06-23,7,2,1,2209425,88377,1213600
115000153,2026-06-24,6,0,3,2262850,90514,1116450
115000154,2026-06-25,0,5,7,2063875,82555,1107400
115000155,2026-06-26,3,3,7,2083425,83337,1191850
115000156,2026-06-27,3,7,4,2177525,87101,922550
115000157,2026-06-29,0,6,7,2361850,94474,1180250
115000158,2026-06-30,1,7,9,2193325,87733,1123100
115000159,2026-07-01,7,7,1,2257850,90314,1016550
115000160,2026-07-02,8,8,8,2171950,86878,3919850
115000161,2026-07-03,7,8,6,2387200,95488,1128100
115000162,2026-07-04,3,6,9,2360250,94410,1804150
115000163,2026-07-06,6,0,3,2510375,100415,1331800
115000164,2026-07-07,1,2,5,2334250,93370,2130700
115000165,2026-07-08,4,6,1,2367675,94707,820650
115000166,2026-07-09,3,3,1,2284300,91372,1049950
115000167,2026-07-10,4,6,9,2350600,94024,1011050
115000168,2026-07-11,2,6,7,1813000,72520,894350
115000169,2026-07-13,1,5,2,2421675,96867,2114750
115000170,2026-07-14,3,9,1,2242650,89706,873500
115000171,2026-07-15,6,1,5,2320475,92819,1792650
115000172,2026-07-16,6,3,9,2263775,90551,1360700
115000173,2026-07-17,4,1,3,2329475,93179,1460450
115000174,2026-07-18,6,6,7,2369050,94762,1478200
115000175,2026-07-20,3,0,1,2457375,98295,1491400
115000176,2026-07-21,4,1,8,2253250,90130,2344300
115000177,2026-07-22,5,0,2,2283500,91340,1000850
115000178,2026-07-23,0,1,8,2260600,90424,1198750
115000179,2026-07-24,5,4,0,2284875,91395,1515050
115000180,2026-07-25,1,8,3,2240200,89608,1253300
115000181,2026-07-27,6,0,2,2391975,95679,943550
115000182,2026-07-28,7,1,6,2199825,87993,1224950
115000183,2026-07-29,8,4,6,2254825,90193,1067700
115000184,2026-07-30,2,8,5,2198675,87947,1628550
115000185,2026-07-31,1,3,9,2329525,93181,1514250
115000186,2026-08-01,5,6,6,2370825,94833,1749550
115000187,2026-08-03,4,9,1,2517050,100682,897150
115000188,2026-08-04,9,9,1,2246825,89873,964700
115000189,2026-08-05,3,1,5,2385050,95402,1497250
115000190,2026-08-06,1,0,7,2416350,96654,1207100
115000191,2026-08-07,9,6,9,2367500,94700,1024550
115000192,2026-08-08,2,1,9,2513675,100547,1609000
115000193,2026-08-10,1,2,4,2503500,100140,2756800
115000194,2026-08-11,6,2,3,2402450,96098,1713850
115000195,2026-08-12,9,1,0,2359525,94381,1150900
115000196,2026-08-13,2,5,7,2294000,91760,1524900
115000197,2026-08-14,1,7,7,2335525,93421,1772800
115000198,2026-08-15,1,9,5,2420075,96803,1064900
115000199,2026-08-17,3,5,4,2598825,103953,903450
115000200,2026-08-18,8,6,8,2309900,92396,2088950
115000201,2026-08-19,8,7,4,2334550,93382,888750
115000202,2026-08-20,3,4,4,2217425,88697,848400
115000203,2026-08-21,5,0,2,2237550,89502,1085750
115000204,2026-08-22,3,3,1,2181475,87259,1333200
115000205,2026-08-24,5,7,2,2231400,89256,898500
115000206,2026-08-25,8,7,2,2117125,84685,884600
115000207,2026-08-26,4,3,2,2327125,93085,897150
115000208,2026-08-27,8,9,1,2292950,91718,769950
115000209,2026-08-28,8,2,9,2298975,91959,1592000
115000210,2026-08-29,8,7,0,2290600,91624,1000150
115000211,2026-08-31,8,5,7,2385800,95432,1337600
115000212,2026-09-01,0,1,3,2185275,,1149250
115000213,2026-09-02,6,0,3,2336050,,1218500
115000214,2026-09-03,5,5,7,2361500,,987350
115000215,2026-09-04,2,9,1,2486725,,947600
115000216,2026-09-05,0,6,6,2460050,,2200150
115000217,2026-09-07,4,8,7,2460900,,1179350
115000218,2026-09-08,7,7,0,2245750,,1076450
115000219,2026-09-09,7,7,3,2279200,,1212350
115000220,2026-09-10,9,9,2,2374000,,918500
115000221,2026-09-11,0,7,4,2370275,,693450
115000222,2026-09-12,4,5,3,2303950,,856700
115000223,2026-09-14,8,4,9,2390500,,1026150
115000224,2026-09-15,7,0,4,2152525,,701850
115000225,2026-09-16,4,0,0,2229375,,1078750
115000226,2026-09-17,4,9,8,2133975,,1298350
