draw_no,draw_date,number_1,number_2,number_3,number_4,number_5,number_6,sales_amount,sales_count,total_prize
96000001,2007-01-02,13,21,23,27,31,49,12373375,494935,4827500
96000002,2007-01-05,12,19,23,42,44,48,16427250,657090,8168750
96000003,2007-01-09,26,28,35,39,44,45,16166800,646672,11223750
96000004,2007-01-12,10,16,26,28,31,33,18420625,736825,8490000
96000005,2007-01-16,13,28,33,38,43,48,17850650,714026,9162500
96000006,2007-01-19,06,26,27,44,45,46,18510550,740422,8696250
96000007,2007-01-23,06,07,15,31,36,44,18260450,730418,6771250
96000008,2007-01-26,08,13,18,26,34,36,18667725,746709,12426250
96000009,2007-01-30,06,18,26,39,42,45,17366000,694640,11318750
96000010,2007-02-02,07,08,10,12,47,48,18802100,752084,11407500
96000011,2007-02-06,12,16,26,32,41,48,18922650,756906,7097500
96000012,2007-02-09,07,28,30,41,45,48,20586950,823478,8070000
96000013,2007-02-13,02,08,25,39,43,46,20634100,825364,15455000
96000014,2007-02-16,18,19,27,34,44,48,22643700,905748,11561250
96000015,2007-02-20,01,13,19,33,38,45,24239975,969599,18496250
96000016,2007-02-23,05,13,25,30,39,48,27000800,1080032,8261250
96000017,2007-02-27,06,22,36,39,48,49,22451875,898075,9878750
96000018,2007-03-02,12,15,24,32,39,49,24036675,961467,8037500
96000019,2007-03-06,02,15,16,31,33,46,21374625,854985,7398750
96000020,2007-03-09,12,14,20,21,23,31,22680175,907207,15651250
96000021,2007-03-13,04,13,22,24,26,41,22233950,889358,20506250
96000022,2007-03-16,28,35,36,38,43,49,23651550,946062,14811250
96000023,2007-03-20,14,15,25,37,47,49,22733900,909356,8960000
96000024,2007-03-23,05,06,17,19,20,32,22583125,903325,13040000
96000025,2007-03-27,04,11,21,39,42,43,20639275,825571,12730000
96000026,2007-03-30,14,31,33,40,45,46,22470250,898810,18193750
96000027,2007-04-03,04,10,39,43,45,49,20815075,832603,8473750
96000028,2007-04-06,10,18,22,34,35,37,21785950,871438,13826250
96000029,2007-04-10,02,04,06,20,42,47,21608325,864333,8737500
96000030,2007-04-13,05,15,23,28,31,33,23399200,935968,22437500
96000031,2007-04-17,08,31,40,44,45,48,22882150,915286,21083750
96000032,2007-04-20,09,15,16,19,44,49,24118925,964757,12351250
96000033,2007-04-24,08,20,22,25,38,40,22610100,904404,12686250
96000034,2007-04-27,09,10,29,32,38,42,23869025,954761,9058750
96000035,2007-05-01,21,24,28,34,45,49,23225625,929025,14351250
96000036,2007-05-04,06,22,34,38,40,44,23215150,928606,8507500
96000037,2007-05-08,01,16,27,28,41,46,22125200,885008,8725000
96000038,2007-05-11,10,13,21,26,29,47,23280225,931209,12531250
96000039,2007-05-15,13,31,35,40,47,48,22261675,890467,11510000
96000040,2007-05-18,11,12,27,41,43,46,22910400,916416,12066250
96000041,2007-05-22,01,18,30,32,41,48,22041850,881674,6256250
96000042,2007-05-25,02,11,13,25,34,36,22870825,914833,11743750
96000043,2007-05-29,10,15,18,43,45,48,21918150,876726,11550000
96000044,2007-06-01,07,08,11,25,34,43,23243875,929755,9418750
96000045,2007-06-05,01,16,23,25,36,47,20612175,824487,6582500
96000046,2007-06-08,01,02,11,26,28,46,21337450,853498,10011250
96000047,2007-06-12,03,05,20,38,39,44,21733100,869324,17661250
96000048,2007-06-15,11,17,28,34,36,46,22306650,892266,16087500
96000049,2007-06-19,20,28,33,41,43,45,20883050,835322,13941250
96000050,2007-06-22,13,32,35,39,41,42,24619975,984799,17781250
96000051,2007-06-26,18,24,37,38,43,47,23240875,929635,13508750
96000052,2007-06-29,09,23,26,28,29,44,21581575,863263,14476250
96000053,2007-07-03,01,05,09,21,24,49,21190600,847624,10537500
96000054,2007-07-06,09,12,23,36,44,48,22749625,909985,16391250
96000055,2007-07-10,02,29,34,40,44,45,21945350,877814,11983750
96000056,2007-07-13,05,10,13,18,34,35,23311075,932443,12313750
96000057,2007-07-17,15,29,37,39,48,49,21455825,858233,12735000
96000058,2007-07-20,02,05,10,19,23,25,22182900,887316,8736250
96000059,2007-07-24,01,07,12,22,29,31,20510900,820436,12855000
96000060,2007-07-27,13,21,32,39,42,46,22679425,907177,18707500
96000061,2007-07-31,01,06,07,25,39,41,21656725,866269,13633750
96000062,2007-08-03,02,12,15,27,38,40,22491750,899670,14367500
96000063,2007-08-07,01,05,18,25,35,41,21519350,860774,9320000
96000064,2007-08-10,11,22,27,29,35,40,23172325,926893,10352500
96000065,2007-08-14,02,05,12,25,26,38,20920400,836816,21757492
96000066,2007-08-17,02,12,31,35,43,47,21926825,877073,7358750
96000067,2007-08-21,16,24,25,38,42,46,21041550,841662,12905000
96000068,2007-08-24,04,06,07,12,25,47,21397725,855909,9362500
96000069,2007-08-28,02,11,22,29,34,39,20536325,821453,13710000
96000070,2007-08-31,23,31,35,40,41,44,22015375,880615,19212500
96000071,2007-09-04,09,17,18,21,42,48,21722850,868914,9676250
96000072,2007-09-07,03,05,22,32,42,49,22867675,914707,8203750
96000073,2007-09-11,03,14,18,22,28,36,21481850,859274,7791250
96000074,2007-09-14,02,15,22,27,45,48,21640300,865612,11883750
96000075,2007-09-18,20,25,29,31,37,46,17333975,693359,13622500
96000076,2007-09-21,01,16,24,31,35,39,22999775,919991,15798750
96000077,2007-09-25,08,10,12,28,38,42,20295000,811800,23516250
96000078,2007-09-28,08,09,16,17,19,30,24064500,962580,14462500
96000079,2007-10-02,03,04,08,09,24,49,22687325,907493,7375000
96000080,2007-10-05,03,10,19,26,29,48,21091375,843655,9282500
96000081,2007-10-09,09,36,38,40,46,47,21324175,852967,13963750
96000082,2007-10-12,09,20,23,26,28,37,23048775,921951,16028750
96000083,2007-10-16,05,07,11,18,38,40,21723900,868956,13897500
96000084,2007-10-19,15,17,22,28,36,46,22734125,909365,14592500
96000085,2007-10-23,10,25,29,34,47,49,21003725,840149,17557500
96000086,2007-10-26,03,11,13,16,21,36,22939825,917593,9267500
96000087,2007-10-30,01,04,09,17,19,41,20957125,838285,11890000
96000088,2007-11-02,04,10,28,44,45,48,22422975,896919,22953750
96000089,2007-11-06,01,10,27,40,43,44,21955175,878207,10988750
96000090,2007-11-09,01,02,06,12,18,24,22636975,905479,14546250
96000091,2007-11-13,03,05,16,17,32,37,21861900,874476,11400000
96000092,2007-11-16,16,20,22,39,42,46,22552925,902117,16620000
96000093,2007-11-20,01,16,17,20,22,42,21574900,862996,5570000
96000094,2007-11-23,01,22,23,43,46,49,22303925,892157,11202500
96000095,2007-11-27,08,12,16,34,36,47,20695200,827808,15071250
96000096,2007-11-30,08,15,16,19,30,45,23575750,943030,14288750
96000097,2007-12-04,01,16,31,38,43,44,25193600,1007744,16181250
96000098,2007-12-07,08,10,17,28,32,34,24025925,961037,22931250
96000099,2007-12-11,10,15,16,20,27,43,23901200,956048,10873750
96000100,2007-12-14,01,17,26,27,34,39,25077750,1003110,12915000
96000101,2007-12-18,04,07,13,19,23,49,24495200,979808,10170000
96000102,2007-12-21,15,19,20,22,28,44,25061675,1002467,14592500
96000103,2007-12-25,05,06,09,18,31,37,25098225,1003929,17877500
96000104,2007-12-28,10,12,16,18,22,29,26364550,1054582,19383750
97000001,2008-01-01,13,18,27,43,47,48,21581850,863274,12305000
97000002,2008-01-04,05,13,29,31,39,40,24445525,977821,9671250
97000003,2008-01-08,03,07,12,17,28,44,23758975,950359,16257500
97000004,2008-01-11,03,07,08,27,37,49,26190725,1047629,8411250
97000005,2008-01-15,05,08,10,31,32,41,23566850,942674,15285000
97000006,2008-01-18,06,08,18,25,26,36,24686450,987458,19423750
97000007,2008-01-22,09,13,14,26,30,37,22296275,891851,12362500
97000008,2008-01-25,01,04,15,20,24,40,23156800,926272,17533750
97000009,2008-01-29,21,34,38,41,42,49,23609575,944383,22808750
97000010,2008-02-01,01,02,06,18,20,38,25169025,1006761,12197500
97000011,2008-02-05,17,29,30,33,35,42,25090600,1003624,15601250
97000012,2008-02-08,01,03,06,07,15,27,24090350,963614,16763750
97000013,2008-02-12,05,12,19,22,25,27,25972400,1038896,33060000
97000014,2008-02-15,01,22,31,41,42,46,28904875,1156195,14555000
97000015,2008-02-19,16,22,26,31,39,43,26172850,1046914,14673750
97000016,2008-02-22,01,03,07,12,30,43,27490575,1099623,14211250
97000017,2008-02-26,06,16,33,37,40,47,25031725,1001269,12442500
97000018,2008-02-29,01,07,09,10,18,27,26160775,1046431,27041250
97000019,2008-03-04,01,15,22,25,38,47,25946875,1037875,12725000
97000020,2008-03-07,12,25,28,40,41,42,28105050,1124202,19623750
97000021,2008-03-11,07,08,21,30,36,44,27586125,1103445,17903750
97000022,2008-03-14,03,21,30,34,44,49,27561500,1102460,8675000
97000023,2008-03-18,01,09,27,33,38,49,24085200,963408,14136250
97000024,2008-03-21,11,14,27,32,34,49,27125775,1085031,10588750
97000025,2008-03-25,02,03,05,13,33,49,24334800,973392,10818750
97000026,2008-03-28,01,08,09,12,19,26,25237650,1009506,22546250
97000027,2008-04-01,08,16,24,25,32,33,23674025,946961,16671250
97000028,2008-04-04,13,23,28,30,38,44,24051100,962044,24186250
97000029,2008-04-08,11,23,29,32,37,39,25585000,1023400,13445000
97000030,2008-04-11,05,06,23,25,28,42,27293675,1091747,14447500
97000031,2008-04-15,13,20,32,33,43,47,24849425,993977,11062500
97000032,2008-04-18,04,13,25,35,38,43,25446175,1017847,9350000
97000033,2008-04-22,10,15,31,36,44,49,23826700,953068,13882500
97000034,2008-04-25,04,15,20,45,47,48,24928175,997127,13318750
97000035,2008-04-29,02,03,11,32,35,42,23012775,920511,9715000
97000036,2008-05-02,11,13,14,33,39,45,22339750,893590,9023750
97000037,2008-05-06,09,10,15,23,46,48,21393975,855759,11297500
97000038,2008-05-09,15,17,23,36,43,48,22407650,896306,6940000
97000039,2008-05-13,11,31,37,38,41,47,21201550,848062,11838750
97000040,2008-05-16,03,07,21,22,26,40,21925325,877013,22843750
97000041,2008-05-20,08,14,17,42,45,47,20848175,833927,9201250
97000042,2008-05-23,02,10,11,29,37,44,20597725,823909,10130000
97000043,2008-05-27,04,07,15,24,41,49,19371800,774872,15240000
97000044,2008-05-30,08,11,12,20,32,42,19725850,789034,13556250
97000045,2008-06-03,01,20,24,27,29,31,19351550,774062,10607500
97000046,2008-06-06,01,20,22,31,40,42,21675125,867005,10628750
97000047,2008-06-10,14,19,20,22,34,39,20357275,814291,8977500
97000048,2008-06-13,07,08,20,21,31,39,22208150,888326,7860000
97000049,2008-06-17,01,07,15,32,40,41,20139475,805579,9981250
97000050,2008-06-20,03,20,21,24,28,39,22184625,887385,8265000
97000051,2008-06-24,02,07,08,20,33,43,20750575,830023,9048750
97000052,2008-06-27,01,02,09,10,38,41,18746650,749866,15271250
97000053,2008-07-01,15,20,24,35,43,48,19950750,798030,10065000
97000054,2008-07-04,06,10,17,21,43,49,20386025,815441,6120000
97000055,2008-07-08,14,23,32,33,36,42,19295150,771806,12520000
97000056,2008-07-11,07,21,22,23,34,36,21007550,840302,11868750
97000057,2008-07-15,06,16,21,36,37,45,19408375,776335,8773750
97000058,2008-07-18,04,06,09,15,20,38,19388150,775526,13213750
97000059,2008-07-22,01,17,25,29,30,33,19372000,774880,13878750
97000060,2008-07-25,07,19,25,29,35,43,20247075,809883,10057500
97000061,2008-07-29,16,39,41,42,43,45,17954500,718180,11898750
97000062,2008-08-01,07,11,18,22,37,38,19819150,792766,14003750
97000063,2008-08-05,05,10,29,41,44,45,19244950,769798,10398750
97000064,2008-08-08,08,16,20,33,35,49,21202825,848113,21305000
97000065,2008-08-12,16,22,24,33,43,49,20406300,816252,6640000
97000066,2008-08-15,08,14,23,24,43,44,19983325,799333,7805000
97000067,2008-08-19,02,16,25,35,39,43,18927875,757115,8202500
97000068,2008-08-22,04,05,08,26,31,37,20145325,805813,10563750
97000069,2008-08-26,02,04,06,18,23,24,19013375,760535,9083750
97000070,2008-08-29,02,24,25,26,28,46,20669575,826783,11372500
97000071,2008-09-02,02,03,10,21,25,34,20258950,810358,9543750
97000072,2008-09-05,02,03,14,22,32,33,20101900,804076,9391250
97000073,2008-09-09,10,23,27,28,35,46,19797425,791897,8981250
97000074,2008-09-12,01,09,16,18,34,37,20376375,815055,13793750
97000075,2008-09-16,02,25,31,32,44,46,19868525,794741,8191250
97000076,2008-09-19,02,13,23,28,35,48,20791625,831665,19675000
97000077,2008-09-23,02,09,20,22,29,35,20241150,809646,12315000
97000078,2008-09-26,15,29,30,36,41,42,20548825,821953,19307500
97000079,2008-09-30,01,07,09,13,22,27,18731200,749248,19746250
97000080,2008-10-03,18,19,37,41,45,48,21681000,867240,18440000
97000081,2008-10-07,01,20,28,29,33,34,19767975,790719,14236250
97000082,2008-10-10,13,14,20,24,41,47,20568575,822743,8460000
97000083,2008-10-14,08,28,30,43,44,46,20925050,837002,10086250
97000084,2008-10-17,05,11,15,19,28,36,21003575,840143,11915000
97000085,2008-10-21,02,04,07,08,18,30,19696600,787864,14788750
97000086,2008-10-24,05,06,08,09,14,49,21299850,851994,15128750
97000087,2008-10-28,02,07,12,14,36,41,20044400,801776,8311250
97000088,2008-10-31,01,03,09,11,19,47,20963475,838539,15225000
97000089,2008-11-04,11,13,19,20,32,40,20895975,835839,8463750
97000090,2008-11-07,15,25,30,33,40,46,21647475,865899,10266250
97000091,2008-11-11,11,13,33,34,39,45,19941650,797666,11465000
97000092,2008-11-14,07,15,23,35,36,43,22596775,903871,18615000
97000093,2008-11-18,14,17,20,29,34,39,20532750,821310,12478750
97000094,2008-11-21,16,17,21,28,30,37,21412950,856518,20798750
97000095,2008-11-25,04,15,26,39,46,49,21024150,840966,8081250
97000096,2008-11-28,01,05,07,16,17,41,20700225,828009,11406250
97000097,2008-12-02,07,21,29,30,37,49,20230825,809233,6211250
97000098,2008-12-05,02,03,08,31,40,44,21312650,852506,13618750
97000099,2008-12-09,01,05,06,16,26,41,21032125,841285,10201250
97000100,2008-12-12,02,28,34,36,39,42,22938175,917527,15066250
97000101,2008-12-16,14,25,26,35,39,40,21336875,853475,9917500
97000102,2008-12-19,03,10,15,30,38,45,22819400,912776,20050000
97000103,2008-12-23,02,07,23,25,39,45,22454825,898193,10672500
97000104,2008-12-26,08,15,18,33,37,40,23524850,940994,15858750
97000105,2008-12-30,03,09,25,26,36,39,20672300,826892,14530000
98000001,2009-01-02,02,06,23,26,35,38,20036900,801476,13918750
98000002,2009-01-06,04,15,20,21,29,33,22314925,892597,23848717
98000003,2009-01-09,04,15,27,30,37,45,23141450,925658,10170000
98000004,2009-01-13,04,11,18,33,47,48,21526850,861074,7752500
98000005,2009-01-16,08,24,25,26,33,40,22722975,908919,18486250
98000006,2009-01-20,07,21,22,23,40,43,23478150,939126,14295000
98000007,2009-01-23,10,11,21,28,38,40,24701925,988077,19052500
98000008,2009-01-27,13,14,27,32,35,38,23379500,935180,16720000
98000009,2009-01-30,02,05,10,23,39,41,26565225,1062609,21441250
98000010,2009-02-03,03,10,14,23,42,43,25264675,1010587,7621250
98000011,2009-02-06,04,07,10,21,27,32,24868850,994754,11173750
98000012,2009-02-10,09,12,18,30,46,48,23681775,947271,17461250
98000013,2009-02-13,02,03,07,24,42,45,24384100,975364,11110000
98000014,2009-02-17,05,16,21,22,36,43,22230150,889206,13580000
98000015,2009-02-20,01,13,24,34,40,49,23118200,924728,22155000
98000016,2009-02-24,04,11,23,25,38,46,22032475,881299,20941250
98000017,2009-02-27,13,17,19,26,34,36,23382225,935289,12490000
98000018,2009-03-03,07,14,26,28,34,45,21751350,870054,10227500
98000019,2009-03-06,06,13,21,26,31,32,22096525,883861,12486250
98000020,2009-03-10,09,13,26,28,36,38,22645800,905832,13486250
98000021,2009-03-13,09,24,32,45,46,47,23403800,936152,7945000
98000022,2009-03-17,01,05,18,23,29,35,21445375,857815,17593750
98000023,2009-03-20,02,07,09,11,18,31,23192850,927714,17816250
98000024,2009-03-24,02,07,18,21,25,29,21067250,842690,11987500
98000025,2009-03-27,01,02,18,28,34,40,22693300,907732,11802500
98000026,2009-03-31,13,16,23,25,31,47,20973150,838926,10038750
98000027,2009-04-03,06,33,36,42,44,45,21971750,878870,12307500
98000028,2009-04-07,03,12,24,31,43,46,20872100,834884,14910000
98000029,2009-04-10,08,09,25,36,40,44,23240550,929622,14463750
98000030,2009-04-14,02,08,20,23,45,48,21343825,853753,13035000
98000031,2009-04-17,16,18,21,22,24,38,22269600,890784,17587500
98000032,2009-04-21,11,16,23,27,36,39,21736875,869475,11708750
98000033,2009-04-24,13,20,21,24,42,49,22716575,908663,12452500
98000034,2009-04-28,05,18,29,30,39,43,21161750,846470,10820000
98000035,2009-05-01,03,05,21,26,38,43,21597500,863900,9317500
98000036,2009-05-05,12,15,37,42,45,47,21001000,840040,12563750
98000037,2009-05-08,03,15,19,22,24,31,22394700,895788,9751250
98000038,2009-05-12,01,03,20,26,39,44,20904050,836162,8372500
98000039,2009-05-15,05,07,14,15,18,45,21684300,867372,14405000
98000040,2009-05-19,11,31,32,38,46,48,20091475,803659,8598750
98000041,2009-05-22,01,02,16,18,32,40,20853825,834153,10146250
98000042,2009-05-26,03,08,33,39,41,48,19589450,783578,13193750
98000043,2009-05-29,21,29,30,34,36,45,19675050,787002,16386250
98000044,2009-06-02,11,12,20,28,34,46,20779150,831166,12712500
98000045,2009-06-05,06,23,27,42,44,49,22935825,917433,14842500
98000046,2009-06-09,26,27,35,36,44,49,22198900,887956,9280000
98000047,2009-06-12,12,13,32,41,43,44,19950200,798008,7935000
98000048,2009-06-16,03,05,08,10,25,30,19603200,784128,23470000
98000049,2009-06-19,02,12,19,23,40,42,20668125,826725,12085000
98000050,2009-06-23,06,21,22,29,43,49,19497950,779918,12196250
98000051,2009-06-26,06,12,33,38,43,45,20462075,818483,9298750
98000052,2009-06-30,04,07,09,21,26,34,18516975,740679,20491250
98000053,2009-07-03,17,19,32,40,41,47,20606775,824271,10972500
98000054,2009-07-07,02,25,31,37,39,47,19436575,777463,10246250
98000055,2009-07-10,03,08,21,26,30,46,20746200,829848,21082500
98000056,2009-07-14,04,05,15,37,41,44,19922700,796908,8896250
98000057,2009-07-17,09,11,13,16,38,42,20282125,811285,18032500
98000058,2009-07-21,05,17,27,28,39,48,19713025,788521,11131250
98000059,2009-07-24,01,03,07,22,40,47,20510525,820421,23695000
98000060,2009-07-28,02,10,13,15,25,49,19111625,764465,10665000
98000061,2009-07-31,04,07,09,10,24,42,20024300,800972,11115000
98000062,2009-08-04,02,21,23,27,44,48,18263400,730536,10440000
98000063,2009-08-07,01,02,15,26,31,49,16013775,640551,6572500
98000064,2009-08-11,03,24,27,28,30,46,19140225,765609,11837500
98000065,2009-08-14,04,08,15,26,39,49,19965800,798632,12265000
98000066,2009-08-18,11,12,18,31,46,47,18868250,754730,11208750
98000067,2009-08-21,11,13,32,37,42,43,20091200,803648,10575000
98000068,2009-08-25,01,07,09,15,21,38,19385875,775435,21930000
98000069,2009-08-28,12,23,39,44,45,48,20917100,836684,19892500
98000070,2009-09-01,07,08,12,19,26,36,19135625,765425,12383750
98000071,2009-09-04,05,28,31,36,40,49,19113575,764543,9406250
98000072,2009-09-08,08,11,12,15,19,20,19584925,783397,18098750
98000073,2009-09-11,10,16,18,31,33,48,21229175,849167,12157500
98000074,2009-09-15,02,04,26,36,43,48,19843125,793725,10798750
98000075,2009-09-18,02,04,08,09,26,38,20281325,811253,17420000
98000076,2009-09-22,03,04,08,12,21,42,19772000,790880,14448750
98000077,2009-09-25,01,09,13,16,33,37,20913100,836524,11273750
98000078,2009-09-29,17,27,32,37,45,47,19669675,786787,9226250
98000079,2009-10-02,09,15,25,28,30,35,21226025,849041,19608750
98000080,2009-10-06,09,14,15,22,26,33,21442225,857689,12986250
98000081,2009-10-09,10,14,17,33,40,41,23195100,927804,9280000
98000082,2009-10-13,05,13,28,40,44,49,20127825,805113,9838750
98000083,2009-10-16,13,15,20,29,30,43,21791650,871666,11676250
98000084,2009-10-20,01,11,12,14,41,46,20047350,801894,11916250
98000085,2009-10-23,05,06,18,19,21,34,21109575,844383,20991250
98000086,2009-10-27,02,12,28,32,42,46,19974575,798983,10606250
98000087,2009-10-30,04,08,12,20,37,39,21474825,858993,21501250
98000088,2009-11-03,05,13,20,26,29,34,20454575,818183,11208750
98000089,2009-11-06,01,02,10,44,45,46,22249425,889977,11308750
98000090,2009-11-10,02,07,22,25,26,42,20524725,820989,12817500
98000091,2009-11-13,13,25,32,33,38,47,21729225,869169,13830000
98000092,2009-11-17,01,04,08,10,34,49,20331275,813251,14437500
98000093,2009-11-20,05,13,15,20,26,31,21836750,873470,26568750
98000094,2009-11-24,02,07,13,23,27,40,21204400,848176,14297500
98000095,2009-11-27,01,05,06,15,19,26,22918200,916728,15011250
98000096,2009-12-01,11,23,27,29,38,49,21148625,845945,10946250
98000097,2009-12-04,02,03,13,19,22,39,22798150,911926,10818750
98000098,2009-12-08,04,16,19,27,32,39,21671250,866850,6597500
98000099,2009-12-11,12,15,20,29,36,48,23433100,937324,22766250
98000100,2009-12-15,04,35,38,43,44,48,22017625,880705,8598750
98000101,2009-12-18,03,16,32,42,43,45,21602675,864107,9708750
98000102,2009-12-22,10,11,14,24,27,47,20359500,814380,12435000
98000103,2009-12-25,09,12,22,30,42,47,22346700,893868,11236250
98000104,2009-12-29,12,21,25,29,42,48,20403750,816150,10672500
99000001,2010-01-01,02,16,20,22,23,27,20092000,803680,13458750
99000002,2010-01-05,11,18,24,32,38,40,21209500,848380,14570000
99000003,2010-01-08,01,08,19,21,43,45,23264050,930562,16203750
99000004,2010-01-12,01,23,34,36,46,48,22006950,880278,9375000
99000005,2010-01-15,04,07,26,41,47,49,23325825,933033,24303750
99000006,2010-01-19,13,24,25,32,35,45,22496825,899873,14393750
99000007,2010-01-22,03,23,24,31,32,46,23758100,950324,10327500
99000008,2010-01-26,25,26,28,33,39,40,22099875,883995,28550000
99000009,2010-01-29,16,18,29,34,44,49,23706175,948247,18481250
99000010,2010-02-02,09,15,18,21,27,41,22750175,910007,15995000
99000011,2010-02-05,01,05,14,19,33,36,22340450,893618,17971250
99000012,2010-02-09,09,13,32,34,35,45,24418775,976751,13252500
99000013,2010-02-12,01,14,23,31,32,40,27261400,1090456,19106250
99000014,2010-02-16,05,26,29,36,43,49,25111950,1004478,17255000
99000015,2010-02-19,12,14,27,30,37,43,26972825,1078913,12052500
99000016,2010-02-23,05,19,23,40,45,48,26384150,1055366,12600000
99000017,2010-02-26,05,06,22,32,34,47,27806075,1112243,12262500
99000018,2010-03-02,02,03,09,33,34,38,24157700,966308,21123750
99000019,2010-03-05,03,15,21,22,35,38,26463200,1058528,9548750
99000020,2010-03-09,05,07,12,14,16,36,22910525,916421,17058750
99000021,2010-03-12,18,19,23,31,35,38,25853750,1034150,14978750
99000022,2010-03-16,26,36,37,39,41,46,24176750,967070,19108750
99000023,2010-03-19,05,08,18,22,29,49,25423775,1016951,18743750
99000024,2010-03-23,11,22,28,35,37,48,23298550,931942,8732500
99000025,2010-03-26,09,17,19,23,35,36,24375475,975019,17198750
99000026,2010-03-30,16,37,41,46,47,49,22485025,899401,7145000
99000027,2010-04-02,01,06,16,21,41,48,23200825,928033,7375000
99000028,2010-04-06,09,23,27,28,31,41,20772025,830881,9275000
99000029,2010-04-09,04,05,29,36,40,49,23708475,948339,28286250
99000030,2010-04-13,12,14,34,42,46,49,22897550,915902,10907500
99000031,2010-04-16,01,24,30,31,34,40,23730350,949214,9760000
99000032,2010-04-20,02,07,21,23,32,41,21876150,875046,24056250
99000033,2010-04-23,03,04,30,45,47,49,22525775,901031,9540000
99000034,2010-04-27,12,14,16,34,35,48,20719275,828771,19928750
99000035,2010-04-30,08,35,36,37,39,44,23634150,945366,14166250
99000036,2010-05-04,04,15,23,32,34,35,20878975,835159,15070000
99000037,2010-05-07,19,23,28,32,38,49,23495175,939807,14820000
99000038,2010-05-11,11,13,29,33,42,45,23100300,924012,23758750
99000039,2010-05-14,03,06,16,21,28,47,24910125,996405,10430000
99000040,2010-05-18,03,06,14,27,28,33,21990375,879615,9566250
99000041,2010-05-21,04,12,16,27,44,47,22741225,909649,8103750
99000042,2010-05-25,01,20,30,32,34,43,21307150,852286,14883750
99000043,2010-05-28,03,18,19,20,26,43,21989050,879562,8923750
99000044,2010-06-01,02,05,15,28,35,40,20271900,810876,18936250
99000045,2010-06-04,11,15,27,28,37,39,21887975,875519,9826250
99000046,2010-06-08,08,24,25,40,42,46,21600625,864025,17077500
99000047,2010-06-11,01,20,21,27,42,43,22727275,909091,6937500
99000048,2010-06-15,02,04,17,20,27,44,21050000,842000,8813750
99000049,2010-06-18,02,05,15,20,26,48,21715650,868626,11361250
99000050,2010-06-22,09,15,26,28,36,42,19704900,788196,11615000
99000051,2010-06-25,11,24,27,39,46,47,21621125,864845,11518750
99000052,2010-06-29,01,04,11,18,20,48,19784275,791371,7740000
99000053,2010-07-02,07,10,20,23,32,45,21059225,842369,23865000
99000054,2010-07-06,05,11,21,25,43,48,20694075,827763,10501250
99000055,2010-07-09,11,24,25,32,33,35,22113625,884545,10711250
99000056,2010-07-13,02,05,08,15,31,34,20351375,814055,14008750
99000057,2010-07-16,16,17,18,20,32,45,21866725,874669,14858750
99000058,2010-07-20,05,22,23,27,29,43,21189350,847574,17098750
99000059,2010-07-23,08,15,22,42,43,49,22646775,905871,8653750
99000060,2010-07-27,03,15,33,38,44,49,20052000,802080,11520000
99000061,2010-07-30,08,11,12,14,23,36,22241750,889670,17496250
99000062,2010-08-03,03,13,15,25,29,49,21746275,869851,8822500
99000063,2010-08-06,10,19,21,22,28,47,22780350,911214,15355000
99000064,2010-08-10,03,24,25,28,38,40,22298625,891945,10102500
99000065,2010-08-13,02,13,22,30,36,48,22615300,904612,10567500
99000066,2010-08-17,06,14,18,19,20,42,20702525,828101,13663750
99000067,2010-08-20,08,21,28,33,38,44,22318350,892734,11425000
99000068,2010-08-24,06,08,30,45,47,48,19607500,784300,7575000
99000069,2010-08-27,08,14,27,30,42,47,20852875,834115,7002500
99000070,2010-08-31,04,07,20,23,31,43,19965100,798604,16863750
99000071,2010-09-03,05,07,18,20,38,47,21786550,871462,8681250
99000072,2010-09-07,03,04,08,16,41,43,18485275,739411,8300000
99000073,2010-09-10,10,14,18,41,42,49,19050750,762030,9991250
99000074,2010-09-14,01,02,19,22,26,44,17598725,703949,17952500
99000075,2010-09-17,12,13,24,34,35,39,18378850,735154,19906250
99000076,2010-09-21,01,22,35,38,39,45,17391075,695643,6142500
99000077,2010-09-24,02,08,29,36,42,44,17849025,713961,8633750
99000078,2010-09-28,03,04,19,22,32,40,16974225,678969,8650000
99000079,2010-10-01,08,12,23,37,38,48,17801725,712069,11372500
99000080,2010-10-05,14,16,21,32,35,43,17365875,694635,13368750
99000081,2010-10-08,03,11,14,39,41,48,18752675,750107,8682500
99000082,2010-10-12,08,09,10,20,31,40,17418700,696748,13603750
99000083,2010-10-15,01,11,20,28,30,46,18425500,737020,16290000
99000084,2010-10-19,12,21,27,35,36,37,16825575,673023,12190000
99000085,2010-10-22,01,04,08,13,18,49,17566425,702657,15692500
99000086,2010-10-26,03,14,22,35,43,44,17668350,706734,8426250
99000087,2010-10-29,04,13,19,26,27,28,17660650,706426,9747500
99000088,2010-11-02,04,05,21,34,36,39,16886975,675479,9400000
99000089,2010-11-05,05,08,13,16,28,47,18569625,742785,8963750
99000090,2010-11-09,05,07,21,30,31,36,17192800,687712,5128750
99000091,2010-11-12,03,10,23,36,37,39,18641525,745661,9096250
99000092,2010-11-16,02,07,10,12,15,43,17256125,690245,9661250
99000093,2010-11-19,03,06,40,43,44,45,18403150,736126,9657500
99000094,2010-11-23,02,03,26,30,32,48,16243075,649723,6672500
99000095,2010-11-26,18,22,23,35,44,49,17872375,714895,10078750
99000096,2010-11-30,07,08,24,34,36,38,16148400,645936,13796250
99000097,2010-12-03,17,23,33,38,43,48,18268900,730756,8717500
99000098,2010-12-07,21,22,30,37,38,49,16708125,668325,7570000
99000099,2010-12-10,01,17,22,26,29,33,18516350,740654,9127500
99000100,2010-12-14,15,16,17,20,32,41,17046275,681851,9970000
99000101,2010-12-17,09,25,28,30,35,41,17772025,710881,15715000
99000102,2010-12-21,01,12,23,35,38,45,17963400,718536,12103750
99000103,2010-12-24,16,27,39,43,48,49,18042550,721702,16307500
99000104,2010-12-28,02,13,17,27,31,36,16516700,660668,9183750
99000105,2010-12-31,04,09,27,36,38,39,17697500,707900,10585000
100000001,2011-01-04,14,19,23,35,37,47,15771400,630856,12192500
100000002,2011-01-07,11,13,34,35,47,49,17810175,712407,8088750
100000003,2011-01-11,07,10,11,12,14,20,16318575,652743,16227500
100000004,2011-01-14,16,17,20,32,39,45,18673675,746947,9558750
100000005,2011-01-18,15,38,40,42,46,47,16949750,677990,12343750
100000006,2011-01-21,02,32,36,37,39,43,18336400,733456,15851250
100000007,2011-01-25,12,13,17,21,31,39,17760900,710436,9940000
100000008,2011-01-28,03,04,13,18,24,42,19782525,791301,9803750
100000009,2011-02-01,01,06,17,25,40,42,20729100,829164,9502500
100000010,2011-02-04,10,33,41,42,47,49,21057400,842296,11277500
100000011,2011-02-08,05,06,23,31,39,41,24396500,975860,10027500
100000012,2011-02-11,03,04,07,34,36,45,20132925,805317,11065000
100000013,2011-02-15,09,12,15,24,33,35,18810075,752403,16788750
100000014,2011-02-18,14,20,23,26,37,38,20394050,815762,23361250
100000015,2011-02-22,13,15,20,32,35,39,19430025,777201,17517500
100000016,2011-02-25,02,03,20,28,36,44,20891600,835664,17251250
100000017,2011-03-01,03,08,14,27,31,48,17786325,711453,13242500
100000018,2011-03-04,12,16,18,22,23,27,19478550,779142,13416250
100000019,2011-03-08,01,06,24,25,32,47,18659100,746364,12880000
100000020,2011-03-11,05,11,13,21,22,42,19478975,779159,16002500
100000021,2011-03-15,04,19,28,29,30,41,17747300,709892,24677500
100000022,2011-03-18,03,15,23,30,36,37,19036950,761478,17623750
100000023,2011-03-22,06,08,20,24,36,47,18103300,724132,7912500
100000024,2011-03-25,01,18,35,39,43,48,19218875,768755,20477500
100000025,2011-03-29,04,10,12,18,22,40,17874100,714964,8847500
100000026,2011-04-01,14,20,30,32,35,43,19214850,768594,11972500
100000027,2011-04-05,08,10,20,24,28,29,17289050,691562,8121250
100000028,2011-04-08,09,10,23,29,37,38,19595875,783835,11248750
100000029,2011-04-12,04,06,14,24,29,33,18267325,730693,6950000
100000030,2011-04-15,15,28,37,38,42,47,19087525,763501,12415000
100000031,2011-04-19,22,35,37,41,46,47,17285525,691421,6357500
100000032,2011-04-22,04,21,22,26,36,46,18215875,728635,9566250
100000033,2011-04-26,20,37,39,40,41,45,17007175,680287,9303750
100000034,2011-04-29,01,07,16,17,22,23,17567925,702717,13860000
100000035,2011-05-03,10,15,18,24,28,43,15786950,631478,15085000
100000036,2011-05-06,06,22,23,24,36,44,18744900,749796,8961250
100000037,2011-05-10,05,12,25,35,38,42,18034225,721369,26321250
100000038,2011-05-13,16,19,21,29,36,42,18690675,747627,6893750
100000039,2011-05-17,01,03,11,15,26,48,16826800,673072,8962500
100000040,2011-05-20,02,33,34,42,44,47,17320875,692835,9103750
100000041,2011-05-24,01,16,19,24,25,26,16449825,657993,10007500
100000042,2011-05-27,05,10,24,32,43,48,16513650,660546,7252500
100000043,2011-05-31,05,09,15,32,38,43,15483125,619325,5078750
100000044,2011-06-03,08,12,13,15,35,46,17655800,706232,10797500
100000045,2011-06-07,03,08,22,27,31,39,15750350,630014,14416250
100000046,2011-06-10,06,10,19,29,37,41,16846150,673846,17637500
100000047,2011-06-14,05,17,21,31,33,48,15986975,639479,7611250
100000048,2011-06-17,01,02,19,31,47,48,16402875,656115,4787500
100000049,2011-06-21,01,10,13,40,42,46,14915925,596637,5933750
100000050,2011-06-24,11,19,21,27,38,39,16046100,641844,8302500
100000051,2011-06-28,11,13,15,23,27,33,14519675,580787,7063750
100000052,2011-07-01,09,23,25,31,44,49,15912375,636495,8632500
100000053,2011-07-05,01,02,15,18,28,32,14909900,596396,9951250
100000054,2011-07-08,16,18,35,37,43,47,16177500,647100,8808750
100000055,2011-07-12,08,24,31,35,37,41,15042725,601709,8692500
100000056,2011-07-15,17,23,27,30,43,49,15660250,626410,7993750
100000057,2011-07-19,02,17,20,37,47,49,14942850,597714,5448750
100000058,2011-07-22,04,05,06,08,22,38,15881375,635255,16735000
100000059,2011-07-26,02,08,13,29,35,36,14298025,571921,7161250
100000060,2011-07-29,06,19,28,37,38,46,15357950,614318,8333750
100000061,2011-08-02,17,24,27,28,42,45,14452775,578111,9197500
100000062,2011-08-05,03,20,24,25,28,49,15809175,632367,6491250
100000063,2011-08-09,25,27,33,38,40,49,15182200,607288,7526250
100000064,2011-08-12,02,12,14,22,40,45,16053200,642128,7776250
100000065,2011-08-16,26,30,37,38,42,43,14838975,593559,9550000
100000066,2011-08-19,13,18,30,32,41,48,16213800,648552,6465000
100000067,2011-08-23,05,23,29,32,36,42,15042425,601697,12486250
100000068,2011-08-26,10,31,32,33,43,45,16456375,658255,5878750
100000069,2011-08-30,10,12,26,36,37,48,15114450,604578,5713750
100000070,2011-09-02,02,05,22,24,30,35,14536400,581456,9556250
100000071,2011-09-06,02,09,23,29,38,41,14792225,591689,10061250
100000072,2011-09-09,01,08,12,15,36,47,16756000,670240,22748750
100000073,2011-09-13,02,08,11,38,41,48,15828375,633135,5385000
100000074,2011-09-16,15,23,28,30,36,48,17042425,681697,9190000
100000075,2011-09-20,02,25,27,28,34,37,16824800,672992,10421250
100000076,2011-09-23,14,16,23,27,28,44,16425800,657032,6987500
100000077,2011-09-27,03,09,23,26,31,42,14828250,593130,7726250
100000078,2011-09-30,10,11,24,34,44,48,15896100,635844,7556250
100000079,2011-10-04,02,08,15,26,29,49,14431275,577251,8696250
100000080,2011-10-07,01,06,13,16,30,33,16716475,668659,9892500
100000081,2011-10-11,02,06,18,33,34,43,15333150,613326,6415000
100000082,2011-10-14,07,08,21,23,26,39,15374050,614962,18195000
100000083,2011-10-18,04,08,19,32,44,46,15103725,604149,14565000
100000084,2011-10-21,20,33,34,35,41,43,15676025,627041,9922500
100000085,2011-10-25,02,05,24,28,33,44,14296525,571861,6452500
100000086,2011-10-28,05,15,24,27,33,36,15665025,626601,8466250
100000087,2011-11-01,04,07,13,14,21,29,14169550,566782,7223750
100000088,2011-11-04,02,07,08,14,21,38,15568400,622736,7667500
100000089,2011-11-08,02,11,22,35,39,40,14964350,598574,9253750
100000090,2011-11-11,04,19,20,29,32,36,16400475,656019,9657500
100000091,2011-11-15,12,19,21,35,42,46,15964900,638596,8906250
100000092,2011-11-18,10,11,12,15,16,45,15749225,629969,9832500
100000093,2011-11-22,16,21,37,40,41,46,14758975,590359,3910000
100000094,2011-11-25,08,10,27,30,36,43,15384500,615380,8476250
100000095,2011-11-29,01,07,11,14,35,36,13997650,559906,6252500
100000096,2011-12-02,23,27,31,37,39,45,14459200,578368,9375000
100000097,2011-12-06,03,13,14,18,22,38,14420900,576836,9182500
100000098,2011-12-09,10,37,38,39,40,45,15317475,612699,9783750
100000099,2011-12-13,02,23,30,36,44,48,14129850,565194,15047500
100000100,2011-12-16,10,31,35,36,41,44,15470375,618815,7041250
100000101,2011-12-20,05,07,09,26,27,34,14649225,585969,9811250
100000102,2011-12-23,06,17,27,31,40,48,15554350,622174,5320000
100000103,2011-12-27,01,08,23,24,30,32,15154425,606177,16372500
100000104,2011-12-30,12,13,15,28,30,37,16735200,669408,15333750
101000001,2012-01-03,09,19,26,34,38,40,16166300,646652,8512500
101000002,2012-01-06,10,14,23,35,41,46,17478350,699134,13383750
101000003,2012-01-10,03,21,23,27,45,47,16161700,646468,7928750
101000004,2012-01-13,22,36,42,43,46,48,17289450,691578,15931250
101000005,2012-01-17,04,10,22,35,42,46,16663400,666536,5326250
101000006,2012-01-20,10,12,22,30,39,44,19073000,762920,8003750
101000007,2012-01-24,08,21,29,38,44,45,18601700,744068,12105000
101000008,2012-01-27,03,20,21,22,34,40,19018000,760720,8390000
101000009,2012-01-31,01,11,14,15,19,33,17958200,718328,17516250
101000010,2012-02-03,05,08,20,32,34,35,18515150,740606,10052500
101000011,2012-02-07,07,22,27,33,39,41,17879750,715190,10872500
101000012,2012-02-10,05,16,19,29,41,43,20426175,817047,6965000
101000013,2012-02-14,02,11,19,21,33,45,19726725,789069,9881250
101000014,2012-02-17,14,15,26,30,38,44,21842825,873713,13406250
101000015,2012-02-21,02,21,32,39,42,46,16793475,671739,9312500
101000016,2012-02-24,02,06,13,15,17,43,18345300,733812,6715000
101000017,2012-02-28,02,30,32,36,43,47,15172075,606883,5516250
101000018,2012-03-02,02,06,15,21,31,45,17678675,707147,8152500
101000019,2012-03-06,02,05,17,20,25,48,17210100,688404,9648750
101000020,2012-03-09,10,21,41,44,45,48,17700875,708035,7443750
101000021,2012-03-13,06,24,46,47,48,49,16070325,642813,12270000
101000022,2012-03-16,26,27,28,30,31,43,17135050,685402,17277500
101000023,2012-03-20,04,05,07,13,26,46,16714550,668582,7728750
101000024,2012-03-23,22,31,36,37,43,44,16282925,651317,8928750
101000025,2012-03-27,16,18,23,27,28,29,15426450,617058,17958750
101000026,2012-03-30,01,20,21,28,36,38,16488200,659528,10186250
101000027,2012-04-03,08,22,23,39,44,47,15507775,620311,7445000
101000028,2012-04-06,04,05,14,36,37,40,17017325,680693,9151250
101000029,2012-04-10,06,19,27,31,33,42,15713275,628531,11318750
101000030,2012-04-13,01,04,09,20,25,35,17017350,680694,9672500
101000031,2012-04-17,19,23,25,26,31,43,15169350,606774,7238750
101000032,2012-04-20,02,03,25,44,45,48,15450850,618034,12802500
101000033,2012-04-24,09,14,19,21,39,47,14310050,572402,5935000
101000034,2012-04-27,13,22,24,35,40,45,14965500,598620,7812500
101000035,2012-05-01,05,07,21,22,31,43,13976950,559078,10291250
101000036,2012-05-04,04,11,17,23,31,39,15626875,625075,7031250
101000037,2012-05-08,06,23,24,25,29,30,14315725,572629,8752500
101000038,2012-05-11,10,22,29,30,33,37,15884350,635374,7823750
101000039,2012-05-15,01,30,35,44,47,49,14257475,570299,7055000
101000040,2012-05-18,13,23,25,31,39,46,15043650,601746,9101250
101000041,2012-05-22,01,08,13,18,28,49,14157550,566302,8973750
101000042,2012-05-25,01,17,22,26,33,40,15004825,600193,6661250
101000043,2012-05-29,05,22,38,43,46,49,13427125,537085,7055000
101000044,2012-06-01,04,18,31,34,39,44,14467825,578713,16416250
101000045,2012-06-05,11,13,16,35,40,49,14482800,579312,6372500
101000046,2012-06-08,01,09,24,45,46,49,15882725,635309,5950000
101000047,2012-06-12,03,21,29,33,35,40,13163425,526537,5847500
101000048,2012-06-15,09,15,23,38,47,49,15192950,607718,8602500
101000049,2012-06-19,01,05,17,19,26,46,13892700,555708,7350000
101000050,2012-06-22,06,24,28,36,38,44,15637875,625515,12002500
101000051,2012-06-26,01,06,07,12,16,41,13931925,557277,7862500
101000052,2012-06-29,09,11,30,36,39,45,14339750,573590,7823750
101000053,2012-07-03,11,18,21,34,41,49,13257025,530281,4361250
101000054,2012-07-06,04,11,18,19,27,31,15417025,616681,8382500
101000055,2012-07-10,03,16,26,28,31,41,14513400,580536,4853750
101000056,2012-07-13,08,15,28,35,41,46,15460575,618423,5623750
101000057,2012-07-17,17,19,22,25,30,37,14493075,579723,11133750
101000058,2012-07-20,11,14,22,34,41,44,16190575,647623,7991250
101000059,2012-07-24,05,11,21,24,37,39,15872900,634916,10773750
101000060,2012-07-27,05,07,09,22,27,34,15363275,614531,9695000
101000061,2012-07-31,01,24,28,33,43,44,13819875,552795,6411250
101000062,2012-08-03,13,14,18,27,29,44,14819500,592780,6733750
101000063,2012-08-07,12,23,28,29,43,47,14707450,588298,6622500
101000064,2012-08-10,01,03,14,24,26,45,16070550,642822,5420000
101000065,2012-08-14,02,19,27,31,38,49,14517800,580712,11498750
101000066,2012-08-17,07,38,39,43,47,48,14616550,584662,7110000
101000067,2012-08-21,06,29,40,44,46,47,13444000,537760,8338750
101000068,2012-08-24,07,34,35,42,43,47,14321350,572854,7337500
101000069,2012-08-28,01,03,06,30,38,41,13416675,536667,6491250
101000070,2012-08-31,18,28,31,34,36,45,14281950,571278,12097500
101000071,2012-09-04,10,21,32,36,40,48,14034650,561386,8752500
101000072,2012-09-07,07,17,19,24,30,44,15661750,626470,7035000
101000073,2012-09-11,03,04,21,30,31,48,14292075,571683,5475000
101000074,2012-09-14,20,31,32,33,37,38,14149200,565968,9921250
101000075,2012-09-18,12,13,18,39,44,48,13123750,524950,6220000
101000076,2012-09-21,22,29,30,36,37,42,14771725,590869,10888750
101000077,2012-09-25,18,19,34,35,45,49,14358550,574342,7505000
101000078,2012-09-28,04,06,22,41,42,47,15318200,612728,5501250
101000079,2012-10-02,01,03,07,09,28,40,14596400,583856,11390000
101000080,2012-10-05,09,17,18,33,44,47,16472175,658887,7602500
101000081,2012-10-09,08,15,18,30,31,41,16860525,674421,8910000
101000082,2012-10-12,05,11,12,30,43,48,15126475,605059,9972500
101000083,2012-10-16,02,03,28,35,44,45,13831225,553249,8765000
101000084,2012-10-19,13,25,27,39,45,49,14860300,594412,11510000
101000085,2012-10-23,02,07,19,20,25,46,13817225,552689,7082500
101000086,2012-10-26,01,17,20,28,32,41,14870125,594805,7823750
101000087,2012-10-30,10,14,20,25,36,46,12739175,509567,6956250
101000088,2012-11-02,04,18,24,36,37,38,14062650,562506,11485000
101000089,2012-11-06,08,13,41,42,47,48,14778500,591140,10512500
101000090,2012-11-09,09,25,31,37,38,45,15813600,632544,9907500
101000091,2012-11-13,02,11,14,22,25,31,14026300,561052,7118750
101000092,2012-11-16,17,18,32,33,41,42,15029925,601197,9860000
101000093,2012-11-20,06,20,23,24,27,34,13629350,545174,16916250
101000094,2012-11-23,02,03,04,14,18,46,14719675,588787,5446250
101000095,2012-11-27,05,09,13,18,19,31,12815575,512623,9158750
101000096,2012-11-30,05,18,26,31,37,43,14111550,564462,5222500
101000097,2012-12-04,02,23,29,30,41,43,13315675,532627,6627500
101000098,2012-12-07,08,11,13,19,23,28,15648750,625950,8213750
101000099,2012-12-11,05,12,14,22,38,44,14548775,581951,10617500
101000100,2012-12-14,08,11,17,21,28,49,15947675,637907,8382500
101000101,2012-12-18,05,07,10,15,19,44,14027600,561104,8743750
101000102,2012-12-21,13,17,22,25,31,48,15756625,630265,8801250
101000103,2012-12-25,12,18,25,32,41,47,14381050,575242,11411250
101000104,2012-12-28,05,14,18,28,37,42,15806825,632273,12668750
102000001,2013-01-01,03,04,22,32,33,49,13694425,547777,5473750
102000002,2013-01-04,01,07,24,31,35,47,15430725,617229,10141250
102000003,2013-01-08,05,06,14,19,27,33,14707375,588295,8625000
102000004,2013-01-11,01,10,24,33,44,48,16315325,652613,6442500
102000005,2013-01-15,02,08,32,34,44,46,14555275,582211,6075000
102000006,2013-01-18,22,27,30,33,37,46,15420925,616837,7573750
102000007,2013-01-22,02,14,23,25,31,47,14282625,571305,12215000
102000008,2013-01-25,02,04,11,18,48,49,16190275,647611,8003750
102000009,2013-01-29,03,07,31,32,34,43,14279775,571191,9036250
102000010,2013-02-01,01,26,28,37,39,46,16151125,646045,13507500
102000011,2013-02-05,08,15,19,25,30,38,15820300,632812,13138750
102000012,2013-02-08,04,11,22,26,38,47,17262700,690508,8408750
102000013,2013-02-09,05,11,17,22,30,34,8942225,357689,4118750
102000014,2013-02-10,09,10,12,21,31,35,11416225,456649,15840000
102000015,2013-02-11,06,16,40,45,46,48,10537200,421488,14550000
102000016,2013-02-12,03,13,19,24,27,38,13773550,550942,10356250
102000017,2013-02-15,02,08,17,30,34,40,17921950,716878,8271250
102000018,2013-02-19,07,23,24,28,32,40,17921675,716867,11121250
102000019,2013-02-22,07,09,17,25,28,35,17055425,682217,8588750
102000020,2013-02-26,08,15,21,30,36,39,15683500,627340,9702500
102000021,2013-03-01,01,26,34,35,36,37,17104400,684176,12813750
102000022,2013-03-05,05,24,30,35,36,38,15994800,639792,10215000
102000023,2013-03-08,12,13,16,29,44,45,17217950,688718,12352500
102000024,2013-03-12,16,20,35,46,47,49,16147800,645912,11022500
102000025,2013-03-15,05,13,23,37,43,44,16953800,678152,8996250
102000026,2013-03-19,01,12,25,37,39,40,14845675,593827,6547500
102000027,2013-03-22,05,07,13,23,24,30,16660900,666436,7741250
102000028,2013-03-26,01,09,20,28,39,42,13955650,558226,5835000
102000029,2013-03-29,02,03,08,15,24,46,16645275,665811,12596250
102000030,2013-04-02,11,15,20,23,26,35,14021300,560852,8220000
102000031,2013-04-05,04,07,13,17,21,35,13319800,532792,9097500
102000032,2013-04-09,07,16,35,45,47,48,14684425,587377,5758750
102000033,2013-04-12,01,03,18,22,29,32,14876525,595061,11646250
102000034,2013-04-16,06,18,40,43,45,48,13893950,555758,4563750
102000035,2013-04-19,03,36,37,40,42,48,14998175,599927,5077500
102000036,2013-04-23,12,15,29,31,36,45,13532850,541314,5380000
102000037,2013-04-26,15,17,19,30,40,47,14565525,582621,7936250
102000038,2013-04-30,10,30,32,37,46,47,13722875,548915,5586250
102000039,2013-05-03,01,04,08,22,32,45,14807500,592300,6950000
102000040,2013-05-07,09,11,14,25,33,35,14283250,571330,18003750
102000041,2013-05-10,02,17,25,32,39,43,16060000,642400,9886250
102000042,2013-05-14,01,06,07,27,30,39,13394575,535783,7066250
102000043,2013-05-17,05,10,16,22,23,24,14504350,580174,13851250
102000044,2013-05-21,24,29,35,39,42,49,13365025,534601,6887500
102000045,2013-05-24,10,27,28,31,37,41,14203875,568155,11867500
102000046,2013-05-28,07,10,16,17,30,43,13239175,529567,6735000
102000047,2013-05-31,03,06,10,33,39,44,14066600,562664,7737500
102000048,2013-06-04,14,19,34,43,46,47,13338550,533542,6901250
102000049,2013-06-07,03,14,29,33,39,48,15417700,616708,4265000
102000050,2013-06-11,16,20,34,42,46,49,15249875,609995,6221250
102000051,2013-06-14,04,16,22,32,35,47,15105650,604226,6891250
102000052,2013-06-18,04,11,25,36,41,43,13660025,546401,8382500
102000053,2013-06-21,10,29,35,39,41,44,14990550,599622,8786250
102000054,2013-06-25,07,18,26,28,34,38,14206775,568271,15433750
102000055,2013-06-28,22,26,31,42,44,49,14808950,592358,5613750
102000056,2013-07-02,01,05,18,21,40,44,13406150,536246,6242500
102000057,2013-07-05,11,14,28,39,40,45,14232050,569282,11897500
102000058,2013-07-09,19,24,28,29,41,43,13446025,537841,6391250
102000059,2013-07-12,15,24,29,34,47,48,14441525,577661,8486250
102000060,2013-07-16,10,13,16,29,31,37,13247575,529903,7277500
102000061,2013-07-19,03,05,09,15,30,49,14503350,580134,9973750
102000062,2013-07-23,04,17,24,27,35,49,13091575,523663,7142500
102000063,2013-07-26,08,17,21,34,39,45,13624775,544991,6181250
102000064,2013-07-30,06,15,16,22,43,45,12536050,501442,5848750
102000065,2013-08-02,07,27,43,44,45,46,13474950,538998,6703750
102000066,2013-08-06,01,04,17,27,32,48,12747825,509913,4037500
102000067,2013-08-09,03,04,12,13,24,30,13949125,557965,8220000
102000068,2013-08-13,12,14,16,34,37,48,12819750,512790,6153750
102000069,2013-08-16,04,17,24,27,29,40,13795275,551811,15875000
102000070,2013-08-20,05,07,16,28,31,49,12316375,492655,7738750
102000071,2013-08-23,05,11,12,14,31,35,13304100,532164,4883750
102000072,2013-08-27,05,08,11,14,15,36,12778600,511144,7366250
102000073,2013-08-30,02,21,24,27,36,46,13062275,522491,6402500
102000074,2013-09-03,11,13,22,29,39,48,12846200,513848,10185000
102000075,2013-09-06,06,07,14,33,36,48,14321275,572851,5735000
102000076,2013-09-10,01,10,14,34,42,47,13899125,555965,10146250
102000077,2013-09-13,12,16,26,27,28,45,14194800,567792,9437500
102000078,2013-09-17,01,08,17,19,40,46,13852925,554117,7790000
102000079,2013-09-20,06,12,19,28,39,47,12612400,504496,4346250
102000080,2013-09-24,07,09,15,23,34,35,12782175,511287,10008750
102000081,2013-09-27,01,12,18,19,38,46,13991000,559640,5766250
102000082,2013-10-01,01,04,14,17,23,46,13414375,536575,5686250
102000083,2013-10-04,07,12,18,25,28,48,13495575,539823,8202500
102000084,2013-10-08,04,06,07,11,26,31,13018925,520757,6386250
102000085,2013-10-11,02,10,32,37,46,49,13939975,557599,8607500
102000086,2013-10-15,08,13,16,20,22,28,12764900,510596,13357500
102000087,2013-10-18,09,11,17,39,40,43,13578625,543145,11775000
102000088,2013-10-22,07,08,16,23,32,39,12851950,514078,4542500
102000089,2013-10-25,03,08,10,11,35,36,13585875,543435,7128750
102000090,2013-10-29,01,04,21,30,39,42,12631325,505253,9008750
102000091,2013-11-01,06,16,26,31,36,46,13875175,555007,11151250
102000092,2013-11-05,03,12,27,29,37,46,12971675,518867,7212500
102000093,2013-11-08,01,03,28,30,33,39,14474650,578986,10922500
102000094,2013-11-12,03,12,22,23,29,46,13246500,529860,6305000
102000095,2013-11-15,02,04,18,31,36,43,14211875,568475,7618750
102000096,2013-11-19,15,16,33,35,36,46,13150050,526002,5056250
102000097,2013-11-22,08,09,11,24,40,47,13930675,557227,10481250
102000098,2013-11-26,01,10,11,15,20,21,13014425,520577,8348750
102000099,2013-11-29,02,08,13,19,30,31,14172700,566908,8292500
102000100,2013-12-03,08,10,17,38,44,49,13511525,540461,7341250
102000101,2013-12-06,04,06,08,10,15,36,15090275,603611,9952500
102000102,2013-12-10,06,11,27,34,42,49,13489200,539568,5068750
102000103,2013-12-13,10,16,26,28,41,48,14315550,572622,10308750
102000104,2013-12-17,01,04,09,14,22,28,12159150,486366,8285000
102000105,2013-12-20,08,09,14,17,25,45,13705900,548236,8288750
102000106,2013-12-24,09,21,24,33,36,43,13513125,540525,7983750
102000107,2013-12-27,02,12,16,31,39,43,14052875,562115,11002500
102000108,2013-12-31,05,27,29,36,40,42,14284775,571391,11087500
103000001,2014-01-03,11,18,20,21,35,37,13155450,526218,8968750
103000002,2014-01-07,01,07,21,25,35,36,12790175,511607,8496250
103000003,2014-01-10,07,17,19,30,32,37,14142425,565697,6708750
103000004,2014-01-14,02,11,21,41,45,49,12477225,499089,4492500
103000005,2014-01-17,13,15,20,26,29,36,14063300,562532,7441250
103000006,2014-01-21,12,15,22,38,43,44,13008000,520320,8851250
103000007,2014-01-24,01,04,20,29,41,45,14484100,579364,4682500
103000008,2014-01-28,01,02,05,07,26,30,14429875,577195,7600000
103000009,2014-01-30,09,22,44,45,48,49,7839250,313570,6226250
103000010,2014-01-31,17,23,27,38,48,49,11100850,444034,5011250
103000011,2014-02-01,06,09,13,19,36,37,9440375,377615,4380000
103000012,2014-02-02,03,13,14,19,24,45,10914600,436584,6532500
103000013,2014-02-03,01,02,16,17,27,30,8271975,330879,5291250
103000014,2014-02-04,08,12,19,32,42,46,11377950,455118,7230000
103000015,2014-02-07,05,11,12,21,22,28,14821000,592840,15958750
103000016,2014-02-11,06,15,21,22,31,44,13260825,530433,5890000
103000017,2014-02-14,10,19,20,24,33,48,14221650,568866,9185000
103000018,2014-02-18,06,19,20,26,32,47,13191975,527679,4020000
103000019,2014-02-21,11,12,23,28,40,48,13843625,553745,8593750
103000020,2014-02-25,03,05,09,12,13,46,13402975,536119,5270000
103000021,2014-02-28,13,17,18,24,28,32,13177600,527104,7277500
103000022,2014-03-04,08,26,35,37,40,43,12731000,509240,8348750
103000023,2014-03-07,06,18,26,30,37,38,14161800,566472,7737500
103000024,2014-03-11,13,15,16,20,40,43,13626850,545074,5011250
103000025,2014-03-14,02,08,27,40,41,47,14447875,577915,5501250
103000026,2014-03-18,12,26,28,35,39,40,12636375,505455,9936250
103000027,2014-03-21,08,18,26,31,46,47,13646900,545876,5032500
103000028,2014-03-25,19,23,25,30,42,47,12581850,503274,8280000
103000029,2014-03-28,09,18,23,35,36,47,13288250,531530,5355000
103000030,2014-04-01,18,22,29,30,46,47,12105525,484221,4460000
103000031,2014-04-04,08,24,35,37,41,47,12771800,510872,6185000
103000032,2014-04-08,01,14,17,27,28,45,12809300,512372,12067500
103000033,2014-04-11,01,03,04,09,12,17,13892575,555703,10827500
103000034,2014-04-15,05,08,24,26,35,44,12513175,500527,8582500
103000035,2014-04-18,08,09,15,40,44,48,13433850,537354,5566250
103000036,2014-04-22,11,12,15,18,20,37,12201350,488054,7935000
103000037,2014-04-25,04,24,34,35,38,46,13268050,530722,8438750
103000038,2014-04-29,02,09,27,30,44,46,12106475,484259,4248750
103000039,2014-05-02,01,07,23,25,37,40,13222675,528907,11332500
103000040,2014-05-06,10,25,35,39,40,46,12660675,506427,5198750
103000041,2014-05-09,01,11,13,21,27,37,13565600,542624,9093750
103000042,2014-05-13,15,20,29,31,32,44,12453600,498144,7668750
103000043,2014-05-16,14,31,38,41,42,45,13555175,542207,8110000
103000044,2014-05-20,06,13,30,33,34,35,11941050,477642,10423750
103000045,2014-05-23,11,17,22,27,30,46,12802300,512092,6516250
103000046,2014-05-27,10,19,23,26,32,39,12341550,493662,9246250
103000047,2014-05-30,09,17,21,24,30,35,13412300,536492,11172500
103000048,2014-06-03,16,31,32,33,35,44,12023900,480956,6256250
103000049,2014-06-06,25,29,40,41,47,49,13565625,542625,11370000
103000050,2014-06-10,03,11,28,32,33,35,12595250,503810,7973750
103000051,2014-06-13,04,21,28,32,37,42,13533750,541350,4745000
103000052,2014-06-17,03,06,18,20,25,48,12364875,494595,5318750
103000053,2014-06-20,12,14,16,33,36,47,12509250,500370,6803750
103000054,2014-06-24,01,08,12,14,40,41,11551575,462063,5480000
103000055,2014-06-27,13,21,27,34,35,36,12437700,497508,10967500
103000056,2014-07-01,06,07,08,09,21,48,12459825,498393,7083750
103000057,2014-07-04,03,14,17,24,27,48,12207125,488285,9711250
103000058,2014-07-08,10,22,25,33,39,47,12062075,482483,6110000
103000059,2014-07-11,01,07,14,15,18,30,12970950,518838,8770000
103000060,2014-07-15,07,18,23,32,34,48,12478625,499145,5910000
103000061,2014-07-18,01,02,15,19,21,30,13249600,529984,6632500
103000062,2014-07-22,03,09,13,17,28,42,12121100,484844,7631250
103000063,2014-07-25,05,21,30,32,35,45,12829825,513193,7587500
103000064,2014-07-29,31,32,34,36,44,47,11592750,463710,5455000
103000065,2014-08-01,05,08,21,23,32,45,12672675,506907,5228750
103000066,2014-08-05,04,11,26,33,40,42,11944325,477773,7145000
103000067,2014-08-08,26,31,32,38,42,45,13378400,535136,4478750
103000068,2014-08-12,04,06,10,12,34,45,12024300,480972,4565000
103000069,2014-08-15,18,23,29,46,47,48,13435425,537417,8305000
103000070,2014-08-19,06,07,09,12,14,19,11937300,477492,7587500
103000071,2014-08-22,08,16,23,30,31,43,13153600,526144,11992500
103000072,2014-08-26,01,17,19,23,32,43,12047575,481903,6121250
103000073,2014-08-29,09,10,21,23,38,39,13293250,531730,7433750
103000074,2014-09-02,07,08,36,39,42,43,11892375,475695,4291250
103000075,2014-09-05,10,16,25,27,32,36,13060800,522432,6226250
103000076,2014-09-09,21,23,29,41,42,49,11589375,463575,6486250
103000077,2014-09-12,02,23,27,31,36,49,13016875,520675,5051250
103000078,2014-09-16,07,12,16,18,19,41,11529000,461160,8217500
103000079,2014-09-19,02,06,17,29,32,39,12444075,497763,8286250
103000080,2014-09-23,02,11,20,28,32,38,11395075,455803,6320000
103000081,2014-09-26,08,15,19,22,29,37,12734775,509391,10491250
103000082,2014-09-30,18,35,36,41,47,49,12189750,487590,7606250
103000083,2014-10-03,10,14,19,24,35,37,12699200,507968,7065000
103000084,2014-10-07,17,18,40,41,45,47,12160275,486411,6253750
103000085,2014-10-10,01,11,19,24,26,28,12417125,496685,10985000
103000086,2014-10-14,09,10,14,20,36,47,12144275,485771,7118750
103000087,2014-10-17,02,11,20,32,33,36,12873775,514951,4461250
103000088,2014-10-21,14,28,31,38,42,44,11793200,471728,7055000
103000089,2014-10-24,01,17,20,36,37,45,12647225,505889,5641250
103000090,2014-10-28,05,16,25,32,37,44,11633900,465356,4500000
103000091,2014-10-31,02,08,10,14,27,49,12679850,507194,7963750
103000092,2014-11-04,03,20,30,35,38,41,11941300,477652,6790000
103000093,2014-11-07,11,19,25,27,40,49,13331500,533260,11050000
103000094,2014-11-11,05,11,18,23,36,43,12458625,498345,10717500
103000095,2014-11-14,15,16,29,34,41,44,13017775,520711,8105000
103000096,2014-11-18,11,12,20,26,28,43,12042550,481702,6680000
103000097,2014-11-21,02,03,22,26,32,34,12945750,517830,6352500
103000098,2014-11-25,01,15,16,32,44,48,12716675,508667,4573750
103000099,2014-11-28,01,10,21,35,40,44,12969650,518786,5351250
103000100,2014-12-02,09,11,13,23,26,42,11295050,451802,7982500
103000101,2014-12-05,11,18,30,34,37,47,12549950,501998,4723750
103000102,2014-12-09,07,09,23,33,41,43,11982625,479305,5501250
103000103,2014-12-12,07,08,24,29,32,48,12782075,511283,8566250
103000104,2014-12-16,17,28,32,34,35,45,11804350,472174,8541250
103000105,2014-12-19,01,09,24,32,41,49,12819125,512765,5223750
103000106,2014-12-23,03,27,30,31,32,39,11989450,479578,8492500
103000107,2014-12-26,09,27,32,42,45,49,12566825,502673,5518750
103000108,2014-12-30,07,30,32,44,48,49,12472550,498902,7582500
104000001,2015-01-02,13,22,23,29,31,48,12327775,493111,5650000
104000002,2015-01-06,11,16,29,30,37,43,12840925,513637,6215000
104000003,2015-01-09,07,08,18,21,23,24,14249900,569996,9848750
104000004,2015-01-13,02,14,16,22,37,46,13172175,526887,6123750
104000005,2015-01-16,02,17,28,32,38,46,13910550,556422,8736250
104000006,2015-01-20,09,24,28,35,45,47,12860850,514434,7097500
104000007,2015-01-23,08,16,20,38,39,42,13347500,533900,10692500
104000008,2015-01-27,04,09,15,21,27,45,12563575,502543,10715000
104000009,2015-01-30,03,14,24,35,39,44,13179450,527178,6103750
104000010,2015-02-03,05,13,15,16,18,30,12360975,494439,8192500
104000011,2015-02-06,05,11,29,36,42,46,13882075,555283,6101250
104000012,2015-02-10,14,15,26,29,35,44,13382975,535319,5038750
104000013,2015-02-13,01,09,15,25,29,35,14586950,583478,12112500
104000014,2015-02-17,03,11,15,23,40,46,14338600,573544,5376250
104000015,2015-02-18,03,06,15,16,27,31,8244400,329776,4111250
104000016,2015-02-19,07,25,27,31,40,49,8139125,325565,3017500
104000017,2015-02-20,05,09,10,28,29,45,11215500,448620,7552500
104000018,2015-02-21,02,05,11,17,27,40,8252650,330106,5051250
104000019,2015-02-22,03,06,12,34,37,43,10151000,406040,8213750
104000020,2015-02-23,14,20,21,32,38,43,8159225,326369,4008750
104000021,2015-02-24,03,28,39,41,46,48,11756875,470275,6776250
104000022,2015-02-27,02,06,27,34,38,43,13719850,548794,8997500
104000023,2015-03-03,04,06,11,41,43,46,12623425,504937,4495000
104000024,2015-03-06,06,21,22,35,37,44,13598500,543940,7726250
104000025,2015-03-10,03,11,25,34,46,47,13173375,526935,5587500
104000026,2015-03-13,06,09,14,16,22,33,14000650,560026,9376250
104000027,2015-03-17,05,32,36,40,42,49,12999175,519967,8177500
104000028,2015-03-20,04,07,09,13,29,46,14024525,560981,9781250
104000029,2015-03-24,03,04,06,09,17,24,12508375,500335,10677500
104000030,2015-03-27,12,13,15,18,24,36,13395875,535835,10873750
104000031,2015-03-31,02,04,13,25,32,43,12670425,506817,5450000
104000032,2015-04-03,13,32,36,40,42,43,12554800,502192,5901250
104000033,2015-04-07,11,17,19,33,45,47,12172175,486887,7998750
104000034,2015-04-10,10,11,17,20,42,44,13418950,536758,6350000
104000035,2015-04-14,01,22,23,38,48,49,12376850,495074,12583750
104000036,2015-04-17,26,32,33,36,45,47,12806650,512266,10400000
104000037,2015-04-21,01,03,11,22,29,33,12108900,484356,8211250
104000038,2015-04-24,13,25,31,35,41,46,12768200,510728,7805000
104000039,2015-04-28,03,05,12,26,36,44,11910400,476416,6476250
104000040,2015-05-01,08,15,25,29,47,49,12296775,491871,9265000
104000041,2015-05-05,08,28,41,42,44,49,11972750,478910,3622500
104000042,2015-05-08,02,10,15,28,44,49,13632875,545315,3537500
104000043,2015-05-12,01,13,23,29,31,33,12622775,504911,10747500
104000044,2015-05-15,03,06,18,27,29,32,13716200,548648,9365000
104000045,2015-05-19,15,16,29,39,42,46,11941775,477671,4755000
104000046,2015-05-22,03,21,23,28,37,43,13121350,524854,8417500
104000047,2015-05-26,02,10,11,20,26,45,12268300,490732,9337500
104000048,2015-05-29,02,05,11,28,32,34,12836500,513460,6007500
104000049,2015-06-02,01,07,19,20,46,47,12111975,484479,5606250
104000050,2015-06-05,08,21,32,35,41,48,12073975,482959,6836250
104000051,2015-06-09,03,20,27,34,37,44,11604125,464165,5762500
104000052,2015-06-12,08,19,22,24,26,28,12672350,506894,13302500
104000053,2015-06-16,03,04,25,35,41,45,12027050,481082,7852500
104000054,2015-06-19,03,05,11,18,25,38,12594375,503775,9818750
104000055,2015-06-23,02,13,33,35,43,45,10871375,434855,6055000
104000056,2015-06-26,05,06,12,28,29,41,12605725,504229,8420000
104000057,2015-06-30,18,19,32,35,46,48,10973750,438950,4748750
104000058,2015-07-03,21,23,28,29,41,46,11856050,474242,5601250
104000059,2015-07-07,01,14,27,33,42,46,11607200,464288,6242500
104000060,2015-07-10,05,06,13,26,29,47,11810000,472400,6196250
104000061,2015-07-14,10,12,14,19,30,45,11331250,453250,7368750
104000062,2015-07-17,04,07,20,27,33,40,12232825,489313,7663750
104000063,2015-07-21,08,09,16,39,40,44,11751150,470046,10308750
104000064,2015-07-24,10,12,25,33,39,42,12352625,494105,4988750
104000065,2015-07-28,06,15,27,32,44,49,11110200,444408,9858750
104000066,2015-07-31,13,16,18,30,32,40,12133075,485323,5962500
104000067,2015-08-04,03,12,17,19,38,48,11219250,448770,7751250
104000068,2015-08-07,25,26,27,28,36,37,12710350,508414,14387500
104000069,2015-08-11,01,02,35,43,45,46,11963000,478520,13071250
104000070,2015-08-14,05,13,14,23,24,42,12554950,502198,9561250
104000071,2015-08-18,08,20,29,30,42,49,11657925,466317,5863750
104000072,2015-08-21,10,15,20,21,27,36,12428575,497143,7647500
104000073,2015-08-25,13,15,22,26,45,47,11880175,475207,6228750
104000074,2015-08-28,08,11,12,15,40,46,12108300,484332,6197500
104000075,2015-09-01,09,18,19,20,40,48,11224625,448985,6758750
104000076,2015-09-04,19,20,44,46,47,49,12869650,514786,7563750
104000077,2015-09-08,08,28,31,32,36,43,12337275,493491,14606250
104000078,2015-09-11,05,10,18,29,41,44,13734150,549366,8746250
104000079,2015-09-15,02,13,30,31,34,44,12801350,512054,5065000
104000080,2015-09-18,06,16,17,36,37,41,12774775,510991,10391250
104000081,2015-09-22,06,10,39,44,46,47,12822975,512919,5195000
104000082,2015-09-25,09,13,21,25,38,39,13278450,531138,10280000
104000083,2015-09-29,01,03,25,31,35,44,10710025,428401,5992500
104000084,2015-10-02,11,15,36,41,44,45,12240200,489608,10301250
104000085,2015-10-06,03,08,10,28,38,47,12005500,480220,6973750
104000086,2015-10-09,02,08,22,27,35,43,12466575,498663,8505000
104000087,2015-10-13,24,29,31,32,44,49,12023700,480948,10446250
104000088,2015-10-16,20,25,29,31,40,44,13252025,530081,8658750
104000089,2015-10-20,12,17,32,37,38,39,12551500,502060,9892500
104000090,2015-10-23,01,16,41,43,46,47,12837325,513493,8090000
104000091,2015-10-27,07,08,10,17,34,36,11626075,465043,7057500
104000092,2015-10-30,03,06,08,15,20,30,12320900,492836,8796250
104000093,2015-11-03,08,16,22,28,45,48,11773925,470957,5836250
104000094,2015-11-06,08,24,27,30,45,49,13161425,526457,4468750
104000095,2015-11-10,07,10,11,27,28,45,12039100,481564,6298750
104000096,2015-11-13,01,11,16,18,31,33,13088950,523558,7230000
104000097,2015-11-17,02,07,26,31,44,47,11738225,469529,4827500
104000098,2015-11-20,04,09,10,39,40,42,11741325,469653,11463750
104000099,2015-11-24,01,09,13,28,29,48,11015000,440600,4706250
104000100,2015-11-27,04,05,23,25,40,41,11586500,463460,6495000
104000101,2015-12-01,06,13,15,19,37,41,11104925,444197,5892500
104000102,2015-12-04,16,21,34,37,41,47,12144900,485796,4920000
104000103,2015-12-08,08,15,32,36,40,43,11118750,444750,11627500
104000104,2015-12-11,01,04,25,29,42,43,12835200,513408,9340000
104000105,2015-12-15,04,11,18,22,23,31,11625500,465020,7411250
104000106,2015-12-18,05,06,11,15,18,25,11987875,479515,7968750
104000107,2015-12-22,08,12,13,29,37,49,11524925,460997,9510000
104000108,2015-12-25,03,07,11,12,16,30,12206400,488256,6943750
104000109,2015-12-29,01,08,13,30,32,42,11188450,447538,4187500
105000001,2016-01-01,16,19,24,29,41,43,11619875,464795,8437500
105000002,2016-01-05,01,03,07,15,25,33,12081875,483275,7977500
105000003,2016-01-08,03,10,13,28,44,48,13577750,543110,9007500
105000004,2016-01-12,05,15,18,39,40,44,12129400,485176,5406250
105000005,2016-01-15,06,11,16,17,27,42,12930525,517221,9340000
105000006,2016-01-19,04,09,14,23,44,46,12241625,489665,12120000
105000007,2016-01-22,10,15,17,20,43,46,12450075,498003,5451250
105000008,2016-01-26,11,13,17,35,39,46,11836525,473461,5952500
105000009,2016-01-29,16,35,38,44,45,48,12182600,487304,10541250
105000010,2016-02-02,15,21,23,26,43,48,12242200,489688,5990000
105000011,2016-02-05,04,05,26,30,38,41,14714800,588592,5160000
105000012,2016-02-07,04,11,21,25,35,37,8908500,356340,3898750
105000013,2016-02-08,08,12,13,16,27,32,7080000,283200,7357500
105000014,2016-02-09,09,24,25,31,37,45,10182725,407309,5576250
105000015,2016-02-10,18,19,22,32,44,47,7680275,307211,6360000
105000016,2016-02-11,03,13,29,30,34,48,7652275,306091,3231250
105000017,2016-02-12,06,10,11,22,32,45,10605775,424231,5263750
105000018,2016-02-13,04,06,18,29,35,48,7776050,311042,2255000
105000019,2016-02-14,01,03,16,20,21,26,10665575,426623,5503750
105000020,2016-02-16,11,23,29,33,34,40,11089125,443565,7913750
105000021,2016-02-19,11,20,23,30,39,44,12826575,513063,6480000
105000022,2016-02-23,10,14,19,20,43,45,11729050,469162,5758750
105000023,2016-02-26,03,09,17,21,41,46,12981400,519256,11233750
105000024,2016-03-01,07,14,17,22,23,34,11525525,461021,5266250
105000025,2016-03-04,05,07,12,17,22,29,12901350,516054,6465000
105000026,2016-03-08,03,27,30,35,39,41,12206450,488258,6492500
105000027,2016-03-11,09,16,30,34,36,49,12478250,499130,4913750
105000028,2016-03-15,06,14,30,42,47,48,11442350,457694,7310000
105000029,2016-03-18,01,03,04,18,25,47,12122900,484916,8742500
105000030,2016-03-22,07,11,16,20,30,33,11730075,469203,6760000
105000031,2016-03-25,07,11,22,37,40,41,11531025,461241,4891250
105000032,2016-03-29,01,17,18,34,46,47,11359850,454394,3813750
105000033,2016-04-01,08,12,16,29,37,39,12371675,494867,11215000
105000034,2016-04-05,14,23,26,32,38,43,11096475,443859,11748750
105000035,2016-04-08,02,07,13,30,36,45,12837850,513514,9216250
105000036,2016-04-12,11,14,19,39,45,49,11916250,476650,6800000
105000037,2016-04-15,09,13,17,28,45,47,12016350,480654,7397500
105000038,2016-04-19,12,21,39,41,46,47,11331700,453268,5392500
105000039,2016-04-22,12,19,23,33,46,48,12080625,483225,3968750
105000040,2016-04-26,06,12,21,25,34,43,11389375,455575,4857500
105000041,2016-04-29,08,14,27,31,36,40,12126900,485076,8646250
105000042,2016-05-03,01,07,17,40,41,43,11317325,452693,5072500
105000043,2016-05-06,01,26,37,39,42,48,12026325,481053,6360000
105000044,2016-05-10,03,04,08,22,36,38,11279200,451168,7691250
105000045,2016-05-13,03,10,22,31,35,38,12592250,503690,4948750
105000046,2016-05-17,02,03,20,23,34,42,11540650,461626,5535000
105000047,2016-05-20,05,10,25,30,40,43,12149775,485991,10267500
105000048,2016-05-24,06,08,13,21,33,39,11093000,443720,7418750
105000049,2016-05-27,02,09,13,16,24,39,12384025,495361,5690000
105000050,2016-05-31,01,02,05,32,45,46,11388500,455540,4730000
105000051,2016-06-03,03,10,27,33,41,44,11323375,452935,7102500
105000052,2016-06-07,05,08,23,31,39,44,11769000,470760,8245000
105000053,2016-06-10,04,13,15,22,23,48,11291100,451644,6198750
105000054,2016-06-14,12,13,16,33,35,37,10815125,432605,5596250
105000055,2016-06-17,07,10,17,20,21,31,11263800,450552,8437500
105000056,2016-06-21,02,27,34,35,36,49,10631950,425278,5632500
105000057,2016-06-24,14,17,27,28,39,41,11380625,455225,9285000
105000058,2016-06-28,07,08,25,39,45,46,10370400,414816,5471250
105000059,2016-07-01,08,20,24,34,41,43,10968400,438736,4040000
105000060,2016-07-05,06,09,15,17,40,47,10447900,417916,7518750
105000061,2016-07-08,09,10,13,19,23,35,10376825,415073,6287500
105000062,2016-07-12,25,31,34,42,43,46,11153125,446125,5557500
105000063,2016-07-15,24,25,29,33,35,38,11568900,462756,6695000
105000064,2016-07-19,07,13,33,40,45,46,10810175,432407,3407500
105000065,2016-07-22,02,10,17,27,33,49,11111500,444460,4808750
105000066,2016-07-26,09,15,19,22,35,41,10805425,432217,4912500
105000067,2016-07-29,09,15,27,28,30,41,11406750,456270,4808750
105000068,2016-08-02,04,15,20,22,28,29,11265200,450608,4405000
105000069,2016-08-05,01,02,22,27,35,40,12124125,484965,5390000
105000070,2016-08-09,15,17,30,35,37,45,10624900,424996,4676250
105000071,2016-08-12,08,20,33,35,42,43,11376550,455062,7412500
105000072,2016-08-16,05,14,15,20,27,29,10610450,424418,6767500
105000073,2016-08-19,05,19,26,44,46,48,11275000,451000,8276250
105000074,2016-08-23,25,26,37,38,44,48,11147725,445909,5543750
105000075,2016-08-26,09,28,34,41,42,49,11947725,477909,6846250
105000076,2016-08-30,01,11,18,27,36,46,10770550,430822,9253750
105000077,2016-09-02,09,11,20,21,45,46,10730000,429200,4383750
105000078,2016-09-06,04,07,20,23,28,45,10698150,427926,4990000
105000079,2016-09-09,01,12,35,36,41,44,11064350,442574,6306250
105000080,2016-09-13,03,16,22,33,40,41,11324600,452984,9210000
105000081,2016-09-16,17,23,30,31,34,49,11257400,450296,7672500
105000082,2016-09-20,04,07,17,22,44,45,11240975,449639,5282500
105000083,2016-09-23,01,02,29,31,33,43,11958275,478331,4973750
105000084,2016-09-27,14,15,16,35,46,48,6959550,278382,3717500
105000085,2016-09-30,04,10,31,38,40,48,11394250,455770,4680000
105000086,2016-10-04,11,23,30,35,40,44,11099825,443993,5873750
105000087,2016-10-07,10,16,30,33,37,42,12351500,494060,7578750
105000088,2016-10-11,02,08,13,14,37,39,11649050,465962,7672500
105000089,2016-10-14,10,23,29,30,44,47,11204750,448190,6323750
105000090,2016-10-18,14,15,16,24,44,47,10429675,417187,4053750
105000091,2016-10-21,02,08,21,32,33,37,11068800,442752,5382500
105000092,2016-10-25,05,15,25,27,33,34,10115225,404609,7250000
105000093,2016-10-28,01,10,13,33,37,38,11135075,445403,6351250
105000094,2016-11-01,10,11,15,20,31,49,10337850,413514,7655000
105000095,2016-11-04,02,03,17,28,38,49,11696325,467853,5773750
105000096,2016-11-08,03,06,11,17,22,49,10867850,434714,5127500
105000097,2016-11-11,02,07,08,22,28,32,11811400,472456,6056250
105000098,2016-11-15,07,08,25,33,41,43,10704625,428185,4546250
105000099,2016-11-18,06,18,24,25,26,34,11674575,466983,10221250
105000100,2016-11-22,01,21,24,25,34,44,10372625,414905,3167500
105000101,2016-11-25,01,03,22,28,37,42,11147700,445908,5796250
105000102,2016-11-29,03,21,26,28,38,40,10624725,424989,4876250
105000103,2016-12-02,05,25,26,34,40,49,11566150,462646,4266250
105000104,2016-12-06,27,30,32,41,44,46,11140575,445623,6492500
105000105,2016-12-09,12,28,38,42,44,49,12111825,484473,6713750
105000106,2016-12-13,19,29,33,36,39,49,11309975,452399,11251250
105000107,2016-12-16,11,19,25,34,36,42,11590625,463625,5408750
105000108,2016-12-20,01,29,35,36,44,46,11232675,449307,6972500
105000109,2016-12-23,08,23,28,38,41,42,11701600,468064,11995000
105000110,2016-12-27,10,25,26,29,31,40,11623450,464938,7970000
105000111,2016-12-30,06,07,35,37,38,47,12436150,497446,7022500
106000001,2017-01-03,18,22,41,42,47,49,11083050,443322,6266250
106000002,2017-01-06,12,14,32,35,40,43,13037875,521515,6605000
106000003,2017-01-10,04,13,14,37,39,46,12066875,482675,8961250
106000004,2017-01-13,14,19,21,25,27,38,12626650,505066,8591250
106000005,2017-01-17,04,12,17,28,34,40,12228225,489129,9285000
106000006,2017-01-20,01,05,16,18,31,41,13242900,529716,8336250
106000007,2017-01-24,01,09,17,31,33,48,12942725,517709,9515000
106000008,2017-01-27,01,05,07,31,35,49,13593600,543744,5142500
106000009,2017-01-28,01,19,20,25,30,32,7704700,308188,4065000
106000010,2017-01-29,03,08,09,12,14,22,11551925,462077,11212500
106000011,2017-01-30,10,19,26,29,43,45,8599275,343971,6668750
106000012,2017-01-31,04,11,16,28,33,46,10931100,437244,7072500
106000013,2017-02-01,04,09,11,32,43,47,9039075,361563,2670000
106000014,2017-02-03,02,11,25,29,30,33,13008750,520350,6637500
106000015,2017-02-07,06,18,19,23,32,49,12224800,488992,5706250
106000016,2017-02-10,07,11,12,15,24,26,12455775,498231,10855000
106000017,2017-02-14,10,11,21,23,28,37,12152275,486091,6878750
106000018,2017-02-17,06,16,21,23,46,49,13032000,521280,3612500
106000019,2017-02-21,08,10,15,32,39,48,12482125,499285,8688750
106000020,2017-02-24,12,16,35,38,41,47,13347100,533884,8593750
106000021,2017-02-28,06,14,15,19,30,43,12806225,512249,6006250
106000022,2017-03-03,02,16,20,37,43,48,12817525,512701,6115000
106000023,2017-03-07,06,12,22,31,41,44,11829275,473171,5076250
106000024,2017-03-10,11,12,21,35,41,48,13964700,558588,5290000
106000025,2017-03-14,15,17,20,32,33,39,13355425,534217,10721250
106000026,2017-03-17,04,17,25,36,40,44,13079125,523165,10998750
106000027,2017-03-21,08,16,27,32,43,44,13285225,531409,6565000
106000028,2017-03-24,24,36,39,41,45,49,12875375,515015,11108750
106000029,2017-03-28,21,22,32,37,42,44,12189450,487578,6261250
106000030,2017-03-31,17,18,22,24,25,38,13619475,544779,6558750
106000031,2017-04-04,05,17,33,34,43,44,12427675,497107,8021250
106000032,2017-04-07,19,23,31,32,37,49,14348400,573936,9237500
106000033,2017-04-11,09,22,31,36,40,47,12057375,482295,4655000
106000034,2017-04-14,02,03,04,23,29,42,12618600,504744,6865000
106000035,2017-04-18,14,21,25,35,36,39,10969625,438785,5420000
106000036,2017-04-21,05,15,22,23,28,39,13184625,527385,8857500
106000037,2017-04-25,16,17,30,32,35,41,12762600,510504,10015000
106000038,2017-04-28,01,03,19,31,32,42,12384075,495363,5175000
106000039,2017-05-02,14,23,24,27,36,39,10910200,436408,8568750
106000040,2017-05-05,01,09,18,19,34,49,12086575,483463,5858750
106000041,2017-05-09,16,17,20,21,32,40,11315500,452620,13773750
106000042,2017-05-12,02,09,18,22,25,35,12290350,491614,8021250
106000043,2017-05-16,05,06,07,14,29,46,10744850,429794,8078750
106000044,2017-05-19,15,16,21,23,28,46,12439850,497594,7591250
106000045,2017-05-23,02,10,15,22,26,32,12893400,515736,7683750
106000046,2017-05-26,08,14,16,19,21,35,12417875,496715,8525000
106000047,2017-05-30,07,14,19,30,31,39,11036250,441450,5055000
106000048,2017-06-02,03,07,08,23,30,31,12062825,482513,5852500
106000049,2017-06-06,14,16,25,32,36,48,11114325,444573,9331250
106000050,2017-06-09,24,26,31,32,37,46,12973175,518927,5477500
106000051,2017-06-13,02,04,17,22,36,43,10971175,438847,5118750
106000052,2017-06-16,01,15,21,26,36,45,11483350,459334,4351250
106000053,2017-06-20,01,12,29,30,33,44,11351475,454059,6665000
106000054,2017-06-23,02,08,12,34,41,42,11682475,467299,5532500
106000055,2017-06-27,11,33,34,46,47,49,10799875,431995,7225000
106000056,2017-06-30,08,12,22,30,32,36,10900200,436008,7936250
106000057,2017-07-04,04,21,27,28,30,35,10529625,421185,9910000
106000058,2017-07-07,18,30,40,42,44,49,11787925,471517,5143750
106000059,2017-07-11,06,16,19,23,33,39,12541450,501658,10320000
106000060,2017-07-14,16,18,19,25,26,32,12056575,482263,9643750
106000061,2017-07-18,13,14,21,29,42,48,11358350,454334,8203750
106000062,2017-07-21,02,12,24,32,42,47,11846850,473874,5942500
106000063,2017-07-25,02,11,23,30,33,42,10866525,434661,5662500
106000064,2017-07-28,11,13,18,22,38,39,11502900,460116,7123750
106000065,2017-08-01,02,12,21,30,42,47,12344475,493779,10435000
106000066,2017-08-04,15,16,26,27,39,45,12097450,483898,6035000
106000067,2017-08-08,06,09,23,27,34,46,11457825,458313,5030000
106000068,2017-08-11,02,08,09,18,27,37,12061525,482461,6226250
106000069,2017-08-15,13,16,27,28,33,42,10724875,428995,8773750
106000070,2017-08-18,07,10,12,35,38,47,11807925,472317,11127500
106000071,2017-08-22,04,10,13,36,44,45,10941275,437651,3288750
106000072,2017-08-25,01,04,19,24,28,31,12961100,518444,8697500
106000073,2017-08-29,05,18,25,31,48,49,10579825,423193,6840000
106000074,2017-09-01,05,11,14,16,36,40,11584150,463366,4600000
106000075,2017-09-05,13,17,23,27,33,41,11268550,450742,8796250
106000076,2017-09-08,08,13,15,19,29,42,12266475,490659,11888750
106000077,2017-09-12,07,23,29,36,45,49,11663375,466535,3691250
106000078,2017-09-15,03,08,11,16,33,37,11977575,479103,6600000
106000079,2017-09-19,02,12,15,18,37,40,10947975,437919,5103750
106000080,2017-09-22,18,35,39,43,47,49,13005375,520215,6185000
106000081,2017-09-26,10,11,14,19,22,38,10673850,426954,8736250
106000082,2017-09-29,03,14,16,21,33,36,11314800,452592,9543750
106000083,2017-10-03,15,18,25,30,33,44,11478200,459128,8845000
106000084,2017-10-06,04,28,32,37,41,45,12265250,490610,8926250
106000085,2017-10-10,06,28,29,30,31,39,11243300,449732,6710000
106000086,2017-10-13,05,08,23,34,44,46,11444025,457761,9052500
106000087,2017-10-17,01,03,06,11,19,27,11360325,454413,10878750
106000088,2017-10-20,03,08,18,19,26,42,11905850,476234,4718750
106000089,2017-10-24,02,03,05,14,16,29,11136225,445449,6792500
106000090,2017-10-27,02,11,17,22,38,40,11943150,477726,7581250
106000091,2017-10-31,04,25,31,36,39,46,11490625,459625,7513750
106000092,2017-11-03,08,20,23,33,36,43,12114775,484591,10908750
106000093,2017-11-07,05,06,12,22,30,48,11775325,471013,6111250
106000094,2017-11-10,10,15,24,26,29,35,12020900,480836,14190000
106000095,2017-11-14,05,15,24,25,44,47,11357900,454316,4833750
106000096,2017-11-17,02,14,19,28,39,46,12077375,483095,6887500
106000097,2017-11-21,04,23,25,28,39,43,11494850,459794,4645000
106000098,2017-11-24,04,08,10,14,41,45,11662475,466499,4988750
106000099,2017-11-28,09,14,17,19,46,47,11138675,445547,4231250
106000100,2017-12-01,02,03,05,28,42,48,11777700,471108,6857500
106000101,2017-12-05,01,12,13,37,41,43,11333325,453333,8050000
106000102,2017-12-08,01,05,08,10,34,35,12473225,498929,10287500
106000103,2017-12-12,16,19,28,37,38,41,11498625,459945,5757500
106000104,2017-12-15,17,19,24,27,31,37,12354875,494195,7192500
106000105,2017-12-19,03,14,18,31,41,42,11553600,462144,5830000
106000106,2017-12-22,12,18,20,21,31,37,12479375,499175,6023750
106000107,2017-12-26,07,08,10,20,24,27,11645825,465833,6941250
106000108,2017-12-29,11,12,15,20,27,47,12724275,508971,5890000
107000001,2018-01-02,02,06,12,18,36,46,11445550,457822,6473750
107000002,2018-01-05,04,13,17,29,31,44,12504100,500164,9205000
107000003,2018-01-09,02,10,22,23,24,37,11921100,476844,8525000
107000004,2018-01-12,01,07,14,22,40,45,13239600,529584,5938750
107000005,2018-01-16,08,26,29,32,36,39,11849725,473989,9007500
107000006,2018-01-19,02,13,16,22,26,48,12154475,486179,3932500
107000007,2018-01-23,02,12,26,28,33,34,11454250,458170,7541250
107000008,2018-01-26,07,23,32,34,43,47,11921475,476859,7360000
107000009,2018-01-30,07,08,15,23,31,36,10954175,438167,9768750
107000010,2018-02-02,01,02,10,11,26,43,11783350,471334,6171250
107000011,2018-02-06,06,10,24,27,41,43,11732850,469314,4731250
107000012,2018-02-09,12,17,20,21,30,45,12508975,500359,9413750
107000013,2018-02-13,04,10,19,26,35,45,12505075,500203,5813750
107000014,2018-02-15,07,21,22,37,41,48,9004650,360186,3331250
107000015,2018-02-16,04,07,23,24,27,41,10517625,420705,4253750
107000016,2018-02-17,03,05,17,32,33,47,9267550,370702,5468750
107000017,2018-02-18,07,08,20,28,34,46,12595675,503827,9725000
107000018,2018-02-19,07,09,19,22,36,49,9925075,397003,8027500
107000019,2018-02-20,12,33,34,38,40,46,11211600,448464,4125000
107000020,2018-02-23,03,07,15,16,18,41,12264875,490595,8310000
107000021,2018-02-27,01,03,18,23,28,44,12196400,487856,5568750
107000022,2018-03-02,01,12,17,25,31,48,12605950,504238,6887500
107000023,2018-03-06,09,11,13,17,38,42,11907125,476285,8138750
107000024,2018-03-09,12,15,18,27,30,38,12224400,488976,7358750
107000025,2018-03-13,14,20,22,27,28,38,11840875,473635,6626250
107000026,2018-03-16,03,14,16,17,43,46,12237850,489514,5887500
107000027,2018-03-20,08,09,23,30,37,41,11001950,440078,7522500
107000028,2018-03-23,04,09,13,32,34,41,11635075,465403,4548750
107000029,2018-03-27,13,15,24,30,38,40,11434950,457398,4967500
107000030,2018-03-30,01,05,13,43,44,47,11792525,471701,4925000
107000031,2018-04-03,01,07,22,32,34,36,11456550,458262,6120000
107000032,2018-04-06,07,25,31,34,47,49,10891550,435662,3362500
107000033,2018-04-10,07,27,32,34,41,47,11384125,455365,5591250
107000034,2018-04-13,01,12,25,28,40,46,12251375,490055,5317500
107000035,2018-04-17,07,16,31,38,40,41,11244750,449790,5186250
107000036,2018-04-20,10,14,32,33,35,46,11786650,471466,5898750
107000037,2018-04-24,09,10,19,21,35,36,9997500,399900,5451250
107000038,2018-04-27,04,25,26,27,30,48,11113325,444533,9321250
107000039,2018-05-01,08,29,33,34,46,49,10640625,425625,5736250
107000040,2018-05-04,10,22,30,33,36,47,11493275,459731,4231250
107000041,2018-05-08,03,08,21,22,37,41,11096975,443879,5492500
107000042,2018-05-11,04,11,25,35,37,48,11925900,477036,5576250
107000043,2018-05-15,02,12,13,16,32,43,11193450,447738,10565000
107000044,2018-05-18,01,11,36,38,41,42,11995775,479831,6453750
107000045,2018-05-22,02,13,24,29,41,49,11445025,457801,5042500
107000046,2018-05-25,01,06,22,24,32,42,12095950,483838,5363750
107000047,2018-05-29,11,14,20,26,37,41,11141800,445672,5615000
107000048,2018-06-01,16,26,28,33,42,49,10694350,427774,4531250
107000049,2018-06-05,02,17,22,25,26,41,10383775,415351,6661250
107000050,2018-06-08,02,09,17,31,32,40,11310900,452436,3786250
107000051,2018-06-12,02,03,14,15,35,37,10698375,427935,3862500
107000052,2018-06-15,16,25,28,30,44,46,11109200,444368,7735000
107000053,2018-06-19,08,09,28,34,37,42,10038525,401541,4687500
107000054,2018-06-22,06,07,11,25,26,30,10705450,428218,5645000
107000055,2018-06-26,05,09,11,23,37,44,10158050,406322,4156250
107000056,2018-06-29,04,13,27,30,37,41,10655050,426202,5712500
107000057,2018-07-03,09,11,20,31,34,44,9962925,398517,4852500
107000058,2018-07-06,02,03,21,28,32,47,11201025,448041,8415000
107000059,2018-07-10,09,11,21,24,39,43,10649675,425987,5923750
107000060,2018-07-13,02,14,21,31,42,46,11381200,455248,4290000
107000061,2018-07-17,11,20,26,34,41,43,10732950,429318,8346250
107000062,2018-07-20,09,12,13,24,39,45,11652325,466093,6580000
107000063,2018-07-24,24,25,29,32,42,49,10471600,418864,6455000
107000064,2018-07-27,05,12,17,19,35,48,11069925,442797,5650000
107000065,2018-07-31,15,20,22,31,35,37,10647325,425893,7198750
107000066,2018-08-03,04,06,30,35,40,43,11315150,452606,5087500
107000067,2018-08-07,12,13,19,25,30,46,10672675,426907,3895000
107000068,2018-08-10,05,07,16,18,36,48,11468100,458724,9333750
107000069,2018-08-14,15,16,17,25,34,49,10342475,413699,4928750
107000070,2018-08-17,03,14,19,21,35,48,11428900,457156,7023750
107000071,2018-08-21,08,12,17,28,31,34,10331275,413251,8908750
107000072,2018-08-24,03,07,09,31,39,45,10572075,422883,4562500
107000073,2018-08-28,08,10,11,39,42,44,9787825,391513,6227500
107000074,2018-08-31,12,15,34,37,43,46,11124750,444990,8197500
107000075,2018-09-04,04,06,10,15,42,49,10133125,405325,4217500
107000076,2018-09-07,02,08,14,21,37,44,11051725,442069,4152500
107000077,2018-09-11,14,16,18,23,25,44,10503050,420122,5681250
107000078,2018-09-14,19,29,36,37,45,46,10568400,422736,5655000
107000079,2018-09-18,11,23,34,36,41,45,9959050,398362,3430000
107000080,2018-09-21,03,05,10,11,29,45,10818050,432722,4008750
107000081,2018-09-25,19,25,27,39,40,46,9466825,378673,4692500
107000082,2018-09-28,01,02,07,20,27,37,10238125,409525,7245000
107000083,2018-10-02,02,08,16,33,42,47,10181850,407274,6998750
107000084,2018-10-05,03,09,10,42,44,47,10733075,429323,4408750
107000085,2018-10-09,08,13,16,23,35,41,9981275,399251,4608750
107000086,2018-10-12,04,06,07,12,20,21,10412250,416490,11791250
107000087,2018-10-16,01,24,39,40,46,49,9986350,399454,5837500
107000088,2018-10-19,07,18,20,32,42,49,10371850,414874,3922500
107000089,2018-10-23,06,09,13,20,42,43,9553450,382138,3242500
107000090,2018-10-26,08,10,23,33,41,46,10136325,405453,6923750
107000091,2018-10-30,03,09,28,32,39,47,9562950,382518,6367500
107000092,2018-11-02,05,16,18,32,41,47,10106425,404257,4733750
107000093,2018-11-06,02,05,26,29,38,39,10229225,409169,6570000
107000094,2018-11-09,04,12,14,15,22,48,10635650,425426,9631250
107000095,2018-11-13,07,21,35,36,42,43,10121375,404855,6307500
107000096,2018-11-16,07,11,23,30,38,49,10616050,424642,6238750
107000097,2018-11-20,04,31,34,36,40,44,10031850,401274,6848750
107000098,2018-11-23,07,20,21,34,37,43,10554325,422173,7646250
107000099,2018-11-27,27,33,36,41,43,44,9938025,397521,6047500
107000100,2018-11-30,05,14,20,27,29,45,11114700,444588,5027500
107000101,2018-12-04,03,06,12,16,17,20,10392675,415707,6143750
107000102,2018-12-07,11,20,29,33,34,36,11195000,447800,4678750
107000103,2018-12-11,07,12,15,21,27,47,10632500,425300,6403750
107000104,2018-12-14,06,09,14,19,38,49,11405400,456216,8391250
107000105,2018-12-18,05,08,11,15,33,37,10946425,437857,9748750
107000106,2018-12-21,05,19,21,34,41,49,11579050,463162,3818750
107000107,2018-12-25,07,26,27,28,30,32,10589025,423561,9540000
107000108,2018-12-28,07,11,19,23,35,44,11115175,444607,6852500
108000001,2019-01-01,18,23,24,25,39,42,10385325,415413,10133750
108000002,2019-01-04,06,07,08,20,47,48,11474275,458971,6613750
108000003,2019-01-08,04,19,21,28,39,43,10886200,435448,4205000
108000004,2019-01-11,13,20,22,31,34,42,11607175,464287,7833750
108000005,2019-01-15,12,20,30,38,40,41,11224975,448999,9647500
108000006,2019-01-18,04,05,10,30,39,45,11661250,466450,5021250
108000007,2019-01-22,02,20,36,37,42,46,11934900,477396,10716250
108000008,2019-01-25,03,10,14,15,20,45,11935050,477402,5647500
108000009,2019-01-29,14,20,24,30,44,48,11669500,466780,5607500
108000010,2019-02-01,10,17,20,21,32,41,13870425,554817,7493750
108000011,2019-02-02,02,07,22,35,46,49,7630825,305233,4685000
108000012,2019-02-03,12,24,28,36,37,40,11043425,441737,7372500
108000013,2019-02-04,06,08,24,32,34,36,8811550,352462,3976250
108000014,2019-02-05,13,18,30,34,45,49,10388500,415540,3133750
108000015,2019-02-06,17,23,28,29,32,39,9200250,368010,8546250
108000016,2019-02-07,07,21,29,33,40,41,9093425,363737,4992500
108000017,2019-02-08,08,13,14,32,36,42,10739850,429594,5957500
108000018,2019-02-09,06,08,18,19,20,30,9517450,380698,6366250
108000019,2019-02-10,05,08,14,19,22,47,13524450,540978,6257500
108000020,2019-02-12,11,16,19,29,30,45,11538150,461526,5048750
108000021,2019-02-15,01,03,40,44,46,48,12465025,498601,8462500
108000022,2019-02-19,01,03,04,24,32,43,11126125,445045,5856250
108000023,2019-02-22,06,20,22,43,45,48,11534275,461371,4248750
108000024,2019-02-26,06,17,22,34,38,42,11157100,446284,4922500
108000025,2019-03-01,01,08,14,27,40,45,11061675,442467,5021250
108000026,2019-03-05,12,13,16,21,42,43,11058950,442358,5310000
108000027,2019-03-08,03,11,15,25,31,48,11416275,456651,7165000
108000028,2019-03-12,05,07,22,37,40,45,10937950,437518,5041250
108000029,2019-03-15,05,10,12,20,28,36,11338925,453557,8093750
108000030,2019-03-19,07,16,17,36,47,48,10700000,428000,3026250
108000031,2019-03-22,01,12,16,37,41,47,10997150,439886,4771250
108000032,2019-03-26,06,13,14,19,24,38,10381025,415241,8955000
108000033,2019-03-29,01,03,12,16,29,49,11077200,443088,5136250
108000034,2019-04-02,05,28,38,40,41,47,10641375,425655,4272500
108000035,2019-04-05,11,28,29,38,43,49,10272425,410897,4055000
108000036,2019-04-09,10,36,37,44,45,46,10164925,406597,7723750
108000037,2019-04-12,12,26,32,34,45,46,10958800,438352,5381250
108000038,2019-04-16,01,14,23,36,39,41,9928000,397120,6922500
108000039,2019-04-19,04,11,24,29,32,45,10683550,427342,5570000
108000040,2019-04-23,08,14,16,18,30,35,10365525,414621,7052500
108000041,2019-04-26,08,24,29,37,44,48,10388250,415530,4531250
108000042,2019-04-30,01,04,19,24,47,49,10218450,408738,6938750
108000043,2019-05-03,06,07,19,31,32,40,10743025,429721,4172500
108000044,2019-05-07,02,14,23,29,35,43,10321675,412867,8875000
108000045,2019-05-10,11,17,27,31,33,37,11527675,461107,13343750
108000046,2019-05-14,09,15,27,28,40,43,10546075,421843,5546250
108000047,2019-05-17,02,07,12,21,23,45,10762650,430506,8228750
108000048,2019-05-21,07,10,18,32,41,46,10244200,409768,3996250
108000049,2019-05-24,12,13,19,21,29,39,10638625,425545,6688750
108000050,2019-05-28,03,11,22,36,38,40,9770300,390812,10431250
108000051,2019-05-31,08,15,21,31,36,46,10598375,423935,6762500
108000052,2019-06-04,05,06,19,23,43,48,9778750,391150,6382500
108000053,2019-06-07,18,22,26,27,30,38,10385875,415435,5482500
108000054,2019-06-11,06,31,32,39,40,42,9765550,390622,3950000
108000055,2019-06-14,06,10,12,22,24,37,10537750,421510,5557500
108000056,2019-06-18,05,16,27,29,33,45,9737675,389507,6202500
108000057,2019-06-21,07,12,26,30,31,32,10167400,406696,6620000
108000058,2019-06-25,08,20,31,36,38,45,9376775,375071,4475000
108000059,2019-06-28,09,13,15,26,31,33,10390725,415629,7025000
108000060,2019-07-02,02,04,11,33,39,42,9450875,378035,6305000
108000061,2019-07-05,11,17,32,33,38,46,10987425,439497,4425000
108000062,2019-07-09,11,17,20,34,37,41,10259525,410381,6892500
108000063,2019-07-12,12,14,18,19,37,47,11228825,449153,9790000
108000064,2019-07-16,15,30,31,37,39,48,9983500,399340,4096250
108000065,2019-07-19,12,17,26,33,35,39,10922950,436918,8061250
108000066,2019-07-23,12,14,35,37,42,47,9808175,392327,3770000
108000067,2019-07-26,04,11,36,40,41,48,10681225,427249,6266250
108000068,2019-07-30,04,12,21,24,33,35,10219175,408767,5071250
108000069,2019-08-02,05,34,42,46,48,49,10825100,433004,5297500
108000070,2019-08-06,01,10,20,37,38,49,10726600,429064,9526250
108000071,2019-08-09,04,13,18,26,41,48,10654000,426160,4443750
108000072,2019-08-13,05,21,25,32,36,41,10629200,425168,5431250
108000073,2019-08-16,07,08,31,33,41,45,10969700,438788,7432500
108000074,2019-08-20,01,16,19,27,35,42,10244425,409777,5633750
108000075,2019-08-23,05,17,19,21,42,43,10745325,429813,4817500
108000076,2019-08-27,01,04,08,10,45,47,9863100,394524,5183750
108000077,2019-08-30,06,26,35,42,44,48,10552675,422107,6402500
108000078,2019-09-03,11,13,25,32,33,48,10424650,416986,5633750
108000079,2019-09-06,02,14,19,20,26,43,10960750,438430,4448750
108000080,2019-09-10,03,12,17,20,29,38,10423800,416952,9185000
108000081,2019-09-13,02,07,15,27,37,39,10839725,433589,10021250
108000082,2019-09-17,12,18,29,40,41,48,10377475,415099,4428750
108000083,2019-09-20,08,17,23,24,31,34,10568325,422733,9160000
108000084,2019-09-24,02,16,18,20,22,39,10408675,416347,4888750
108000085,2019-09-27,10,21,25,26,35,37,10645375,425815,7171250
108000086,2019-10-01,02,09,12,15,20,49,10647000,425880,7298750
108000087,2019-10-04,10,21,23,33,42,48,11205600,448224,6281250
108000088,2019-10-08,07,13,18,21,26,34,11197000,447880,6171250
108000089,2019-10-11,07,12,17,21,30,37,11102725,444109,7878750
108000090,2019-10-15,13,21,28,35,37,38,11656975,466279,6245000
108000091,2019-10-18,03,23,32,36,39,40,12217950,488718,13112500
108000092,2019-10-22,06,17,22,23,32,42,10673700,426948,5105000
108000093,2019-10-25,03,08,14,16,26,36,11487125,459485,6655000
108000094,2019-10-29,03,10,12,22,36,41,10464250,418570,4447500
108000095,2019-11-01,12,15,23,33,41,42,11512450,460498,6315000
108000096,2019-11-05,09,13,22,37,40,42,11532225,461289,5312500
108000097,2019-11-08,01,03,09,26,40,47,11708450,468338,3977500
108000098,2019-11-12,01,19,25,27,31,40,11117950,444718,5043750
108000099,2019-11-15,03,06,11,16,26,44,11276675,451067,5412500
108000100,2019-11-19,05,15,30,35,38,47,10476550,419062,6156250
108000101,2019-11-22,03,18,23,24,26,49,11835425,473417,6446250
108000102,2019-11-26,08,10,15,19,36,45,11482875,459315,9147500
108000103,2019-11-29,10,21,24,30,35,45,10911500,436460,3543750
108000104,2019-12-03,05,09,11,15,36,45,10207950,408318,5791250
108000105,2019-12-06,16,18,22,23,24,41,10674000,426960,6601250
108000106,2019-12-10,03,08,18,19,41,48,11157200,446288,4617500
108000107,2019-12-13,07,12,26,31,37,49,11462875,458515,11108750
108000108,2019-12-17,09,21,27,31,38,49,10715900,428636,5638750
108000109,2019-12-20,16,21,22,28,32,46,11520800,460832,11242500
108000110,2019-12-24,09,18,31,45,48,49,10674675,426987,3143750
108000111,2019-12-27,17,18,25,32,43,45,10931950,437278,4751250
108000112,2019-12-31,10,14,26,38,39,47,11376025,455041,7395000
109000001,2020-01-03,16,18,19,29,30,47,11506025,460241,7278750
109000002,2020-01-07,01,05,08,15,16,38,11139500,445580,6325000
109000003,2020-01-10,04,07,12,17,33,38,11741825,469673,8058750
109000004,2020-01-14,07,20,34,37,38,47,11725125,469005,6461250
109000005,2020-01-17,07,09,20,42,44,45,11536550,461462,4868750
109000006,2020-01-21,17,22,30,38,44,48,11148100,445924,4905000
109000007,2020-01-23,13,18,23,30,44,48,6585700,263428,3068750
109000008,2020-01-24,07,13,18,21,38,44,9239525,369581,4055000
109000009,2020-01-25,05,13,16,31,41,45,8270950,330838,3298750
109000010,2020-01-26,03,28,29,35,41,47,10798875,431955,4577500
109000011,2020-01-27,09,12,23,33,39,45,8604925,344197,4678750
109000012,2020-01-28,02,03,13,20,28,38,9622300,384892,4947500
109000013,2020-01-29,01,04,09,14,15,49,8512725,340509,10477500
109000014,2020-01-30,06,24,35,41,46,49,7729025,309161,4355000
109000015,2020-01-31,14,16,19,28,32,49,9725525,389021,4966250
109000016,2020-02-01,02,10,12,20,26,34,7827500,313100,5945000
109000017,2020-02-02,03,16,17,30,33,37,11363925,454557,8000000
109000018,2020-02-04,03,23,27,28,37,48,11052775,442111,5120000
109000019,2020-02-07,05,15,19,22,30,42,12000575,480023,7707500
109000020,2020-02-11,09,22,23,37,43,46,11123050,444922,4661250
109000021,2020-02-14,07,13,23,33,35,36,11358725,454349,6757500
109000022,2020-02-18,04,13,31,35,37,42,10832525,433301,4243750
109000023,2020-02-21,13,15,27,34,35,39,11318050,452722,5147500
109000024,2020-02-25,01,02,08,44,47,48,10919925,436797,8622500
109000025,2020-02-28,02,09,18,27,46,48,11302125,452085,4830000
109000026,2020-03-03,08,10,11,17,28,42,10874450,434978,8273750
109000027,2020-03-06,08,12,13,15,16,30,11546175,461847,10240000
109000028,2020-03-10,01,04,12,25,34,37,11332950,453318,7262500
109000029,2020-03-13,14,22,32,33,34,49,11578075,463123,6408750
109000030,2020-03-17,10,17,28,29,43,47,11346225,453849,7190000
109000031,2020-03-20,01,08,13,43,46,48,11293275,451731,4798750
109000032,2020-03-24,10,12,16,29,41,45,10843675,433747,5325000
109000033,2020-03-27,02,08,10,16,23,49,12162575,486503,4830000
109000034,2020-03-31,06,21,26,34,36,49,11324950,452998,7461250
109000035,2020-04-03,02,17,32,43,45,47,12165025,486601,5928750
109000036,2020-04-07,04,07,12,18,27,44,11695600,467824,9310000
109000037,2020-04-10,13,33,41,47,48,49,12381600,495264,8037500
109000038,2020-04-14,17,19,21,26,33,45,12656925,506277,4037500
109000039,2020-04-17,01,21,31,33,42,44,12599375,503975,4161250
109000040,2020-04-21,01,02,29,33,45,47,13594550,543782,5897500
109000041,2020-04-24,07,10,14,15,17,39,12631550,505262,7421250
109000042,2020-04-28,16,29,36,39,43,48,12620000,504800,5553750
109000043,2020-05-01,05,18,25,34,48,49,13166900,526676,9405000
109000044,2020-05-05,17,19,24,36,43,49,13744200,549768,6723750
109000045,2020-05-08,08,09,10,24,27,31,11726400,469056,8842500
109000046,2020-05-12,01,05,08,11,35,36,11436575,457463,6150000
109000047,2020-05-15,06,11,31,40,42,45,11637300,465492,5221250
109000048,2020-05-19,27,32,33,40,43,44,10841100,433644,5406250
109000049,2020-05-22,03,07,10,13,39,46,10275600,411024,7380000
109000050,2020-05-26,01,05,25,29,33,38,10895375,435815,6398750
109000051,2020-05-29,31,35,39,40,45,49,11376525,455061,5952500
109000052,2020-06-02,01,06,22,25,33,48,10401075,416043,6812500
109000053,2020-06-05,03,05,08,24,26,49,10766875,430675,7180000
109000054,2020-06-09,08,17,28,35,36,47,10855175,434207,7751250
109000055,2020-06-12,01,06,28,30,33,48,11267500,450700,5310000
109000056,2020-06-16,06,13,20,23,29,46,11209175,448367,5421250
109000057,2020-06-19,01,15,16,25,43,46,10983400,439336,4027500
109000058,2020-06-23,01,02,16,22,27,45,10717625,428705,4818750
109000059,2020-06-26,10,12,16,37,40,41,10275250,411010,7563750
109000060,2020-06-30,26,29,31,43,46,49,10358125,414325,4910000
109000061,2020-07-03,13,19,20,24,40,45,11092850,443714,4476250
109000062,2020-07-07,04,17,22,34,44,46,10607300,424292,7126250
109000063,2020-07-10,04,05,22,27,46,49,11160850,446434,3767500
109000064,2020-07-14,04,10,24,29,32,49,10244225,409769,3780000
109000065,2020-07-17,05,06,15,25,30,41,10640450,425618,5986250
109000066,2020-07-21,03,16,25,31,33,36,10412800,416512,6500000
109000067,2020-07-24,02,20,21,24,35,37,10820950,432838,9462500
109000068,2020-07-28,08,10,22,23,29,35,10498425,419937,6861250
109000069,2020-07-31,16,17,18,19,33,45,11325175,453007,8943750
109000070,2020-08-04,01,05,11,19,31,33,10914475,436579,7993750
109000071,2020-08-07,06,09,19,40,44,45,12011550,480462,7468750
109000072,2020-08-11,08,12,40,42,44,47,11478100,459124,7662500
109000073,2020-08-14,16,20,24,25,31,33,11424175,456967,9180000
109000074,2020-08-18,04,22,30,43,45,47,11141200,445648,5958750
109000075,2020-08-21,05,14,40,44,45,46,11378250,455130,10686250
109000076,2020-08-25,02,23,28,35,46,48,11485900,459436,7925000
109000077,2020-08-28,13,14,19,22,23,36,11254600,450184,5380000
109000078,2020-09-01,01,02,06,08,38,43,11337800,453512,7001250
109000079,2020-09-04,02,09,11,13,39,43,11353375,454135,5665000
109000080,2020-09-08,01,02,09,20,26,48,11262425,450497,3792500
109000081,2020-09-11,01,26,29,39,48,49,11490350,459614,8765000
109000082,2020-09-15,07,16,29,32,37,48,11031650,441266,5692500
109000083,2020-09-18,03,29,30,32,43,44,10835975,433439,3888750
109000084,2020-09-22,03,04,05,08,24,29,10768275,430731,7116250
109000085,2020-09-25,10,31,35,36,39,48,10406150,416246,4643750
109000086,2020-09-29,01,07,08,33,42,47,10414225,416569,7505000
109000087,2020-10-02,11,15,16,18,24,26,10336075,413443,8762500
109000088,2020-10-06,04,05,22,23,34,40,10563875,422555,6327500
109000089,2020-10-09,02,07,19,25,42,47,10897125,435885,4661250
109000090,2020-10-13,01,03,15,27,39,41,10841275,433651,6760000
109000091,2020-10-16,07,25,28,33,44,47,10868550,434742,4273750
109000092,2020-10-20,05,17,18,28,30,39,10375425,415017,4960000
109000093,2020-10-23,03,09,20,25,26,35,10395750,415830,5608750
109000094,2020-10-27,02,09,19,28,30,32,10217200,408688,4497500
109000095,2020-10-30,06,10,13,19,40,45,10907825,436313,8823750
109000096,2020-11-03,06,11,15,30,32,44,10860975,434439,4681250
109000097,2020-11-06,05,09,25,39,44,46,10935450,437418,4160000
109000098,2020-11-10,05,17,19,21,28,29,11000850,440034,6156250
109000099,2020-11-13,07,09,12,15,25,29,10899100,435964,7333750
109000100,2020-11-17,06,14,18,20,38,41,10940650,437626,9188750
109000101,2020-11-20,16,27,29,35,37,48,11525875,461035,10828750
109000102,2020-11-24,05,29,36,38,44,45,11002425,440097,5738750
109000103,2020-11-27,01,19,26,30,35,48,11485675,459427,6167500
109000104,2020-12-01,04,22,29,37,44,49,10980275,439211,8400000
109000105,2020-12-04,02,13,27,30,41,44,11438625,457545,3338750
109000106,2020-12-08,02,04,10,15,31,45,11233100,449324,5908750
109000107,2020-12-11,08,17,36,37,42,43,12075975,483039,9497500
109000108,2020-12-15,02,06,17,21,43,48,10729425,429177,4228750
109000109,2020-12-18,02,11,24,26,30,41,11172625,446905,4818750
109000110,2020-12-22,20,22,25,30,31,45,10731900,429276,6226250
109000111,2020-12-25,01,05,06,19,29,30,10998725,439949,7691250
109000112,2020-12-29,10,14,33,34,35,39,10869525,434781,7797500
110000001,2021-01-01,05,37,41,42,46,49,11056425,442257,6197500
110000002,2021-01-05,08,13,17,20,43,48,10852425,434097,7166250
110000003,2021-01-08,04,18,24,26,43,47,10918225,436729,6480000
110000004,2021-01-12,01,10,20,28,37,44,10945925,437837,5771250
110000005,2021-01-15,03,04,08,11,42,44,11438375,457535,6010000
110000006,2021-01-19,15,29,31,33,41,47,10662500,426500,8722500
110000007,2021-01-22,07,30,34,36,45,46,10884400,435376,7510000
110000008,2021-01-26,08,20,23,37,43,46,11382750,455310,6348750
110000009,2021-01-29,14,22,30,31,39,40,11336100,453444,5320000
110000010,2021-02-02,14,34,35,38,43,47,11271000,450840,4760000
110000011,2021-02-05,05,09,19,31,33,35,12019175,480767,6566250
110000012,2021-02-09,01,03,06,12,27,43,12291625,491665,10317500
110000013,2021-02-10,03,18,24,34,41,42,7653100,306124,3583750
110000014,2021-02-11,07,17,18,26,41,47,7752400,310096,8952500
110000015,2021-02-12,05,06,10,12,44,48,9729300,389172,7280000
110000016,2021-02-13,13,30,37,40,43,46,9240275,369611,5675000
110000017,2021-02-14,01,12,16,17,38,45,13056400,522256,8472500
110000018,2021-02-15,04,08,10,18,33,40,9499975,379999,7231250
110000019,2021-02-16,01,09,11,12,37,46,10564200,422568,6422500
110000020,2021-02-17,02,13,24,26,45,49,8973650,358946,8246250
110000021,2021-02-18,01,03,09,41,42,48,8364050,334562,7163750
110000022,2021-02-19,02,28,31,36,40,45,10488725,419549,4227500
110000023,2021-02-20,01,06,10,11,26,47,9020850,360834,6028750
110000024,2021-02-21,09,18,25,27,32,39,12088150,483526,12641250
110000025,2021-02-23,01,06,18,19,20,42,10952125,438085,5508750
110000026,2021-02-26,04,13,22,23,39,42,11208800,448352,4812500
110000027,2021-03-02,05,07,11,24,27,30,10453575,418143,7885000
110000028,2021-03-05,06,08,14,29,38,48,11388750,455550,10000000
110000029,2021-03-09,08,09,13,29,36,46,11613250,464530,5927500
110000030,2021-03-12,08,21,26,30,33,46,11866475,474659,5412500
110000031,2021-03-16,08,19,22,24,30,43,11162500,446500,6442500
110000032,2021-03-19,07,19,28,35,38,48,11608550,464342,6093750
110000033,2021-03-23,02,15,28,43,45,49,10931525,437261,5678750
110000034,2021-03-26,15,21,24,30,37,38,11177075,447083,4562500
110000035,2021-03-30,17,22,23,25,31,33,10573325,422933,9278750
110000036,2021-04-02,17,21,25,30,40,42,11107200,444288,3086250
110000037,2021-04-06,01,22,26,28,34,38,10498725,419949,6261250
110000038,2021-04-09,06,09,18,25,29,35,11227475,449099,9531250
110000039,2021-04-13,11,25,31,32,35,42,11277550,451102,4718750
110000040,2021-04-16,07,10,16,21,33,46,11337375,453495,7345000
110000041,2021-04-20,05,07,09,15,24,26,10978050,439122,5821250
110000042,2021-04-23,18,20,23,32,37,46,11208775,448351,5832500
110000043,2021-04-27,05,08,20,23,34,39,10672225,426889,4511250
110000044,2021-04-30,04,14,22,42,46,47,10779150,431166,6836250
110000045,2021-05-04,05,15,17,19,27,37,10499325,419973,7032500
110000046,2021-05-07,12,22,26,35,36,49,10928875,437155,6276250
110000047,2021-05-11,05,07,09,27,35,42,11016575,440663,6655000
110000048,2021-05-14,02,13,14,30,43,48,10799250,431970,12145000
110000049,2021-05-18,11,15,16,18,35,43,9667900,386716,5025000
110000050,2021-05-21,02,04,25,26,27,29,9384925,375397,7833750
110000051,2021-05-25,15,31,38,44,46,48,9271100,370844,5766250
110000052,2021-05-28,04,12,18,23,43,46,9042775,361711,3106250
110000053,2021-06-01,01,02,09,26,35,41,8736450,349458,5420000
110000054,2021-06-04,07,08,24,28,32,41,9239475,369579,6710000
110000055,2021-06-08,04,06,26,36,38,47,9459975,378399,4842500
110000056,2021-06-11,07,09,16,23,27,44,10203325,408133,5227500
110000057,2021-06-15,09,11,23,34,41,45,9671000,386840,3945000
110000058,2021-06-18,02,18,22,25,41,43,10189325,407573,6905000
110000059,2021-06-22,14,17,27,43,45,48,9380225,375209,4587500
110000060,2021-06-25,01,04,09,37,38,41,9693325,387733,4763750
110000061,2021-06-29,01,23,25,30,38,45,9543900,381756,2898750
110000062,2021-07-02,04,09,11,25,27,29,10089100,403564,6908750
110000063,2021-07-06,13,19,25,32,42,44,10035425,401417,3228750
110000064,2021-07-09,03,13,24,26,27,29,10496925,419877,5766250
110000065,2021-07-13,09,14,17,23,33,48,9780950,391238,8138750
110000066,2021-07-16,13,16,17,19,39,44,10538400,421536,5083750
110000067,2021-07-20,01,08,32,41,44,49,9969550,398782,5657500
110000068,2021-07-23,07,15,23,24,31,38,10138575,405543,9656250
110000069,2021-07-27,03,28,30,42,43,46,9865650,394626,7295000
110000070,2021-07-30,02,15,19,29,43,46,10181700,407268,3988750
110000071,2021-08-03,17,27,30,38,42,44,10022025,400881,5212500
110000072,2021-08-06,03,04,15,29,32,39,10351900,414076,4466250
110000073,2021-08-10,01,03,16,17,24,25,10869050,434762,5722500
110000074,2021-08-13,05,06,19,24,33,41,11432250,457290,4928750
110000075,2021-08-17,02,11,29,33,41,44,11222100,448884,5920000
110000076,2021-08-20,03,06,11,13,18,37,11712300,468492,5516250
110000077,2021-08-24,01,05,17,36,40,41,11381975,455279,5507500
110000078,2021-08-27,08,11,16,32,35,43,12002800,480112,7496250
110000079,2021-08-31,07,14,23,43,47,49,10887150,435486,10296250
110000080,2021-09-03,01,18,21,24,32,41,10973525,438941,5290000
110000081,2021-09-07,04,20,26,27,45,48,10597550,423902,8690000
110000082,2021-09-10,01,05,15,16,28,41,10747775,429911,7393750
110000083,2021-09-14,09,13,18,22,40,41,10504450,420178,8662500
110000084,2021-09-17,07,12,18,35,37,45,10791700,431668,4393750
110000085,2021-09-21,02,13,16,28,31,34,10273950,410958,5911250
110000086,2021-09-24,04,10,21,30,39,42,10440425,417617,13776250
110000087,2021-09-28,23,24,27,36,47,49,10240450,409618,6705000
110000088,2021-10-01,02,09,16,22,41,49,10505950,420238,3927500
110000089,2021-10-05,01,03,11,23,46,47,9808025,392321,5980000
110000090,2021-10-08,18,19,20,34,37,44,10716475,428659,5573750
110000091,2021-10-12,01,06,14,26,28,31,9744250,389770,7721250
110000092,2021-10-15,02,12,21,25,26,37,10480200,419208,6257500
110000093,2021-10-19,20,21,26,35,39,47,9921000,396840,4221250
110000094,2021-10-22,08,13,25,27,38,46,10073950,402958,8122500
110000095,2021-10-26,14,18,21,26,47,49,9840475,393619,5825000
110000096,2021-10-29,02,09,17,28,36,42,10661500,426460,9132500
110000097,2021-11-02,01,12,17,21,37,43,10433875,417355,5073750
110000098,2021-11-05,16,18,26,30,40,44,10877250,435090,6178750
110000099,2021-11-09,09,14,20,26,39,42,10472450,418898,3896250
110000100,2021-11-12,02,03,25,27,37,47,10893825,435753,9211250
110000101,2021-11-16,06,23,34,41,43,44,10449275,417971,5872500
110000102,2021-11-19,13,15,16,17,23,36,10682900,427316,5841250
110000103,2021-11-23,06,07,13,32,33,37,10012225,400489,6292500
110000104,2021-11-26,10,15,16,21,22,30,10382400,415296,6801250
110000105,2021-11-30,09,10,26,31,40,49,10298875,411955,4772500
110000106,2021-12-03,08,13,14,35,36,41,10832775,433311,7851250
110000107,2021-12-07,19,21,30,43,44,48,10366800,414672,4396250
110000108,2021-12-10,03,15,21,24,27,40,11128750,445150,3900000
110000109,2021-12-14,07,14,21,27,30,36,10348325,413933,5990000
110000110,2021-12-17,02,11,30,35,37,40,10751825,430073,4472500
110000111,2021-12-21,04,05,27,31,44,48,9568850,382754,4025000
110000112,2021-12-24,02,07,11,19,27,44,10576000,423040,4062500
110000113,2021-12-28,01,02,08,11,21,45,10133050,405322,7055000
110000114,2021-12-31,05,09,14,28,34,37,10771975,430879,7383750
111000001,2022-01-04,03,04,07,19,22,43,10253600,410144,7785000
111000002,2022-01-07,06,09,15,31,38,39,10924100,436964,6217500
111000003,2022-01-11,10,11,13,17,36,49,10816400,432656,8107500
111000004,2022-01-14,05,13,14,24,26,35,11183500,447340,7177500
111000005,2022-01-18,19,22,33,35,38,48,11063150,442526,6177500
111000006,2022-01-21,15,26,27,34,37,42,10953950,438158,8142500
111000007,2022-01-25,02,09,10,15,27,35,11473075,458923,4640000
111000008,2022-01-28,07,12,36,41,42,44,12311725,492469,6723750
111000009,2022-01-29,01,02,20,23,26,34,7389125,295565,5836250
111000010,2022-01-30,03,08,15,20,22,23,11807825,472313,8787500
111000011,2022-01-31,04,14,32,33,43,44,8894925,355797,5765000
111000012,2022-02-01,08,25,34,44,45,47,10068200,402728,6198750
111000013,2022-02-02,06,11,18,23,33,41,9769625,390785,6052500
111000014,2022-02-03,05,09,18,22,34,36,9031575,361263,5210000
111000015,2022-02-04,01,18,21,29,36,38,10956800,438272,5633750
111000016,2022-02-05,02,04,13,36,41,49,9898150,395926,7655000
111000017,2022-02-06,12,24,29,34,38,42,13898300,555932,6215000
111000018,2022-02-07,03,18,23,32,40,45,8456100,338244,4438750
111000019,2022-02-08,05,23,29,33,38,49,10441400,417656,5128750
111000020,2022-02-09,02,07,11,18,35,45,8773175,350927,4470000
111000021,2022-02-10,01,22,25,27,41,44,8250700,330028,7452500
111000022,2022-02-11,23,24,30,42,44,46,10673800,426952,6580000
111000023,2022-02-15,18,23,26,27,40,42,12424700,496988,6047500
111000024,2022-02-18,16,20,36,39,47,48,10720500,428820,6246250
111000025,2022-02-22,03,21,22,34,37,40,10296175,411847,6862500
111000026,2022-02-25,17,18,21,26,38,49,11278550,451142,6578750
111000027,2022-03-01,07,17,19,24,31,45,10648400,425936,7885000
111000028,2022-03-04,01,03,18,29,30,31,11410450,456418,7635000
111000029,2022-03-08,13,14,16,19,30,44,10814600,432584,4587500
111000030,2022-03-11,03,04,08,15,21,24,11320925,452837,9185000
111000031,2022-03-15,01,31,33,37,46,47,11091800,443672,5605000
111000032,2022-03-18,02,15,21,26,42,44,10904300,436172,5631250
111000033,2022-03-22,07,21,26,36,43,49,10674700,426988,5075000
111000034,2022-03-25,14,17,22,45,47,49,10654550,426182,6470000
111000035,2022-03-29,16,21,24,27,29,43,10350575,414023,7195000
111000036,2022-04-01,03,10,11,20,34,38,11498700,459948,10315000
111000037,2022-04-05,08,15,24,27,31,33,10266050,410642,7445000
111000038,2022-04-08,10,15,19,29,31,44,11287425,451497,3933750
111000039,2022-04-12,14,17,18,22,40,42,10756075,430243,6788750
111000040,2022-04-15,02,09,11,14,15,30,11195950,447838,7147500
111000041,2022-04-19,04,05,18,20,30,41,10200925,408037,5992500
111000042,2022-04-22,03,28,32,36,47,49,10617475,424699,7733750
111000043,2022-04-26,12,31,32,42,43,49,10403875,416155,3606250
111000044,2022-04-29,12,14,18,25,44,48,10398225,415929,5733750
111000045,2022-05-03,14,16,18,19,21,23,9951050,398042,6963750
111000046,2022-05-06,01,05,19,28,45,49,10680700,427228,5635000
111000047,2022-05-10,02,11,20,24,32,48,10378575,415143,6588750
111000048,2022-05-13,10,24,27,36,37,48,10483200,419328,3447500
111000049,2022-05-17,09,22,28,29,34,37,9513825,380553,5947500
111000050,2022-05-20,05,08,12,22,42,49,9881225,395249,5326250
111000051,2022-05-24,04,19,24,35,45,46,8948700,357948,4243750
111000052,2022-05-27,04,11,18,37,39,46,8968350,358734,5277500
111000053,2022-05-31,10,11,17,25,27,28,9150575,366023,6250000
111000054,2022-06-03,04,11,39,42,43,48,9384400,375376,6641250
111000055,2022-06-07,04,17,18,19,31,44,9043225,361729,4038750
111000056,2022-06-10,05,10,13,28,29,38,10009375,400375,5878750
111000057,2022-06-14,03,09,20,28,29,47,9428050,377122,3177500
111000058,2022-06-17,07,11,28,30,46,47,9680275,387211,5131250
111000059,2022-06-21,03,14,20,34,41,44,9428575,377143,3633750
111000060,2022-06-24,03,18,26,29,40,43,9448850,377954,4516250
111000061,2022-06-28,21,24,25,41,42,45,9017275,360691,5472500
111000062,2022-07-01,14,20,29,32,34,43,9618575,384743,4145000
111000063,2022-07-05,03,08,26,38,45,47,9606275,384251,4177500
111000064,2022-07-08,05,09,15,35,40,44,10118400,404736,9683750
111000065,2022-07-12,07,14,17,20,29,45,10292425,411697,7652500
111000066,2022-07-15,14,15,27,41,43,49,10765375,430615,4587500
111000067,2022-07-19,09,16,23,29,40,41,10099975,403999,4352500
111000068,2022-07-22,11,12,24,30,33,38,10331850,413274,6470000
111000069,2022-07-26,10,12,17,27,29,39,10162825,406513,5663750
111000070,2022-07-29,12,18,19,21,33,37,10512125,420485,11977500
111000071,2022-08-02,02,26,28,29,37,48,10381075,415243,7787500
111000072,2022-08-05,05,18,21,30,43,46,11017325,440693,3801250
111000073,2022-08-09,09,11,21,23,30,33,10402425,416097,5066250
111000074,2022-08-12,04,07,15,21,37,43,10920100,436804,6552500
111000075,2022-08-16,01,07,11,16,18,31,10522500,420900,8457500
111000076,2022-08-19,03,04,10,21,28,41,10888625,435545,4958750
111000077,2022-08-23,06,23,24,25,47,49,10345150,413806,11086250
111000078,2022-08-26,04,16,17,30,38,42,10219375,408775,6015000
111000079,2022-08-30,05,08,16,27,35,45,9786125,391445,10047500
111000080,2022-09-02,20,23,25,36,43,45,9769725,390789,4278750
111000081,2022-09-06,26,32,35,36,38,49,10071700,402868,6327500
111000082,2022-09-09,07,15,17,28,36,39,10382400,415296,6508750
111000083,2022-09-13,07,10,15,21,34,48,10009025,400361,4486250
111000084,2022-09-16,02,06,07,27,31,44,10267600,410704,4977500
111000085,2022-09-20,11,13,24,29,35,43,9092575,363703,6292500
111000086,2022-09-23,02,12,30,31,44,48,9536250,381450,6288750
111000087,2022-09-27,10,17,28,34,40,43,9185800,367432,5758750
111000088,2022-09-30,05,12,18,28,34,39,9691400,387656,3556250
111000089,2022-10-04,13,14,23,34,43,49,9486225,379449,4757500
111000090,2022-10-07,05,10,15,16,26,30,10074275,402971,8116250
111000091,2022-10-11,01,03,23,25,42,46,9595575,383823,5066250
111000092,2022-10-14,01,11,13,25,32,36,10242200,409688,3887500
111000093,2022-10-18,01,14,27,38,39,47,9868375,394735,5231250
111000094,2022-10-21,11,20,36,37,42,49,10356150,414246,3893750
111000095,2022-10-25,18,32,36,43,48,49,9905825,396233,5246250
111000096,2022-10-28,17,18,19,23,25,32,10452575,418103,6745000
111000097,2022-11-01,17,24,28,32,34,40,10209550,408382,5122500
111000098,2022-11-04,11,21,23,30,36,47,10998600,439944,4928750
111000099,2022-11-08,15,18,37,39,44,47,11439150,457566,4771250
111000100,2022-11-11,02,10,19,20,36,48,11394625,455785,5683750
111000101,2022-11-15,19,20,26,29,34,39,10389700,415588,5162500
111000102,2022-11-18,10,17,27,37,44,45,10674225,426969,4602500
111000103,2022-11-22,05,13,18,24,27,48,10380525,415221,5233750
111000104,2022-11-25,14,15,20,26,35,41,10306850,412274,6587500
111000105,2022-11-29,06,21,34,37,46,49,10598375,423935,5945000
111000106,2022-12-02,08,22,28,40,41,45,10700275,428011,6597500
111000107,2022-12-06,10,15,27,32,39,42,10315625,412625,5438750
111000108,2022-12-09,10,16,22,40,45,48,10665650,426626,2898750
111000109,2022-12-13,06,09,12,14,33,47,10222275,408891,11723750
111000110,2022-12-16,06,11,12,40,47,49,10205575,408223,3466250
111000111,2022-12-20,03,04,12,16,29,32,10019000,400760,4630000
111000112,2022-12-23,09,13,32,34,35,39,10192575,407703,4945000
111000113,2022-12-27,03,11,16,21,22,39,10062000,402480,3271250
111000114,2022-12-30,05,08,14,17,20,46,10347775,413911,9542500
112000001,2023-01-03,02,04,08,19,24,39,9881000,395240,5368750
112000002,2023-01-06,19,22,29,36,43,46,10714200,428568,4706250
112000003,2023-01-10,15,21,22,30,41,42,10954400,438176,4800000
112000004,2023-01-13,05,21,23,24,40,44,10895650,435826,5152500
112000005,2023-01-17,05,17,23,24,36,42,10746925,429877,5971250
112000006,2023-01-20,16,25,27,31,34,42,11159450,446378,7005000
112000007,2023-01-21,01,05,16,21,23,25,7672250,306890,5492500
112000008,2023-01-22,06,08,10,22,27,29,12380325,495213,11918750
112000009,2023-01-23,07,10,18,23,34,35,9391350,375654,7383750
112000010,2023-01-24,02,04,18,20,30,32,10335500,413420,6107500
112000011,2023-01-25,02,03,08,23,24,27,9451350,378054,8850000
112000012,2023-01-26,10,12,13,21,40,42,9384800,375392,7003750
112000013,2023-01-27,04,13,28,33,38,39,10394650,415786,6843750
112000014,2023-01-28,01,19,23,30,35,48,9180475,367219,4311250
112000015,2023-01-29,02,08,09,15,27,31,13736025,549441,15028750
112000016,2023-01-30,07,18,23,39,41,43,8678175,347127,5193750
112000017,2023-01-31,01,26,33,36,40,42,9945425,397817,4737500
112000018,2023-02-01,05,08,19,23,33,46,8389400,335576,4167500
112000019,2023-02-02,08,13,19,21,31,45,7835725,313429,3061250
112000020,2023-02-03,03,14,25,29,44,45,9668525,386741,6621250
112000021,2023-02-04,02,14,20,21,22,49,7228600,289144,4366250
112000022,2023-02-05,05,19,25,33,38,42,11162550,446502,6617500
112000023,2023-02-07,03,08,11,18,28,47,9947725,397909,11178750
112000024,2023-02-10,07,11,24,28,33,46,10804525,432181,3958750
112000025,2023-02-14,11,22,23,30,31,49,10251000,410040,5078750
112000026,2023-02-17,07,09,14,16,26,33,10906975,436279,6612500
112000027,2023-02-21,01,05,06,11,26,46,10579450,423178,4557500
112000028,2023-02-24,15,38,39,40,45,48,11168600,446744,7806250
112000029,2023-02-28,02,11,25,26,27,35,10428550,417142,7133750
112000030,2023-03-03,13,16,18,22,34,42,11318000,452720,5677500
112000031,2023-03-07,13,17,23,25,32,41,10368025,414721,8413750
112000032,2023-03-10,15,19,29,32,39,40,11184650,447386,6503750
112000033,2023-03-14,03,04,11,12,20,37,10646200,425848,16433750
112000034,2023-03-17,06,07,10,24,29,40,10733925,429357,6751250
112000035,2023-03-21,03,11,20,30,41,45,10178075,407123,6456250
112000036,2023-03-24,02,14,26,34,40,46,10663300,426532,5308750
112000037,2023-03-28,03,10,26,35,37,44,10042500,401700,3518750
112000038,2023-03-31,10,22,26,29,45,47,10727825,429113,3950000
112000039,2023-04-04,10,19,21,33,35,47,9980475,399219,5117500
112000040,2023-04-07,04,11,20,25,32,39,10706025,428241,7726250
112000041,2023-04-11,09,12,30,31,33,37,11038450,441538,6045000
112000042,2023-04-14,10,22,23,35,46,49,11468300,458732,7335000
112000043,2023-04-18,06,08,10,28,41,43,10660950,426438,10281250
112000044,2023-04-21,07,11,23,25,27,43,10816525,432661,7198750
112000045,2023-04-25,05,12,13,27,28,41,10344850,413794,4478750
112000046,2023-04-28,05,31,38,41,43,47,11022425,440897,3826250
112000047,2023-05-02,08,09,14,37,42,46,10083800,403352,4815000
112000048,2023-05-05,10,13,16,19,21,48,10916925,436677,6778750
112000049,2023-05-09,01,21,22,29,31,44,10911575,436463,7161250
112000050,2023-05-12,02,07,09,18,20,48,11711325,468453,9362500
112000051,2023-05-16,01,19,26,34,38,43,10234375,409375,5363750
112000052,2023-05-19,05,08,09,35,38,44,9916450,396658,5850000
112000053,2023-05-23,05,20,23,38,44,46,10184350,407374,4536250
112000054,2023-05-26,05,10,12,15,30,36,10032675,401307,15295000
112000055,2023-05-30,05,06,09,29,43,45,9581800,383272,4766250
112000056,2023-06-02,01,05,13,16,23,34,9999200,399968,4320000
112000057,2023-06-06,08,13,27,30,41,43,10173975,406959,3886250
112000058,2023-06-09,30,32,36,38,46,49,10389825,415593,4027500
112000059,2023-06-13,01,06,08,09,10,21,9675550,387022,8722500
112000060,2023-06-16,02,21,22,30,33,41,9967900,398716,5230000
112000061,2023-06-20,05,15,32,34,37,41,9669475,386779,3802500
112000062,2023-06-23,04,08,23,31,42,49,9244775,369791,6382500
112000063,2023-06-27,13,24,30,37,43,44,8795500,351820,5036250
112000064,2023-06-30,06,22,26,29,32,43,9283450,371338,4920000
112000065,2023-07-04,06,12,15,16,24,41,9146700,365868,3373750
112000066,2023-07-07,03,06,15,21,24,33,9807325,392293,4108750
112000067,2023-07-11,10,21,26,34,48,49,9365875,374635,3190000
112000068,2023-07-14,10,15,17,33,34,45,9602675,384107,3437500
112000069,2023-07-18,04,05,16,19,34,40,8899025,355961,5697500
112000070,2023-07-21,03,15,35,39,41,49,9487725,379509,4578750
112000071,2023-07-25,12,17,28,33,40,45,9558450,382338,4221250
112000072,2023-07-28,01,03,22,25,34,44,9333925,373357,5955000
112000073,2023-08-01,11,26,37,38,40,41,9761775,390471,5305000
112000074,2023-08-04,06,10,21,34,38,41,10166175,406647,5763750
112000075,2023-08-08,11,26,28,30,41,45,9772950,390918,4275000
112000076,2023-08-11,08,27,34,38,39,47,9800375,392015,5566250
112000077,2023-08-15,10,22,26,30,34,43,9792300,391692,8497500
112000078,2023-08-18,13,19,21,24,41,45,10124650,404986,4742500
112000079,2023-08-22,02,19,26,34,43,46,9993325,399733,6838750
112000080,2023-08-25,02,10,20,31,33,46,10173125,406925,4087500
112000081,2023-08-29,06,07,10,22,41,42,9713675,388547,6260000
112000082,2023-09-01,01,19,26,34,45,49,10530400,421216,11001250
112000083,2023-09-05,12,14,32,34,40,48,9756875,390275,4006250
112000084,2023-09-08,14,20,23,33,34,40,10577025,423081,4390000
112000085,2023-09-12,21,22,26,33,34,35,9884075,395363,7785000
112000086,2023-09-15,12,16,19,30,37,39,10236275,409451,5391250
112000087,2023-09-19,03,16,24,35,37,41,9850725,394029,3582500
112000088,2023-09-22,02,13,32,36,38,43,10076700,403068,7635000
112000089,2023-09-26,09,14,26,37,38,39,9514150,380566,7278750
112000090,2023-09-29,06,09,18,35,38,48,9904775,396191,4592500
112000091,2023-10-03,03,22,29,31,40,44,9722025,388881,5042500
112000092,2023-10-06,06,16,21,27,30,49,10195750,407830,4578750
112000093,2023-10-10,03,08,17,33,34,48,9589625,383585,8962500
112000094,2023-10-13,01,09,13,14,28,30,10157875,406315,6337500
112000095,2023-10-17,05,12,13,20,24,34,9849625,393985,6677500
112000096,2023-10-20,32,37,38,39,40,44,10016575,400663,7635000
112000097,2023-10-24,07,29,34,41,43,49,9220975,368839,10750000
112000098,2023-10-27,06,15,22,27,28,31,9702900,388116,7405000
112000099,2023-10-31,02,10,18,36,42,47,9764075,390563,12912500
112000100,2023-11-03,08,20,24,28,40,48,10270300,410812,6887500
112000101,2023-11-07,07,08,21,41,44,47,10372100,414884,5352500
112000102,2023-11-10,02,04,06,08,11,31,10359400,414376,8545000
112000103,2023-11-14,06,12,15,30,38,43,9728000,389120,4622500
112000104,2023-11-17,15,30,31,34,40,45,10038225,401529,5368750
112000105,2023-11-21,16,21,26,30,37,47,10179375,407175,4552500
112000106,2023-11-24,09,16,20,42,43,48,10330025,413201,3143750
112000107,2023-11-28,12,18,23,27,33,44,9800600,392024,6208750
112000108,2023-12-01,04,15,18,23,40,47,9866300,394652,3122500
112000109,2023-12-05,10,14,30,38,42,48,9840900,393636,4068750
112000110,2023-12-08,05,08,22,27,28,29,10226500,409060,11228750
112000111,2023-12-12,06,20,30,33,38,46,10340775,413631,4320000
112000112,2023-12-15,01,09,22,28,33,39,10195525,407821,4673750
112000113,2023-12-19,14,18,20,26,38,48,9642075,385683,4570000
112000114,2023-12-22,08,09,20,34,35,49,9694575,387783,4013750
112000115,2023-12-26,08,19,28,29,30,46,10059750,402390,5397500
112000116,2023-12-29,01,11,23,31,39,46,10804425,432177,5161250
113000001,2024-01-02,04,14,18,21,36,38,8833075,353323,5348750
113000002,2024-01-05,02,20,23,30,35,47,10170750,406830,4277500
113000003,2024-01-09,12,29,31,37,44,49,9958800,398352,6073750
113000004,2024-01-12,04,25,29,38,42,46,10877175,435087,4076250
113000005,2024-01-16,01,03,20,21,36,40,9915600,396624,4710000
113000006,2024-01-19,01,03,07,19,31,46,10628225,425129,4386250
113000007,2024-01-23,02,14,17,26,27,47,8622800,344912,6815000
113000008,2024-01-26,02,11,20,34,46,47,9842625,393705,6360000
113000009,2024-01-30,07,19,30,38,40,45,9989500,399580,6805000
113000010,2024-02-02,05,09,25,35,38,39,10753075,430123,8275000
113000011,2024-02-06,14,19,23,26,34,40,11069300,442772,7896250
113000012,2024-02-07,20,22,31,34,35,37,6459625,258385,3991250
113000013,2024-02-08,05,08,25,31,39,47,7462200,298488,3073750
113000014,2024-02-09,03,07,16,20,25,30,9360675,374427,5290000
113000015,2024-02-10,05,06,11,13,28,34,8501050,340042,4920000
113000016,2024-02-11,11,13,23,29,44,45,12132450,485298,4796250
113000017,2024-02-12,16,22,37,46,47,49,8847475,353899,4533750
113000018,2024-02-13,02,03,06,39,44,47,8734250,349370,4058750
113000019,2024-02-14,07,12,19,26,32,39,8938150,357526,4171250
113000020,2024-02-15,04,08,18,19,20,33,8164125,326565,5520000
113000021,2024-02-16,19,24,33,42,43,45,9875850,395034,4311250
113000022,2024-02-17,04,05,20,27,32,40,8111700,324468,3565000
113000023,2024-02-18,06,12,24,32,36,44,11173650,446946,7352500
113000024,2024-02-19,02,10,17,32,38,48,7845075,313803,5421250
113000025,2024-02-20,06,08,17,27,34,46,9191550,367662,4036250
113000026,2024-02-21,13,21,25,27,31,43,7625625,305025,4911250
113000027,2024-02-22,09,11,18,31,39,46,7428025,297121,4175000
113000028,2024-02-23,03,08,09,21,34,49,9186000,367440,3237500
113000029,2024-02-24,08,15,21,27,46,48,7474175,298967,3641250
113000030,2024-02-27,07,15,17,29,41,42,9102375,364095,8500000
113000031,2024-03-01,01,29,30,39,46,47,9557825,382313,5808750
113000032,2024-03-05,10,15,21,24,26,38,10301175,412047,6890000
113000033,2024-03-08,07,26,27,29,36,40,10754150,430166,4353750
113000034,2024-03-12,03,13,22,27,45,49,10211425,408457,4481250
113000035,2024-03-15,08,18,33,37,40,43,10270750,410830,6037500
113000036,2024-03-19,08,14,19,20,21,36,10106675,404267,7525000
113000037,2024-03-22,04,16,38,40,41,48,10360200,414408,7453750
113000038,2024-03-26,06,19,21,29,32,46,9749900,389996,3792500
113000039,2024-03-29,02,03,13,15,43,48,10172625,406905,4517500
113000040,2024-04-02,27,32,38,39,46,49,9720675,388827,5492500
113000041,2024-04-05,04,31,35,38,40,48,9848500,393940,6960000
113000042,2024-04-09,03,16,17,19,22,26,10031600,401264,5848750
113000043,2024-04-12,03,05,12,15,17,39,10221300,408852,6231250
113000044,2024-04-16,05,08,17,33,35,40,9700950,388038,4368750
113000045,2024-04-19,07,10,16,22,31,46,9793600,391744,4021250
113000046,2024-04-23,13,14,17,32,33,36,9383325,375333,4861250
113000047,2024-04-26,13,21,22,26,33,34,9415550,376622,6436250
113000048,2024-04-30,03,09,13,22,33,43,9898375,395935,5418750
113000049,2024-05-03,06,11,12,22,34,39,10074025,402961,5478750
113000050,2024-05-07,07,09,15,28,30,33,9742150,389686,6023750
113000051,2024-05-10,15,19,30,35,38,41,10277850,411114,9986250
113000052,2024-05-14,06,07,10,25,32,43,9831700,393268,3280000
113000053,2024-05-17,15,33,34,40,41,49,10006750,400270,4837500
113000054,2024-05-21,01,30,34,35,38,42,8859450,354378,5395000
113000055,2024-05-24,04,23,24,28,30,40,9138400,365536,6042500
113000056,2024-05-28,12,17,18,21,33,37,8451175,338047,7373750
113000057,2024-05-31,08,14,16,19,23,32,9129750,365190,9783750
113000058,2024-06-04,07,30,33,34,35,46,9407775,376311,8742500
113000059,2024-06-07,19,24,29,36,37,43,10284450,411378,6377500
113000060,2024-06-11,07,10,12,27,36,46,9703175,388127,3301250
113000061,2024-06-14,01,07,09,18,36,47,9552925,382117,5085000
113000062,2024-06-18,06,24,31,35,36,42,9616000,384640,4573750
113000063,2024-06-21,02,17,31,42,44,46,9465875,378635,4283750
113000064,2024-06-25,06,08,12,29,41,48,9156325,366253,4356250
113000065,2024-06-28,10,11,25,31,36,41,9289825,371593,3362500
113000066,2024-07-02,01,33,38,39,41,45,8980925,359237,7983750
113000067,2024-07-05,02,11,20,25,37,49,9575325,383013,5693750
113000068,2024-07-09,15,18,19,31,39,40,9138450,365538,4128750
113000069,2024-07-12,02,13,19,33,46,49,9458475,378339,3690000
113000070,2024-07-16,04,12,22,29,36,47,9171550,366862,5027500
113000071,2024-07-19,11,13,25,28,33,40,9343625,373745,7273750
113000072,2024-07-23,03,06,10,23,33,35,9139350,365574,5715000
113000073,2024-07-26,06,19,23,35,41,46,8532650,341306,2797500
113000074,2024-07-30,05,15,24,35,46,48,8693475,347739,4033750
113000075,2024-08-02,02,04,05,15,20,33,9081350,363254,5183750
113000076,2024-08-06,20,27,31,33,38,46,9761525,390461,4058750
113000077,2024-08-09,14,20,27,42,44,47,9874525,394981,12196250
113000078,2024-08-13,02,28,30,37,40,48,9896675,395867,4843750
113000079,2024-08-16,04,06,14,31,44,45,9628425,385137,4015000
113000080,2024-08-20,12,13,18,28,39,49,9332200,373288,4602500
113000081,2024-08-23,16,20,32,34,37,43,9528750,381150,13582500
113000082,2024-08-27,12,22,24,38,40,46,9254625,370185,5218750
113000083,2024-08-30,02,17,25,29,32,38,9679025,387161,4627500
113000084,2024-09-03,05,22,25,27,36,41,10693475,427739,4702500
113000085,2024-09-06,09,15,17,38,45,49,9710700,388428,4498750
113000086,2024-09-10,06,14,16,25,35,38,9806975,392279,4906250
113000087,2024-09-13,13,17,26,39,43,48,10079350,403174,8732500
113000088,2024-09-17,26,34,35,40,44,46,10053050,402122,6556250
113000089,2024-09-20,04,08,18,30,35,49,10215825,408633,5653750
113000090,2024-09-24,05,13,14,16,37,48,8991475,359659,3802500
113000091,2024-09-27,02,03,05,21,45,49,9369800,374792,3600000
113000092,2024-10-01,10,12,13,19,27,33,9237525,369501,7656250
113000093,2024-10-04,12,17,19,27,38,42,9025175,361007,4548750
113000094,2024-10-08,03,05,07,31,33,45,9245325,369813,3315000
113000095,2024-10-11,07,09,12,21,26,32,9384900,375396,5540000
113000096,2024-10-15,05,10,13,28,39,41,9006250,360250,5202500
113000097,2024-10-18,14,20,26,43,45,49,9726950,389078,4691250
113000098,2024-10-22,02,24,29,30,38,49,9308375,372335,4313750
113000099,2024-10-25,07,19,25,35,36,38,9514200,380568,7612500
113000100,2024-10-29,19,26,36,38,39,49,9273350,370934,6101250
113000101,2024-11-01,06,10,23,27,34,47,9579825,383193,6805000
113000102,2024-11-05,04,17,21,30,41,49,9951375,398055,4036250
113000103,2024-11-08,01,11,42,46,47,49,10125375,405015,11913750
113000104,2024-11-12,11,25,26,33,34,41,9762050,390482,5163750
113000105,2024-11-15,24,25,30,36,41,43,9610500,384420,3960000
113000106,2024-11-19,05,07,11,22,25,44,9906575,396263,6478750
113000107,2024-11-22,14,16,22,33,36,48,9733775,389351,6418750
113000108,2024-11-26,11,40,42,45,47,49,9723200,388928,7315000
113000109,2024-11-29,13,20,28,32,38,49,9979000,399160,11092500
113000110,2024-12-03,05,06,07,12,17,35,9821450,392858,11973750
113000111,2024-12-06,09,15,18,33,44,47,10412050,416482,8367500
113000112,2024-12-10,01,05,08,26,47,49,10302650,412106,7952500
113000113,2024-12-13,07,11,28,29,38,39,10438400,417536,8801250
113000114,2024-12-17,08,10,22,24,31,34,9925050,397002,6428750
113000115,2024-12-20,03,08,18,26,40,46,10227200,409088,4298750
113000116,2024-12-24,05,09,10,29,35,48,9674375,386975,4462500
113000117,2024-12-27,21,26,28,30,32,34,10232250,409290,4977500
113000118,2024-12-31,10,25,34,35,42,48,10730025,429201,4130000
114000001,2025-01-03,06,09,15,29,30,48,10303450,412138,4970000
114000002,2025-01-07,01,08,20,26,29,35,10213425,408537,5073750
114000003,2025-01-10,14,29,35,36,37,49,10579600,423184,5995000
114000004,2025-01-14,01,03,13,15,37,48,10515275,420611,4386250
114000005,2025-01-17,11,18,32,39,44,49,10709575,428383,4918750
114000006,2025-01-21,06,21,35,36,38,42,10738675,429547,6367500
114000007,2025-01-24,06,22,23,30,36,37,11294875,451795,5043750
114000008,2025-01-25,02,03,10,12,34,40,6728625,269145,6138750
114000009,2025-01-26,07,12,16,31,40,43,8113925,324557,6955000
114000010,2025-01-27,11,22,30,35,37,38,8047925,321917,6472500
114000011,2025-01-28,04,08,20,26,31,34,8976525,359061,6180000
114000012,2025-01-29,15,17,22,26,32,42,8707350,348294,3253750
114000013,2025-01-30,05,08,27,29,30,48,8520950,340838,8033750
114000014,2025-01-31,07,11,13,23,39,42,9486600,379464,6640000
114000015,2025-02-01,02,09,10,18,39,40,8927900,357116,5555000
114000016,2025-02-02,10,16,25,28,33,37,8902050,356082,6127500
114000017,2025-02-03,07,20,29,32,33,39,7820900,312836,3375000
114000018,2025-02-04,15,17,21,26,30,47,8666450,346658,4845000
114000019,2025-02-05,03,06,13,32,33,41,8098375,323935,3478750
114000020,2025-02-06,02,05,18,19,42,45,7796375,311855,4827500
114000021,2025-02-07,14,22,25,44,46,49,8726200,349048,10965000
114000022,2025-02-08,03,06,23,26,40,43,7718725,308749,3071250
114000023,2025-02-09,04,06,13,14,22,25,7390900,295636,2837500
114000024,2025-02-10,01,18,28,34,35,43,7519500,300780,4415000
114000025,2025-02-11,07,19,25,27,34,35,8586750,343470,5142500
114000026,2025-02-12,12,30,31,37,47,49,7994600,319784,4411250
114000027,2025-02-14,08,11,14,29,33,45,9942450,397698,9255000
114000028,2025-02-18,05,09,10,31,35,37,9627350,385094,6371250
114000029,2025-02-21,02,07,27,30,38,49,10204850,408194,6403750
114000030,2025-02-25,13,15,24,37,38,43,9859425,394377,4372500
114000031,2025-02-28,07,19,25,26,38,39,10148125,405925,6962500
114000032,2025-03-04,07,21,31,36,46,47,9367750,374710,4421250
114000033,2025-03-07,05,07,26,30,40,48,9972625,398905,4642500
114000034,2025-03-11,02,18,25,37,38,47,10474925,418997,7427500
114000035,2025-03-14,06,07,13,17,21,23,10824225,432969,6032500
114000036,2025-03-18,07,08,13,17,29,36,9681800,387272,4601250
114000037,2025-03-21,13,25,29,40,46,47,10055325,402213,2887500
114000038,2025-03-25,17,24,40,41,46,48,9582000,383280,3443750
114000039,2025-03-28,01,07,11,15,27,30,10414575,416583,6780000
114000040,2025-04-01,04,16,18,29,35,37,9817175,392687,6733750
114000041,2025-04-04,07,20,29,40,43,47,9767500,390700,5088750
114000042,2025-04-08,10,26,33,39,45,46,10181350,407254,5862500
114000043,2025-04-11,06,10,11,17,23,32,10537475,421499,8286250
114000044,2025-04-15,18,28,37,41,43,46,10199775,407991,5507500
114000045,2025-04-18,02,08,15,22,29,45,10321925,412877,5837500
114000046,2025-04-22,01,06,14,19,35,49,9606750,384270,7016250
114000047,2025-04-25,20,21,24,25,31,35,9926200,397048,5246250
114000048,2025-04-29,07,11,24,26,30,42,9896900,395876,9802500
114000049,2025-05-02,02,05,39,43,45,47,10268750,410750,9598750
114000050,2025-05-06,05,08,09,25,30,45,10152575,406103,6053750
114000051,2025-05-09,15,27,33,42,48,49,10181600,407264,6988750
114000052,2025-05-13,01,23,29,41,45,49,10158625,406345,4203750
114000053,2025-05-16,13,16,22,23,34,39,10408775,416351,6336250
114000054,2025-05-20,02,11,15,26,29,48,10050450,402018,4640000
114000055,2025-05-23,01,07,11,24,44,48,10172725,406909,4562500
114000056,2025-05-27,16,17,26,29,32,40,9832750,393310,3810000
114000057,2025-05-30,03,04,13,21,38,46,9735525,389421,12833750
114000058,2025-06-03,09,24,32,40,41,49,9366050,374642,3598750
114000059,2025-06-06,11,13,15,39,42,46,9818900,392756,5878750
114000060,2025-06-10,03,05,12,16,22,48,9177175,367087,5148750
114000061,2025-06-13,01,02,10,13,20,27,8726875,349075,10455000
114000062,2025-06-17,13,20,21,26,31,44,9059325,362373,4061250
114000063,2025-06-20,04,20,31,40,42,48,9098200,363928,3120000
114000064,2025-06-24,03,08,20,37,45,49,8625200,345008,3807500
114000065,2025-06-27,04,08,09,14,21,39,9196050,367842,4450000
114000066,2025-07-01,08,09,21,25,33,34,9047925,361917,4267500
114000067,2025-07-04,05,13,15,18,33,37,9442275,377691,4115000
114000068,2025-07-08,06,08,12,14,25,35,9418225,376729,10072500
114000069,2025-07-11,15,16,26,34,48,49,10192525,407701,7403750
114000070,2025-07-15,32,33,41,45,46,49,9927025,397081,8602500
114000071,2025-07-18,02,25,36,37,38,46,10502575,420103,6203750
114000072,2025-07-22,05,17,19,26,27,39,9932700,397308,9775000
114000073,2025-07-25,02,04,23,35,41,47,10136400,405456,4940000
114000074,2025-07-29,02,05,14,19,36,45,9908750,396350,3966250
114000075,2025-08-01,04,14,19,28,40,41,9517075,380683,3495000
114000076,2025-08-05,01,20,34,36,37,40,9207725,368309,4516250
114000077,2025-08-08,11,16,17,21,24,29,10321150,412846,7752500
114000078,2025-08-12,06,07,15,22,37,42,9749200,389968,8672500
114000079,2025-08-15,03,05,07,15,17,47,9893425,395737,6035000
114000080,2025-08-19,02,23,25,33,41,46,9407800,376312,4546250
114000081,2025-08-22,23,33,38,43,45,47,9570750,382830,5130000
114000082,2025-08-26,03,06,22,32,35,39,9184175,367367,5588750
114000083,2025-08-29,13,20,25,27,28,32,9921600,396864,5987500
114000084,2025-09-02,02,06,09,19,20,30,9538675,381547,7532500
114000085,2025-09-05,10,13,14,17,19,29,10097600,403904,6207500
114000086,2025-09-09,12,20,25,26,40,45,10631850,425274,4215000
114000087,2025-09-12,02,03,04,11,15,41,10266650,410666,7330000
114000088,2025-09-16,07,17,18,22,25,47,9528900,381156,6281250
114000089,2025-09-19,14,17,26,36,38,41,9694300,387772,4313750
114000090,2025-09-23,05,14,22,25,27,45,9174475,366979,4612500
114000091,2025-09-26,01,02,25,29,41,49,9565200,382608,9906250
114000092,2025-09-30,19,20,22,32,36,42,8675075,347003,3375000
114000093,2025-10-03,04,18,36,40,41,43,9533400,381336,3911250
114000094,2025-10-07,02,09,16,34,42,43,8884475,355379,3780000
114000095,2025-10-10,13,16,18,22,39,42,9217775,368711,2531250
114000096,2025-10-14,11,16,20,31,39,41,9212275,368491,3553750
114000097,2025-10-17,03,15,16,31,32,45,9170900,366836,2720000
114000098,2025-10-21,14,20,25,42,44,49,8565925,342637,6733750
114000099,2025-10-24,13,22,23,33,39,40,8978675,359147,5106250
114000100,2025-10-28,05,08,11,12,18,39,9058450,362338,7263750
114000101,2025-10-31,03,04,07,10,18,21,9941600,397664,8456250
114000102,2025-11-04,16,25,27,35,47,48,10005800,400232,7090000
114000103,2025-11-07,04,11,22,32,33,41,10220125,408805,9570000
114000104,2025-11-11,11,16,24,42,44,47,10676950,427078,5667500
114000105,2025-11-14,21,25,26,38,41,46,11244575,449783,7126250
114000106,2025-11-18,08,09,10,23,24,43,10256150,410246,5272500
114000107,2025-11-21,14,20,21,28,31,46,10055400,402216,5985000
114000108,2025-11-25,02,10,12,20,23,24,9737400,389496,5457500
114000109,2025-11-28,08,12,18,28,37,46,10259450,410378,5597500
114000110,2025-12-02,14,20,32,35,42,48,9941175,397647,4108750
114000111,2025-12-05,08,15,23,24,41,47,10361625,414465,6755000
114000112,2025-12-09,05,10,18,26,28,44,11223775,448951,6930000
114000113,2025-12-12,15,17,24,26,40,47,10723550,428942,4226250
114000114,2025-12-16,06,07,15,19,24,33,10688775,427551,6150000
114000115,2025-12-19,06,08,11,12,18,46,10131575,405263,8640000
114000116,2025-12-23,01,03,12,33,39,41,10701050,428042,4452500
114000117,2025-12-26,05,07,09,14,17,30,10787825,431513,8075000
114000118,2025-12-30,05,10,15,20,24,29,10323050,412922,9195000
115000001,2026-01-02,03,07,16,19,40,42,10234950,409398,3755000
115000002,2026-01-06,02,23,33,38,39,45,10242650,409706,6075000
115000003,2026-01-09,01,07,13,14,34,45,11160100,446404,7705000
115000004,2026-01-13,02,10,18,19,39,49,10857575,434303,4980000
115000005,2026-01-16,09,10,21,22,25,36,11016100,440644,9618750
115000006,2026-01-20,02,07,26,41,44,45,10256925,410277,3740000
115000007,2026-01-23,21,23,32,36,39,43,10405250,416210,5595000
115000008,2026-01-27,04,11,24,25,29,30,10118625,404745,8536250
115000009,2026-01-30,09,13,27,31,32,39,10892700,435708,7836250
115000010,2026-02-03,06,14,32,33,39,43,10907450,436298,3757500
115000011,2026-02-06,04,12,24,25,39,48,11114275,444571,5930000
115000012,2026-02-10,06,16,20,21,24,35,10816500,432660,7075000
115000013,2026-02-12,01,03,08,15,20,48,6148225,245929,3622500
115000014,2026-02-13,09,20,25,35,39,48,9427850,377114,4295000
115000015,2026-02-14,01,11,22,35,36,40,8078775,323151,3398750
115000016,2026-02-15,03,06,11,18,25,28,8790200,351608,5886250
115000017,2026-02-16,11,16,18,27,38,46,8442700,337708,4363750
115000018,2026-02-17,06,12,24,26,37,46,9340125,373605,6608750
115000019,2026-02-18,16,35,36,37,39,49,8983225,359329,6037500
115000020,2026-02-19,20,28,29,31,35,41,8922200,356888,4155000
115000021,2026-02-20,13,15,18,24,33,49,9908600,396344,6463750
115000022,2026-02-21,12,13,17,27,41,48,9316075,372643,5036250
115000023,2026-02-22,05,07,17,22,24,47,8967900,358716,8802500
115000024,2026-02-23,06,10,23,27,47,48,8605200,344208,4683750
115000025,2026-02-24,12,19,22,27,28,31,9369700,374788,5963750
115000026,2026-02-25,07,15,22,38,45,49,8394125,335765,3661250
115000027,2026-02-26,01,16,22,24,47,48,8279425,331177,3265000
115000028,2026-02-27,14,18,19,34,45,47,8695700,347828,3445000
115000029,2026-02-28,17,23,30,37,39,49,7985175,319407,4157500
115000030,2026-03-01,04,07,34,40,44,49,7776600,311064,5116250
115000031,2026-03-02,19,25,27,28,33,39,7660775,306431,5962500
115000032,2026-03-03,05,26,27,35,45,46,8760075,350403,3843750
115000033,2026-03-06,09,11,12,14,23,25,9461125,378445,8366250
115000034,2026-03-10,05,11,29,37,43,47,9433300,377332,3221250
115000035,2026-03-13,05,12,13,38,47,48,9945950,397838,7518750
115000036,2026-03-17,02,06,10,22,40,45,9745500,389820,7031250
115000037,2026-03-20,11,15,33,38,41,43,10077875,403115,5023750
115000038,2026-03-24,14,33,41,42,44,48,9853625,394145,6852500
115000039,2026-03-27,04,08,23,26,29,36,9773375,390935,7395000
115000040,2026-03-31,05,11,25,40,45,47,9595225,383809,5155000
115000041,2026-04-03,05,12,13,25,36,48,9807850,392314,10342500
115000042,2026-04-07,01,02,06,16,18,26,9187025,367481,9822500
115000043,2026-04-10,04,10,15,17,21,40,10467750,418710,7708750
115000044,2026-04-14,04,08,21,23,24,43,10278225,411129,4771250
115000045,2026-04-17,07,10,11,22,40,45,10464475,418579,8680000
115000046,2026-04-21,01,06,17,19,20,40,10588500,423540,5998750
115000047,2026-04-24,07,14,16,37,39,47,9599400,383976,5662500
115000048,2026-04-28,06,10,14,25,26,32,10357000,414280,5612500
115000049,2026-05-01,07,22,27,35,43,48,10157525,406301,3993750
115000050,2026-05-05,04,17,23,28,33,37,9553175,382127,5695000
115000051,2026-05-08,10,18,25,28,39,43,10637350,425494,4685000
115000052,2026-05-12,06,12,18,19,32,36,10535775,421431,6172500
115000053,2026-05-15,16,29,30,35,42,43,10526275,421051,5820000
115000054,2026-05-19,04,20,22,26,38,47,9813325,392533,5332500
115000055,2026-05-22,12,13,16,21,28,48,10033550,401342,5632500
115000056,2026-05-26,03,27,29,37,47,48,9609300,384372,6051250
115000057,2026-05-29,20,26,29,31,37,49,9702975,388119,5092500
115000058,2026-06-02,08,09,16,20,37,49,9516900,380676,4275000
115000059,2026-06-05,12,14,25,30,32,44,9588375,383535,4031250
115000060,2026-06-09,13,18,25,39,40,46,9392650,375706,4335000
115000061,2026-06-12,01,06,16,20,34,49,9828750,393150,5365000
115000062,2026-06-16,01,02,09,11,28,36,9654300,386172,7775000
115000063,2026-06-19,04,12,28,29,35,48,9854875,394195,6381250
115000064,2026-06-23,12,18,29,33,34,39,9088025,363521,3667500
115000065,2026-06-26,11,19,23,24,29,41,8712450,348498,5835000
115000066,2026-06-30,04,10,16,29,36,45,9120625,364825,3665000
115000067,2026-07-03,11,16,19,23,39,47,9277050,371082,3857500
115000068,2026-07-07,08,13,15,18,19,42,9189875,367595,4570000
115000069,2026-07-10,03,04,15,18,29,49,9391875,375675,4890000
115000070,2026-07-14,10,25,34,36,45,46,9685050,387402,4260000
115000071,2026-07-17,01,06,12,14,17,26,9930800,397232,11738750
115000072,2026-07-21,02,08,15,26,35,46,9864400,394576,4788750
115000073,2026-07-24,03,15,27,34,35,44,10020225,400809,3761250
115000074,2026-07-28,08,19,24,26,32,43,10234825,409393,4560000
115000075,2026-07-31,11,20,23,33,34,44,9176625,367065,5877500
115000076,2026-08-04,04,09,15,30,36,49,9326525,373061,4648750
115000077,2026-08-07,02,12,19,21,25,41,9894100,395764,6378750
115000078,2026-08-11,08,12,16,24,29,46,9651975,386079,8090000
115000079,2026-08-14,05,12,25,33,34,35,9918850,396754,6457500
115000080,2026-08-18,01,14,25,27,29,43,9604900,384196,3646250
115000081,2026-08-21,08,14,23,24,26,47,9195575,367823,5631250
115000082,2026-08-25,12,24,26,32,35,40,9081750,363270,3955000
115000083,2026-08-28,09,20,23,26,36,44,9904350,396174,5648750
115000084,2026-09-01,10,16,19,26,29,48,9095800,,5251250
115000085,2026-09-04,03,13,17,18,27,37,9914975,,10477500
115000086,2026-09-08,03,15,28,35,47,49,10124450,,5207500
115000087,2026-09-11,12,15,19,27,43,48,10241225,,5417500
