draw_no,draw_date,number_1,number_2,number_3,number_4,sales_amount,sales_count,total_prize
96000001,2007-01-01,8,8,9,4,3163600,126544,625000
96000002,2007-01-02,3,7,6,1,3402850,136114,1195000
96000003,2007-01-03,5,5,9,6,4165700,166628,3055000
96000004,2007-01-04,9,8,1,4,4045650,161826,930000
96000005,2007-01-05,8,0,8,5,4163050,166522,1220000
96000006,2007-01-08,6,5,9,6,4949300,197972,810000
96000007,2007-01-09,5,4,5,6,4350775,174031,1265000
96000008,2007-01-10,7,6,1,3,4866375,194655,1545000
96000009,2007-01-11,2,1,4,2,4389275,175571,3950000
96000010,2007-01-12,5,8,8,5,4453450,178138,5150000
96000011,2007-01-15,3,1,2,4,5592250,223690,3640000
96000012,2007-01-16,8,6,1,5,4818875,192755,2615000
96000013,2007-01-17,7,6,7,7,4932400,197296,1310000
96000014,2007-01-18,3,4,2,9,4662900,186516,3190000
96000015,2007-01-19,1,2,7,4,4834475,193379,1025000
96000016,2007-01-22,8,1,1,7,5560650,222426,1550000
96000017,2007-01-23,4,3,0,4,4700125,188005,630000
96000018,2007-01-24,6,2,3,8,4839000,193560,3130000
96000019,2007-01-25,2,5,4,6,4685950,187438,2500000
96000020,2007-01-26,1,2,5,3,4852975,194119,1485000
96000021,2007-01-29,4,5,6,9,5470075,218803,1295000
96000022,2007-01-30,3,1,7,5,4741250,189650,1910000
96000023,2007-01-31,6,7,3,6,5132575,205303,1460000
96000024,2007-02-01,2,6,8,7,4686550,187462,900000
96000025,2007-02-02,7,8,3,6,4858875,194355,1575000
96000026,2007-02-05,3,8,2,9,5761375,230455,4550000
96000027,2007-02-06,3,2,2,6,5223125,208925,2505000
96000028,2007-02-07,4,1,9,4,5503800,220152,3525000
96000029,2007-02-08,0,9,7,2,5171075,206843,2720000
96000030,2007-02-09,6,5,1,1,5180700,207228,2240000
96000031,2007-02-12,9,3,2,9,5895275,235811,1505000
96000032,2007-02-13,7,1,3,1,5236550,209462,2835000
96000033,2007-02-14,8,7,0,1,5491700,219668,6740000
96000034,2007-02-15,9,3,2,9,5200625,208025,1300000
96000035,2007-02-16,7,2,2,0,5722100,228884,3050000
96000036,2007-02-19,8,4,8,3,5541775,221671,1235000
96000037,2007-02-20,8,4,3,7,5462100,218484,1620000
96000038,2007-02-21,3,4,1,5,4645150,185806,2465000
96000039,2007-02-22,1,4,8,7,4954325,198173,4215000
96000040,2007-02-23,6,7,2,3,6129400,245176,11425000
96000041,2007-02-26,4,0,7,3,6627675,265107,1300000
96000042,2007-02-27,9,3,8,3,5418800,216752,2740000
96000043,2007-02-28,9,9,7,8,5531150,221246,2130000
96000044,2007-03-01,1,0,5,2,5405600,216224,3745000
96000045,2007-03-02,1,9,4,9,5461175,218447,4065000
96000046,2007-03-05,6,9,1,8,6224250,248970,2985000
96000047,2007-03-06,5,8,9,4,4878850,195154,845000
96000048,2007-03-07,8,8,6,7,5182875,207315,1955000
96000049,2007-03-08,2,1,2,0,4945700,197828,4075000
96000050,2007-03-09,8,8,3,9,5116950,204678,1935000
96000051,2007-03-12,7,2,9,5,6128925,245157,9075000
96000052,2007-03-13,4,2,7,9,5201725,208069,1255000
96000053,2007-03-14,6,7,8,9,5343150,213726,8945000
96000054,2007-03-15,7,3,6,9,5089850,203594,4055000
96000055,2007-03-16,8,9,7,8,5394475,215779,2185000
96000056,2007-03-19,6,9,2,3,5851625,234065,2230000
96000057,2007-03-20,4,4,2,6,5139625,205585,1565000
96000058,2007-03-21,1,7,7,7,5183525,207341,1810000
96000059,2007-03-22,8,6,1,2,4798775,191951,2220000
96000060,2007-03-23,2,1,7,1,5083925,203357,1810000
96000061,2007-03-26,2,2,8,2,5769550,230782,1425000
96000062,2007-03-27,1,7,4,7,4608700,184348,1395000
96000063,2007-03-28,0,5,9,4,5115375,204615,1580000
96000064,2007-03-29,6,6,3,0,4528350,181134,3990000
96000065,2007-03-30,0,5,8,7,4840850,193634,1090000
96000066,2007-04-02,4,7,0,0,4870875,194835,1840000
96000067,2007-04-03,6,5,9,6,4376825,175073,790000
96000068,2007-04-04,1,5,7,5,4856925,194277,1100000
96000069,2007-04-05,8,5,3,8,3834575,153383,1960000
96000070,2007-04-06,6,3,9,8,4303600,172144,3945000
96000071,2007-04-09,6,4,0,9,5524600,220984,1315000
96000072,2007-04-10,6,4,6,7,4464500,178580,610000
96000073,2007-04-11,3,1,9,3,5005700,200228,4375000
96000074,2007-04-12,8,3,0,6,4608075,184323,2105000
96000075,2007-04-13,6,5,1,2,4716650,188666,6085000
96000076,2007-04-16,5,0,0,0,5348025,213921,2790000
96000077,2007-04-17,9,6,4,6,4570975,182839,1150000
96000078,2007-04-18,7,5,0,3,4540950,181638,1060000
96000079,2007-04-19,4,9,3,9,4341300,173652,2145000
96000080,2007-04-20,2,9,8,1,4633475,185339,5075000
96000081,2007-04-23,0,3,4,0,4881525,195261,690000
96000082,2007-04-24,7,5,3,5,4356350,174254,1160000
96000083,2007-04-25,8,8,4,5,4698225,187929,1160000
96000084,2007-04-26,5,1,8,5,4554675,182187,1670000
96000085,2007-04-27,1,9,3,3,4693325,187733,1965000
96000086,2007-04-30,5,8,7,1,4712400,188496,1815000
96000087,2007-05-01,4,4,4,3,4345425,173817,680000
96000088,2007-05-02,3,9,4,0,4398450,175938,1725000
96000089,2007-05-03,4,8,0,8,4136350,165454,760000
96000090,2007-05-04,3,4,1,8,4480850,179234,1050000
96000091,2007-05-07,3,0,3,8,5079950,203198,2195000
96000092,2007-05-08,3,4,8,5,4391675,175667,1485000
96000093,2007-05-09,3,0,8,5,4611875,184475,1135000
96000094,2007-05-10,0,9,4,4,4327675,173107,1080000
96000095,2007-05-11,6,2,3,3,4614375,184575,1235000
96000096,2007-05-14,1,9,5,7,4921875,196875,4535000
96000097,2007-05-15,1,3,1,6,4245825,169833,1650000
96000098,2007-05-16,0,8,2,7,4459525,178381,2995000
96000099,2007-05-17,7,8,7,6,4067450,162698,2475000
96000100,2007-05-18,7,9,3,2,4413100,176524,1750000
96000101,2007-05-21,5,2,5,5,5083000,203320,1875000
96000102,2007-05-22,9,1,5,1,4221425,168857,1260000
96000103,2007-05-23,4,6,0,4,4315550,172622,1020000
96000104,2007-05-24,1,1,2,4,4076800,163072,3820000
96000105,2007-05-25,4,7,1,3,4335450,173418,2040000
96000106,2007-05-28,6,9,5,9,4552750,182110,575000
96000107,2007-05-29,6,2,4,0,4064525,162581,610000
96000108,2007-05-30,5,7,0,1,3915925,156637,1025000
96000109,2007-05-31,5,3,7,3,3737825,149513,1905000
96000110,2007-06-01,2,2,4,1,4244700,169788,1320000
96000111,2007-06-04,8,0,2,5,4316900,172676,6385000
96000112,2007-06-05,8,7,7,0,3948950,157958,370000
96000113,2007-06-06,2,0,9,2,4245825,169833,1560000
96000114,2007-06-07,7,3,6,7,3715900,148636,1790000
96000115,2007-06-08,3,1,8,5,3827900,153116,2080000
96000116,2007-06-11,3,4,4,3,4693775,187751,4870000
96000117,2007-06-12,1,8,2,5,4105950,164238,1635000
96000118,2007-06-13,0,3,0,3,4388450,175538,2735000
96000119,2007-06-14,4,7,0,0,3966000,158640,1490000
96000120,2007-06-15,8,6,6,1,4419000,176760,5890000
96000121,2007-06-18,9,5,5,6,4089375,163575,4335000
96000122,2007-06-19,2,5,0,5,3893175,155727,2095000
96000123,2007-06-20,4,8,5,7,4184700,167388,2080000
96000124,2007-06-21,3,2,7,2,3954575,158183,1745000
96000125,2007-06-22,6,8,6,7,4382125,175285,1100000
96000126,2007-06-25,0,8,8,9,4547475,181899,1285000
96000127,2007-06-26,3,7,3,7,4030000,161200,1965000
96000128,2007-06-27,6,0,3,5,3929125,157165,670000
96000129,2007-06-28,5,8,7,8,3796125,151845,2550000
96000130,2007-06-29,9,5,4,4,4099125,163965,630000
96000131,2007-07-02,6,6,3,7,4483750,179350,2580000
96000132,2007-07-03,9,3,1,9,4019775,160791,1005000
96000133,2007-07-04,5,2,1,3,4143225,165729,1715000
96000134,2007-07-05,6,4,8,7,3903400,156136,1705000
96000135,2007-07-06,7,8,6,8,4307925,172317,1960000
96000136,2007-07-09,5,3,0,1,4582575,183303,1505000
96000137,2007-07-10,5,4,9,1,4083750,163350,480000
96000138,2007-07-11,6,4,6,2,4215425,168617,1180000
96000139,2007-07-12,6,7,2,3,4056850,162274,1525000
96000140,2007-07-13,0,1,5,9,4274025,170961,1210000
96000141,2007-07-16,9,0,6,9,4653200,186128,775000
96000142,2007-07-17,1,4,1,4,3994175,159767,16455000
96000143,2007-07-18,0,5,9,8,4223300,168932,1750000
96000144,2007-07-19,0,6,6,1,3879125,155165,855000
96000145,2007-07-20,5,9,7,9,4205875,168235,1490000
96000146,2007-07-23,9,9,6,6,4531100,181244,21300000
96000147,2007-07-24,9,6,9,5,4131950,165278,965000
96000148,2007-07-25,3,3,1,7,4379750,175190,2545000
96000149,2007-07-26,4,5,5,3,4092250,163690,1880000
96000150,2007-07-27,6,4,9,5,4388775,175551,790000
96000151,2007-07-30,4,3,7,5,4781450,191258,1050000
96000152,2007-07-31,9,8,3,6,4154300,166172,1960000
96000153,2007-08-01,4,0,7,2,4305625,172225,970000
96000154,2007-08-02,7,7,5,0,3939175,157567,675000
96000155,2007-08-03,4,2,5,4,4227075,169083,675000
96000156,2007-08-06,1,0,2,5,4770200,190808,4860000
96000157,2007-08-07,3,8,9,1,4126750,165070,1035000
96000158,2007-08-08,1,6,1,3,4312475,172499,2095000
96000159,2007-08-09,5,0,2,1,3891250,155650,2075000
96000160,2007-08-10,1,6,7,9,4344000,173760,1915000
96000161,2007-08-13,8,9,3,1,4558150,182326,1710000
96000162,2007-08-14,1,1,2,5,3920525,156821,4585000
96000163,2007-08-15,4,7,3,8,4394450,175778,5240000
96000164,2007-08-16,7,9,7,0,3952450,158098,7215000
96000165,2007-08-17,8,2,9,1,4070225,162809,585000
96000166,2007-08-20,3,3,8,7,4491825,179673,2440000
96000167,2007-08-21,4,6,5,5,3953850,158154,3175000
96000168,2007-08-22,0,4,0,5,4243725,169749,21400000
96000169,2007-08-23,4,4,4,1,3982675,159307,980000
96000170,2007-08-24,5,7,2,3,4170325,166813,2060000
96000171,2007-08-27,7,4,3,6,4679775,187191,880000
96000172,2007-08-28,7,8,7,7,3911150,156446,1780000
96000173,2007-08-29,0,2,9,7,4104575,164183,815000
96000174,2007-08-30,5,1,2,5,3830075,153203,2000000
96000175,2007-08-31,7,5,9,4,4144375,165775,945000
96000176,2007-09-03,6,2,4,8,4644825,185793,1640000
96000177,2007-09-04,9,6,2,1,3929275,157171,1515000
96000178,2007-09-05,7,0,7,2,4140800,165632,875000
96000179,2007-09-06,9,3,9,1,3954450,158178,1600000
96000180,2007-09-07,5,2,0,2,4414525,176581,1975000
96000181,2007-09-10,6,9,2,2,4681950,187278,920000
96000182,2007-09-11,5,9,8,3,4128500,165140,11370000
96000183,2007-09-12,8,1,0,3,4239275,169571,1530000
96000184,2007-09-13,6,7,7,0,3865950,154638,1340000
96000185,2007-09-14,9,2,2,7,4227175,169087,1880000
96000186,2007-09-17,5,8,1,1,4294750,171790,4330000
96000187,2007-09-18,3,9,1,9,3149450,125978,2670000
96000188,2007-09-19,1,1,8,6,4210175,168407,2295000
96000189,2007-09-20,3,8,0,4,3999700,159988,685000
96000190,2007-09-21,2,9,3,9,4350000,174000,1830000
96000191,2007-09-24,6,6,3,1,3661150,146446,2470000
96000192,2007-09-25,6,7,9,3,3805725,152229,1350000
96000193,2007-09-26,8,0,9,5,3968700,158748,1825000
96000194,2007-09-27,0,1,4,8,3804725,152189,675000
96000195,2007-09-28,3,8,2,7,4160800,166432,2405000
96000196,2007-10-01,1,9,3,1,4458375,178335,1720000
96000197,2007-10-02,0,2,5,3,4084075,163363,1085000
96000198,2007-10-03,6,2,3,6,3963050,158522,1605000
96000199,2007-10-04,0,6,4,0,3719125,148765,770000
96000200,2007-10-05,5,5,5,5,4009175,160367,6000000
96000201,2007-10-08,9,0,2,0,4747250,189890,550000
96000202,2007-10-09,3,5,6,4,4311375,172455,1615000
96000203,2007-10-10,9,6,6,2,3966125,158645,1200000
96000204,2007-10-11,0,9,7,2,4127025,165081,1115000
96000205,2007-10-12,4,9,4,0,4363650,174546,960000
96000206,2007-10-15,4,5,7,7,4687850,187514,790000
96000207,2007-10-16,9,9,6,6,4103525,164141,7155000
96000208,2007-10-17,1,6,2,7,4458025,178321,2265000
96000209,2007-10-18,3,3,3,7,4127250,165090,1505000
96000210,2007-10-19,4,4,7,6,4472225,178889,1025000
96000211,2007-10-22,3,1,8,2,4783425,191337,1730000
96000212,2007-10-23,3,4,9,7,4110875,164435,885000
96000213,2007-10-24,6,2,5,9,4221900,168876,2210000
96000214,2007-10-25,8,0,1,5,4000250,160010,1700000
96000215,2007-10-26,4,9,2,7,4256925,170277,2165000
96000216,2007-10-29,5,9,9,3,4645650,185826,1920000
96000217,2007-10-30,7,2,9,9,4088100,163524,465000
96000218,2007-10-31,0,6,9,9,4219275,168771,600000
96000219,2007-11-01,0,5,5,4,3847450,153898,300000
96000220,2007-11-02,6,1,4,2,4249075,169963,1480000
96000221,2007-11-05,3,9,7,6,4420175,176807,1615000
96000222,2007-11-06,1,8,2,1,4100650,164026,1425000
96000223,2007-11-07,3,6,6,2,4192625,167705,2460000
96000224,2007-11-08,4,2,3,3,3937875,157515,940000
96000225,2007-11-09,2,0,8,6,4271800,170872,1720000
96000226,2007-11-12,0,3,1,0,4653025,186121,3610000
96000227,2007-11-13,3,7,5,3,4094000,163760,1700000
96000228,2007-11-14,5,2,8,5,4216525,168661,2920000
96000229,2007-11-15,2,3,1,8,3989100,159564,4145000
96000230,2007-11-16,5,1,8,1,4159525,166381,1240000
96000231,2007-11-19,3,8,5,2,4547500,181900,3270000
96000232,2007-11-20,4,0,0,8,4141000,165640,630000
96000233,2007-11-21,4,4,1,5,4143300,165732,660000
96000234,2007-11-22,4,4,8,8,3904175,156167,5350000
96000235,2007-11-23,0,6,0,5,4368475,174739,1830000
96000236,2007-11-26,9,6,0,4,4275375,171015,1485000
96000237,2007-11-27,9,9,6,5,3993025,159721,1870000
96000238,2007-11-28,1,1,0,4,3902925,156117,2090000
96000239,2007-11-29,4,2,4,7,3826450,153058,1380000
96000240,2007-11-30,9,5,4,0,4510725,180429,715000
96000241,2007-12-03,8,3,1,3,4351500,174060,3280000
96000242,2007-12-04,8,4,5,1,4464150,178566,1085000
96000243,2007-12-05,5,1,9,7,4008800,160352,990000
96000244,2007-12-06,3,5,0,7,3989350,159574,995000
96000245,2007-12-07,4,8,3,9,4246875,169875,4930000
96000246,2007-12-10,0,3,8,0,4801875,192075,4375000
96000247,2007-12-11,0,6,1,3,4339975,173599,3615000
96000248,2007-12-12,3,7,9,6,4520275,180811,1060000
96000249,2007-12-13,7,0,4,1,4179150,167166,1030000
96000250,2007-12-14,8,8,6,5,4512750,180510,2920000
96000251,2007-12-17,0,5,2,0,4754750,190190,2760000
96000252,2007-12-18,1,9,8,3,4352950,174118,2885000
96000253,2007-12-19,0,8,3,3,4364875,174595,1190000
96000254,2007-12-20,3,0,2,5,4454525,178181,2100000
96000255,2007-12-21,2,7,8,7,4639575,185583,1885000
96000256,2007-12-24,0,5,8,1,4619075,184763,1355000
96000257,2007-12-25,1,4,1,5,4611250,184450,975000
96000258,2007-12-26,1,9,6,5,4354775,174191,2550000
96000259,2007-12-27,3,1,0,5,4226400,169056,2150000
96000260,2007-12-28,9,7,0,4,4841550,193662,1065000
96000261,2007-12-31,3,4,7,6,4684725,187389,810000
97000001,2008-01-01,2,8,6,8,3657975,146319,1805000
97000002,2008-01-02,8,2,5,6,4256875,170275,3750000
97000003,2008-01-03,9,1,0,5,4098400,163936,1890000
97000004,2008-01-04,9,2,2,9,4608950,184358,1405000
97000005,2008-01-07,9,7,5,7,5037075,201483,1965000
97000006,2008-01-08,3,7,5,4,4475150,179006,910000
97000007,2008-01-09,0,9,7,5,4569300,182772,930000
97000008,2008-01-10,3,5,1,3,4311250,172450,2390000
97000009,2008-01-11,6,9,4,6,4791800,191672,825000
97000010,2008-01-14,4,3,8,6,4715850,188634,2130000
97000011,2008-01-15,5,9,8,9,4376700,175068,1295000
97000012,2008-01-16,1,8,6,6,4297700,171908,1875000
97000013,2008-01-17,8,4,0,6,4180125,167205,1150000
97000014,2008-01-18,3,8,1,2,4410250,176410,1365000
97000015,2008-01-21,8,6,3,9,4884850,195394,2115000
97000016,2008-01-22,2,2,8,6,4065075,162603,3500000
97000017,2008-01-23,0,4,7,6,4244750,169790,1465000
97000018,2008-01-24,4,0,8,9,3855400,154216,570000
97000019,2008-01-25,2,4,4,3,4176525,167061,555000
97000020,2008-01-28,2,8,6,4,4783975,191359,7625000
97000021,2008-01-29,7,5,4,5,4318125,172725,1010000
97000022,2008-01-30,9,5,5,7,4448275,177931,3415000
97000023,2008-01-31,9,1,6,8,4156725,166269,1445000
97000024,2008-02-01,8,8,9,2,4750075,190003,950000
97000025,2008-02-04,9,9,0,3,5338400,213536,1085000
97000026,2008-02-05,6,5,6,6,4693875,187755,3645000
97000027,2008-02-06,6,5,3,2,4583125,183325,2320000
97000028,2008-02-07,9,9,6,4,4502900,180116,525000
97000029,2008-02-08,8,5,1,5,4386400,175456,1500000
97000030,2008-02-11,1,0,3,4,6112825,244513,2070000
97000031,2008-02-12,5,3,6,4,4776500,191060,3780000
97000032,2008-02-13,1,8,4,6,5058575,202343,1340000
97000033,2008-02-14,5,3,2,0,4941625,197665,1890000
97000034,2008-02-15,4,2,5,2,4978675,199147,1260000
97000035,2008-02-18,6,3,5,5,5791300,231652,2975000
97000036,2008-02-19,6,7,7,5,4692100,187684,2210000
97000037,2008-02-20,3,3,2,8,5111900,204476,3925000
97000038,2008-02-21,4,7,4,4,4921025,196841,640000
97000039,2008-02-22,2,1,9,3,4856000,194240,1595000
97000040,2008-02-25,6,6,8,4,5609150,224366,630000
97000041,2008-02-26,0,1,0,7,4432750,177310,1665000
97000042,2008-02-27,3,4,9,3,4709350,188374,1195000
97000043,2008-02-28,9,6,9,9,4210350,168414,2430000
97000044,2008-02-29,4,3,9,1,4690900,187636,1930000
97000045,2008-03-03,0,2,7,9,5379975,215199,1875000
97000046,2008-03-04,5,7,3,6,4313050,172522,3450000
97000047,2008-03-05,1,0,2,0,4921900,196876,16640000
97000048,2008-03-06,4,0,7,4,4833875,193355,1240000
97000049,2008-03-07,1,0,6,2,4849350,193974,2465000
97000050,2008-03-10,6,0,0,1,5513700,220548,1410000
97000051,2008-03-11,1,3,6,3,4635275,185411,1545000
97000052,2008-03-12,4,9,7,9,4994050,199762,2960000
97000053,2008-03-13,6,4,3,3,4621850,184874,1640000
97000054,2008-03-14,7,1,6,8,4703625,188145,2045000
97000055,2008-03-17,2,2,2,9,5259825,210393,3305000
97000056,2008-03-18,2,4,1,6,4384600,175384,1355000
97000057,2008-03-19,4,1,4,0,4837375,193495,975000
97000058,2008-03-20,6,3,6,6,4492050,179682,3730000
97000059,2008-03-21,0,4,6,7,4845775,193831,845000
97000060,2008-03-24,8,4,2,9,5428050,217122,1375000
97000061,2008-03-25,7,3,1,3,4464325,178573,1380000
97000062,2008-03-26,5,2,6,5,4740400,189616,1540000
97000063,2008-03-27,6,2,3,6,4303975,172159,1825000
97000064,2008-03-28,3,6,3,4,4594825,183793,1535000
97000065,2008-03-31,5,3,4,7,4820675,192827,2010000
97000066,2008-04-01,5,2,1,9,4165600,166624,6230000
97000067,2008-04-02,0,6,0,4,4601250,184050,1130000
97000068,2008-04-03,0,9,5,7,4418200,176728,1480000
97000069,2008-04-04,0,7,8,0,3861575,154463,1135000
97000070,2008-04-07,2,0,2,4,5079425,203177,2105000
97000071,2008-04-08,0,4,3,0,4417375,176695,850000
97000072,2008-04-09,1,5,0,5,4789400,191576,2940000
97000073,2008-04-10,0,0,2,6,4623950,184958,1130000
97000074,2008-04-11,8,0,0,4,4915925,196637,1155000
97000075,2008-04-14,1,6,5,3,5233600,209344,935000
97000076,2008-04-15,6,5,2,7,4419150,176766,1485000
97000077,2008-04-16,7,4,1,8,4731725,189269,1720000
97000078,2008-04-17,9,0,6,1,4370900,174836,1845000
97000079,2008-04-18,1,6,6,9,4511375,180455,1675000
97000080,2008-04-21,1,0,2,3,4931050,197242,6515000
97000081,2008-04-22,4,6,7,4,4298000,171920,380000
97000082,2008-04-23,6,6,9,2,4662975,186519,1760000
97000083,2008-04-24,8,9,0,2,4289175,171567,1220000
97000084,2008-04-25,2,4,5,2,4475350,179014,1380000
97000085,2008-04-28,1,4,9,0,4970425,198817,1940000
97000086,2008-04-29,8,9,7,3,4159150,166366,2995000
97000087,2008-04-30,5,7,9,4,4223575,168943,1050000
97000088,2008-05-01,7,0,5,0,3764450,150578,960000
97000089,2008-05-02,1,2,1,5,4066300,162652,11700000
97000090,2008-05-05,9,3,7,0,4457175,178287,1265000
97000091,2008-05-06,2,0,6,9,3900650,156026,2760000
97000092,2008-05-07,5,3,5,9,4167125,166685,1685000
97000093,2008-05-08,1,1,0,6,3922475,156899,7110000
97000094,2008-05-09,6,3,1,6,4124275,164971,600000
97000095,2008-05-12,1,1,1,2,4578225,183129,6775000
97000096,2008-05-13,3,6,1,9,4037350,161494,2040000
97000097,2008-05-14,0,2,5,9,4103500,164140,2045000
97000098,2008-05-15,6,3,7,6,3965800,158632,1825000
97000099,2008-05-16,3,4,3,0,4059275,162371,1675000
97000100,2008-05-19,9,7,6,2,4494375,179775,930000
97000101,2008-05-20,0,4,8,9,4158525,166341,945000
97000102,2008-05-21,3,1,0,4,3877625,155105,860000
97000103,2008-05-22,3,6,0,9,3632275,145291,1300000
97000104,2008-05-23,2,1,8,4,3801650,152066,1300000
97000105,2008-05-26,6,2,6,3,4129725,165189,2500000
97000106,2008-05-27,4,5,5,1,3636675,145467,685000
97000107,2008-05-28,3,8,8,6,3693675,147747,3605000
97000108,2008-05-29,6,5,1,7,3412900,136516,1385000
97000109,2008-05-30,4,3,9,6,3529025,141161,1660000
97000110,2008-06-02,0,7,5,2,3958475,158339,1345000
97000111,2008-06-03,3,2,9,9,3435125,137405,2375000
97000112,2008-06-04,1,4,6,1,3689425,147577,3600000
97000113,2008-06-05,7,8,5,7,3625325,145013,1710000
97000114,2008-06-06,6,2,1,7,3893425,155737,1040000
97000115,2008-06-09,4,3,6,3,4047800,161912,3730000
97000116,2008-06-10,7,3,5,4,3556300,142252,1250000
97000117,2008-06-11,4,4,7,3,3787250,151490,660000
97000118,2008-06-12,5,6,0,3,3396825,135873,4370000
97000119,2008-06-13,3,9,7,4,3692200,147688,845000
97000120,2008-06-16,8,8,7,1,3703050,148122,2030000
97000121,2008-06-17,4,4,7,8,3445750,137830,640000
97000122,2008-06-18,6,0,5,5,3575275,143011,850000
97000123,2008-06-19,3,9,4,3,3477975,139119,1230000
97000124,2008-06-20,3,2,9,3,3692850,147714,1270000
97000125,2008-06-23,5,7,1,6,3976925,159077,3095000
97000126,2008-06-24,2,6,4,2,3384925,135397,720000
97000127,2008-06-25,4,4,5,3,3545675,141827,1240000
97000128,2008-06-26,1,6,3,0,3423050,136922,2570000
97000129,2008-06-27,2,9,7,1,3466200,138648,1425000
97000130,2008-06-30,3,8,2,1,3861125,154445,8055000
97000131,2008-07-01,7,3,1,3,3474600,138984,1040000
97000132,2008-07-02,1,9,0,6,3572425,142897,785000
97000133,2008-07-03,3,7,6,9,3455550,138222,1845000
97000134,2008-07-04,9,9,0,9,3687450,147498,645000
97000135,2008-07-07,8,1,7,9,4047650,161906,1800000
97000136,2008-07-08,8,8,7,3,3498800,139952,1330000
97000137,2008-07-09,6,2,9,6,3756650,150266,1850000
97000138,2008-07-10,2,7,4,8,3495175,139807,2570000
97000139,2008-07-11,0,6,9,5,3747075,149883,645000
97000140,2008-07-14,8,7,5,5,4107675,164307,1000000
97000141,2008-07-15,6,9,4,1,3576425,143057,1270000
97000142,2008-07-16,2,5,8,2,3744525,149781,2615000
97000143,2008-07-17,4,3,3,3,3298200,131928,575000
97000144,2008-07-18,1,4,1,4,3383175,135327,3945000
97000145,2008-07-21,5,1,2,1,4163125,166525,2205000
97000146,2008-07-22,1,3,0,9,3545350,141814,880000
97000147,2008-07-23,2,3,9,3,3672600,146904,985000
97000148,2008-07-24,7,2,1,7,3466000,138640,1500000
97000149,2008-07-25,9,7,0,2,3676100,147044,1180000
97000150,2008-07-28,3,6,7,3,2624150,104966,1575000
97000151,2008-07-29,4,9,0,6,3417900,136716,1260000
97000152,2008-07-30,7,8,2,9,3614275,144571,1610000
97000153,2008-07-31,0,4,6,0,3450425,138017,1020000
97000154,2008-08-01,3,3,0,4,3623075,144923,1665000
97000155,2008-08-04,3,2,1,6,3966025,158641,1325000
97000156,2008-08-05,1,0,7,2,3508875,140355,1590000
97000157,2008-08-06,4,2,1,8,3707875,148315,900000
97000158,2008-08-07,9,7,4,0,3575325,143013,705000
97000159,2008-08-08,0,8,1,6,3939750,157590,4940000
97000160,2008-08-11,6,9,1,1,4167500,166700,3385000
97000161,2008-08-12,5,8,1,4,3619575,144783,1430000
97000162,2008-08-13,0,3,5,6,3807250,152290,1360000
97000163,2008-08-14,9,1,7,7,3435600,137424,710000
97000164,2008-08-15,7,7,8,3,3461350,138454,400000
97000165,2008-08-18,0,4,7,7,3978675,159147,1020000
97000166,2008-08-19,5,9,7,7,3417850,136714,475000
97000167,2008-08-20,7,0,6,9,3708550,148342,840000
97000168,2008-08-21,3,5,2,2,3350875,134035,1065000
97000169,2008-08-22,7,2,2,3,3543675,141747,1430000
97000170,2008-08-25,7,4,5,1,3940225,157609,1080000
97000171,2008-08-26,4,9,6,9,3449000,137960,830000
97000172,2008-08-27,0,9,3,3,3476725,139069,3860000
97000173,2008-08-28,2,4,2,8,3342625,133705,2055000
97000174,2008-08-29,0,0,3,2,3766400,150656,1250000
97000175,2008-09-01,0,0,5,8,3796700,151868,1575000
97000176,2008-09-02,5,8,5,3,3616350,144654,1360000
97000177,2008-09-03,9,0,5,7,3425425,137017,1145000
97000178,2008-09-04,5,1,2,2,3259550,130382,3145000
97000179,2008-09-05,5,2,4,8,3722800,148912,1110000
97000180,2008-09-08,8,1,7,6,4255675,170227,1125000
97000181,2008-09-09,8,9,3,8,3532525,141301,1150000
97000182,2008-09-10,8,0,4,2,3708400,148336,855000
97000183,2008-09-11,2,2,4,2,3611375,144455,1010000
97000184,2008-09-12,9,9,8,2,3515725,140629,1380000
97000185,2008-09-15,6,2,2,4,3868575,154743,1005000
97000186,2008-09-16,7,2,8,5,3569350,142774,1040000
97000187,2008-09-17,7,0,4,3,3686925,147477,850000
97000188,2008-09-18,0,7,1,0,3540400,141616,4000000
97000189,2008-09-19,8,0,0,7,3591275,143651,1775000
97000190,2008-09-22,2,2,8,1,4092900,163716,1900000
97000191,2008-09-23,9,9,6,2,3419100,136764,2480000
97000192,2008-09-24,5,0,9,3,3556625,142265,2050000
97000193,2008-09-25,0,0,1,5,3370250,134810,1815000
97000194,2008-09-26,2,4,3,1,3529475,141179,1800000
97000195,2008-09-29,5,7,3,2,3258075,130323,1165000
97000196,2008-09-30,6,3,4,3,3363650,134546,2105000
97000197,2008-10-01,5,3,0,6,3638325,145533,880000
97000198,2008-10-02,6,0,8,3,3525725,141029,1160000
97000199,2008-10-03,7,7,9,8,3570300,142812,1010000
97000200,2008-10-06,8,7,2,7,4228150,169126,1745000
97000201,2008-10-07,1,2,3,9,3491575,139663,1780000
97000202,2008-10-08,9,8,8,3,3754275,150171,980000
97000203,2008-10-09,9,6,4,5,3680950,147238,885000
97000204,2008-10-10,9,6,4,4,3155300,126212,900000
97000205,2008-10-13,1,9,1,4,4381600,175264,1520000
97000206,2008-10-14,2,6,7,4,3392650,135706,390000
97000207,2008-10-15,3,6,7,7,3656225,146249,2765000
97000208,2008-10-16,6,1,9,7,3749425,149977,2205000
97000209,2008-10-17,1,1,8,8,3543950,141758,4595000
97000210,2008-10-20,1,3,3,8,4303550,172142,3655000
97000211,2008-10-21,8,2,2,8,3412650,136506,2400000
97000212,2008-10-22,2,2,3,1,3746925,149877,10540000
97000213,2008-10-23,4,0,4,1,3875850,155034,1615000
97000214,2008-10-24,7,0,2,3,3816025,152641,1895000
97000215,2008-10-27,7,8,7,8,4332200,173288,4075000
97000216,2008-10-28,8,1,0,1,3599050,143962,1705000
97000217,2008-10-29,8,8,0,9,3882550,155302,975000
97000218,2008-10-30,2,9,2,4,3892800,155712,485000
97000219,2008-10-31,9,8,0,7,3834375,153375,1200000
97000220,2008-11-03,1,9,9,8,4284400,171376,3175000
97000221,2008-11-04,3,0,6,4,3746425,149857,730000
97000222,2008-11-05,4,7,0,1,4099575,163983,1375000
97000223,2008-11-06,7,3,6,5,3768375,150735,3800000
97000224,2008-11-07,3,2,4,3,3960175,158407,1350000
97000225,2008-11-10,6,0,0,0,4165375,166615,1880000
97000226,2008-11-11,1,5,5,2,3740625,149625,7225000
97000227,2008-11-12,7,4,6,2,4983750,199350,1575000
97000228,2008-11-13,8,7,5,6,4549700,181988,1530000
97000229,2008-11-14,2,3,4,4,4450525,178021,1280000
97000230,2008-11-17,3,4,3,0,4922975,196919,2255000
97000231,2008-11-18,8,4,4,4,4090075,163603,1050000
97000232,2008-11-19,6,9,8,8,4189975,167599,2110000
97000233,2008-11-20,1,0,4,2,3936525,157461,1450000
97000234,2008-11-21,4,8,7,6,4179200,167168,1050000
97000235,2008-11-24,0,1,9,9,4552950,182118,2285000
97000236,2008-11-25,7,5,9,5,3896925,155877,1100000
97000237,2008-11-26,5,5,3,6,4106600,164264,2070000
97000238,2008-11-27,1,9,7,3,3786950,151478,2635000
97000239,2008-11-28,8,1,3,2,3949050,157962,1290000
97000240,2008-12-01,4,3,0,3,4552225,182089,2070000
97000241,2008-12-02,1,3,4,4,3843475,153739,3110000
97000242,2008-12-03,8,8,9,4,4125950,165038,755000
97000243,2008-12-04,3,0,8,8,3823475,152939,1740000
97000244,2008-12-05,3,6,4,6,4068625,162745,3260000
97000245,2008-12-08,8,1,6,0,4399725,175989,1800000
97000246,2008-12-09,7,1,1,4,3894975,155799,1785000
97000247,2008-12-10,6,8,1,2,4179825,167193,1220000
97000248,2008-12-11,5,8,3,1,3989500,159580,1805000
97000249,2008-12-12,4,4,0,6,4307675,172307,640000
97000250,2008-12-15,5,8,7,0,4463800,178552,685000
97000251,2008-12-16,3,1,1,5,3926000,157040,1405000
97000252,2008-12-17,7,9,8,9,3891675,155667,1300000
97000253,2008-12-18,5,5,6,0,3805600,152224,1455000
97000254,2008-12-19,2,1,8,6,4151800,166072,2385000
97000255,2008-12-22,6,7,8,5,4172575,166903,2625000
97000256,2008-12-23,6,8,3,0,4013250,160530,1570000
97000257,2008-12-24,4,3,6,5,3952450,158098,2635000
97000258,2008-12-25,5,2,0,1,3926050,157042,1990000
97000259,2008-12-26,3,0,1,9,4171500,166860,1210000
97000260,2008-12-29,8,2,8,3,4377825,175113,4575000
97000261,2008-12-30,8,5,1,3,4215550,168622,1695000
97000262,2008-12-31,7,8,5,1,4237500,169500,640000
98000001,2009-01-01,9,1,3,1,3276450,131058,2035000
98000002,2009-01-02,5,5,5,9,3601875,144075,4350000
98000003,2009-01-05,2,6,1,0,4735350,189414,4330000
98000004,2009-01-06,8,6,6,6,4150525,166021,2470000
98000005,2009-01-07,8,4,2,1,4302400,172096,820000
98000006,2009-01-08,1,9,4,2,4104775,164191,1555000
98000007,2009-01-09,2,8,2,2,4074625,162985,3780000
98000008,2009-01-12,2,4,8,3,4667800,186712,3015000
98000009,2009-01-13,8,4,7,8,3944975,157799,1880000
98000010,2009-01-14,8,8,3,5,4126350,165054,3780000
98000011,2009-01-15,8,0,7,0,4050725,162029,1480000
98000012,2009-01-16,2,9,1,5,4405750,176230,1965000
98000013,2009-01-19,4,9,0,1,5055900,202236,1455000
98000014,2009-01-20,8,8,4,0,4223775,168951,6035000
98000015,2009-01-21,4,3,6,6,4515875,180635,2360000
98000016,2009-01-22,3,2,8,6,4509100,180364,2055000
98000017,2009-01-23,4,4,3,5,4622600,184904,1025000
98000018,2009-01-26,8,3,1,0,4359200,174368,1970000
98000019,2009-01-27,7,9,1,7,4138925,165557,1435000
98000020,2009-01-28,4,1,4,3,3761850,150474,610000
98000021,2009-01-29,8,5,4,4,3963600,158544,2350000
98000022,2009-01-30,6,2,4,2,4761300,190452,1010000
98000023,2009-02-02,7,2,9,8,5724800,228992,2140000
98000024,2009-02-03,4,9,7,8,4647300,185892,710000
98000025,2009-02-04,8,3,6,0,4656650,186266,970000
98000026,2009-02-05,8,0,8,5,4345950,173838,1635000
98000027,2009-02-06,4,1,6,6,4638425,185537,1465000
98000028,2009-02-09,5,5,3,5,5046975,201879,3760000
98000029,2009-02-10,7,6,2,7,4273425,170937,1835000
98000030,2009-02-11,8,2,6,4,4489375,179575,2360000
98000031,2009-02-12,6,8,3,2,4282250,171290,2375000
98000032,2009-02-13,9,2,5,9,4600375,184015,1540000
98000033,2009-02-16,0,3,3,5,5023300,200932,1440000
98000034,2009-02-17,1,4,2,1,4156225,166249,2870000
98000035,2009-02-18,7,2,6,0,4370100,174804,760000
98000036,2009-02-19,0,2,7,2,4137625,165505,815000
98000037,2009-02-20,3,7,7,4,4323875,172955,775000
98000038,2009-02-23,0,4,9,9,4904900,196196,675000
98000039,2009-02-24,2,2,8,3,4060325,162413,3215000
98000040,2009-02-25,7,2,4,3,4354375,174175,670000
98000041,2009-02-26,8,4,8,0,4051525,162061,1005000
98000042,2009-02-27,8,0,7,3,4328775,173151,685000
98000043,2009-03-02,9,7,6,6,4652600,186104,1595000
98000044,2009-03-03,2,1,6,4,3940950,157638,1005000
98000045,2009-03-04,0,5,2,1,4160950,166438,2825000
98000046,2009-03-05,3,8,9,9,4072250,162890,2450000
98000047,2009-03-06,5,0,7,7,3949725,157989,1830000
98000048,2009-03-09,8,3,0,6,4675450,187018,1170000
98000049,2009-03-10,0,9,5,3,4178350,167134,885000
98000050,2009-03-11,6,9,3,6,4273400,170936,3040000
98000051,2009-03-12,7,6,1,3,4056950,162278,1345000
98000052,2009-03-13,6,1,1,4,4192950,167718,905000
98000053,2009-03-16,0,1,6,6,4679800,187192,1740000
98000054,2009-03-17,9,3,8,9,3970100,158804,1505000
98000055,2009-03-18,2,7,2,8,4248325,169933,6140000
98000056,2009-03-19,3,5,1,3,4052125,162085,2700000
98000057,2009-03-20,2,1,4,2,4282575,171303,2365000
98000058,2009-03-23,2,9,2,5,4755825,190233,2045000
98000059,2009-03-24,4,0,4,3,3947950,157918,2355000
98000060,2009-03-25,0,4,2,6,4312600,172504,2995000
98000061,2009-03-26,3,9,8,4,4069300,162772,905000
98000062,2009-03-27,3,9,2,9,4269075,170763,4610000
98000063,2009-03-30,7,0,5,6,4713925,188557,1455000
98000064,2009-03-31,0,9,2,9,4004925,160197,2865000
98000065,2009-04-01,0,1,4,6,4258075,170323,1185000
98000066,2009-04-02,9,5,4,9,4056200,162248,525000
98000067,2009-04-03,9,4,4,7,4259400,170376,755000
98000068,2009-04-06,4,5,8,6,4845600,193824,3060000
98000069,2009-04-07,3,6,5,3,4088775,163551,1725000
98000070,2009-04-08,3,8,3,6,4313475,172539,2680000
98000071,2009-04-09,5,0,8,8,4177625,167105,2645000
98000072,2009-04-10,3,8,0,1,4522175,180887,1980000
98000073,2009-04-13,9,7,0,0,4798075,191923,11510000
98000074,2009-04-14,1,1,7,9,4138175,165527,2520000
98000075,2009-04-15,3,3,4,9,4377700,175108,2445000
98000076,2009-04-16,0,6,9,0,4037850,161514,940000
98000077,2009-04-17,6,1,8,2,4308900,172356,1715000
98000078,2009-04-20,4,8,7,5,4567825,182713,2080000
98000079,2009-04-21,0,8,4,6,4039425,161577,540000
98000080,2009-04-22,8,8,6,1,4026450,161058,2245000
98000081,2009-04-23,5,5,8,6,3902725,156109,2775000
98000082,2009-04-24,2,8,7,6,4182025,167281,1580000
98000083,2009-04-27,0,8,2,5,4397000,175880,2810000
98000084,2009-04-28,0,9,1,2,3940400,157616,3295000
98000085,2009-04-29,8,7,4,9,4066125,162645,1575000
98000086,2009-04-30,5,6,3,8,4039775,161591,2735000
98000087,2009-05-01,8,7,1,9,4018475,160739,2085000
98000088,2009-05-04,1,5,1,5,4617925,184717,4250000
98000089,2009-05-05,7,3,7,9,4103250,164130,2365000
98000090,2009-05-06,4,9,3,7,4299125,171965,855000
98000091,2009-05-07,1,7,5,5,4049950,161998,1090000
98000092,2009-05-08,9,5,3,6,4359825,174393,2245000
98000093,2009-05-11,9,5,9,7,4727250,189090,1870000
98000094,2009-05-12,2,4,8,0,4130475,165219,2550000
98000095,2009-05-13,3,2,9,7,4304500,172180,1715000
98000096,2009-05-14,1,2,2,1,3933675,157347,12935000
98000097,2009-05-15,8,1,4,7,4187375,167495,1145000
98000098,2009-05-18,3,5,2,1,4437775,177511,1395000
98000099,2009-05-19,0,4,6,9,3900700,156028,715000
98000100,2009-05-20,7,4,0,2,4048025,161921,1210000
98000101,2009-05-21,9,1,6,0,3768175,150727,1935000
98000102,2009-05-22,0,3,0,5,3895175,155807,2465000
98000103,2009-05-25,8,0,7,3,4314275,172571,1020000
98000104,2009-05-26,3,1,5,6,3720825,148833,1820000
98000105,2009-05-27,9,5,2,3,3899950,155998,2140000
98000106,2009-05-28,4,8,9,5,3192100,127684,970000
98000107,2009-05-29,3,0,8,6,3606175,144247,2740000
98000108,2009-06-01,4,2,7,2,4301625,172065,4020000
98000109,2009-06-02,9,3,4,1,3768700,150748,525000
98000110,2009-06-03,2,7,5,4,3751925,150077,2085000
98000111,2009-06-04,1,7,9,3,3314525,132581,640000
98000112,2009-06-05,8,8,3,2,4175575,167023,2000000
98000113,2009-06-08,5,0,5,9,4388825,175553,1590000
98000114,2009-06-09,4,8,4,0,4071750,162870,590000
98000115,2009-06-10,0,1,0,7,3752000,150080,1345000
98000116,2009-06-11,7,7,5,2,3552375,142095,2100000
98000117,2009-06-12,0,2,1,0,3790400,151616,3040000
98000118,2009-06-15,4,8,0,7,4237050,169482,1000000
98000119,2009-06-16,1,5,4,0,3646375,145855,1485000
98000120,2009-06-17,1,3,3,1,3962000,158480,3740000
98000121,2009-06-18,3,7,4,3,3630775,145231,1000000
98000122,2009-06-19,5,3,7,0,3885675,155427,755000
98000123,2009-06-22,7,8,0,3,4220225,168809,1180000
98000124,2009-06-23,7,4,8,1,3644800,145792,480000
98000125,2009-06-24,5,4,5,9,3855225,154209,1415000
98000126,2009-06-25,0,1,1,4,3670225,146809,1290000
98000127,2009-06-26,3,6,3,9,3743075,149723,5250000
98000128,2009-06-29,7,0,7,7,4214775,168591,1150000
98000129,2009-06-30,1,6,5,8,3545050,141802,1035000
98000130,2009-07-01,3,8,7,4,3730275,149211,1580000
98000131,2009-07-02,9,3,5,3,3716075,148643,1300000
98000132,2009-07-03,9,4,9,9,3790175,151607,520000
98000133,2009-07-06,7,0,2,9,4487975,179519,1570000
98000134,2009-07-07,9,6,3,8,3871200,154848,1330000
98000135,2009-07-08,0,7,8,4,3891225,155649,625000
98000136,2009-07-09,6,9,8,4,3676475,147059,450000
98000137,2009-07-10,8,1,7,0,3903875,156155,2310000
98000138,2009-07-13,1,7,7,1,4075375,163015,4885000
98000139,2009-07-14,3,8,6,2,3736100,149444,4085000
98000140,2009-07-15,0,0,7,8,3973325,158933,1690000
98000141,2009-07-16,4,5,1,1,3784850,151394,810000
98000142,2009-07-17,7,4,3,8,3849600,153984,1480000
98000143,2009-07-20,7,3,6,5,4197250,167890,780000
98000144,2009-07-21,7,3,9,1,3731375,149255,1030000
98000145,2009-07-22,3,8,3,4,3939150,157566,1830000
98000146,2009-07-23,7,3,1,1,3634825,145393,1680000
98000147,2009-07-24,0,8,4,9,3857900,154316,1625000
98000148,2009-07-27,6,8,3,2,4016900,160676,2470000
98000149,2009-07-28,8,7,7,9,3553525,142141,970000
98000150,2009-07-29,4,9,5,4,3736800,149472,885000
98000151,2009-07-30,7,8,9,9,3438050,137522,1110000
98000152,2009-07-31,9,5,2,8,3682400,147296,1995000
98000153,2009-08-03,3,9,9,0,3942675,157707,925000
98000154,2009-08-04,4,3,0,6,3412775,136511,260000
98000155,2009-08-05,5,9,9,8,3627550,145102,540000
98000156,2009-08-06,8,3,7,7,3306650,132266,845000
98000157,2009-08-07,6,4,6,7,2562550,102502,490000
98000158,2009-08-10,2,2,9,9,3939050,157562,2275000
98000159,2009-08-11,8,5,1,4,3545825,141833,1680000
98000160,2009-08-12,5,8,6,2,3572275,142891,2525000
98000161,2009-08-13,8,2,2,4,3403100,136124,620000
98000162,2009-08-14,4,1,0,2,3683925,147357,1180000
98000163,2009-08-17,3,4,3,5,3960250,158410,2210000
98000164,2009-08-18,8,6,3,8,3418275,136731,1330000
98000165,2009-08-19,5,6,9,9,3605750,144230,855000
98000166,2009-08-20,3,1,9,2,3477375,139095,1520000
98000167,2009-08-21,4,8,9,7,3626225,145049,1110000
98000168,2009-08-24,7,0,4,2,3984025,159361,530000
98000169,2009-08-25,4,3,2,4,3476725,139069,430000
98000170,2009-08-26,3,9,8,7,3637150,145486,2135000
98000171,2009-08-27,1,8,6,4,3427425,137097,625000
98000172,2009-08-28,8,6,6,5,3570150,142806,3375000
98000173,2009-08-31,3,5,3,0,3909575,156383,2420000
98000174,2009-09-01,4,3,5,7,3399250,135970,440000
98000175,2009-09-02,7,5,7,5,3476875,139075,3365000
98000176,2009-09-03,8,4,4,0,3422500,136900,150000
98000177,2009-09-04,9,3,5,2,3656800,146272,730000
98000178,2009-09-07,7,9,5,1,4045375,161815,1285000
98000179,2009-09-08,1,8,9,6,3585650,143426,4140000
98000180,2009-09-09,6,1,1,3,3797075,151883,2000000
98000181,2009-09-10,8,9,7,6,3585250,143410,1045000
98000182,2009-09-11,5,6,3,5,3787100,151484,1445000
98000183,2009-09-14,2,9,8,7,4039100,161564,930000
98000184,2009-09-15,1,6,6,2,3492850,139714,1390000
98000185,2009-09-16,2,4,9,8,3592350,143694,1870000
98000186,2009-09-17,1,6,5,7,3473475,138939,1835000
98000187,2009-09-18,2,2,6,3,3637825,145513,2310000
98000188,2009-09-21,2,7,6,9,4144075,165763,1860000
98000189,2009-09-22,0,4,4,8,3486275,139451,1950000
98000190,2009-09-23,6,9,0,9,3569025,142761,475000
98000191,2009-09-24,6,0,3,6,3293900,131756,2650000
98000192,2009-09-25,3,8,6,5,3602700,144108,1570000
98000193,2009-09-28,6,5,4,0,3788350,151534,400000
98000194,2009-09-29,6,7,6,8,3318625,132745,2345000
98000195,2009-09-30,3,3,0,9,3329675,133187,1875000
98000196,2009-10-01,2,2,9,3,3461425,138457,1160000
98000197,2009-10-02,4,3,3,8,3653475,146139,1235000
98000198,2009-10-05,1,8,0,2,3566750,142670,1015000
98000199,2009-10-06,5,9,7,2,3572125,142885,900000
98000200,2009-10-07,4,7,6,4,3507000,140280,730000
98000201,2009-10-08,3,0,4,3,3428675,137147,2090000
98000202,2009-10-09,5,9,1,7,3715500,148620,1400000
98000203,2009-10-12,5,6,8,0,4001925,160077,1215000
98000204,2009-10-13,6,8,6,6,3466550,138662,1460000
98000205,2009-10-14,9,7,5,1,3820775,152831,915000
98000206,2009-10-15,0,7,9,1,3463650,138546,1400000
98000207,2009-10-16,8,3,0,5,3717650,148706,2290000
98000208,2009-10-19,0,8,8,2,3971000,158840,790000
98000209,2009-10-20,4,9,7,4,3477275,139091,1065000
98000210,2009-10-21,2,7,1,4,3689825,147593,1055000
98000211,2009-10-22,0,2,7,8,3426525,137061,1395000
98000212,2009-10-23,6,6,6,9,3606150,144246,755000
98000213,2009-10-26,6,9,9,7,4130075,165203,1030000
98000214,2009-10-27,4,2,4,0,3589275,143571,545000
98000215,2009-10-28,4,6,8,3,3614375,144575,1000000
98000216,2009-10-29,0,9,8,1,3363650,134546,665000
98000217,2009-10-30,6,2,7,0,3644175,145767,1025000
98000218,2009-11-02,4,3,1,9,3993025,159721,2030000
98000219,2009-11-03,3,5,9,1,3488325,139533,865000
98000220,2009-11-04,7,2,1,4,3695325,147813,1295000
98000221,2009-11-05,6,6,0,2,3701425,148057,790000
98000222,2009-11-06,4,8,5,4,3835150,153406,440000
98000223,2009-11-09,5,3,6,9,4090750,163630,2630000
98000224,2009-11-10,3,4,8,4,3584775,143391,860000
98000225,2009-11-11,4,1,9,9,3878075,155123,1410000
98000226,2009-11-12,8,3,3,7,3539700,141588,2645000
98000227,2009-11-13,9,9,1,1,3733175,149327,2000000
98000228,2009-11-16,5,5,6,1,4232225,169289,1380000
98000229,2009-11-17,5,3,4,2,3479125,139165,965000
98000230,2009-11-18,3,8,0,3,3660625,146425,2770000
98000231,2009-11-19,9,7,0,1,3519475,140779,1150000
98000232,2009-11-20,9,6,5,0,3748725,149949,665000
98000233,2009-11-23,4,1,5,4,4092150,163686,2060000
98000234,2009-11-24,3,8,9,6,3698175,147927,2175000
98000235,2009-11-25,7,5,6,4,3860875,154435,825000
98000236,2009-11-26,8,0,4,5,3621875,144875,680000
98000237,2009-11-27,0,9,8,2,3723200,148928,4225000
98000238,2009-11-30,3,5,4,0,4056450,162258,1325000
98000239,2009-12-01,6,5,0,2,3575575,143023,1985000
98000240,2009-12-02,5,1,6,1,3674725,146989,1405000
98000241,2009-12-03,4,7,9,9,3436175,137447,1260000
98000242,2009-12-04,0,9,5,8,3875600,155024,2405000
98000243,2009-12-07,4,3,2,9,4179675,167187,2495000
98000244,2009-12-08,9,7,8,6,3702225,148089,3445000
98000245,2009-12-09,7,8,9,4,3908175,156327,1545000
98000246,2009-12-10,8,6,5,7,3830150,153206,3385000
98000247,2009-12-11,7,8,2,8,4114925,164597,1900000
98000248,2009-12-14,0,8,9,3,4381775,175271,1455000
98000249,2009-12-15,5,8,7,0,3744500,149780,7175000
98000250,2009-12-16,7,5,7,2,3807275,152291,2940000
98000251,2009-12-17,7,4,5,7,3515000,140600,1010000
98000252,2009-12-18,1,4,0,0,3782250,151290,3000000
98000253,2009-12-21,1,6,3,5,4189750,167590,1145000
98000254,2009-12-22,4,5,5,6,3656400,146256,1050000
98000255,2009-12-23,3,8,5,7,3862000,154480,2100000
98000256,2009-12-24,2,9,7,1,3737325,149493,930000
98000257,2009-12-25,8,7,7,9,3892225,155689,1650000
98000258,2009-12-28,4,6,9,7,4071825,162873,1695000
98000259,2009-12-29,8,4,4,1,3616575,144663,360000
98000260,2009-12-30,2,1,6,2,3733075,149323,1565000
98000261,2009-12-31,6,4,2,4,3953850,158154,835000
99000001,2010-01-01,6,9,2,5,3214950,128598,2470000
99000002,2010-01-04,0,1,3,3,4235650,169426,1720000
99000003,2010-01-05,7,7,8,1,3724650,148986,615000
99000004,2010-01-06,7,2,6,3,3944050,157762,1085000
99000005,2010-01-07,4,8,1,2,3709500,148380,1920000
99000006,2010-01-08,6,0,1,1,3977075,159083,1445000
99000007,2010-01-11,3,7,2,4,4461375,178455,885000
99000008,2010-01-12,2,1,7,8,3705775,148231,2000000
99000009,2010-01-13,5,1,4,6,3894950,155798,3135000
99000010,2010-01-14,2,6,8,1,3735725,149429,3600000
99000011,2010-01-15,1,1,6,4,3948550,157942,1340000
99000012,2010-01-18,0,4,0,4,4370225,174809,1375000
99000013,2010-01-19,3,9,7,6,3702900,148116,1775000
99000014,2010-01-20,2,6,4,2,3966950,158678,2420000
99000015,2010-01-21,9,6,6,5,3731825,149273,770000
99000016,2010-01-22,2,3,1,4,3935875,157435,3670000
99000017,2010-01-25,6,4,5,7,4212350,168494,4330000
99000018,2010-01-26,1,4,1,1,3832650,153306,1870000
99000019,2010-01-27,3,0,2,6,4064225,162569,2690000
99000020,2010-01-28,3,8,5,9,3732150,149286,1040000
99000021,2010-01-29,6,7,2,1,4067400,162696,2110000
99000022,2010-02-01,6,6,5,1,4296200,171848,1820000
99000023,2010-02-02,6,5,7,7,3672100,146884,3315000
99000024,2010-02-03,6,4,3,0,3952175,158087,435000
99000025,2010-02-04,5,8,5,6,3763000,150520,1530000
99000026,2010-02-05,2,9,6,1,3703775,148151,1365000
99000027,2010-02-08,0,6,8,3,4683275,187331,1375000
99000028,2010-02-09,0,2,8,5,3995525,159821,2295000
99000029,2010-02-10,8,5,6,0,4225775,169031,995000
99000030,2010-02-11,8,7,3,3,4122225,164889,1945000
99000031,2010-02-12,1,7,8,5,4443875,177755,1325000
99000032,2010-02-15,0,9,4,5,4230750,169230,1260000
99000033,2010-02-16,4,6,3,9,3575325,143013,2125000
99000034,2010-02-17,4,8,0,5,3562550,142502,725000
99000035,2010-02-18,8,5,6,7,3820500,152820,2725000
99000036,2010-02-19,2,1,7,3,4206450,168258,2350000
99000037,2010-02-22,4,6,4,4,5193450,207738,610000
99000038,2010-02-23,9,1,9,7,4218600,168744,2585000
99000039,2010-02-24,3,6,5,9,4151300,166052,1035000
99000040,2010-02-25,7,1,5,1,4085950,163438,895000
99000041,2010-02-26,6,1,2,4,4208800,168352,3135000
99000042,2010-03-01,0,1,4,0,4541775,181671,1715000
99000043,2010-03-02,6,2,9,5,3742775,149711,765000
99000044,2010-03-03,2,7,6,4,4013375,160535,775000
99000045,2010-03-04,9,9,6,6,3951025,158041,6820000
99000046,2010-03-05,3,4,8,3,4155025,166201,2025000
99000047,2010-03-08,6,1,7,6,4593575,183743,1845000
99000048,2010-03-09,6,0,8,1,3618325,144733,1285000
99000049,2010-03-10,7,2,8,2,3996250,159850,2295000
99000050,2010-03-11,8,6,8,7,3882675,155307,1845000
99000051,2010-03-12,4,2,7,2,4277200,171088,805000
99000052,2010-03-15,9,1,1,7,4633425,185337,1250000
99000053,2010-03-16,2,9,0,6,3876725,155069,1395000
99000054,2010-03-17,5,8,9,3,4096575,163863,1960000
99000055,2010-03-18,7,5,9,7,3824525,152981,650000
99000056,2010-03-19,4,5,7,8,4072000,162880,2005000
99000057,2010-03-22,5,2,5,2,4452175,178087,4520000
99000058,2010-03-23,6,0,6,1,3968875,158755,1265000
99000059,2010-03-24,1,4,8,8,3892425,155697,1325000
99000060,2010-03-25,4,4,2,4,3597725,143909,1225000
99000061,2010-03-26,3,4,4,4,3897675,155907,980000
99000062,2010-03-29,5,5,4,1,4422000,176880,1510000
99000063,2010-03-30,8,1,8,2,3830400,153216,1215000
99000064,2010-03-31,0,7,2,5,3937100,157484,3275000
99000065,2010-04-01,3,2,0,3,3747675,149907,1720000
99000066,2010-04-02,5,8,3,5,3853775,154151,2010000
99000067,2010-04-05,7,6,3,1,3738225,149529,1645000
99000068,2010-04-06,0,3,3,4,3714300,148572,1945000
99000069,2010-04-07,0,0,7,4,3952025,158081,1760000
99000070,2010-04-08,3,9,5,0,3538825,141553,1390000
99000071,2010-04-09,3,9,3,1,4003325,160133,1155000
99000072,2010-04-12,1,3,1,3,4450825,178033,6975000
99000073,2010-04-13,7,3,8,6,3875275,155011,1410000
99000074,2010-04-14,3,2,2,1,4117000,164680,2050000
99000075,2010-04-15,8,9,2,7,3673600,146944,2365000
99000076,2010-04-16,8,9,4,5,4129125,165165,1100000
99000077,2010-04-19,4,1,2,8,4395450,175818,2110000
99000078,2010-04-20,1,6,0,7,3879975,155199,985000
99000079,2010-04-21,6,5,5,1,3935050,157402,1045000
99000080,2010-04-22,3,3,9,3,3729525,149181,4755000
99000081,2010-04-23,0,0,2,7,3787150,151486,1600000
99000082,2010-04-26,0,8,6,6,4584800,183392,3605000
99000083,2010-04-27,6,6,6,5,4085125,163405,2900000
99000084,2010-04-28,2,0,3,3,4097500,163900,4065000
99000085,2010-04-29,2,7,2,0,3815200,152608,2055000
99000086,2010-04-30,7,1,5,0,3973725,158949,1030000
99000087,2010-05-03,6,9,0,5,4184175,167367,1335000
99000088,2010-05-04,1,6,0,5,3691675,147667,1620000
99000089,2010-05-05,1,4,4,4,3997150,159886,4595000
99000090,2010-05-06,9,8,2,3,3769375,150775,1620000
99000091,2010-05-07,9,8,6,2,3878375,155135,910000
99000092,2010-05-10,7,3,1,1,4355575,174223,1085000
99000093,2010-05-11,1,8,9,4,3844800,153792,880000
99000094,2010-05-12,5,6,0,5,3978575,159143,1545000
99000095,2010-05-13,3,0,5,8,3702350,148094,1215000
99000096,2010-05-14,1,9,9,3,3923150,156926,1190000
99000097,2010-05-17,4,6,8,0,4204200,168168,750000
99000098,2010-05-18,3,8,5,9,3733575,149343,8605000
99000099,2010-05-19,3,8,6,2,3872975,154919,3710000
99000100,2010-05-20,2,3,1,2,3726250,149050,890000
99000101,2010-05-21,5,4,8,2,3915375,156615,795000
99000102,2010-05-24,4,9,3,9,4086725,163469,1105000
99000103,2010-05-25,2,7,7,0,3612525,144501,900000
99000104,2010-05-26,9,9,3,3,3713550,148542,5000000
99000105,2010-05-27,1,0,2,7,3564250,142570,4010000
99000106,2010-05-28,0,3,9,7,3842750,153710,535000
99000107,2010-05-31,7,3,4,4,4170550,166822,1210000
99000108,2010-06-01,5,2,1,9,3651575,146063,1700000
99000109,2010-06-02,1,4,4,4,3630650,145226,4340000
99000110,2010-06-03,3,3,1,4,3537900,141516,1715000
99000111,2010-06-04,5,8,2,9,3913675,156547,870000
99000112,2010-06-07,6,5,3,2,4264425,170577,1375000
99000113,2010-06-08,5,7,7,5,3718150,148726,6295000
99000114,2010-06-09,5,2,2,7,3852575,154103,2460000
99000115,2010-06-10,8,4,3,4,3565875,142635,940000
99000116,2010-06-11,6,8,1,9,3836650,153466,1720000
99000117,2010-06-14,4,1,1,4,3969900,158796,3685000
99000118,2010-06-15,0,7,3,5,3758825,150353,875000
99000119,2010-06-16,0,8,4,7,3206850,128274,700000
99000120,2010-06-17,6,1,0,0,3424750,136990,2955000
99000121,2010-06-18,1,1,7,6,3643075,145723,3080000
99000122,2010-06-21,7,7,0,7,3916675,156667,3490000
99000123,2010-06-22,0,6,9,6,3442700,137708,565000
99000124,2010-06-23,3,7,2,2,3625450,145018,3025000
99000125,2010-06-24,2,2,1,6,3377350,135094,2415000
99000126,2010-06-25,8,5,9,1,3585175,143407,1355000
99000127,2010-06-28,6,3,5,2,3998050,159922,1520000
99000128,2010-06-29,0,3,6,9,3503050,140122,1525000
99000129,2010-06-30,9,7,2,5,3790925,151637,1235000
99000130,2010-07-01,0,6,1,7,3506200,140248,1950000
99000131,2010-07-02,1,1,6,7,3638525,145541,620000
99000132,2010-07-05,1,6,8,0,4044150,161766,5065000
99000133,2010-07-06,1,4,5,6,3593900,143756,1030000
99000134,2010-07-07,4,8,2,8,3766925,150677,725000
99000135,2010-07-08,3,0,2,6,3467325,138693,845000
99000136,2010-07-09,8,5,1,0,3695675,147827,1245000
99000137,2010-07-12,3,7,5,2,4103100,164124,1585000
99000138,2010-07-13,2,7,8,8,3475775,139031,1335000
99000139,2010-07-14,3,3,9,5,3773650,150946,1815000
99000140,2010-07-15,8,2,5,2,3486300,139452,1250000
99000141,2010-07-16,5,9,8,3,3767575,150703,4730000
99000142,2010-07-19,5,8,7,7,4068075,162723,2780000
99000143,2010-07-20,7,9,5,9,3611775,144471,860000
99000144,2010-07-21,3,4,6,5,3561900,142476,1840000
99000145,2010-07-22,0,4,2,7,3494775,139791,1680000
99000146,2010-07-23,9,6,7,8,3620775,144831,2875000
99000147,2010-07-26,6,6,9,8,3979475,159179,1355000
99000148,2010-07-27,8,1,1,2,3379250,135170,1245000
99000149,2010-07-28,0,1,1,9,3643525,145741,3835000
99000150,2010-07-29,1,9,8,4,3435525,137421,720000
99000151,2010-07-30,9,2,3,9,3704800,148192,1425000
99000152,2010-08-02,2,8,8,5,3997300,159892,2820000
99000153,2010-08-03,9,4,9,5,3485925,139437,1315000
99000154,2010-08-04,0,3,4,0,3678350,147134,655000
99000155,2010-08-05,5,3,9,3,3744400,149776,1460000
99000156,2010-08-06,9,2,1,2,3903100,156124,1185000
99000157,2010-08-09,8,5,2,1,4097625,163905,1660000
99000158,2010-08-10,0,8,5,6,3703025,148121,1010000
99000159,2010-08-11,6,2,7,1,3732250,149290,2610000
99000160,2010-08-12,1,4,5,9,3494350,139774,930000
99000161,2010-08-13,6,6,7,9,3811350,152454,1455000
99000162,2010-08-16,5,0,6,9,4147375,165895,1385000
99000163,2010-08-17,0,5,3,5,3442150,137686,1255000
99000164,2010-08-18,6,7,3,3,3683250,147330,910000
99000165,2010-08-19,3,2,3,1,3513625,140545,1970000
99000166,2010-08-20,8,0,5,9,3726150,149046,1035000
99000167,2010-08-23,0,1,0,9,4115625,164625,3500000
99000168,2010-08-24,2,9,3,1,3561375,142455,3225000
99000169,2010-08-25,8,2,5,3,3649425,145977,3100000
99000170,2010-08-26,8,6,4,8,3506800,140272,900000
99000171,2010-08-27,0,6,2,8,3746575,149863,3255000
99000172,2010-08-30,4,8,9,8,3953150,158126,1805000
99000173,2010-08-31,6,7,8,0,3356850,134274,6065000
99000174,2010-09-01,4,5,7,4,3443575,137743,1000000
99000175,2010-09-02,8,5,2,0,3523400,140936,3900000
99000176,2010-09-03,7,8,0,6,3738325,149533,910000
99000177,2010-09-06,2,4,3,7,4566475,182659,1680000
99000178,2010-09-07,8,8,9,1,3370525,134821,2395000
99000179,2010-09-08,2,8,3,3,3635525,145421,1560000
99000180,2010-09-09,9,7,0,6,3626700,145068,795000
99000181,2010-09-10,6,2,2,2,3775475,151019,1055000
99000182,2010-09-13,2,8,9,7,4220925,168837,8805000
99000183,2010-09-14,2,0,4,6,3551750,142070,1495000
99000184,2010-09-15,4,3,6,8,3569875,142795,3130000
99000185,2010-09-16,1,8,3,9,3445825,137833,1295000
99000186,2010-09-17,0,8,3,7,3703300,148132,1080000
99000187,2010-09-20,9,7,1,7,3735550,149422,2330000
99000188,2010-09-21,2,1,2,7,3580650,143226,4045000
99000189,2010-09-22,5,8,2,5,3078925,123157,3140000
99000190,2010-09-23,9,4,8,1,3503825,140153,575000
99000191,2010-09-24,4,5,6,6,3652400,146096,1205000
99000192,2010-09-27,4,6,2,9,4040200,161608,670000
99000193,2010-09-28,0,8,2,5,3550525,142021,2590000
99000194,2010-09-29,1,3,8,2,3438700,137548,2015000
99000195,2010-09-30,0,5,9,9,3374275,134971,1335000
99000196,2010-10-01,6,2,9,5,3638475,145539,895000
99000197,2010-10-04,0,2,3,4,3981000,159240,885000
99000198,2010-10-05,4,1,3,2,3602850,144114,2120000
99000199,2010-10-06,0,8,6,3,3679900,147196,1155000
99000200,2010-10-07,3,6,3,8,3596525,143861,3420000
99000201,2010-10-08,9,5,3,5,3852600,154104,1015000
99000202,2010-10-11,3,8,8,6,4364600,174584,2140000
99000203,2010-10-12,6,4,8,5,3660700,146428,1065000
99000204,2010-10-13,4,2,1,1,3743700,149748,1520000
99000205,2010-10-14,9,9,8,9,3595875,143835,845000
99000206,2010-10-15,3,0,1,7,3831125,153245,1865000
99000207,2010-10-18,2,0,9,2,4102675,164107,955000
99000208,2010-10-19,6,8,2,6,3537150,141486,1285000
99000209,2010-10-20,3,6,5,4,3537775,141511,1900000
99000210,2010-10-21,2,3,3,7,3238025,129521,2265000
99000211,2010-10-22,5,1,5,0,3659550,146382,1865000
99000212,2010-10-25,6,2,0,9,4242825,169713,1535000
99000213,2010-10-26,8,6,0,8,3517850,140714,770000
99000214,2010-10-27,2,2,2,2,3443650,137746,8500000
99000215,2010-10-28,5,4,6,8,3484300,139372,870000
99000216,2010-10-29,2,9,5,3,3935175,157407,1010000
99000217,2010-11-01,7,7,4,7,4272775,170911,1745000
99000218,2010-11-02,1,3,4,8,3637525,145501,1310000
99000219,2010-11-03,5,4,6,4,3732225,149289,690000
99000220,2010-11-04,6,5,2,0,3500025,140001,1105000
99000221,2010-11-05,9,0,8,3,3910325,156413,7665000
99000222,2010-11-08,9,8,0,5,4294000,171760,1220000
99000223,2010-11-09,3,3,6,5,3633550,145342,1705000
99000224,2010-11-10,2,8,9,7,3794050,151762,1980000
99000225,2010-11-11,6,2,6,3,3811150,152446,2365000
99000226,2010-11-12,1,9,8,8,4015075,160603,3315000
99000227,2010-11-15,9,7,2,6,4350575,174023,1680000
99000228,2010-11-16,7,5,8,3,3666650,146666,1520000
99000229,2010-11-17,8,8,1,0,3609100,144364,3000000
99000230,2010-11-18,0,2,5,9,3570425,142817,1435000
99000231,2010-11-19,1,5,3,4,3881500,155260,720000
99000232,2010-11-22,2,7,5,1,4225725,169029,1000000
99000233,2010-11-23,1,6,6,6,3613425,144537,3250000
99000234,2010-11-24,1,8,7,0,3659150,146366,1265000
99000235,2010-11-25,6,6,9,8,3446675,137867,1910000
99000236,2010-11-26,8,5,1,7,3849100,153964,1045000
99000237,2010-11-29,3,0,6,0,4144725,165789,2020000
99000238,2010-11-30,9,7,3,1,3685275,147411,1940000
99000239,2010-12-01,5,4,8,9,3634275,145371,1380000
99000240,2010-12-02,3,1,5,1,3754850,150194,1085000
99000241,2010-12-03,9,4,6,1,4100200,164008,2855000
99000242,2010-12-06,7,6,1,4,4431875,177275,1720000
99000243,2010-12-07,5,6,3,5,3659625,146385,1520000
99000244,2010-12-08,9,5,8,4,3784225,151369,2475000
99000245,2010-12-09,7,4,8,8,3624625,144985,1755000
99000246,2010-12-10,0,6,1,1,3989700,159588,2490000
99000247,2010-12-13,9,8,8,0,4426075,177043,750000
99000248,2010-12-14,0,1,9,5,3734100,149364,1245000
99000249,2010-12-15,5,6,1,1,3732825,149313,1485000
99000250,2010-12-16,2,2,2,7,3237350,129494,2525000
99000251,2010-12-17,1,5,7,6,3783925,151357,1425000
99000252,2010-12-20,6,6,1,7,4305775,172231,1040000
99000253,2010-12-21,4,1,0,2,3836500,153460,2205000
99000254,2010-12-22,3,6,5,8,3690050,147602,2635000
99000255,2010-12-23,1,3,5,0,3822050,152882,2565000
99000256,2010-12-24,0,6,9,8,4025450,161018,1125000
99000257,2010-12-27,0,7,8,3,4227050,169082,1000000
99000258,2010-12-28,7,4,8,8,3660400,146416,1110000
99000259,2010-12-29,2,4,8,9,3871050,154842,1520000
99000260,2010-12-30,1,0,3,8,3683625,147345,2030000
99000261,2010-12-31,1,3,6,2,4212950,168518,2515000
100000001,2011-01-01,7,0,2,0,1579200,63168,425000
100000002,2011-01-03,1,9,5,5,3908400,156336,2455000
100000003,2011-01-04,9,0,4,3,3689475,147579,1095000
100000004,2011-01-05,1,2,4,0,3840475,153619,1110000
100000005,2011-01-06,3,9,0,8,3599250,143970,1040000
100000006,2011-01-07,8,8,1,6,3804850,152194,2210000
100000007,2011-01-08,0,1,6,0,2311900,92476,795000
100000008,2011-01-10,0,2,4,6,4129150,165166,1440000
100000009,2011-01-11,6,6,3,9,3595850,143834,1575000
100000010,2011-01-12,0,1,4,7,3581350,143254,1335000
100000011,2011-01-13,2,1,1,9,3800525,152021,2580000
100000012,2011-01-14,4,7,7,9,3988650,159546,1565000
100000013,2011-01-15,7,7,5,1,2505200,100208,260000
100000014,2011-01-17,1,1,7,3,4111925,164477,1590000
100000015,2011-01-18,5,2,3,2,3843350,153734,1965000
100000016,2011-01-19,5,7,2,3,3926825,157073,1050000
100000017,2011-01-20,7,7,6,2,3693875,147755,1265000
100000018,2011-01-21,9,2,1,0,3843450,153738,1310000
100000019,2011-01-22,5,6,8,4,2761700,110468,480000
100000020,2011-01-24,9,8,2,7,4114450,164578,1845000
100000021,2011-01-25,7,3,7,4,3846500,153860,700000
100000022,2011-01-26,3,6,6,0,3938200,157528,2100000
100000023,2011-01-27,0,1,5,6,3794500,151780,2070000
100000024,2011-01-28,8,8,8,0,4190200,167608,1955000
100000025,2011-01-29,8,2,8,4,2917550,116702,590000
100000026,2011-01-31,5,3,1,4,4350775,174031,1450000
100000027,2011-02-01,3,7,3,8,4536175,181447,3735000
100000028,2011-02-02,1,5,8,2,3503625,140145,1405000
100000029,2011-02-03,0,4,3,7,3440375,137615,745000
100000030,2011-02-04,7,1,0,8,4204275,168171,3920000
100000031,2011-02-05,5,9,1,5,2987925,119517,690000
100000032,2011-02-07,1,7,0,8,4380275,175211,1945000
100000033,2011-02-08,1,4,0,5,4758425,190337,2360000
100000034,2011-02-09,8,5,3,9,3837475,153499,3100000
100000035,2011-02-10,9,0,1,6,4053950,162158,1400000
100000036,2011-02-11,8,8,6,9,4258000,170320,3545000
100000037,2011-02-12,5,4,5,8,3165225,126609,975000
100000038,2011-02-14,5,8,9,3,4338200,173528,8350000
100000039,2011-02-15,3,3,7,6,4095250,163810,2170000
100000040,2011-02-16,6,7,1,4,4329625,173185,760000
100000041,2011-02-17,6,2,0,2,4122375,164895,1390000
100000042,2011-02-18,2,8,2,9,4227375,169095,5470000
100000043,2011-02-19,7,6,1,3,3118650,124746,1025000
100000044,2011-02-21,0,7,3,3,4523725,180949,925000
100000045,2011-02-22,7,0,1,0,4148575,165943,1715000
100000046,2011-02-23,9,1,2,9,4152925,166117,1500000
100000047,2011-02-24,4,5,7,9,3866450,154658,1410000
100000048,2011-02-25,4,5,6,0,4248750,169950,725000
100000049,2011-02-26,7,6,4,8,2959575,118383,285000
100000050,2011-02-28,3,5,7,8,3849850,153994,2585000
100000051,2011-03-01,9,2,2,2,3877775,155111,1930000
100000052,2011-03-02,2,1,7,2,3927175,157087,930000
100000053,2011-03-03,9,8,2,5,3792750,151710,1950000
100000054,2011-03-04,4,5,2,5,4005200,160208,3235000
100000055,2011-03-05,0,8,6,5,3068475,122739,810000
100000056,2011-03-07,4,8,3,5,4174025,166961,2140000
100000057,2011-03-08,9,8,2,6,3834150,153366,1495000
100000058,2011-03-09,7,3,3,1,3934075,157363,1970000
100000059,2011-03-10,0,2,6,9,3747250,149890,1820000
100000060,2011-03-11,7,8,8,9,4003575,160143,3135000
100000061,2011-03-12,4,0,9,7,3103850,124154,820000
100000062,2011-03-14,9,0,9,9,4047125,161885,845000
100000063,2011-03-15,3,1,2,5,3758600,150344,2555000
100000064,2011-03-16,3,9,1,6,3748375,149935,2230000
100000065,2011-03-17,5,3,1,6,3720250,148810,1390000
100000066,2011-03-18,3,5,9,1,3907050,156282,1030000
100000067,2011-03-19,1,5,4,5,3100725,124029,1210000
100000068,2011-03-21,6,2,3,4,4134925,165397,1095000
100000069,2011-03-22,9,8,4,5,3658725,146349,1015000
100000070,2011-03-23,9,8,0,5,3808375,152335,1105000
100000071,2011-03-24,8,3,0,0,3683075,147323,1250000
100000072,2011-03-25,9,9,2,0,3816800,152672,1440000
100000073,2011-03-26,2,9,9,7,2861725,114469,650000
100000074,2011-03-28,5,6,2,9,3812925,152517,1275000
100000075,2011-03-29,0,5,5,0,3612175,144487,1855000
100000076,2011-03-30,3,7,7,3,3707000,148280,2510000
100000077,2011-03-31,5,3,0,7,3662800,146512,1810000
100000078,2011-04-01,1,8,2,9,3815450,152618,2775000
100000079,2011-04-02,9,4,4,1,3037850,121514,565000
100000080,2011-04-04,1,2,1,1,3654525,146181,7475000
100000081,2011-04-05,0,2,1,6,3381075,135243,2710000
100000082,2011-04-06,9,6,5,9,3910975,156439,1425000
100000083,2011-04-07,9,3,7,2,3854725,154189,845000
100000084,2011-04-08,8,8,0,9,4062275,162491,2100000
100000085,2011-04-09,8,8,3,3,3215000,128600,3450000
100000086,2011-04-11,3,8,5,6,4270650,170826,2160000
100000087,2011-04-12,3,4,4,2,3867850,154714,925000
100000088,2011-04-13,3,7,6,0,3974925,158997,900000
100000089,2011-04-14,9,3,6,3,3681825,147273,2420000
100000090,2011-04-15,1,4,6,2,3925875,157035,1230000
100000091,2011-04-16,0,9,4,4,3056150,122246,1055000
100000092,2011-04-18,1,1,9,8,4115800,164632,2065000
100000093,2011-04-19,2,3,8,8,3695825,147833,1880000
100000094,2011-04-20,5,2,1,1,3874050,154962,1750000
100000095,2011-04-21,5,5,2,2,3674575,146983,3375000
100000096,2011-04-22,2,6,6,5,3959875,158395,1790000
100000097,2011-04-23,1,9,6,8,3096075,123843,3990000
100000098,2011-04-25,1,2,6,1,4175400,167016,3085000
100000099,2011-04-26,4,4,3,4,3676950,147078,2405000
100000100,2011-04-27,5,0,0,8,3754150,150166,2995000
100000101,2011-04-28,1,4,2,5,3619625,144785,6700000
100000102,2011-04-29,1,3,3,5,3793575,151743,3190000
100000103,2011-04-30,1,6,4,2,3113525,124541,1380000
100000104,2011-05-02,0,3,0,4,3969075,158763,2190000
100000105,2011-05-03,1,6,8,7,3620700,144828,685000
100000106,2011-05-04,5,9,4,5,3653900,146156,990000
100000107,2011-05-05,6,0,8,4,3664625,146585,730000
100000108,2011-05-06,4,0,3,8,3868700,154748,1910000
100000109,2011-05-07,7,7,9,1,3101950,124078,945000
100000110,2011-05-09,0,6,3,3,3851500,154060,1150000
100000111,2011-05-10,7,0,1,3,3764850,150594,1200000
100000112,2011-05-11,4,0,4,9,3751950,150078,395000
100000113,2011-05-12,6,1,2,0,3568100,142724,1320000
100000114,2011-05-13,4,4,8,9,3721150,148846,1530000
100000115,2011-05-14,7,8,9,3,2920425,116817,1120000
100000116,2011-05-16,3,6,1,4,3689150,147566,2080000
100000117,2011-05-17,7,0,9,8,3449325,137973,1865000
100000118,2011-05-18,7,4,6,2,3539375,141575,850000
100000119,2011-05-19,9,6,2,9,3526075,141043,1475000
100000120,2011-05-20,1,1,3,7,3627200,145088,2765000
100000121,2011-05-21,3,0,9,3,2966825,118673,1145000
100000122,2011-05-23,0,0,3,0,3557850,142314,630000
100000123,2011-05-24,2,4,9,8,3393050,135722,915000
100000124,2011-05-25,3,2,5,9,3574150,142966,1460000
100000125,2011-05-26,4,6,8,7,3259100,130364,1650000
100000126,2011-05-27,9,1,2,2,3418750,136750,1445000
100000127,2011-05-28,7,1,6,2,2743275,109731,2210000
100000128,2011-05-30,2,3,3,7,3637750,145510,3000000
100000129,2011-05-31,8,1,0,3,3324700,132988,1085000
100000130,2011-06-01,6,0,7,2,3359450,134378,1410000
100000131,2011-06-02,1,3,1,6,3249425,129977,2525000
100000132,2011-06-03,7,9,2,9,3652025,146081,1115000
100000133,2011-06-04,3,0,0,3,2823525,112941,1590000
100000134,2011-06-06,1,9,9,1,3310775,132431,2900000
100000135,2011-06-07,0,0,9,5,3454925,138197,1570000
100000136,2011-06-08,9,5,2,3,3531350,141254,915000
100000137,2011-06-09,2,5,5,7,3301650,132066,1300000
100000138,2011-06-10,3,3,9,5,3553100,142124,2070000
100000139,2011-06-11,9,4,6,3,2991800,119672,585000
100000140,2011-06-13,6,7,3,3,3657975,146319,1905000
100000141,2011-06-14,9,4,8,0,3354250,134170,350000
100000142,2011-06-15,0,2,9,3,3422075,136883,670000
100000143,2011-06-16,2,8,2,7,3352375,134095,2020000
100000144,2011-06-17,3,0,6,3,3407600,136304,980000
100000145,2011-06-18,2,4,9,2,2795575,111823,810000
100000146,2011-06-20,1,5,6,0,3649450,145978,1190000
100000147,2011-06-21,5,7,9,1,3297150,131886,750000
100000148,2011-06-22,8,0,6,3,3508900,140356,1970000
100000149,2011-06-23,5,2,2,8,3621000,144840,1980000
100000150,2011-06-24,9,0,8,6,3477625,139105,1115000
100000151,2011-06-25,8,7,7,0,2781375,111255,1200000
100000152,2011-06-27,1,0,7,9,3439800,137592,2450000
100000153,2011-06-28,0,2,1,5,3188925,127557,2515000
100000154,2011-06-29,5,0,3,8,3304575,132183,2795000
100000155,2011-06-30,0,1,2,8,3371750,134870,1790000
100000156,2011-07-01,9,9,9,4,3438325,137533,305000
100000157,2011-07-02,8,2,1,5,2822825,112913,1090000
100000158,2011-07-04,9,2,8,1,3522825,140913,990000
100000159,2011-07-05,8,2,6,1,3408175,136327,2260000
100000160,2011-07-06,0,0,2,4,3583275,143331,1310000
100000161,2011-07-07,1,9,4,4,3412475,136499,1635000
100000162,2011-07-08,2,8,6,7,3513300,140532,1265000
100000163,2011-07-09,5,2,7,2,2904300,116172,1270000
100000164,2011-07-11,8,3,1,5,3683500,147340,2055000
100000165,2011-07-12,6,0,3,7,3290900,131636,1285000
100000166,2011-07-13,7,8,7,3,3258925,130357,1205000
100000167,2011-07-14,6,9,3,0,3252925,130117,720000
100000168,2011-07-15,7,3,3,2,3359875,134395,1150000
100000169,2011-07-16,8,7,1,0,2861725,114469,1655000
100000170,2011-07-18,8,4,9,6,3583200,143328,580000
100000171,2011-07-19,1,1,1,0,3288350,131534,4040000
100000172,2011-07-20,6,4,8,9,3292775,131711,610000
100000173,2011-07-21,7,0,2,4,3205575,128223,775000
100000174,2011-07-22,3,7,7,1,3447225,137889,1375000
100000175,2011-07-23,8,9,7,3,2813975,112559,1260000
100000176,2011-07-25,9,7,8,6,3490650,139626,2815000
100000177,2011-07-26,0,7,7,5,3361425,134457,670000
100000178,2011-07-27,7,7,7,8,3305875,132235,2200000
100000179,2011-07-28,9,2,8,5,3279675,131187,1260000
100000180,2011-07-29,1,9,1,8,3419100,136764,1640000
100000181,2011-07-30,9,2,1,9,2833750,113350,765000
100000182,2011-08-01,7,9,0,2,3677675,147107,930000
100000183,2011-08-02,0,7,8,1,3360975,134439,1240000
100000184,2011-08-03,6,7,3,7,3450175,138007,735000
100000185,2011-08-04,8,3,7,6,3266075,130643,940000
100000186,2011-08-05,9,8,6,9,3632425,145297,1065000
100000187,2011-08-06,7,6,6,7,3032150,121286,4250000
100000188,2011-08-08,5,6,2,7,4541775,181671,840000
100000189,2011-08-09,0,2,2,7,3664425,146577,2190000
100000190,2011-08-10,7,0,9,7,3604400,144176,835000
100000191,2011-08-11,6,1,3,4,3539500,141580,575000
100000192,2011-08-12,0,3,6,9,3699900,147996,2240000
100000193,2011-08-13,5,0,0,8,3081250,123250,2440000
100000194,2011-08-15,8,2,7,2,3907050,156282,1965000
100000195,2011-08-16,3,4,9,1,3492750,139710,1050000
100000196,2011-08-17,4,4,9,6,3512175,140487,1080000
100000197,2011-08-18,5,4,1,8,3480850,139234,1315000
100000198,2011-08-19,5,3,7,4,3595700,143828,660000
100000199,2011-08-20,4,0,3,5,2953125,118125,240000
100000200,2011-08-22,5,1,1,8,3871850,154874,2790000
100000201,2011-08-23,4,8,2,4,3442950,137718,250000
100000202,2011-08-24,8,4,7,3,3405400,136216,690000
100000203,2011-08-25,3,8,2,5,3440025,137601,3920000
100000204,2011-08-26,0,9,7,1,3636775,145471,735000
100000205,2011-08-27,6,4,3,9,2883700,115348,675000
100000206,2011-08-29,4,5,7,8,3327575,133103,1215000
100000207,2011-08-30,9,9,6,4,3468550,138742,725000
100000208,2011-08-31,6,8,4,3,3566000,142640,845000
100000209,2011-09-01,5,8,5,9,3374375,134975,2485000
100000210,2011-09-02,3,2,9,0,3542425,141697,1145000
100000211,2011-09-03,5,2,1,1,2979050,119162,1785000
100000212,2011-09-05,5,3,9,6,3917800,156712,2760000
100000213,2011-09-06,8,2,8,3,3523975,140959,2095000
100000214,2011-09-07,7,9,8,3,3599800,143992,1495000
100000215,2011-09-08,3,5,6,3,3527575,141103,1215000
100000216,2011-09-09,0,5,3,8,3835775,153431,1460000
100000217,2011-09-10,6,7,7,0,3091900,123676,1635000
100000218,2011-09-12,6,3,3,6,3413675,136547,1385000
100000219,2011-09-13,9,8,7,1,3546075,141843,1075000
100000220,2011-09-14,7,2,5,4,3556950,142278,795000
100000221,2011-09-15,9,8,4,8,3373975,134959,575000
100000222,2011-09-16,6,0,2,1,3619700,144788,1180000
100000223,2011-09-17,1,1,4,2,2945725,117829,2045000
100000224,2011-09-19,3,0,3,1,3706025,148241,2025000
100000225,2011-09-20,3,8,5,4,3631775,145271,1285000
100000226,2011-09-21,8,9,3,0,3486775,139471,995000
100000227,2011-09-22,1,0,2,0,3497325,139893,7200000
100000228,2011-09-23,7,7,7,4,3604350,144174,1155000
100000229,2011-09-24,9,2,3,4,2928825,117153,310000
100000230,2011-09-26,6,6,7,6,3712375,148495,1250000
100000231,2011-09-27,8,6,3,8,3393850,135754,3685000
100000232,2011-09-28,1,8,3,7,3459325,138373,1330000
100000233,2011-09-29,4,5,3,4,3397900,135916,420000
100000234,2011-09-30,1,9,6,6,3496025,139841,1815000
100000235,2011-10-01,4,0,6,8,2910525,116421,325000
100000236,2011-10-03,6,3,5,9,3413625,136545,1335000
100000237,2011-10-04,1,7,2,0,3334875,133395,2055000
100000238,2011-10-05,6,3,5,7,3570625,142825,1795000
100000239,2011-10-06,9,9,7,6,3629550,145182,910000
100000240,2011-10-07,3,7,6,5,3694475,147779,1055000
100000241,2011-10-08,9,1,9,7,3107725,124309,1045000
100000242,2011-10-10,6,6,7,0,4014275,160571,1680000
100000243,2011-10-11,1,4,6,0,3494625,139785,840000
100000244,2011-10-12,9,1,9,1,3590700,143628,2580000
100000245,2011-10-13,3,1,5,3,3495875,139835,2210000
100000246,2011-10-14,5,3,7,0,3450100,138004,1160000
100000247,2011-10-15,9,6,3,1,3096500,123860,1035000
100000248,2011-10-17,3,9,5,4,3875425,155017,775000
100000249,2011-10-18,0,7,1,9,3501900,140076,2315000
100000250,2011-10-19,3,2,0,6,3528550,141142,1245000
100000251,2011-10-20,0,3,0,7,3411775,136471,1135000
100000252,2011-10-21,7,2,4,6,3494650,139786,830000
100000253,2011-10-22,7,1,3,5,2913650,116546,1110000
100000254,2011-10-24,9,2,9,1,3799825,151993,1480000
100000255,2011-10-25,5,7,5,0,3393425,135737,1440000
100000256,2011-10-26,5,9,2,1,3530250,141210,970000
100000257,2011-10-27,4,3,6,9,3387975,135519,1360000
100000258,2011-10-28,6,7,9,7,3599950,143998,585000
100000259,2011-10-29,1,0,5,3,2980700,119228,630000
100000260,2011-10-31,4,8,6,7,3799500,151980,800000
100000261,2011-11-01,3,1,2,0,3366100,134644,3750000
100000262,2011-11-02,0,5,9,1,3584600,143384,1485000
100000263,2011-11-03,5,3,7,0,3374850,134994,1085000
100000264,2011-11-04,8,7,2,1,3665950,146638,930000
100000265,2011-11-05,6,5,1,1,3081850,123274,2395000
100000266,2011-11-07,6,4,1,3,3654650,146186,955000
100000267,2011-11-08,3,3,5,3,3516125,140645,1760000
100000268,2011-11-09,4,7,8,3,3292800,131712,1400000
100000269,2011-11-10,3,9,4,4,3256800,130272,645000
100000270,2011-11-11,1,9,0,7,3914650,156586,1650000
100000271,2011-11-12,5,9,1,2,3154475,126179,1720000
100000272,2011-11-14,7,6,5,8,3865925,154637,2585000
100000273,2011-11-15,1,1,3,4,3678575,147143,3215000
100000274,2011-11-16,9,8,9,2,3757675,150307,705000
100000275,2011-11-17,6,8,1,7,3471950,138878,1720000
100000276,2011-11-18,4,5,3,4,3795425,151817,1465000
100000277,2011-11-19,3,6,2,7,2980925,119237,1495000
100000278,2011-11-21,2,2,0,9,3960400,158416,1905000
100000279,2011-11-22,8,3,7,4,3625325,145013,2650000
100000280,2011-11-23,2,3,9,6,3612000,144480,1630000
100000281,2011-11-24,3,5,4,8,3550800,142032,1350000
100000282,2011-11-25,4,3,6,6,3789575,151583,1240000
100000283,2011-11-26,7,0,4,2,3184000,127360,1050000
100000284,2011-11-28,3,9,6,4,3886050,155442,1205000
100000285,2011-11-29,0,5,1,2,3593175,143727,3215000
100000286,2011-11-30,0,2,0,3,3717150,148686,1265000
100000287,2011-12-01,8,9,9,9,3424425,136977,795000
100000288,2011-12-02,1,0,7,3,3479750,139190,730000
100000289,2011-12-03,2,6,6,4,3063725,122549,540000
100000290,2011-12-05,5,2,6,0,3656300,146252,2285000
100000291,2011-12-06,6,5,1,4,3674550,146982,1370000
100000292,2011-12-07,7,0,9,3,3735400,149416,1095000
100000293,2011-12-08,0,7,5,1,3449275,137971,1055000
100000294,2011-12-09,4,7,7,5,3631450,145258,1000000
100000295,2011-12-10,5,7,7,2,3046025,121841,1100000
100000296,2011-12-12,6,3,2,0,3744350,149774,1440000
100000297,2011-12-13,4,2,6,6,3551200,142048,860000
100000298,2011-12-14,6,7,4,6,3521675,140867,630000
100000299,2011-12-15,5,4,4,5,3483050,139322,1245000
100000300,2011-12-16,4,9,7,1,3594800,143792,675000
100000301,2011-12-17,9,7,0,3,3010325,120413,645000
100000302,2011-12-19,8,7,0,2,3682600,147304,2085000
100000303,2011-12-20,7,0,2,0,3539225,141569,1315000
100000304,2011-12-21,0,2,7,5,3496100,139844,1110000
100000305,2011-12-22,4,4,4,8,3341100,133644,795000
100000306,2011-12-23,0,3,3,6,3582750,143310,915000
100000307,2011-12-24,6,6,9,7,2929025,117161,725000
100000308,2011-12-26,9,8,7,8,3662575,146503,1405000
100000309,2011-12-27,9,4,3,2,3596950,143878,7255000
100000310,2011-12-28,8,9,0,9,3482850,139314,2090000
100000311,2011-12-29,9,0,6,8,3458450,138338,1550000
100000312,2011-12-30,2,8,5,5,3651700,146068,2255000
100000313,2011-12-31,3,2,6,3,3231625,129265,1580000
101000001,2012-01-02,5,0,2,1,3805025,152201,2465000
101000002,2012-01-03,6,0,8,5,3704475,148179,865000
101000003,2012-01-04,1,2,6,1,3332475,133299,1610000
101000004,2012-01-05,8,5,8,0,3400450,136018,1335000
101000005,2012-01-06,8,9,9,4,3695800,147832,1530000
101000006,2012-01-07,5,9,5,9,3119125,124765,1345000
101000007,2012-01-09,1,0,5,5,4087875,163515,2540000
101000008,2012-01-10,0,2,2,1,3741650,149666,6535000
101000009,2012-01-11,1,4,5,2,3854650,154186,1085000
101000010,2012-01-12,2,9,3,8,3792350,151694,2980000
101000011,2012-01-13,8,9,5,4,4139300,165572,1025000
101000012,2012-01-14,9,7,1,3,3337000,133480,725000
101000013,2012-01-16,0,2,4,2,4374350,174974,1385000
101000014,2012-01-17,4,9,3,3,3754150,150166,825000
101000015,2012-01-18,2,4,5,9,3824150,152966,1260000
101000016,2012-01-19,3,6,9,4,3968875,158755,1285000
101000017,2012-01-20,0,0,1,3,4162950,166518,1450000
101000018,2012-01-21,4,5,0,3,3679400,147176,1090000
101000019,2012-01-23,2,3,9,8,3725750,149030,760000
101000020,2012-01-24,1,0,9,7,3811875,152475,1965000
101000021,2012-01-25,0,8,7,3,3277925,131117,1260000
101000022,2012-01-26,2,8,7,5,3554475,142179,1035000
101000023,2012-01-27,5,9,6,6,4056475,162259,1150000
101000024,2012-01-28,4,1,4,6,3571075,142843,1765000
101000025,2012-01-30,7,0,5,4,4263575,170543,670000
101000026,2012-01-31,1,0,4,6,3958525,158341,830000
101000027,2012-02-01,7,1,3,6,3864125,154565,2520000
101000028,2012-02-02,9,2,6,8,3745625,149825,70980000
101000029,2012-02-03,1,0,6,5,3982900,159316,850000
101000030,2012-02-04,3,7,9,7,3903800,156152,1720000
101000031,2012-02-06,4,6,1,9,6273425,250937,2700000
101000032,2012-02-07,0,2,8,9,5185950,207438,1700000
101000033,2012-02-08,2,7,5,9,4503100,180124,1245000
101000034,2012-02-09,6,5,0,4,4902100,196084,1195000
101000035,2012-02-10,2,5,6,3,5411050,216442,2155000
101000036,2012-02-11,0,2,1,3,4140050,165602,5250000
101000037,2012-02-13,8,7,4,8,5303175,212127,1140000
101000038,2012-02-14,6,4,1,7,5298825,211953,1405000
101000039,2012-02-15,5,0,2,6,4654025,186161,1980000
101000040,2012-02-16,5,5,5,1,4634675,185387,3640000
101000041,2012-02-17,4,4,3,8,5221875,208875,1880000
101000042,2012-02-18,8,4,1,3,3751150,150046,1195000
101000043,2012-02-20,7,8,1,1,5091675,203667,2280000
101000044,2012-02-21,0,8,0,3,4591600,183664,1520000
101000045,2012-02-22,6,7,6,1,4756425,190257,880000
101000046,2012-02-23,0,4,3,8,4573725,182949,1030000
101000047,2012-02-24,7,6,7,9,4788450,191538,1345000
101000048,2012-02-25,4,8,1,5,3773775,150951,1165000
101000049,2012-02-27,2,6,6,2,4391225,175649,2435000
101000050,2012-02-28,8,0,3,6,4135550,165422,1745000
101000051,2012-02-29,6,9,2,1,4629900,185196,1510000
101000052,2012-03-01,5,3,6,4,4448175,177927,3935000
101000053,2012-03-02,1,1,3,4,4685500,187420,4100000
101000054,2012-03-03,2,7,4,8,4296925,171877,1410000
101000055,2012-03-05,3,4,8,0,4990300,199612,2110000
101000056,2012-03-06,1,8,0,8,4851925,194077,3455000
101000057,2012-03-07,7,7,6,3,4754375,190175,1960000
101000058,2012-03-08,2,4,1,1,4568600,182744,2180000
101000059,2012-03-09,9,8,6,8,4686125,187445,1755000
101000060,2012-03-10,8,6,0,8,3966375,158655,1295000
101000061,2012-03-12,6,9,7,6,4728725,189149,1550000
101000062,2012-03-13,5,6,3,0,4471425,178857,1300000
101000063,2012-03-14,4,3,6,7,4465700,178628,1775000
101000064,2012-03-15,4,2,5,1,4411700,176468,1585000
101000065,2012-03-16,9,0,3,0,4776025,191041,1375000
101000066,2012-03-17,1,0,6,1,3715325,148613,1215000
101000067,2012-03-19,1,2,9,4,4730625,189225,1080000
101000068,2012-03-20,1,0,8,1,4429600,177184,1880000
101000069,2012-03-21,6,2,0,3,4280925,171237,2415000
101000070,2012-03-22,4,3,1,4,4237800,169512,1440000
101000071,2012-03-23,8,0,3,7,4383050,175322,1460000
101000072,2012-03-24,3,6,0,2,3566425,142657,1760000
101000073,2012-03-26,8,4,2,7,4700300,188012,1380000
101000074,2012-03-27,4,4,9,8,4238300,169532,890000
101000075,2012-03-28,8,1,4,5,4214600,168584,1575000
101000076,2012-03-29,3,1,1,6,4113775,164551,1745000
101000077,2012-03-30,1,3,5,3,4406850,176274,1850000
101000078,2012-03-31,4,0,4,4,3646700,145868,1500000
101000079,2012-04-02,0,9,9,8,4508475,180339,1225000
101000080,2012-04-03,2,4,2,6,4160600,166424,1475000
101000081,2012-04-04,3,4,6,7,3741925,149677,1225000
101000082,2012-04-05,2,4,6,7,4127450,165098,1480000
101000083,2012-04-06,0,2,5,5,4495625,179825,1185000
101000084,2012-04-07,9,4,1,6,3809225,152369,2335000
101000085,2012-04-09,2,6,7,2,4550750,182030,1585000
101000086,2012-04-10,8,2,3,2,4245400,169816,1530000
101000087,2012-04-11,9,0,0,0,4255750,170230,3285000
101000088,2012-04-12,9,5,9,0,4069800,162792,1180000
101000089,2012-04-13,1,7,3,5,4331925,173277,2040000
101000090,2012-04-14,6,3,0,2,3529000,141160,1430000
101000091,2012-04-16,4,0,7,9,4337300,173492,1020000
101000092,2012-04-17,4,8,6,7,4021075,160843,965000
101000093,2012-04-18,6,0,7,4,3998625,159945,1520000
101000094,2012-04-19,6,2,9,4,4010525,160421,470000
101000095,2012-04-20,4,1,5,4,4146125,165845,770000
101000096,2012-04-21,8,3,2,5,3637750,145510,1900000
101000097,2012-04-23,4,8,3,8,4179375,167175,985000
101000098,2012-04-24,0,2,1,8,3977650,159106,3020000
101000099,2012-04-25,2,7,5,2,3774725,150989,860000
101000100,2012-04-26,7,0,5,8,3703875,148155,1610000
101000101,2012-04-27,1,8,4,8,3999500,159980,940000
101000102,2012-04-28,1,7,6,1,3428425,137137,580000
101000103,2012-04-30,3,4,9,7,4138400,165536,1075000
101000104,2012-05-01,5,8,6,8,3704700,148188,3055000
101000105,2012-05-02,0,2,8,2,3758775,150351,1315000
101000106,2012-05-03,0,6,1,5,3741875,149675,2160000
101000107,2012-05-04,3,3,0,5,4042750,161710,1840000
101000108,2012-05-05,8,9,1,9,3481375,139255,985000
101000109,2012-05-07,1,0,2,1,4213800,168552,12440000
101000110,2012-05-08,5,6,7,5,3998200,159928,2245000
101000111,2012-05-09,8,7,8,9,3925575,157023,2545000
101000112,2012-05-10,6,6,2,2,3929025,157161,2835000
101000113,2012-05-11,6,1,5,1,4242000,169680,1570000
101000114,2012-05-12,2,2,1,6,3491000,139640,1625000
101000115,2012-05-14,4,3,7,4,4191450,167658,1820000
101000116,2012-05-15,2,8,2,8,3964450,158578,3675000
101000117,2012-05-16,6,2,9,9,3983625,159345,1000000
101000118,2012-05-17,9,0,8,0,3608150,144326,1030000
101000119,2012-05-18,0,1,9,7,3959150,158366,1420000
101000120,2012-05-19,7,5,4,4,3438050,137522,610000
101000121,2012-05-21,0,8,6,3,4196000,167840,3330000
101000122,2012-05-22,4,5,9,1,3922850,156914,840000
101000123,2012-05-23,7,6,2,0,3883375,155335,1025000
101000124,2012-05-24,1,5,6,8,3692825,147713,2085000
101000125,2012-05-25,1,0,3,3,4043125,161725,2465000
101000126,2012-05-26,2,6,1,2,3371675,134867,3055000
101000127,2012-05-28,3,2,1,6,4040000,161600,1245000
101000128,2012-05-29,1,2,2,2,3771075,150843,5400000
101000129,2012-05-30,6,8,9,6,3947400,157896,4705000
101000130,2012-05-31,6,4,4,6,3863900,154556,1245000
101000131,2012-06-01,9,5,5,0,3983700,159348,650000
101000132,2012-06-02,9,6,1,1,3414875,136595,985000
101000133,2012-06-04,6,5,9,8,4178775,167151,1705000
101000134,2012-06-05,1,7,0,2,4014325,160573,1310000
101000135,2012-06-06,8,4,5,1,4087150,163486,1380000
101000136,2012-06-07,4,9,4,1,3851525,154061,1430000
101000137,2012-06-08,6,8,7,6,3951325,158053,1010000
101000138,2012-06-09,3,2,6,1,3357600,134304,2140000
101000139,2012-06-11,4,7,7,4,4090050,163602,2750000
101000140,2012-06-12,9,5,0,1,3513550,140542,1065000
101000141,2012-06-13,6,2,1,3,3887375,155495,2400000
101000142,2012-06-14,2,6,5,4,3672775,146911,875000
101000143,2012-06-15,6,6,3,5,3928950,157158,2625000
101000144,2012-06-16,0,2,3,7,3373175,134927,685000
101000145,2012-06-18,2,6,1,0,4047250,161890,3300000
101000146,2012-06-19,8,2,2,1,3630450,145218,4340000
101000147,2012-06-20,0,4,4,3,3198000,127920,855000
101000148,2012-06-21,0,0,6,5,3555975,142239,730000
101000149,2012-06-22,2,6,2,4,3963825,158553,2255000
101000150,2012-06-23,4,9,3,2,3252825,130113,760000
101000151,2012-06-25,7,6,0,8,3954075,158163,2860000
101000152,2012-06-26,6,2,5,5,3710650,148426,1140000
101000153,2012-06-27,9,1,0,5,3761200,150448,765000
101000154,2012-06-28,2,3,6,3,3578625,143145,1865000
101000155,2012-06-29,4,8,9,9,3835275,153411,29720000
101000156,2012-06-30,4,9,5,5,3304625,132185,680000
101000157,2012-07-02,2,6,3,7,3983325,159333,2900000
101000158,2012-07-03,2,9,3,7,3988225,159529,1080000
101000159,2012-07-04,6,2,8,8,3983325,159333,3230000
101000160,2012-07-05,8,5,0,6,5550600,222024,895000
101000161,2012-07-06,1,8,8,0,5315850,212634,2800000
101000162,2012-07-07,3,6,1,3,4243025,169721,1410000
101000163,2012-07-09,3,7,6,1,5244825,209793,1285000
101000164,2012-07-10,1,2,0,5,4647450,185898,8045000
101000165,2012-07-11,9,7,0,7,4557275,182291,1725000
101000166,2012-07-12,7,6,0,6,4861600,194464,1075000
101000167,2012-07-13,3,7,6,3,4690725,187629,2615000
101000168,2012-07-14,7,7,2,6,3801575,152063,2185000
101000169,2012-07-16,8,5,5,5,4827800,193112,2370000
101000170,2012-07-17,9,7,1,5,4419625,176785,1520000
101000171,2012-07-18,5,7,3,6,4383175,175327,2685000
101000172,2012-07-19,6,6,7,8,4502075,180083,1240000
101000173,2012-07-20,9,4,6,3,4758225,190329,700000
101000174,2012-07-21,1,0,2,3,3672400,146896,32670000
101000175,2012-07-23,1,2,6,0,5138850,205554,5440000
101000176,2012-07-24,9,9,8,6,4700125,188005,1220000
101000177,2012-07-25,9,8,2,6,4292025,171681,1535000
101000178,2012-07-26,4,1,0,8,4673775,186951,2145000
101000179,2012-07-27,2,8,5,7,4447600,177904,3075000
101000180,2012-07-28,5,9,0,3,3808775,152351,1275000
101000181,2012-07-30,6,6,9,8,5288825,211553,4710000
101000182,2012-07-31,6,3,9,4,4103050,164122,1200000
101000183,2012-08-01,3,0,2,1,4138500,165540,3555000
101000184,2012-08-02,6,4,8,7,3236675,129467,700000
101000185,2012-08-03,3,8,0,6,4514000,180560,3440000
101000186,2012-08-04,1,9,9,2,4027475,161099,1055000
101000187,2012-08-06,4,2,7,9,5220125,208805,735000
101000188,2012-08-07,5,6,8,4,4433425,177337,735000
101000189,2012-08-08,1,0,0,7,5002475,200099,2360000
101000190,2012-08-09,1,2,7,0,4375775,175031,2765000
101000191,2012-08-10,4,6,0,4,4814350,192574,390000
101000192,2012-08-11,2,2,4,3,3981975,159279,1045000
101000193,2012-08-13,1,0,5,9,5025475,201019,2540000
101000194,2012-08-14,5,8,5,3,4447000,177880,865000
101000195,2012-08-15,2,5,3,3,4493200,179728,2935000
101000196,2012-08-16,0,2,4,7,4368025,174721,1645000
101000197,2012-08-17,8,5,8,7,4395275,175811,1540000
101000198,2012-08-18,7,5,2,2,3890725,155629,840000
101000199,2012-08-20,0,2,3,4,4622525,184901,640000
101000200,2012-08-21,5,7,9,2,4261750,170470,2320000
101000201,2012-08-22,5,2,3,6,4319300,172772,2120000
101000202,2012-08-23,2,7,3,4,4318750,172750,1445000
101000203,2012-08-24,6,7,6,5,4407975,176319,1440000
101000204,2012-08-25,0,4,8,0,3981550,159262,420000
101000205,2012-08-27,0,8,6,9,4681475,187259,2450000
101000206,2012-08-28,4,1,0,8,4194850,167794,955000
101000207,2012-08-29,3,4,5,3,4269775,170791,14560000
101000208,2012-08-30,7,3,1,2,4133550,165342,1440000
101000209,2012-08-31,5,4,0,0,4399000,175960,2070000
101000210,2012-09-01,8,4,6,0,3653550,146142,745000
101000211,2012-09-03,3,7,9,7,4428375,177135,1285000
101000212,2012-09-04,7,8,6,7,4120450,164818,1270000
101000213,2012-09-05,1,4,6,9,4219275,168771,845000
101000214,2012-09-06,3,6,1,3,4095625,163825,1050000
101000215,2012-09-07,6,6,3,2,4365825,174633,5665000
101000216,2012-09-08,0,7,6,2,3737150,149486,1015000
101000217,2012-09-10,9,1,4,9,4577025,183081,2230000
101000218,2012-09-11,2,4,7,4,4258100,170324,720000
101000219,2012-09-12,0,9,0,4,4213275,168531,2565000
101000220,2012-09-13,4,9,8,2,4073900,162956,755000
101000221,2012-09-14,9,3,1,4,4238625,169545,1025000
101000222,2012-09-15,0,8,3,1,3674825,146993,1950000
101000223,2012-09-17,0,5,9,4,4570575,182823,565000
101000224,2012-09-18,7,0,4,7,4123600,164944,1910000
101000225,2012-09-19,0,6,1,2,4058075,162323,6300000
101000226,2012-09-20,2,3,4,3,4170475,166819,1450000
101000227,2012-09-21,4,2,9,6,4339125,173565,2370000
101000228,2012-09-22,6,6,8,1,3599950,143998,1045000
101000229,2012-09-24,9,9,0,0,4259225,170369,1980000
101000230,2012-09-25,3,4,9,9,4126400,165056,820000
101000231,2012-09-26,3,5,3,5,4044725,161789,2760000
101000232,2012-09-27,5,5,9,0,3987975,159519,715000
101000233,2012-09-28,7,4,5,2,4211150,168446,1925000
101000234,2012-09-29,5,2,1,3,3575975,143039,1730000
101000235,2012-10-01,2,8,8,6,4233375,169335,3185000
101000236,2012-10-02,2,3,4,1,4202650,168106,1635000
101000237,2012-10-03,2,9,5,4,4099450,163978,670000
101000238,2012-10-04,8,5,5,6,4110825,164433,1540000
101000239,2012-10-05,1,3,5,0,4500950,180038,5340000
101000240,2012-10-06,0,2,3,3,3877575,155103,1625000
101000241,2012-10-08,8,1,7,6,4477625,179105,1395000
101000242,2012-10-09,4,9,8,6,4593525,183741,880000
101000243,2012-10-10,1,8,0,9,4053250,162130,2560000
101000244,2012-10-11,6,9,6,7,4207300,168292,1735000
101000245,2012-10-12,6,9,4,8,4424300,176972,1305000
101000246,2012-10-13,6,7,5,3,3755175,150207,865000
101000247,2012-10-15,4,9,1,3,4530000,181200,1510000
101000248,2012-10-16,0,1,4,0,4152375,166095,870000
101000249,2012-10-17,0,9,2,8,4079150,163166,5765000
101000250,2012-10-18,9,7,3,5,4108225,164329,1910000
101000251,2012-10-19,4,0,6,2,4293550,171742,1630000
101000252,2012-10-20,8,2,0,2,3773700,150948,1890000
101000253,2012-10-22,0,2,7,0,4537200,181488,2890000
101000254,2012-10-23,0,1,3,2,4223150,168926,4780000
101000255,2012-10-24,1,6,6,4,4244375,169775,980000
101000256,2012-10-25,4,1,1,8,4148350,165934,1430000
101000257,2012-10-26,3,4,4,0,4300525,172021,1390000
101000258,2012-10-27,5,7,3,1,3572725,142909,2300000
101000259,2012-10-29,5,7,6,9,4430250,177210,1755000
101000260,2012-10-30,3,0,7,1,3933975,157359,780000
101000261,2012-10-31,5,0,4,3,3995025,159801,545000
101000262,2012-11-01,0,8,0,8,4005075,160203,3905000
101000263,2012-11-02,0,6,6,6,4185500,167420,1365000
101000264,2012-11-03,7,5,8,7,3660850,146434,1320000
101000265,2012-11-05,8,2,8,3,4487725,179509,3325000
101000266,2012-11-06,2,6,5,9,4188750,167550,2005000
101000267,2012-11-07,3,0,6,9,4270925,170837,1795000
101000268,2012-11-08,7,2,6,0,4070725,162829,915000
101000269,2012-11-09,0,0,8,9,4257250,170290,2070000
101000270,2012-11-10,1,4,8,7,3762700,150508,1625000
101000271,2012-11-12,7,1,6,9,4398025,175921,1750000
101000272,2012-11-13,3,6,9,1,4092125,163685,1165000
101000273,2012-11-14,7,8,7,0,4303800,172152,1300000
101000274,2012-11-15,5,3,7,4,4064125,162565,765000
101000275,2012-11-16,5,3,8,8,4200975,168039,2285000
101000276,2012-11-17,0,8,3,2,3331150,133246,1055000
101000277,2012-11-19,7,5,7,1,4509475,180379,2030000
101000278,2012-11-20,9,9,6,1,4065750,162630,2050000
101000279,2012-11-21,5,5,7,3,4064150,162566,1600000
101000280,2012-11-22,2,4,9,6,3997550,159902,1955000
101000281,2012-11-23,2,1,0,7,4033200,161328,1515000
101000282,2012-11-24,7,2,4,8,3558725,142349,910000
101000283,2012-11-26,9,6,4,4,4365075,174603,555000
101000284,2012-11-27,1,5,0,4,3782450,151298,825000
101000285,2012-11-28,8,8,1,6,3876300,155052,1850000
101000286,2012-11-29,6,5,9,6,4106225,164249,880000
101000287,2012-11-30,7,7,0,5,3889950,155598,1625000
101000288,2012-12-01,6,6,8,3,3413150,136526,1140000
101000289,2012-12-03,7,0,0,4,4806400,192256,1340000
101000290,2012-12-04,5,9,1,8,3883575,155343,2185000
101000291,2012-12-05,7,8,2,1,3795225,151809,1325000
101000292,2012-12-06,6,6,8,7,4741750,189670,4625000
101000293,2012-12-07,4,4,5,7,4383675,175347,720000
101000294,2012-12-08,8,3,9,4,3512700,140508,525000
101000295,2012-12-10,8,1,0,6,4640300,185612,1665000
101000296,2012-12-11,6,9,6,6,4251625,170065,3185000
101000297,2012-12-12,7,4,4,9,4741225,189649,1410000
101000298,2012-12-13,2,4,5,4,4421925,176877,1680000
101000299,2012-12-14,8,4,2,3,4451000,178040,1935000
101000300,2012-12-15,4,9,3,5,3886725,155469,1405000
101000301,2012-12-17,3,4,4,6,4719575,188783,1285000
101000302,2012-12-18,6,1,8,5,4073550,162942,1660000
101000303,2012-12-19,3,5,8,8,4397775,175911,3585000
101000304,2012-12-20,0,5,1,1,4472725,178909,3240000
101000305,2012-12-21,3,3,8,9,4896750,195870,3705000
101000306,2012-12-22,6,8,6,8,4180325,167213,5940000
101000307,2012-12-24,3,2,6,9,4702450,188098,2560000
101000308,2012-12-25,1,2,3,1,4514775,180591,8025000
101000309,2012-12-26,2,4,0,7,4542225,181689,925000
101000310,2012-12-27,8,8,9,7,4459500,178380,1520000
101000311,2012-12-28,7,7,6,5,4760675,190427,4690000
101000312,2012-12-29,7,2,4,7,4060150,162406,1245000
101000313,2012-12-31,8,9,7,1,4476575,179063,1815000
102000001,2013-01-01,0,6,5,9,3960625,158425,595000
102000002,2013-01-02,5,1,7,2,4534025,181361,1245000
102000003,2013-01-03,2,2,6,9,4308100,172324,1585000
102000004,2013-01-04,1,1,1,6,4973350,198934,3105000
102000005,2013-01-05,1,9,6,1,4480050,179202,1920000
102000006,2013-01-07,4,9,1,3,5413850,216554,1050000
102000007,2013-01-08,2,8,0,7,4871525,194861,4560000
102000008,2013-01-09,9,7,9,1,4482175,179287,985000
102000009,2013-01-10,5,1,7,0,4575525,183021,1145000
102000010,2013-01-11,7,9,1,3,4759125,190365,2010000
102000011,2013-01-12,7,7,9,0,4165375,166615,1440000
102000012,2013-01-14,7,9,0,0,5009475,200379,1085000
102000013,2013-01-15,4,0,4,3,4917875,196715,650000
102000014,2013-01-16,6,7,8,6,4827375,193095,4540000
102000015,2013-01-17,2,9,0,8,4621375,184855,1315000
102000016,2013-01-18,1,4,3,3,4813200,192528,3255000
102000017,2013-01-19,9,2,5,3,4269350,170774,1120000
102000018,2013-01-21,6,0,9,8,5001400,200056,775000
102000019,2013-01-22,5,7,3,7,4582525,183301,1685000
102000020,2013-01-23,6,2,0,8,4714500,188580,1760000
102000021,2013-01-24,1,4,0,6,4491000,179640,1465000
102000022,2013-01-25,2,3,8,6,4700350,188014,3760000
102000023,2013-01-26,8,1,6,8,4252500,170100,5905000
102000024,2013-01-28,2,9,9,3,5109225,204369,1930000
102000025,2013-01-29,4,7,4,4,4587375,183495,985000
102000026,2013-01-30,5,5,8,0,4851575,194063,2955000
102000027,2013-01-31,7,1,4,5,4803850,192154,955000
102000028,2013-02-01,4,1,9,8,4980775,199231,1700000
102000029,2013-02-02,8,2,5,8,4562825,182513,3495000
102000030,2013-02-04,4,4,9,0,5275850,211034,1335000
102000031,2013-02-05,5,9,0,0,5068550,202742,1025000
102000032,2013-02-06,7,0,3,6,5264850,210594,2135000
102000033,2013-02-07,6,4,7,2,5014600,200584,775000
102000034,2013-02-08,9,2,0,3,5064700,202588,1215000
102000035,2013-02-09,6,5,0,7,4689225,187569,825000
102000036,2013-02-11,3,7,4,3,5358725,214349,745000
102000037,2013-02-12,6,7,4,2,4468550,178742,1255000
102000038,2013-02-13,3,9,4,5,4468275,178731,845000
102000039,2013-02-14,4,7,8,5,4637650,185506,1240000
102000040,2013-02-15,5,0,7,0,5321925,212877,2845000
102000041,2013-02-16,8,9,3,9,4597225,183889,1330000
102000042,2013-02-18,4,7,9,1,5692175,227687,875000
102000043,2013-02-19,8,5,8,2,5257000,210280,2290000
102000044,2013-02-20,1,1,9,3,5387325,215493,3840000
102000045,2013-02-21,9,6,3,4,5068250,202730,2420000
102000046,2013-02-22,2,7,5,5,5305350,212214,2310000
102000047,2013-02-23,9,7,6,8,4908125,196325,2740000
102000048,2013-02-25,8,8,4,0,5506000,220240,495000
102000049,2013-02-26,7,7,1,0,4931925,197277,4525000
102000050,2013-02-27,7,2,0,4,5049425,201977,675000
102000051,2013-02-28,7,4,9,3,4633950,185358,1200000
102000052,2013-03-01,3,0,8,7,4930875,197235,1660000
102000053,2013-03-02,1,2,4,9,4251875,170075,845000
102000054,2013-03-04,9,3,4,4,5024575,200983,690000
102000055,2013-03-05,4,5,1,8,4834900,193396,1830000
102000056,2013-03-06,0,6,0,9,4742075,189683,5185000
102000057,2013-03-07,9,7,0,5,4713875,188555,1650000
102000058,2013-03-08,7,1,3,7,4753750,190150,1950000
102000059,2013-03-09,5,5,1,2,4079350,163174,7555000
102000060,2013-03-11,4,1,9,4,5094275,203771,710000
102000061,2013-03-12,8,6,1,2,4680075,187203,2030000
102000062,2013-03-13,4,1,0,6,4752350,190094,865000
102000063,2013-03-14,6,8,8,3,4415475,176619,2660000
102000064,2013-03-15,1,4,3,4,4786100,191444,1635000
102000065,2013-03-16,2,7,5,8,4158625,166345,5050000
102000066,2013-03-18,1,9,7,3,4909175,196367,3685000
102000067,2013-03-19,8,8,6,4,4528300,181132,1390000
102000068,2013-03-20,9,2,3,0,4567700,182708,1230000
102000069,2013-03-21,6,0,8,9,4375950,175038,1760000
102000070,2013-03-22,0,6,2,4,4588275,183531,4110000
102000071,2013-03-23,2,3,0,1,4061525,162461,3605000
102000072,2013-03-25,9,5,9,4,5011550,200462,1075000
102000073,2013-03-26,5,3,2,1,4459075,178363,2020000
102000074,2013-03-27,3,5,9,0,4888000,195520,1165000
102000075,2013-03-28,7,4,1,3,4374250,174970,1510000
102000076,2013-03-29,7,3,4,1,4693925,187757,1580000
102000077,2013-03-30,2,2,4,5,4247675,169907,1020000
102000078,2013-04-01,1,2,3,5,5775150,231006,4220000
102000079,2013-04-02,3,5,3,1,4844875,193795,1480000
102000080,2013-04-03,3,4,0,4,4939425,197577,755000
102000081,2013-04-04,4,5,6,0,4247250,169890,1530000
102000082,2013-04-05,6,3,8,8,4044525,161781,3030000
102000083,2013-04-06,0,1,8,7,4095775,163831,1065000
102000084,2013-04-08,6,3,6,0,5299150,211966,1805000
102000085,2013-04-09,9,8,1,1,4279925,171197,1705000
102000086,2013-04-10,7,9,1,0,4724225,188969,1995000
102000087,2013-04-11,3,3,7,8,4518150,180726,4435000
102000088,2013-04-12,3,3,6,7,4624850,184994,8650000
102000089,2013-04-13,3,6,5,9,4188425,167537,1925000
102000090,2013-04-15,4,6,2,5,5287125,211485,775000
102000091,2013-04-16,9,5,9,5,4371850,174874,3355000
102000092,2013-04-17,8,7,1,7,4565200,182608,1045000
102000093,2013-04-18,4,7,1,3,4688500,187540,1710000
102000094,2013-04-19,9,3,3,7,4490525,179621,1500000
102000095,2013-04-20,5,1,0,8,3990425,159617,3915000
102000096,2013-04-22,9,9,4,1,5276975,211079,1105000
102000097,2013-04-23,2,8,7,9,4273625,170945,1675000
102000098,2013-04-24,6,2,7,6,4373625,174945,1225000
102000099,2013-04-25,4,1,1,5,4097700,163908,1070000
102000100,2013-04-26,9,0,1,3,4343600,173744,1895000
102000101,2013-04-27,0,2,9,5,3849750,153990,1085000
102000102,2013-04-29,8,7,7,7,4664650,186586,2275000
102000103,2013-04-30,7,5,8,4,4309525,172381,835000
102000104,2013-05-01,5,9,4,5,4105175,164207,725000
102000105,2013-05-02,2,9,2,6,4259100,170364,1305000
102000106,2013-05-03,7,3,3,7,4422925,176917,2385000
102000107,2013-05-04,4,6,0,1,3832125,153285,1465000
102000108,2013-05-06,2,3,6,8,4648425,185937,6295000
102000109,2013-05-07,4,8,3,3,4396275,175851,1365000
102000110,2013-05-08,9,6,2,8,4475325,179013,1260000
102000111,2013-05-09,1,4,8,2,4220550,168822,1315000
102000112,2013-05-10,1,8,5,3,4487825,179513,1275000
102000113,2013-05-11,8,5,7,4,3819925,152797,1815000
102000114,2013-05-13,5,9,1,4,4600100,184004,690000
102000115,2013-05-14,0,8,9,7,4315650,172626,1105000
102000116,2013-05-15,9,9,1,8,4235700,169428,3420000
102000117,2013-05-16,1,7,3,0,4165275,166611,2485000
102000118,2013-05-17,2,7,6,3,4329800,173192,2510000
102000119,2013-05-18,7,4,7,8,3859475,154379,1025000
102000120,2013-05-20,9,4,3,2,4545700,181828,1020000
102000121,2013-05-21,4,6,9,4,4173475,166939,445000
102000122,2013-05-22,6,8,0,7,4151475,166059,2045000
102000123,2013-05-23,4,8,7,3,4058350,162334,1500000
102000124,2013-05-24,0,9,7,6,4235000,169400,915000
102000125,2013-05-25,1,2,7,7,3752600,150104,940000
102000126,2013-05-27,5,6,1,0,4415775,176631,2600000
102000127,2013-05-28,2,3,5,6,4009225,160369,8735000
102000128,2013-05-29,0,9,3,6,4120100,164804,1675000
102000129,2013-05-30,6,3,6,2,4099500,163980,2850000
102000130,2013-05-31,0,6,9,7,4261925,170477,925000
102000131,2013-06-01,9,5,7,8,3707800,148312,730000
102000132,2013-06-03,4,4,1,0,4648000,185920,1585000
102000133,2013-06-04,0,7,4,1,4094650,163786,1225000
102000134,2013-06-05,2,5,8,7,4179725,167189,4845000
102000135,2013-06-06,6,4,2,3,4201050,168042,3075000
102000136,2013-06-07,0,2,7,0,4354100,174164,1215000
102000137,2013-06-08,9,6,7,5,3778700,151148,740000
102000138,2013-06-10,3,4,4,4,4545925,181837,610000
102000139,2013-06-11,9,1,4,0,4293800,171752,470000
102000140,2013-06-12,4,3,6,2,3635925,145437,995000
102000141,2013-06-13,7,3,6,9,4130850,165234,3310000
102000142,2013-06-14,3,5,0,2,4291600,171664,2390000
102000143,2013-06-15,6,2,9,5,3677775,147111,1645000
102000144,2013-06-17,8,0,4,5,4533050,181322,780000
102000145,2013-06-18,3,1,3,4,3984750,159390,2230000
102000146,2013-06-19,3,5,1,2,3986025,159441,4275000
102000147,2013-06-20,4,0,6,8,4001725,160069,935000
102000148,2013-06-21,7,0,9,8,4137275,165491,1280000
102000149,2013-06-22,9,1,1,7,3715975,148639,2830000
102000150,2013-06-24,4,0,1,3,4261025,170441,1445000
102000151,2013-06-25,7,1,1,8,3945800,157832,1370000
102000152,2013-06-26,4,4,1,8,3954775,158191,980000
102000153,2013-06-27,7,0,3,0,3871800,154872,1240000
102000154,2013-06-28,6,7,1,9,3919900,156796,1435000
102000155,2013-06-29,0,9,9,0,3484475,139379,1745000
102000156,2013-07-01,1,0,9,1,4200000,168000,2015000
102000157,2013-07-02,9,2,7,1,3722150,148886,2215000
102000158,2013-07-03,6,3,9,4,3864100,154564,1285000
102000159,2013-07-04,7,7,8,4,4096300,163852,725000
102000160,2013-07-05,1,8,8,9,4053725,162149,2305000
102000161,2013-07-06,8,4,5,8,3547275,141891,685000
102000162,2013-07-08,0,5,7,3,4616775,184671,1620000
102000163,2013-07-09,1,7,7,8,3808825,152353,1205000
102000164,2013-07-10,6,5,0,5,4006750,160270,1825000
102000165,2013-07-11,6,9,8,7,4135575,165423,1795000
102000166,2013-07-12,8,9,1,4,3886300,155452,945000
102000167,2013-07-13,6,4,6,1,2935300,117412,525000
102000168,2013-07-15,2,9,2,9,4520725,180829,2725000
102000169,2013-07-16,2,2,3,8,3834250,153370,1570000
102000170,2013-07-17,3,3,7,1,3928350,157134,1450000
102000171,2013-07-18,9,3,0,2,4414200,176568,1100000
102000172,2013-07-19,0,4,6,3,3923700,156948,565000
102000173,2013-07-20,9,4,1,9,3637500,145500,855000
102000174,2013-07-22,5,8,8,5,4117425,164697,5380000
102000175,2013-07-23,9,8,2,9,4106825,164273,1865000
102000176,2013-07-24,5,2,9,4,4071950,162878,2015000
102000177,2013-07-25,7,6,5,4,3864500,154580,980000
102000178,2013-07-26,8,4,0,5,4056700,162268,825000
102000179,2013-07-27,6,7,1,3,3616375,144655,2345000
102000180,2013-07-29,7,0,0,2,4283000,171320,1400000
102000181,2013-07-30,0,1,5,9,3931250,157250,790000
102000182,2013-07-31,0,3,4,6,4065125,162605,1410000
102000183,2013-08-01,3,0,1,0,3904325,156173,1220000
102000184,2013-08-02,9,0,2,2,4060650,162426,1520000
102000185,2013-08-03,1,0,0,8,3647850,145914,4240000
102000186,2013-08-05,4,2,5,4,4547275,181891,385000
102000187,2013-08-06,2,9,4,7,4038500,161540,775000
102000188,2013-08-07,2,1,1,4,4111450,164458,1695000
102000189,2013-08-08,1,6,2,9,4243875,169755,1605000
102000190,2013-08-09,8,2,9,3,4129000,165160,1720000
102000191,2013-08-10,8,2,9,5,3650050,146002,1625000
102000192,2013-08-12,1,4,6,9,4355175,174207,1560000
102000193,2013-08-13,3,8,4,3,4156125,166245,695000
102000194,2013-08-14,1,4,0,3,3723200,148928,1025000
102000195,2013-08-15,0,4,2,0,3951200,158048,2970000
102000196,2013-08-16,2,5,1,1,4012825,160513,2980000
102000197,2013-08-17,4,0,5,8,3687525,147501,2150000
102000198,2013-08-19,1,5,0,4,4291400,171656,1195000
102000199,2013-08-20,6,4,9,5,3727975,149119,920000
102000200,2013-08-21,1,9,6,6,3228350,129134,2545000
102000201,2013-08-22,4,9,5,0,3674625,146985,940000
102000202,2013-08-23,3,9,7,2,3774075,150963,1920000
102000203,2013-08-24,1,3,5,1,3587575,143503,1200000
102000204,2013-08-26,9,4,8,4,4315750,172630,435000
102000205,2013-08-27,8,4,4,5,3796500,151860,2565000
102000206,2013-08-28,4,7,7,1,3834475,153379,790000
102000207,2013-08-29,4,8,4,2,3253150,130126,705000
102000208,2013-08-30,1,7,7,2,3679125,147165,2500000
102000209,2013-08-31,8,0,7,8,3174775,126991,1720000
102000210,2013-09-02,0,7,2,6,4271525,170861,3455000
102000211,2013-09-03,2,0,7,3,3883075,155323,770000
102000212,2013-09-04,6,8,7,8,3889475,155579,1670000
102000213,2013-09-05,4,5,6,3,3868050,154722,1435000
102000214,2013-09-06,4,3,6,7,3913075,156523,865000
102000215,2013-09-07,3,2,2,0,3517550,140702,1445000
102000216,2013-09-09,5,2,4,4,4159450,166378,1350000
102000217,2013-09-10,3,5,6,9,3999850,159994,1105000
102000218,2013-09-11,5,1,2,2,3850925,154037,2335000
102000219,2013-09-12,0,4,6,8,3749625,149985,865000
102000220,2013-09-13,8,3,7,2,3915400,156616,1890000
102000221,2013-09-14,4,8,3,9,3687775,147511,1065000
102000222,2013-09-16,3,5,7,9,4158225,166329,2415000
102000223,2013-09-17,3,8,8,5,4020075,160803,2400000
102000224,2013-09-18,8,8,0,6,4044925,161797,1795000
102000225,2013-09-19,0,5,1,6,3629350,145174,2460000
102000226,2013-09-20,3,7,8,1,3474325,138973,835000
102000227,2013-09-21,3,9,1,8,3224275,128971,1740000
102000228,2013-09-23,6,1,9,6,4144525,165781,1190000
102000229,2013-09-24,2,3,4,9,3823200,152928,1220000
102000230,2013-09-25,4,9,1,5,3867050,154682,1925000
102000231,2013-09-26,4,1,6,6,3863225,154529,1340000
102000232,2013-09-27,3,7,3,6,3932375,157295,1370000
102000233,2013-09-28,1,5,0,8,3516350,140654,2165000
102000234,2013-09-30,2,8,2,1,4192475,167699,1425000
102000235,2013-10-01,9,4,8,3,3901050,156042,910000
102000236,2013-10-02,0,9,7,8,3874375,154975,2700000
102000237,2013-10-03,7,2,0,8,3857650,154306,3775000
102000238,2013-10-04,4,3,4,5,3887300,155492,810000
102000239,2013-10-05,0,6,1,7,3548175,141927,3390000
102000240,2013-10-07,7,1,6,9,4441500,177660,1125000
102000241,2013-10-08,7,2,5,1,4011850,160474,695000
102000242,2013-10-09,8,2,3,3,4127075,165083,1795000
102000243,2013-10-10,8,6,8,9,3960375,158415,1665000
102000244,2013-10-11,3,0,4,4,4053250,162130,650000
102000245,2013-10-12,5,1,7,5,3685250,147410,885000
102000246,2013-10-14,6,1,8,1,4268325,170733,2030000
102000247,2013-10-15,6,2,5,4,3962475,158499,1075000
102000248,2013-10-16,2,5,3,2,3986250,159450,1320000
102000249,2013-10-17,8,0,5,3,3851175,154047,1040000
102000250,2013-10-18,2,8,8,8,4057225,162289,2795000
102000251,2013-10-19,2,9,6,3,3667025,146681,920000
102000252,2013-10-21,6,3,2,5,4310350,172414,2070000
102000253,2013-10-22,0,5,5,6,3905050,156202,1750000
102000254,2013-10-23,9,0,1,8,3986400,159456,1475000
102000255,2013-10-24,4,3,5,2,3810150,152406,1190000
102000256,2013-10-25,0,4,4,3,4002925,160117,995000
102000257,2013-10-26,2,8,0,7,3447700,137908,770000
102000258,2013-10-28,3,5,4,4,4170275,166811,3035000
102000259,2013-10-29,0,7,4,8,3871925,154877,1160000
102000260,2013-10-30,0,8,8,0,3988400,159536,2245000
102000261,2013-10-31,3,8,0,9,3805600,152224,2145000
102000262,2013-11-01,8,7,8,7,4086850,163474,3495000
102000263,2013-11-02,1,0,1,4,3565075,142603,2945000
102000264,2013-11-04,4,9,9,4,4280375,171215,2295000
102000265,2013-11-05,1,3,3,6,4195750,167830,2985000
102000266,2013-11-06,8,6,7,6,4172675,166907,1540000
102000267,2013-11-07,5,8,9,3,4067650,162706,1640000
102000268,2013-11-08,8,3,8,8,4282900,171316,1235000
102000269,2013-11-09,5,8,3,6,3851250,154050,3200000
102000270,2013-11-11,9,4,1,9,4591575,183663,1395000
102000271,2013-11-12,1,2,8,4,4192675,167707,870000
102000272,2013-11-13,1,9,9,7,4083700,163348,1985000
102000273,2013-11-14,7,6,6,9,4070325,162813,1075000
102000274,2013-11-15,9,8,0,9,4243950,169758,1705000
102000275,2013-11-16,4,2,6,6,3754875,150195,1470000
102000276,2013-11-18,6,0,9,6,4434500,177380,1865000
102000277,2013-11-19,0,3,2,9,3946950,157878,4555000
102000278,2013-11-20,5,3,3,3,4083075,163323,1555000
102000279,2013-11-21,0,9,4,7,4017000,160680,525000
102000280,2013-11-22,0,6,9,4,4100650,164026,560000
102000281,2013-11-23,1,3,1,0,3648325,145933,2980000
102000282,2013-11-25,3,0,9,9,4317475,172699,1820000
102000283,2013-11-26,5,5,5,7,3899000,155960,1340000
102000284,2013-11-27,9,9,3,8,3941475,157659,3035000
102000285,2013-11-28,5,2,8,9,3819625,152785,3665000
102000286,2013-11-29,8,4,0,4,4067975,162719,625000
102000287,2013-11-30,7,4,5,0,3609400,144376,330000
102000288,2013-12-02,0,4,1,6,4363625,174545,2720000
102000289,2013-12-03,6,3,3,0,4050150,162006,1175000
102000290,2013-12-04,7,7,4,1,4009575,160383,1580000
102000291,2013-12-05,2,4,0,8,4112300,164492,1270000
102000292,2013-12-06,6,9,3,4,4196525,167861,3085000
102000293,2013-12-07,3,1,3,9,3687275,147491,1695000
102000294,2013-12-09,5,7,0,7,4653575,186143,1110000
102000295,2013-12-10,3,4,3,0,4144725,165789,1975000
102000296,2013-12-11,4,5,0,9,4196475,167859,990000
102000297,2013-12-12,4,1,4,6,4282700,171308,1190000
102000298,2013-12-13,8,8,7,6,4302025,172081,2340000
102000299,2013-12-14,0,0,8,1,3720300,148812,2650000
102000300,2013-12-16,1,6,5,9,4705725,188229,1495000
102000301,2013-12-17,6,3,3,8,3633900,145356,1585000
102000302,2013-12-18,8,1,9,4,4091275,163651,950000
102000303,2013-12-19,6,5,1,4,4182200,167288,800000
102000304,2013-12-20,3,3,3,0,4022100,160884,2300000
102000305,2013-12-21,0,6,6,6,3762325,150493,3945000
102000306,2013-12-23,1,0,5,1,5072400,202896,2150000
102000307,2013-12-24,6,1,0,9,4089700,163588,1650000
102000308,2013-12-25,4,2,6,9,4306650,172266,1070000
102000309,2013-12-26,7,4,6,0,4208650,168346,3075000
102000310,2013-12-27,1,0,0,1,4298950,171958,14410000
102000311,2013-12-28,1,5,1,7,4062925,162517,2350000
102000312,2013-12-30,4,9,5,9,5019975,200799,725000
102000313,2013-12-31,0,1,4,1,5188675,207547,2350000
103000001,2014-01-01,8,2,9,6,4057825,162313,1095000
103000002,2014-01-02,6,6,3,1,4153650,166146,1320000
103000003,2014-01-03,1,4,4,0,4380950,175238,2725000
103000004,2014-01-04,4,6,5,0,4127225,165089,1575000
103000005,2014-01-06,5,2,6,9,4989850,199594,2655000
103000006,2014-01-07,3,8,3,4,4518775,180751,2200000
103000007,2014-01-08,9,6,0,3,4538800,181552,1095000
103000008,2014-01-09,8,0,6,4,4240600,169624,540000
103000009,2014-01-10,9,3,1,6,4617575,184703,1495000
103000010,2014-01-11,1,3,6,7,4412750,176510,2630000
103000011,2014-01-13,7,9,9,8,4941150,197646,2975000
103000012,2014-01-14,6,8,3,9,4331275,173251,1605000
103000013,2014-01-15,7,5,7,9,4595200,183808,2950000
103000014,2014-01-16,7,0,5,8,4589650,183586,1660000
103000015,2014-01-17,0,2,9,2,4605100,184204,1030000
103000016,2014-01-18,0,4,4,8,4175800,167032,775000
103000017,2014-01-20,3,7,7,1,5096325,203853,1765000
103000018,2014-01-21,4,5,0,2,4311925,172477,1160000
103000019,2014-01-22,2,5,9,2,4517975,180719,3580000
103000020,2014-01-23,8,0,1,5,4451350,178054,2555000
103000021,2014-01-24,5,8,7,4,4560675,182427,1655000
103000022,2014-01-25,5,4,2,9,4403875,176155,1500000
103000023,2014-01-27,9,2,0,0,5053250,202130,13195000
103000024,2014-01-28,9,8,6,2,4608875,184355,2075000
103000025,2014-01-29,3,9,7,8,4750475,190019,3950000
103000026,2014-01-30,4,8,2,0,4398925,175957,1345000
103000027,2014-01-31,9,4,2,4,4347975,173919,540000
103000028,2014-02-01,6,1,8,7,4308225,172329,2075000
103000029,2014-02-03,2,7,6,4,5305950,212238,1010000
103000030,2014-02-04,4,3,6,6,4476125,179045,1565000
103000031,2014-02-05,6,2,6,9,4688300,187532,2680000
103000032,2014-02-06,1,7,4,6,4653050,186122,1645000
103000033,2014-02-07,7,7,8,7,4715725,188629,2260000
103000034,2014-02-08,6,1,9,9,4468675,178747,2670000
103000035,2014-02-10,9,3,3,9,4876250,195050,2660000
103000036,2014-02-11,8,9,2,8,4381725,175269,2545000
103000037,2014-02-12,7,4,7,1,4602800,184112,1670000
103000038,2014-02-13,2,7,6,6,4463875,178555,1745000
103000039,2014-02-14,3,4,6,3,4661500,186460,1590000
103000040,2014-02-15,9,9,9,0,4283650,171346,2660000
103000041,2014-02-17,8,3,1,0,5178125,207125,2705000
103000042,2014-02-18,4,8,1,7,4463875,178555,1690000
103000043,2014-02-19,2,8,3,7,4113475,164539,3285000
103000044,2014-02-20,1,8,8,0,4530975,181239,2150000
103000045,2014-02-21,5,9,3,8,4598400,183936,2200000
103000046,2014-02-22,6,5,1,2,4215775,168631,1885000
103000047,2014-02-24,1,1,5,9,4998625,199945,1250000
103000048,2014-02-25,7,7,0,2,4314700,172588,4875000
103000049,2014-02-26,3,2,9,6,4384975,175399,2795000
103000050,2014-02-27,5,4,7,8,4375500,175020,2650000
103000051,2014-02-28,6,0,3,0,4120950,164838,1410000
103000052,2014-03-01,1,3,7,9,4032950,161318,1455000
103000053,2014-03-03,7,4,6,9,4884050,195362,1580000
103000054,2014-03-04,8,9,0,8,4211175,168447,1075000
103000055,2014-03-05,5,4,5,6,4428875,177155,2575000
103000056,2014-03-06,9,9,6,7,4353850,174154,2390000
103000057,2014-03-07,4,0,6,1,4324450,172978,1155000
103000058,2014-03-08,6,9,8,4,3939400,157576,1350000
103000059,2014-03-10,6,5,8,5,4993325,199733,1695000
103000060,2014-03-11,1,8,3,0,4339800,173592,2195000
103000061,2014-03-12,2,5,4,5,4503075,180123,690000
103000062,2014-03-13,1,6,4,4,4326275,173051,2100000
103000063,2014-03-14,1,4,5,3,4458100,178324,1280000
103000064,2014-03-15,3,1,9,4,4121275,164851,570000
103000065,2014-03-17,2,4,0,1,4807050,192282,3745000
103000066,2014-03-18,6,4,6,0,4350975,174039,720000
103000067,2014-03-19,1,2,5,0,4354725,174189,4430000
103000068,2014-03-20,0,8,0,2,4130675,165227,2430000
103000069,2014-03-21,4,8,1,0,4302700,172108,2210000
103000070,2014-03-22,1,4,5,2,3948200,157928,2820000
103000071,2014-03-24,8,6,8,6,4549375,181975,5675000
103000072,2014-03-25,8,1,0,8,4252825,170113,2100000
103000073,2014-03-26,2,7,8,9,4297800,171912,2645000
103000074,2014-03-27,1,5,1,3,4132800,165312,3170000
103000075,2014-03-28,5,3,8,8,4249825,169993,2950000
103000076,2014-03-29,5,7,4,5,3803075,152123,640000
103000077,2014-03-31,5,2,3,8,4372225,174889,1630000
103000078,2014-04-01,1,4,1,4,3998525,159941,7480000
103000079,2014-04-02,0,1,3,1,4289750,171590,2435000
103000080,2014-04-03,7,7,1,8,4239125,169565,2180000
103000081,2014-04-04,2,6,3,4,4026675,161067,1380000
103000082,2014-04-05,2,9,9,0,3836450,153458,2180000
103000083,2014-04-07,3,7,8,2,4768100,190724,2305000
103000084,2014-04-08,2,7,9,0,4172400,166896,1355000
103000085,2014-04-09,7,6,0,5,4355000,174200,610000
103000086,2014-04-10,0,7,7,5,4251500,170060,835000
103000087,2014-04-11,9,9,9,9,4346350,173854,14375000
103000088,2014-04-12,1,4,0,2,4122875,164915,2410000
103000089,2014-04-14,0,8,4,5,4866900,194676,2335000
103000090,2014-04-15,1,5,0,8,4323600,172944,2065000
103000091,2014-04-16,1,2,0,8,4425050,177002,7725000
103000092,2014-04-17,2,2,5,1,4317450,172698,2925000
103000093,2014-04-18,9,7,1,1,4538650,181546,1550000
103000094,2014-04-19,4,0,8,2,4105850,164234,3255000
103000095,2014-04-21,4,5,3,5,4711525,188461,3700000
103000096,2014-04-22,4,4,5,6,4500525,180021,1005000
103000097,2014-04-23,2,1,9,3,4409450,176378,1520000
103000098,2014-04-24,9,2,9,0,4102125,164085,790000
103000099,2014-04-25,5,9,2,7,4478025,179121,1330000
103000100,2014-04-26,5,6,2,2,3874675,154987,2115000
103000101,2014-04-28,1,9,0,4,4504125,180165,1585000
103000102,2014-04-29,0,0,3,2,4133525,165341,930000
103000103,2014-04-30,2,4,2,4,4266050,170642,3145000
103000104,2014-05-01,2,2,1,7,3886500,155460,2410000
103000105,2014-05-02,4,4,1,1,4472300,178892,2940000
103000106,2014-05-03,6,1,7,2,4067300,162692,1320000
103000107,2014-05-05,9,1,7,4,4621875,184875,630000
103000108,2014-05-06,7,1,9,7,4214900,168596,1545000
103000109,2014-05-07,9,0,1,0,4330875,173235,1935000
103000110,2014-05-08,7,3,3,3,4350800,174032,1000000
103000111,2014-05-09,1,6,7,7,4350175,174007,1575000
103000112,2014-05-10,6,6,1,5,4138275,165531,2290000
103000113,2014-05-12,1,2,2,5,4437600,177504,13165000
103000114,2014-05-13,0,6,7,4,4177475,167099,255000
103000115,2014-05-14,2,1,6,7,4320400,172816,2015000
103000116,2014-05-15,6,5,8,9,3991325,159653,2640000
103000117,2014-05-16,6,3,2,1,4370700,174828,3300000
103000118,2014-05-17,8,0,9,7,4077350,163094,1430000
103000119,2014-05-19,6,8,0,0,4395650,175826,2005000
103000120,2014-05-20,5,4,3,7,4013250,160530,1610000
103000121,2014-05-21,6,3,0,9,3928975,157159,1460000
103000122,2014-05-22,2,9,2,5,4325525,173021,1260000
103000123,2014-05-23,3,3,7,2,4303475,172139,1435000
103000124,2014-05-24,0,8,4,0,3913650,156546,1280000
103000125,2014-05-26,5,2,8,5,4523550,180942,2760000
103000126,2014-05-27,9,7,2,3,4033225,161329,1425000
103000127,2014-05-28,7,6,7,0,4096575,163863,700000
103000128,2014-05-29,2,2,4,7,3911400,156456,1460000
103000129,2014-05-30,8,6,9,4,4168850,166754,645000
103000130,2014-05-31,6,8,6,1,3743850,149754,1470000
103000131,2014-06-02,5,2,0,7,4259525,170381,2975000
103000132,2014-06-03,5,1,5,7,4155325,166213,2180000
103000133,2014-06-04,1,2,8,2,4102300,164092,2465000
103000134,2014-06-05,9,9,1,4,4223825,168953,2020000
103000135,2014-06-06,1,5,9,0,4258150,170326,1140000
103000136,2014-06-07,4,6,9,8,3812825,152513,2545000
103000137,2014-06-09,6,4,3,8,4751175,190047,730000
103000138,2014-06-10,0,8,1,8,4104875,164195,7075000
103000139,2014-06-11,9,2,6,4,4202225,168089,625000
103000140,2014-06-12,4,9,5,1,4294000,171760,705000
103000141,2014-06-13,0,1,7,2,4127500,165100,1370000
103000142,2014-06-14,0,4,9,8,3901200,156048,435000
103000143,2014-06-16,2,6,3,9,4513025,180521,3020000
103000144,2014-06-17,1,1,9,2,4147725,165909,1745000
103000145,2014-06-18,0,4,0,3,4174725,166989,1660000
103000146,2014-06-19,5,3,7,5,4006325,160253,1740000
103000147,2014-06-20,1,8,2,5,4151825,166073,2165000
103000148,2014-06-21,0,0,2,8,3798700,151948,1695000
103000149,2014-06-23,8,6,6,3,4410050,176402,1570000
103000150,2014-06-24,3,0,1,9,4054925,162197,1590000
103000151,2014-06-25,4,2,6,9,4047250,161890,3225000
103000152,2014-06-26,8,2,7,1,3975250,159010,735000
103000153,2014-06-27,0,8,7,4,4110000,164400,420000
103000154,2014-06-28,3,8,4,2,3790200,151608,1345000
103000155,2014-06-30,6,2,6,6,4256050,170242,1345000
103000156,2014-07-01,7,5,9,0,3976925,159077,675000
103000157,2014-07-02,2,9,4,3,3937900,157516,1245000
103000158,2014-07-03,5,6,6,5,3864675,154587,2635000
103000159,2014-07-04,8,3,7,1,4024875,160995,1500000
103000160,2014-07-05,6,2,4,6,3802575,152103,900000
103000161,2014-07-07,2,1,3,3,4356975,174279,3525000
103000162,2014-07-08,7,6,3,6,3983825,159353,1655000
103000163,2014-07-09,2,5,2,7,4031575,161263,2705000
103000164,2014-07-10,2,2,0,0,4057025,162281,4845000
103000165,2014-07-11,3,4,7,3,4138225,165529,1040000
103000166,2014-07-12,3,7,1,1,3899875,155995,2085000
103000167,2014-07-14,3,4,2,1,4469200,178768,2375000
103000168,2014-07-15,5,2,3,9,4109025,164361,2705000
103000169,2014-07-16,7,2,7,2,4209525,168381,3645000
103000170,2014-07-17,5,8,2,9,4116750,164670,1435000
103000171,2014-07-18,9,6,3,2,4464975,178599,2245000
103000172,2014-07-19,1,7,5,3,3829650,153186,2170000
103000173,2014-07-21,5,3,7,6,4461475,178459,2140000
103000174,2014-07-22,3,3,0,0,4092400,163696,2775000
103000175,2014-07-23,1,2,2,0,3184650,127386,5835000
103000176,2014-07-24,4,4,3,7,4287350,171494,1665000
103000177,2014-07-25,6,5,6,6,4228250,169130,1475000
103000178,2014-07-26,3,9,4,1,3884350,155374,1805000
103000179,2014-07-28,9,3,5,6,4559525,182381,1055000
103000180,2014-07-29,2,8,5,9,4107375,164295,1665000
103000181,2014-07-30,4,7,0,9,4207550,168302,320000
103000182,2014-07-31,2,5,1,6,4158975,166359,4485000
103000183,2014-08-01,5,8,0,5,4261000,170440,1665000
103000184,2014-08-02,1,5,6,1,3871800,154872,2025000
103000185,2014-08-04,2,1,9,0,4355050,174202,2520000
103000186,2014-08-05,3,4,0,3,4182375,167295,625000
103000187,2014-08-06,7,3,7,6,4295325,171813,905000
103000188,2014-08-07,6,4,4,7,4071000,162840,1470000
103000189,2014-08-08,7,6,6,4,4473950,178958,1225000
103000190,2014-08-09,7,1,9,7,3886125,155445,5850000
103000191,2014-08-11,3,1,1,1,4507050,180282,4560000
103000192,2014-08-12,3,5,5,2,3986075,159443,4185000
103000193,2014-08-13,1,6,3,9,4221300,168852,1910000
103000194,2014-08-14,0,3,7,1,4162300,166492,2080000
103000195,2014-08-15,5,5,5,0,4244825,169793,1910000
103000196,2014-08-16,6,2,5,0,3975525,159021,1520000
103000197,2014-08-18,4,7,5,2,4422900,176916,1395000
103000198,2014-08-19,8,5,8,7,4043825,161753,1285000
103000199,2014-08-20,7,2,9,8,4188900,167556,2435000
103000200,2014-08-21,7,9,9,2,4050150,162006,1155000
103000201,2014-08-22,4,1,8,7,4254125,170165,790000
103000202,2014-08-23,4,9,7,8,3976825,159073,1135000
103000203,2014-08-25,3,6,0,2,4520025,180801,1310000
103000204,2014-08-26,9,9,0,9,4042500,161700,1875000
103000205,2014-08-27,6,7,7,7,4138700,165548,1615000
103000206,2014-08-28,7,3,5,8,4130000,165200,2825000
103000207,2014-08-29,7,5,3,3,4013050,160522,1360000
103000208,2014-08-30,4,7,3,4,3837075,153483,1095000
103000209,2014-09-01,2,5,9,8,4477025,179081,2035000
103000210,2014-09-02,2,7,7,9,4050875,162035,1390000
103000211,2014-09-03,2,1,1,0,4114325,164573,4400000
103000212,2014-09-04,9,9,5,7,4064050,162562,1980000
103000213,2014-09-05,7,7,0,7,4331000,173240,2140000
103000214,2014-09-06,4,3,4,4,4051625,162065,1400000
103000215,2014-09-08,1,6,9,5,4340975,173639,2485000
103000216,2014-09-09,3,1,5,2,4202525,168101,1400000
103000217,2014-09-10,4,7,3,7,4291225,171649,1215000
103000218,2014-09-11,5,8,2,7,4225625,169025,3695000
103000219,2014-09-12,0,4,8,3,4354825,174193,665000
103000220,2014-09-13,6,6,5,6,3938175,157527,2770000
103000221,2014-09-15,9,1,4,0,4551875,182075,1145000
103000222,2014-09-16,5,9,4,6,4207675,168307,855000
103000223,2014-09-17,0,1,6,6,4253950,170158,1795000
103000224,2014-09-18,7,2,3,2,4115650,164626,2290000
103000225,2014-09-19,6,9,5,6,4245025,169801,805000
103000226,2014-09-20,2,6,0,1,3912000,156480,4195000
103000227,2014-09-22,0,6,7,8,4325350,173014,1770000
103000228,2014-09-23,2,6,6,4,4076375,163055,755000
103000229,2014-09-24,2,4,9,9,4171650,166866,2845000
103000230,2014-09-25,9,8,2,1,4203500,168140,1790000
103000231,2014-09-26,8,1,2,4,4184700,167388,595000
103000232,2014-09-27,8,5,6,2,3937225,157489,940000
103000233,2014-09-29,0,4,1,7,4452150,178086,3085000
103000234,2014-09-30,1,7,9,1,4254850,170194,1750000
103000235,2014-10-01,0,8,9,9,4202525,168101,1500000
103000236,2014-10-02,6,0,6,0,4142425,165697,2255000
103000237,2014-10-03,8,9,2,1,4145800,165832,1165000
103000238,2014-10-04,8,1,9,2,4090475,163619,1945000
103000239,2014-10-06,6,1,6,5,4810625,192425,1520000
103000240,2014-10-07,2,9,5,5,4324075,172963,3715000
103000241,2014-10-08,9,7,7,0,4392975,175719,1195000
103000242,2014-10-09,3,5,5,2,4164225,166569,3420000
103000243,2014-10-10,9,3,1,7,4028900,161156,1490000
103000244,2014-10-11,8,7,8,9,3931950,157278,1690000
103000245,2014-10-13,2,3,9,3,4481225,179249,1940000
103000246,2014-10-14,4,5,4,4,4177075,167083,935000
103000247,2014-10-15,7,1,3,9,4303475,172139,2455000
103000248,2014-10-16,6,7,0,7,4252400,170096,605000
103000249,2014-10-17,9,5,7,8,4335175,173407,1930000
103000250,2014-10-18,9,7,7,1,4055350,162214,1500000
103000251,2014-10-20,5,9,9,5,4741425,189657,3310000
103000252,2014-10-21,7,7,6,5,4369875,174795,1160000
103000253,2014-10-22,8,8,9,7,4348150,173926,2615000
103000254,2014-10-23,8,0,7,0,4388525,175541,1465000
103000255,2014-10-24,4,8,1,7,4478125,179125,975000
103000256,2014-10-25,1,9,9,1,4086175,163447,4105000
103000257,2014-10-27,7,8,4,9,4511950,180478,1190000
103000258,2014-10-28,9,4,5,9,4172175,166887,1005000
103000259,2014-10-29,7,2,9,4,4243625,169745,330000
103000260,2014-10-30,8,7,4,8,4051425,162057,1845000
103000261,2014-10-31,3,1,7,4,4509400,180376,8490000
103000262,2014-11-01,0,6,5,8,3929825,157193,835000
103000263,2014-11-03,3,7,0,3,4542650,181706,1275000
103000264,2014-11-04,7,8,2,8,4121875,164875,830000
103000265,2014-11-05,6,7,7,5,4332575,173303,2255000
103000266,2014-11-06,9,4,8,8,4138700,165548,1260000
103000267,2014-11-07,4,8,2,3,4180225,167209,985000
103000268,2014-11-08,7,9,8,5,3938875,157555,1305000
103000269,2014-11-10,1,4,0,3,4586225,183449,495000
103000270,2014-11-11,3,0,2,7,4341500,173660,2820000
103000271,2014-11-12,3,3,5,6,4386550,175462,2245000
103000272,2014-11-13,0,6,8,3,4144375,165775,1510000
103000273,2014-11-14,0,8,6,5,4181900,167276,825000
103000274,2014-11-15,4,6,4,3,4156850,166274,895000
103000275,2014-11-17,7,7,2,3,4315625,172625,1855000
103000276,2014-11-18,7,1,2,9,4082350,163294,2905000
103000277,2014-11-19,4,7,0,5,4158000,166320,215000
103000278,2014-11-20,4,8,6,2,4010925,160437,1095000
103000279,2014-11-21,7,9,2,6,4357125,174285,2595000
103000280,2014-11-22,2,7,1,0,3825475,153019,2325000
103000281,2014-11-24,6,0,6,4,4379975,175199,415000
103000282,2014-11-25,0,2,7,3,4189975,167599,555000
103000283,2014-11-26,4,3,7,0,4089100,163564,955000
103000284,2014-11-27,1,2,2,0,4046425,161857,4455000
103000285,2014-11-28,0,3,2,0,4336975,173479,1890000
103000286,2014-11-29,2,6,3,8,4030800,161232,1740000
103000287,2014-12-01,6,8,9,3,4220300,168812,1460000
103000288,2014-12-02,8,2,3,3,4041150,161646,885000
103000289,2014-12-03,6,1,5,2,4086725,163469,1425000
103000290,2014-12-04,1,3,0,2,3765325,150613,2980000
103000291,2014-12-05,0,9,5,3,4155225,166209,875000
103000292,2014-12-06,4,3,1,0,4155950,166238,1110000
103000293,2014-12-08,4,0,8,9,4516075,180643,775000
103000294,2014-12-09,1,3,8,0,4017200,160688,3365000
103000295,2014-12-10,1,2,6,2,4264425,170577,1330000
103000296,2014-12-11,0,3,0,0,4303850,172154,1540000
103000297,2014-12-12,1,1,3,1,4180075,167203,3015000
103000298,2014-12-13,1,6,8,4,4078250,163130,1355000
103000299,2014-12-15,8,0,2,7,4694400,187776,2460000
103000300,2014-12-16,2,0,9,3,3946600,157864,1340000
103000301,2014-12-17,1,2,1,9,3972950,158918,10485000
103000302,2014-12-18,8,1,5,2,4320300,172812,1105000
103000303,2014-12-19,4,0,8,6,4225400,169016,830000
103000304,2014-12-20,3,2,0,3,3976225,159049,3790000
103000305,2014-12-22,9,1,4,9,4553975,182159,1180000
103000306,2014-12-23,3,7,2,5,4137750,165510,4410000
103000307,2014-12-24,5,0,2,5,4513825,180553,1440000
103000308,2014-12-25,8,9,3,9,4067150,162686,1555000
103000309,2014-12-26,0,0,8,2,4130725,165229,1170000
103000310,2014-12-27,8,9,5,1,4056275,162251,1150000
103000311,2014-12-29,6,2,2,5,4645350,185814,3635000
103000312,2014-12-30,7,0,3,9,4047250,161890,1190000
103000313,2014-12-31,5,7,2,3,4455000,178200,1825000
104000001,2015-01-01,3,6,2,8,4217425,168697,3950000
104000002,2015-01-02,2,8,6,4,3907950,156318,2150000
104000003,2015-01-03,4,0,5,7,3853250,154130,5775000
104000004,2015-01-05,7,3,2,7,5428775,217151,2215000
104000005,2015-01-06,9,2,5,9,4488425,179537,1570000
104000006,2015-01-07,7,6,3,3,4332050,173282,1370000
104000007,2015-01-08,2,6,3,7,4741600,189664,4880000
104000008,2015-01-09,2,5,1,4,4541125,181645,1190000
104000009,2015-01-10,6,4,5,0,4454475,178179,780000
104000010,2015-01-12,4,0,5,0,4777200,191088,1220000
104000011,2015-01-13,8,3,5,3,4376900,175076,1120000
104000012,2015-01-14,5,6,4,0,4494475,179779,525000
104000013,2015-01-15,9,8,3,5,4368650,174746,1405000
104000014,2015-01-16,6,6,2,6,4389675,175587,845000
104000015,2015-01-17,9,1,2,2,4268250,170730,1565000
104000016,2015-01-19,0,9,2,6,4852075,194083,3395000
104000017,2015-01-20,8,2,7,3,4350675,174027,1960000
104000018,2015-01-21,9,9,3,5,4580375,183215,2730000
104000019,2015-01-22,5,5,2,8,4251900,170076,2905000
104000020,2015-01-23,3,2,8,1,4386875,175475,1210000
104000021,2015-01-24,1,0,8,2,4119775,164791,1990000
104000022,2015-01-26,1,6,9,2,4722275,188891,1995000
104000023,2015-01-27,0,0,2,4,4246025,169841,1275000
104000024,2015-01-28,7,4,8,7,4308950,172358,1215000
104000025,2015-01-29,4,0,6,4,4162800,166512,375000
104000026,2015-01-30,5,4,2,0,4243025,169721,1430000
104000027,2015-01-31,0,9,9,2,4066750,162670,1450000
104000028,2015-02-02,8,2,4,6,4644900,185796,2975000
104000029,2015-02-03,1,8,9,1,4291950,171678,1845000
104000030,2015-02-04,5,6,0,5,4614025,184561,1060000
104000031,2015-02-05,4,9,0,8,4312000,172480,470000
104000032,2015-02-06,7,4,9,2,4455350,178214,480000
104000033,2015-02-07,2,0,0,3,4242125,169685,1215000
104000034,2015-02-09,6,4,0,6,4610850,184434,785000
104000035,2015-02-10,7,5,2,1,4371725,174869,1930000
104000036,2015-02-11,3,4,6,5,4601725,184069,1515000
104000037,2015-02-12,2,3,1,5,4440600,177624,3085000
104000038,2015-02-13,0,4,4,1,4573350,182934,1510000
104000039,2015-02-14,9,4,7,9,4443950,177758,450000
104000040,2015-02-16,4,0,9,0,5097875,203915,1415000
104000041,2015-02-17,9,9,3,1,4607075,184283,2240000
104000042,2015-02-18,5,8,1,8,4495325,179813,2320000
104000043,2015-02-19,9,6,7,4,4366150,174646,1155000
104000044,2015-02-20,4,2,6,9,4356650,174266,3060000
104000045,2015-02-21,1,4,1,1,4257825,170313,1740000
104000046,2015-02-23,2,2,7,9,5470000,218800,3355000
104000047,2015-02-24,3,6,2,7,4860800,194432,2375000
104000048,2015-02-25,1,8,3,3,4784300,191372,2430000
104000049,2015-02-26,6,3,8,6,4625525,185021,2645000
104000050,2015-02-27,9,2,4,9,4480925,179237,795000
104000051,2015-02-28,4,7,0,8,4363825,174553,490000
104000052,2015-03-02,1,7,6,3,4891300,195652,2080000
104000053,2015-03-03,6,6,9,6,4408225,176329,1495000
104000054,2015-03-04,4,7,9,8,4441925,177677,1935000
104000055,2015-03-05,5,8,2,5,4490675,179627,3475000
104000056,2015-03-06,5,5,5,7,4588675,183547,1195000
104000057,2015-03-07,0,6,6,9,4353225,174129,1040000
104000058,2015-03-09,8,9,2,4,4839000,193560,845000
104000059,2015-03-10,8,8,4,9,4207400,168296,1835000
104000060,2015-03-11,1,2,8,1,4298050,171922,1855000
104000061,2015-03-12,3,5,3,8,4334325,173373,3640000
104000062,2015-03-13,4,7,9,7,4458250,178330,2795000
104000063,2015-03-14,7,4,3,7,4206475,168259,1020000
104000064,2015-03-16,1,4,1,6,4918675,196747,2750000
104000065,2015-03-17,0,6,7,3,4373775,174951,1350000
104000066,2015-03-18,9,1,9,1,4302200,172088,3985000
104000067,2015-03-19,5,9,6,4,4296875,171875,1235000
104000068,2015-03-20,5,5,0,4,4378000,175120,1090000
104000069,2015-03-21,5,3,9,2,4143450,165738,1590000
104000070,2015-03-23,5,3,6,1,4427525,177101,2105000
104000071,2015-03-24,7,6,2,5,4109650,164386,1070000
104000072,2015-03-25,4,5,9,6,4105375,164215,925000
104000073,2015-03-26,2,5,2,4,4125525,165021,535000
104000074,2015-03-27,9,3,9,7,4150400,166016,1415000
104000075,2015-03-28,7,8,4,7,3992150,159686,1900000
104000076,2015-03-30,2,3,2,2,4741350,189654,2200000
104000077,2015-03-31,6,1,4,1,4140550,165622,525000
104000078,2015-04-01,1,7,9,6,4231350,169254,1275000
104000079,2015-04-02,1,3,5,0,4218325,168733,4735000
104000080,2015-04-03,7,5,9,2,3965725,158629,1755000
104000081,2015-04-04,6,6,1,3,3775575,151023,1240000
104000082,2015-04-06,5,2,9,8,4297850,171914,3110000
104000083,2015-04-07,0,2,1,6,4036100,161444,10310000
104000084,2015-04-08,5,7,9,0,4165775,166631,890000
104000085,2015-04-09,2,7,7,1,4390475,175619,1425000
104000086,2015-04-10,5,6,7,1,4234725,169389,1135000
104000087,2015-04-11,6,6,6,4,3691600,147664,515000
104000088,2015-04-13,5,0,6,4,4878850,195154,2895000
104000089,2015-04-14,4,3,2,4,4099175,163967,1035000
104000090,2015-04-15,9,4,6,9,4301400,172056,600000
104000091,2015-04-16,8,1,8,5,4488225,179529,2075000
104000092,2015-04-17,4,0,3,9,4196175,167847,635000
104000093,2015-04-18,2,4,0,9,3932750,157310,550000
104000094,2015-04-20,2,5,2,7,5134950,205398,2015000
104000095,2015-04-21,1,5,4,5,3972325,158893,670000
104000096,2015-04-22,0,3,6,3,4060125,162405,1160000
104000097,2015-04-23,4,9,8,6,4337825,173513,1010000
104000098,2015-04-24,2,3,6,1,4028150,161126,1575000
104000099,2015-04-25,9,3,8,4,3782850,151314,675000
104000100,2015-04-27,9,1,0,8,4342025,173681,2085000
104000101,2015-04-28,3,3,6,9,4082225,163289,6185000
104000102,2015-04-29,3,3,4,1,4152325,166093,1475000
104000103,2015-04-30,8,5,7,4,4104700,164188,1040000
104000104,2015-05-01,0,2,9,3,3903700,156148,1890000
104000105,2015-05-02,0,4,5,0,3647175,145887,1215000
104000106,2015-05-04,7,9,3,7,4418625,176745,2280000
104000107,2015-05-05,6,3,7,1,4098800,163952,2525000
104000108,2015-05-06,9,2,1,0,4203675,168147,1370000
104000109,2015-05-07,9,0,4,0,4243725,169749,630000
104000110,2015-05-08,3,5,7,0,4048975,161959,755000
104000111,2015-05-09,4,5,9,5,3813775,152551,545000
104000112,2015-05-11,8,4,8,0,4478750,179150,625000
104000113,2015-05-12,9,9,8,4,4042200,161688,870000
104000114,2015-05-13,5,3,3,8,3994250,159770,2320000
104000115,2015-05-14,3,9,0,8,3997025,159881,1265000
104000116,2015-05-15,1,7,9,9,4050175,162007,1660000
104000117,2015-05-16,9,6,6,6,3690775,147631,3275000
104000118,2015-05-18,9,5,4,2,4241250,169650,680000
104000119,2015-05-19,7,7,9,1,3882700,155308,860000
104000120,2015-05-20,1,4,3,3,3528850,141154,1375000
104000121,2015-05-21,7,6,6,6,4173000,166920,1430000
104000122,2015-05-22,7,9,2,1,4205475,168219,1185000
104000123,2015-05-23,4,5,5,0,3806650,152266,1030000
104000124,2015-05-25,6,2,0,5,4575100,183004,1395000
104000125,2015-05-26,7,0,0,5,4038250,161530,1325000
104000126,2015-05-27,7,1,2,4,4166300,166652,615000
104000127,2015-05-28,1,3,0,1,4069500,162780,2220000
104000128,2015-05-29,9,8,8,2,4144225,165769,2285000
104000129,2015-05-30,3,4,6,3,3756750,150270,985000
104000130,2015-06-01,1,3,1,1,4344825,173793,5240000
104000131,2015-06-02,9,7,6,5,3987525,159501,1565000
104000132,2015-06-03,7,0,5,7,3949025,157961,2430000
104000133,2015-06-04,5,1,2,4,3959700,158388,475000
104000134,2015-06-05,0,5,0,9,4208175,168327,1675000
104000135,2015-06-06,4,1,0,8,4179125,167165,855000
104000136,2015-06-08,3,9,1,6,4625050,185002,2665000
104000137,2015-06-09,4,6,5,7,4119675,164787,880000
104000138,2015-06-10,6,3,1,5,4274825,170993,1160000
104000139,2015-06-11,7,4,3,1,4213925,168557,1095000
104000140,2015-06-12,1,4,6,8,4280500,171220,1405000
104000141,2015-06-13,0,4,8,3,3739525,149581,450000
104000142,2015-06-15,5,3,7,2,4488200,179528,1840000
104000143,2015-06-16,7,9,6,8,4111000,164440,4185000
104000144,2015-06-17,6,5,2,1,4016725,160669,2080000
104000145,2015-06-18,0,6,8,0,4066675,162667,650000
104000146,2015-06-19,2,9,9,8,3943300,157732,655000
104000147,2015-06-20,8,2,2,0,3740025,149601,1545000
104000148,2015-06-22,4,9,6,6,4285125,171405,1280000
104000149,2015-06-23,7,8,2,1,3793675,151747,1480000
104000150,2015-06-24,3,1,6,8,3867925,154717,3515000
104000151,2015-06-25,6,5,4,5,3869450,154778,480000
104000152,2015-06-26,9,2,3,6,3921750,156870,1745000
104000153,2015-06-27,0,7,4,4,3623050,144922,295000
104000154,2015-06-29,4,1,5,6,4114575,164583,850000
104000155,2015-06-30,6,7,9,8,3844350,153774,1865000
104000156,2015-07-01,9,3,2,1,3852450,154098,1580000
104000157,2015-07-02,1,5,5,6,3806650,152266,3840000
104000158,2015-07-03,2,3,4,0,3920150,156806,1460000
104000159,2015-07-04,8,3,0,5,3586525,143461,850000
104000160,2015-07-06,1,1,2,2,4266925,170677,11355000
104000161,2015-07-07,4,5,5,9,4074225,162969,1740000
104000162,2015-07-08,3,1,9,8,3920425,156817,1075000
104000163,2015-07-09,9,2,6,1,3953425,158137,1130000
104000164,2015-07-10,0,4,9,2,3815750,152630,1050000
104000165,2015-07-11,7,9,4,0,3848650,153946,635000
104000166,2015-07-13,1,9,4,3,4326250,173050,1120000
104000167,2015-07-14,1,1,8,9,3955050,158202,3050000
104000168,2015-07-15,2,5,0,6,4082850,163314,6140000
104000169,2015-07-16,5,8,5,8,3955000,158200,3765000
104000170,2015-07-17,4,6,6,1,4092950,163718,755000
104000171,2015-07-18,2,9,4,7,3727450,149098,915000
104000172,2015-07-20,9,4,1,5,4392725,175709,1105000
104000173,2015-07-21,2,8,7,0,3962700,158508,1430000
104000174,2015-07-22,4,5,4,8,3925675,157027,1015000
104000175,2015-07-23,8,8,2,4,3917800,156712,850000
104000176,2015-07-24,7,7,9,2,4002775,160111,830000
104000177,2015-07-25,5,9,8,8,3784350,151374,2815000
104000178,2015-07-27,7,6,1,2,4425025,177001,3245000
104000179,2015-07-28,7,4,2,9,3945325,157813,615000
104000180,2015-07-29,6,6,3,4,4149400,165976,2285000
104000181,2015-07-30,4,4,7,8,4077900,163116,1100000
104000182,2015-07-31,4,0,3,0,4405150,176206,2195000
104000183,2015-08-01,5,6,6,1,3891500,155660,1665000
104000184,2015-08-03,4,5,3,1,4416350,176654,990000
104000185,2015-08-04,6,8,5,5,4135275,165411,2800000
104000186,2015-08-05,7,4,4,0,4075550,163022,715000
104000187,2015-08-06,3,0,4,1,4403675,176147,705000
104000188,2015-08-07,9,6,1,4,4136225,165449,1170000
104000189,2015-08-08,4,9,3,4,2532500,101300,510000
104000190,2015-08-10,7,5,5,4,4868375,194735,680000
104000191,2015-08-11,0,3,6,9,3957275,158291,2540000
104000192,2015-08-12,1,7,4,6,4078350,163134,905000
104000193,2015-08-13,0,5,6,2,3964625,158585,1600000
104000194,2015-08-14,0,3,4,7,4085050,163402,650000
104000195,2015-08-15,4,8,4,1,3887350,155494,485000
104000196,2015-08-17,7,2,2,6,4430600,177224,1090000
104000197,2015-08-18,6,6,0,7,3876200,155048,2910000
104000198,2015-08-19,8,7,0,7,4077200,163088,1295000
104000199,2015-08-20,0,8,7,9,4420900,176836,2040000
104000200,2015-08-21,6,9,5,9,4040050,161602,1290000
104000201,2015-08-22,6,5,7,1,3648700,145948,525000
104000202,2015-08-24,7,0,3,1,4332425,173297,1115000
104000203,2015-08-25,0,6,9,3,3839025,153561,1020000
104000204,2015-08-26,5,3,3,4,3906225,156249,885000
104000205,2015-08-27,9,8,1,1,4029575,161183,1410000
104000206,2015-08-28,1,4,4,0,3763275,150531,2300000
104000207,2015-08-29,8,0,5,5,3412050,136482,885000
104000208,2015-08-31,3,2,7,3,4425200,177008,1980000
104000209,2015-09-01,3,7,6,9,3787025,151481,1210000
104000210,2015-09-02,4,4,8,4,3910600,156424,1535000
104000211,2015-09-03,5,2,4,7,4125950,165038,1600000
104000212,2015-09-04,2,9,9,6,3916350,156654,1120000
104000213,2015-09-05,8,4,5,3,3699675,147987,850000
104000214,2015-09-07,1,8,1,4,4417750,176710,1730000
104000215,2015-09-08,2,1,8,3,3866550,154662,1380000
104000216,2015-09-09,0,4,3,7,4028725,161149,920000
104000217,2015-09-10,9,3,8,3,4336250,173450,1260000
104000218,2015-09-11,2,2,2,4,3992150,159686,2680000
104000219,2015-09-12,0,6,5,0,3592000,143680,1055000
104000220,2015-09-14,4,4,8,8,4687550,187502,3960000
104000221,2015-09-15,0,9,2,8,3856825,154273,10265000
104000222,2015-09-16,4,8,4,7,4094700,163788,565000
104000223,2015-09-17,6,0,4,9,4166775,166671,630000
104000224,2015-09-18,4,6,8,2,4157050,166282,935000
104000225,2015-09-19,5,2,9,0,3854700,154188,1100000
104000226,2015-09-21,8,5,8,2,4757100,190284,2720000
104000227,2015-09-22,2,7,7,4,4097325,163893,580000
104000228,2015-09-23,2,7,2,3,4121300,164852,1490000
104000229,2015-09-24,5,9,3,0,4029825,161193,1005000
104000230,2015-09-25,6,5,3,3,4172300,166892,5150000
104000231,2015-09-26,5,7,4,0,3757625,150305,530000
104000232,2015-09-28,7,8,6,1,3366300,134652,1280000
104000233,2015-09-29,4,1,8,1,3745550,149822,845000
104000234,2015-09-30,2,9,3,1,3856750,154270,1905000
104000235,2015-10-01,4,8,0,3,4060075,162403,1120000
104000236,2015-10-02,2,5,8,3,4023000,160920,1495000
104000237,2015-10-03,9,0,6,6,3651400,146056,2120000
104000238,2015-10-05,0,9,1,1,4426200,177048,6950000
104000239,2015-10-06,3,7,7,0,4148175,165927,980000
104000240,2015-10-07,5,6,1,7,4103500,164140,1995000
104000241,2015-10-08,6,1,9,2,4116625,164665,1420000
104000242,2015-10-09,9,0,7,3,3956750,158270,680000
104000243,2015-10-10,0,3,4,7,3931375,157255,870000
104000244,2015-10-12,4,2,5,5,4452975,178119,765000
104000245,2015-10-13,9,9,2,7,4061125,162445,1295000
104000246,2015-10-14,0,3,2,0,3929625,157185,1575000
104000247,2015-10-15,5,5,8,8,3941350,157654,10120000
104000248,2015-10-16,5,4,2,6,4096000,163840,635000
104000249,2015-10-17,0,5,0,3,3756775,150271,2540000
104000250,2015-10-19,4,6,4,6,4336300,173452,1180000
104000251,2015-10-20,2,6,6,5,3881775,155271,1060000
104000252,2015-10-21,9,2,0,5,3955450,158218,1325000
104000253,2015-10-22,6,8,1,8,3841325,153653,2805000
104000254,2015-10-23,0,9,2,7,4022650,160906,4300000
104000255,2015-10-24,6,4,3,6,3703575,148143,6835000
104000256,2015-10-26,7,8,0,8,4345525,173821,925000
104000257,2015-10-27,9,9,5,1,3858950,154358,2535000
104000258,2015-10-28,3,1,3,0,3864500,154580,2290000
104000259,2015-10-29,1,4,1,8,3905150,156206,2410000
104000260,2015-10-30,8,7,3,7,4056275,162251,1260000
104000261,2015-10-31,1,6,7,4,3730875,149235,750000
104000262,2015-11-02,2,4,3,6,4246150,169846,2335000
104000263,2015-11-03,6,3,7,7,3823025,152921,725000
104000264,2015-11-04,7,8,7,7,3857075,154283,2835000
104000265,2015-11-05,5,8,1,5,4064200,162568,1960000
104000266,2015-11-06,0,5,4,5,4158175,166327,280000
104000267,2015-11-07,7,4,9,8,3880350,155214,885000
104000268,2015-11-09,6,5,7,1,4350550,174022,980000
104000269,2015-11-10,5,5,3,0,4051650,162066,740000
104000270,2015-11-11,6,8,6,5,4161450,166458,1205000
104000271,2015-11-12,4,7,1,6,4040125,161605,450000
104000272,2015-11-13,8,8,3,3,4198575,167943,3480000
104000273,2015-11-14,1,5,7,8,3836400,153456,1765000
104000274,2015-11-16,0,7,9,3,4286050,171442,980000
104000275,2015-11-17,1,4,4,2,3963475,158539,400000
104000276,2015-11-18,7,0,6,5,3903025,156121,1015000
104000277,2015-11-19,0,4,6,4,3879900,155196,480000
104000278,2015-11-20,3,1,8,6,3799375,151975,4740000
104000279,2015-11-21,4,4,1,9,3596275,143851,985000
104000280,2015-11-23,4,3,3,7,4265400,170616,1100000
104000281,2015-11-24,3,0,4,1,3852450,154098,585000
104000282,2015-11-25,4,1,2,4,3788225,151529,460000
104000283,2015-11-26,6,3,3,2,3717500,148700,1285000
104000284,2015-11-27,5,3,6,2,3875325,155013,1005000
104000285,2015-11-28,4,1,2,9,3621775,144871,1330000
104000286,2015-11-30,3,8,6,6,4294725,171789,3220000
104000287,2015-12-01,3,5,5,4,3924025,156961,700000
104000288,2015-12-02,1,4,5,3,3887275,155491,825000
104000289,2015-12-03,4,2,8,0,3774200,150968,1355000
104000290,2015-12-04,9,6,8,5,3975400,159016,1770000
104000291,2015-12-05,5,3,6,8,3690675,147627,1850000
104000292,2015-12-07,6,1,5,4,4345300,173812,505000
104000293,2015-12-08,5,9,9,0,3918200,156728,620000
104000294,2015-12-09,8,8,3,6,3873950,154958,3120000
104000295,2015-12-10,4,2,9,8,3941175,157647,3255000
104000296,2015-12-11,5,6,0,1,4122300,164892,1030000
104000297,2015-12-12,9,6,7,5,3798600,151944,715000
104000298,2015-12-14,3,8,8,4,4322575,172903,1115000
104000299,2015-12-15,2,3,1,2,3894275,155771,2050000
104000300,2015-12-16,0,1,9,6,3818000,152720,1220000
104000301,2015-12-17,1,0,6,2,3699600,147984,1825000
104000302,2015-12-18,9,7,2,1,4069000,162760,875000
104000303,2015-12-19,6,2,2,6,3822600,152904,3610000
104000304,2015-12-21,1,4,7,2,4359875,174395,1235000
104000305,2015-12-22,0,1,4,0,3969425,158777,1100000
104000306,2015-12-23,9,6,9,3,4006450,160258,1235000
104000307,2015-12-24,5,0,1,0,3912750,156510,1340000
104000308,2015-12-25,1,4,5,7,4015925,160637,1260000
104000309,2015-12-26,9,0,5,0,3781425,151257,1505000
104000310,2015-12-28,7,8,4,1,4240900,169636,755000
104000311,2015-12-29,1,2,1,2,3924675,156987,30885000
104000312,2015-12-30,3,0,2,8,4125525,165021,995000
104000313,2015-12-31,3,6,6,5,4476875,179075,1370000
105000001,2016-01-01,5,0,3,7,3955625,158225,1635000
105000002,2016-01-02,5,4,8,5,3683975,147359,1210000
105000003,2016-01-04,7,2,5,3,4410300,176412,1185000
105000004,2016-01-05,1,1,6,1,4138700,165548,4085000
105000005,2016-01-06,6,2,4,9,4099350,163974,755000
105000006,2016-01-07,7,9,7,0,4168350,166734,2200000
105000007,2016-01-08,9,1,1,2,4283200,171328,3550000
105000008,2016-01-09,8,3,6,1,4090325,163613,1665000
105000009,2016-01-11,1,7,7,8,4445025,177801,2195000
105000010,2016-01-12,0,9,0,3,4291300,171652,2640000
105000011,2016-01-13,9,4,6,9,4252375,170095,1485000
105000012,2016-01-14,2,3,6,1,4110175,164407,1260000
105000013,2016-01-15,3,9,8,9,4096100,163844,1470000
105000014,2016-01-16,0,9,4,3,4316175,172647,845000
105000015,2016-01-18,6,1,8,3,5435075,217403,1960000
105000016,2016-01-19,9,5,2,5,4311950,172478,1120000
105000017,2016-01-20,8,3,1,1,4369150,174766,2245000
105000018,2016-01-21,7,2,5,1,4195475,167819,1055000
105000019,2016-01-22,3,2,0,6,4108975,164359,4385000
105000020,2016-01-23,4,2,8,2,3587075,143483,955000
105000021,2016-01-25,5,2,1,8,4309600,172384,3025000
105000022,2016-01-26,8,4,5,6,4209950,168398,730000
105000023,2016-01-27,0,5,6,9,4172625,166905,1420000
105000024,2016-01-28,5,7,3,5,4105900,164236,1910000
105000025,2016-01-29,9,8,6,9,4039175,161567,1090000
105000026,2016-01-30,2,5,7,2,4279650,171186,1325000
105000027,2016-02-01,6,4,1,1,4624850,184994,1130000
105000028,2016-02-02,7,6,2,7,4257500,170300,1755000
105000029,2016-02-03,1,0,2,3,4404300,176172,6100000
105000030,2016-02-04,0,8,2,0,4399825,175993,6200000
105000031,2016-02-05,5,4,6,3,4570425,182817,1550000
105000032,2016-02-06,7,3,6,6,4609625,184385,1900000
105000033,2016-02-08,0,9,5,2,4698450,187938,2195000
105000034,2016-02-09,1,4,1,3,3877900,155116,4275000
105000035,2016-02-10,7,3,1,5,4028900,161156,1560000
105000036,2016-02-11,6,8,6,2,3950450,158018,715000
105000037,2016-02-12,4,4,9,0,4198850,167954,820000
105000038,2016-02-13,3,5,9,3,4138950,165558,855000
105000039,2016-02-15,6,6,6,9,5123950,204958,5435000
105000040,2016-02-16,7,1,1,6,4413550,176542,1195000
105000041,2016-02-17,6,7,7,5,4227600,169104,1240000
105000042,2016-02-18,5,2,4,8,4388125,175525,2825000
105000043,2016-02-19,4,7,1,2,4519975,180799,1920000
105000044,2016-02-20,7,9,6,1,4205825,168233,1215000
105000045,2016-02-22,6,0,0,8,4943275,197731,1645000
105000046,2016-02-23,6,5,5,3,4147650,165906,1230000
105000047,2016-02-24,0,4,1,7,4123575,164943,1630000
105000048,2016-02-25,2,7,3,1,4120500,164820,2520000
105000049,2016-02-26,5,3,0,9,4182500,167300,1645000
105000050,2016-02-27,5,3,0,4,3917650,156706,470000
105000051,2016-02-29,5,7,1,9,4428225,177129,565000
105000052,2016-03-01,0,7,6,6,4172025,166881,590000
105000053,2016-03-02,9,1,1,0,4232600,169304,2140000
105000054,2016-03-03,1,3,6,5,4172475,166899,2825000
105000055,2016-03-04,5,0,1,7,4308900,172356,1765000
105000056,2016-03-05,1,4,7,5,4022375,160895,1235000
105000057,2016-03-07,7,9,3,1,4720375,188815,1735000
105000058,2016-03-08,1,7,9,9,4277775,171111,1720000
105000059,2016-03-09,3,4,0,4,4138800,165552,525000
105000060,2016-03-10,7,6,9,5,3926275,157051,800000
105000061,2016-03-11,2,2,7,0,4070225,162809,1435000
105000062,2016-03-12,2,9,4,4,3831500,153260,550000
105000063,2016-03-14,8,7,4,7,4487550,179502,3490000
105000064,2016-03-15,1,8,8,7,3874350,154974,1140000
105000065,2016-03-16,1,9,8,1,4141825,165673,4235000
105000066,2016-03-17,5,6,4,4,4097975,163919,705000
105000067,2016-03-18,6,3,0,7,4111375,164455,1335000
105000068,2016-03-19,0,0,4,3,3837475,153499,820000
105000069,2016-03-21,4,0,2,6,4302225,172089,400000
105000070,2016-03-22,5,2,6,8,4069350,162774,2420000
105000071,2016-03-23,8,3,0,0,3713825,148553,1210000
105000072,2016-03-24,9,1,1,6,3686250,147450,1340000
105000073,2016-03-25,2,1,8,3,3811275,152451,925000
105000074,2016-03-26,6,0,3,7,3768500,150740,1355000
105000075,2016-03-28,6,5,9,0,4437425,177497,845000
105000076,2016-03-29,6,7,2,4,4110800,164432,520000
105000077,2016-03-30,7,9,3,4,4090300,163612,575000
105000078,2016-03-31,3,7,9,8,4091900,163676,4975000
105000079,2016-04-01,3,5,9,4,4224525,168981,725000
105000080,2016-04-02,2,4,4,3,3899850,155994,935000
105000081,2016-04-04,7,5,8,2,4001325,160053,1500000
105000082,2016-04-05,4,0,6,7,3817325,152693,575000
105000083,2016-04-06,4,4,4,8,4034000,161360,2220000
105000084,2016-04-07,9,9,8,1,4000425,160017,3100000
105000085,2016-04-08,4,4,8,3,4167725,166709,3020000
105000086,2016-04-09,9,7,3,5,3943275,157731,1810000
105000087,2016-04-11,1,6,8,7,4432400,177296,2340000
105000088,2016-04-12,9,2,3,8,4141200,165648,1195000
105000089,2016-04-13,5,9,4,1,3804925,152197,745000
105000090,2016-04-14,5,9,1,1,3730975,149239,3540000
105000091,2016-04-15,3,6,5,2,4064350,162574,970000
105000092,2016-04-16,4,4,1,5,3938400,157536,1400000
105000093,2016-04-18,8,7,2,0,4348975,173959,875000
105000094,2016-04-19,2,0,5,7,4015175,160607,2085000
105000095,2016-04-20,1,7,7,6,4061650,162466,980000
105000096,2016-04-21,7,9,2,5,3921675,156867,1745000
105000097,2016-04-22,9,1,9,0,4067400,162696,1020000
105000098,2016-04-23,0,2,2,3,3678550,147142,2735000
105000099,2016-04-25,8,8,3,2,4286525,171461,3380000
105000100,2016-04-26,9,5,9,1,3963225,158529,1720000
105000101,2016-04-27,3,8,9,2,3916250,156650,1295000
105000102,2016-04-28,6,9,4,0,3901900,156076,290000
105000103,2016-04-29,2,9,6,2,4093300,163732,1240000
105000104,2016-04-30,4,8,5,2,3712050,148482,655000
105000105,2016-05-02,6,6,2,4,4149425,165977,1085000
105000106,2016-05-03,2,7,7,0,3873300,154932,1060000
105000107,2016-05-04,4,9,7,4,3891225,155649,320000
105000108,2016-05-05,9,8,7,6,3940475,157619,2780000
105000109,2016-05-06,1,4,3,8,4020000,160800,1640000
105000110,2016-05-07,2,7,4,3,3747900,149916,755000
105000111,2016-05-09,7,1,6,8,4225000,169000,1725000
105000112,2016-05-10,3,6,2,7,3868375,154735,1575000
105000113,2016-05-11,5,1,0,8,4145225,165809,2255000
105000114,2016-05-12,4,7,8,4,4046500,161860,680000
105000115,2016-05-13,1,4,6,8,4000225,160009,1560000
105000116,2016-05-14,3,2,1,3,3719375,148775,2735000
105000117,2016-05-16,0,3,3,9,4210425,168417,1750000
105000118,2016-05-17,4,9,9,8,3970075,158803,1375000
105000119,2016-05-18,0,1,2,8,4019475,160779,2845000
105000120,2016-05-19,2,6,8,8,4398975,175959,4950000
105000121,2016-05-20,0,4,2,0,5445375,217815,10700000
105000122,2016-05-21,1,1,8,5,3828975,153159,1800000
105000123,2016-05-23,2,2,3,2,4324200,172968,3160000
105000124,2016-05-24,1,6,3,4,3941500,157660,835000
105000125,2016-05-25,1,9,1,3,3996800,159872,4885000
105000126,2016-05-26,2,0,7,4,3970850,158834,1175000
105000127,2016-05-27,2,3,7,9,3932675,157307,3945000
105000128,2016-05-28,6,7,8,8,3725175,149007,2205000
105000129,2016-05-30,3,8,7,0,4357850,174314,1075000
105000130,2016-05-31,4,2,1,0,4033450,161338,3165000
105000131,2016-06-01,7,5,7,5,3901350,156054,3230000
105000132,2016-06-02,8,1,1,7,3918050,156722,1600000
105000133,2016-06-03,7,6,5,7,4010200,160408,1245000
105000134,2016-06-04,3,3,9,2,3953725,158149,1335000
105000135,2016-06-06,5,2,3,2,4467100,178684,1505000
105000136,2016-06-07,7,9,2,3,4062800,162512,965000
105000137,2016-06-08,2,3,6,7,4110650,164426,1865000
105000138,2016-06-09,1,3,6,3,3768625,150745,1845000
105000139,2016-06-10,3,8,3,8,3638950,145558,11345000
105000140,2016-06-11,7,6,3,7,3593975,143759,1385000
105000141,2016-06-13,2,5,9,6,4206175,168247,1080000
105000142,2016-06-14,0,0,0,6,3930100,157204,1405000
105000143,2016-06-15,7,8,2,1,3917150,156686,645000
105000144,2016-06-16,2,5,7,8,3906000,156240,1495000
105000145,2016-06-17,8,0,8,7,4007875,160315,595000
105000146,2016-06-18,4,6,6,4,3688850,147554,1100000
105000147,2016-06-20,8,2,2,7,4360525,174421,1890000
105000148,2016-06-21,0,6,0,8,3902325,156093,4450000
105000149,2016-06-22,1,4,7,7,4030250,161210,2115000
105000150,2016-06-23,7,0,8,5,3905325,156213,1020000
105000151,2016-06-24,2,3,9,6,4009575,160383,2730000
105000152,2016-06-25,3,7,8,3,3762650,150506,1810000
105000153,2016-06-27,9,0,8,6,4224625,168985,1875000
105000154,2016-06-28,3,9,4,3,3829250,153170,550000
105000155,2016-06-29,0,3,4,7,3814625,152585,1440000
105000156,2016-06-30,5,1,9,7,3887600,155504,1660000
105000157,2016-07-01,8,2,7,2,3904025,156161,1065000
105000158,2016-07-02,7,9,0,3,3599825,143993,995000
105000159,2016-07-04,7,7,1,4,4148750,165950,975000
105000160,2016-07-05,0,0,4,1,3853900,154156,1170000
105000161,2016-07-06,9,5,0,7,3985800,159432,660000
105000162,2016-07-07,3,9,9,1,3954725,158189,2005000
105000163,2016-07-08,7,2,7,7,3205650,128226,2140000
105000164,2016-07-09,9,0,2,5,3569025,142761,1275000
105000165,2016-07-11,0,8,1,3,4163075,166523,4205000
105000166,2016-07-12,9,2,4,4,3874900,154996,800000
105000167,2016-07-13,6,4,4,3,3938225,157529,510000
105000168,2016-07-14,4,8,3,0,3848900,153956,630000
105000169,2016-07-15,9,7,6,5,4005525,160221,820000
105000170,2016-07-16,2,5,4,0,3644475,145779,450000
105000171,2016-07-18,6,7,8,8,4167100,166684,2890000
105000172,2016-07-19,9,7,1,4,3826675,153067,1515000
105000173,2016-07-20,4,8,5,9,3894925,155797,2370000
105000174,2016-07-21,1,3,6,8,3849200,153968,6150000
105000175,2016-07-22,3,4,5,0,3871875,154875,1080000
105000176,2016-07-23,2,2,2,0,3548800,141952,2005000
105000177,2016-07-25,2,2,3,5,4087625,163505,2800000
105000178,2016-07-26,4,8,5,5,3899250,155970,1350000
105000179,2016-07-27,7,8,4,8,3851975,154079,1550000
105000180,2016-07-28,6,3,1,0,3734550,149382,1210000
105000181,2016-07-29,4,9,7,6,3861300,154452,1110000
105000182,2016-07-30,2,0,3,5,3609625,144385,1310000
105000183,2016-08-01,5,3,4,7,4087450,163498,795000
105000184,2016-08-02,8,3,1,6,3748500,149940,1700000
105000185,2016-08-03,4,1,5,2,3816075,152643,815000
105000186,2016-08-04,3,0,8,9,3819925,152797,1260000
105000187,2016-08-05,8,7,6,7,3947575,157903,1170000
105000188,2016-08-06,3,3,4,1,3744925,149797,1055000
105000189,2016-08-08,9,9,2,5,4567150,182686,1065000
105000190,2016-08-09,6,6,6,1,3892250,155690,1930000
105000191,2016-08-10,7,5,9,8,3836250,153450,2570000
105000192,2016-08-11,5,4,9,3,3833450,153338,1790000
105000193,2016-08-12,2,4,7,9,3803750,152150,660000
105000194,2016-08-13,8,4,7,1,3651525,146061,955000
105000195,2016-08-15,5,8,5,9,4228100,169124,1515000
105000196,2016-08-16,4,4,1,2,3717450,148698,1235000
105000197,2016-08-17,8,0,0,9,3804100,152164,2525000
105000198,2016-08-18,0,6,0,2,3764650,150586,1360000
105000199,2016-08-19,6,6,8,0,3755200,150208,1160000
105000200,2016-08-20,4,7,6,7,3547700,141908,630000
105000201,2016-08-22,9,3,3,9,4031525,161261,1625000
105000202,2016-08-23,8,3,7,8,3679600,147184,1715000
105000203,2016-08-24,5,4,2,8,3746550,149862,560000
105000204,2016-08-25,8,4,0,3,3724375,148975,435000
105000205,2016-08-26,2,7,6,1,3858700,154348,1430000
105000206,2016-08-27,6,5,3,3,3526150,141046,835000
105000207,2016-08-29,8,4,9,4,4090900,163636,615000
105000208,2016-08-30,8,8,4,3,3691950,147678,590000
105000209,2016-08-31,7,9,3,7,3718500,148740,1910000
105000210,2016-09-01,5,2,0,6,3809875,152395,1695000
105000211,2016-09-02,1,0,8,2,3595975,143839,1280000
105000212,2016-09-03,2,1,3,3,3555175,142207,2080000
105000213,2016-09-05,3,7,3,9,4102625,164105,3200000
105000214,2016-09-06,8,4,2,6,3663225,146529,1665000
105000215,2016-09-07,3,3,0,8,3715100,148604,1950000
105000216,2016-09-08,7,7,2,4,3796675,151867,430000
105000217,2016-09-09,6,3,9,7,3818000,152720,1260000
105000218,2016-09-10,5,4,4,1,3844375,153775,1235000
105000219,2016-09-12,9,7,3,3,4165625,166625,1225000
105000220,2016-09-13,6,0,4,3,3878750,155150,625000
105000221,2016-09-14,7,0,5,4,3217525,128701,330000
105000222,2016-09-15,0,5,3,6,3521600,140864,1445000
105000223,2016-09-16,5,7,6,7,3580575,143223,2670000
105000224,2016-09-17,3,1,4,8,3245500,129820,1300000
105000225,2016-09-19,7,2,7,3,4114825,164593,970000
105000226,2016-09-20,6,6,1,6,3789800,151592,2025000
105000227,2016-09-21,9,0,8,7,3778050,151122,1015000
105000228,2016-09-22,0,2,7,2,3775225,151009,940000
105000229,2016-09-23,7,3,1,6,3948600,157944,1325000
105000230,2016-09-24,8,6,3,3,3510875,140435,2625000
105000231,2016-09-26,8,8,1,1,4034300,161372,3220000
105000232,2016-09-27,7,8,5,5,2034875,81395,1260000
105000233,2016-09-28,7,0,4,3,3171350,126854,565000
105000234,2016-09-29,4,8,5,0,3523300,140932,905000
105000235,2016-09-30,3,3,8,3,3748900,149956,3200000
105000236,2016-10-01,7,1,3,4,3574275,142971,1035000
105000237,2016-10-03,3,5,0,4,4033575,161343,360000
105000238,2016-10-04,6,2,6,5,3769475,150779,1830000
105000239,2016-10-05,0,8,8,4,3680950,147238,485000
105000240,2016-10-06,1,9,3,6,3615050,144602,2070000
105000241,2016-10-07,3,0,4,0,3858550,154342,1550000
105000242,2016-10-08,4,1,2,7,3482400,139296,960000
105000243,2016-10-10,4,8,6,8,3876900,155076,1675000
105000244,2016-10-11,0,7,2,0,3814675,152587,2465000
105000245,2016-10-12,1,0,5,0,3723475,148939,3835000
105000246,2016-10-13,3,6,1,0,3712350,148494,1190000
105000247,2016-10-14,6,4,6,6,3911700,156468,955000
105000248,2016-10-15,5,0,6,3,3650975,146039,1000000
105000249,2016-10-17,5,6,3,1,4069125,162765,985000
105000250,2016-10-18,6,8,0,6,3861300,154452,540000
105000251,2016-10-19,2,1,7,9,3784950,151398,2090000
105000252,2016-10-20,2,4,4,1,3751075,150043,340000
105000253,2016-10-21,5,0,1,1,3846875,153875,1800000
105000254,2016-10-22,3,6,9,3,3506250,140250,2205000
105000255,2016-10-24,8,8,8,0,4131775,165271,3075000
105000256,2016-10-25,8,5,8,7,3720775,148831,1630000
105000257,2016-10-26,3,2,0,3,3776025,151041,1730000
105000258,2016-10-27,8,8,6,7,3724475,148979,1745000
105000259,2016-10-28,3,4,2,1,3822725,152909,1630000
105000260,2016-10-29,5,3,0,5,3563000,142520,1430000
105000261,2016-10-31,8,5,7,2,4089025,163561,1205000
105000262,2016-11-01,0,0,1,2,3721625,148865,3570000
105000263,2016-11-02,5,4,4,0,3816675,152667,575000
105000264,2016-11-03,9,2,4,8,3671725,146869,595000
105000265,2016-11-04,0,6,1,8,3894025,155761,3195000
105000266,2016-11-05,7,1,1,4,3746075,149843,1265000
105000267,2016-11-07,1,9,4,7,4237775,169511,1130000
105000268,2016-11-08,5,2,8,9,3787775,151511,5045000
105000269,2016-11-09,4,8,1,5,3970475,158819,1155000
105000270,2016-11-10,0,8,2,8,3852600,154104,3110000
105000271,2016-11-11,1,0,4,5,4199800,167992,2685000
105000272,2016-11-12,0,7,0,0,3923125,156925,1805000
105000273,2016-11-14,9,9,6,3,4322775,172911,1485000
105000274,2016-11-15,4,6,6,2,3897950,155918,595000
105000275,2016-11-16,7,5,9,6,3939925,157597,1175000
105000276,2016-11-17,0,6,3,1,3899000,155960,1250000
105000277,2016-11-18,3,8,8,3,4032600,161304,5250000
105000278,2016-11-19,1,6,4,4,3887025,155481,2240000
105000279,2016-11-21,6,4,7,4,4235400,169416,390000
105000280,2016-11-22,0,5,2,0,3801375,152055,6690000
105000281,2016-11-23,5,1,0,1,3846300,153852,2080000
105000282,2016-11-24,7,8,1,1,3918025,156721,1040000
105000283,2016-11-25,6,0,9,2,4202375,168095,1450000
105000284,2016-11-26,3,2,9,7,3772800,150912,1255000
105000285,2016-11-28,7,6,1,1,4204725,168189,1700000
105000286,2016-11-29,8,2,6,1,3961750,158470,1460000
105000287,2016-11-30,3,7,4,6,4123900,164956,1805000
105000288,2016-12-01,5,1,7,3,3877175,155087,2915000
105000289,2016-12-02,5,8,1,7,4197625,167905,1815000
105000290,2016-12-03,3,3,3,3,3828225,153129,17125000
105000291,2016-12-05,2,1,7,5,4550600,182024,1555000
105000292,2016-12-06,2,6,0,7,4233700,169348,875000
105000293,2016-12-07,7,9,8,7,4216000,168640,1350000
105000294,2016-12-08,9,5,5,9,4219450,168778,2920000
105000295,2016-12-09,1,2,0,7,4429550,177182,7555000
105000296,2016-12-10,0,9,2,6,4085150,163406,4525000
105000297,2016-12-12,3,8,3,3,4656075,186243,3155000
105000298,2016-12-13,9,4,7,6,4254625,170185,1160000
105000299,2016-12-14,7,6,5,3,4074125,162965,1165000
105000300,2016-12-15,1,6,9,6,3967425,158697,1675000
105000301,2016-12-16,6,3,1,0,4120775,164831,2460000
105000302,2016-12-17,5,8,9,8,3980700,159228,2280000
105000303,2016-12-19,9,1,4,7,4529200,181168,2445000
105000304,2016-12-20,3,3,3,0,4225375,169015,3865000
105000305,2016-12-21,1,6,7,3,4290250,171610,1090000
105000306,2016-12-22,4,2,9,0,4149050,165962,1145000
105000307,2016-12-23,0,5,4,3,4351850,174074,1020000
105000308,2016-12-24,1,9,6,7,4061525,162461,3430000
105000309,2016-12-26,4,1,0,1,4540225,181609,1730000
105000310,2016-12-27,2,3,4,1,4004575,160183,1775000
105000311,2016-12-28,6,5,8,8,4040925,161637,2635000
105000312,2016-12-29,3,4,3,9,4143425,165737,545000
105000313,2016-12-30,6,1,2,5,4352300,174092,1450000
105000314,2016-12-31,7,2,4,2,4433400,177336,855000
106000001,2017-01-02,5,4,1,4,4311900,172476,1760000
106000002,2017-01-03,8,1,5,4,4024875,160995,635000
106000003,2017-01-04,2,7,1,4,4055425,162217,3260000
106000004,2017-01-05,6,0,6,7,4193525,167741,3100000
106000005,2017-01-06,4,0,8,4,4466275,178651,505000
106000006,2017-01-07,2,3,8,4,4065625,162625,890000
106000007,2017-01-09,8,1,9,1,4635875,185435,2420000
106000008,2017-01-10,5,0,8,2,4273825,170953,2640000
106000009,2017-01-11,9,8,2,3,4345650,173826,1300000
106000010,2017-01-12,2,4,5,8,4250275,170011,4300000
106000011,2017-01-13,8,4,4,3,4421325,176853,560000
106000012,2017-01-14,6,4,6,2,4093125,163725,470000
106000013,2017-01-16,0,9,3,4,4577875,183115,895000
106000014,2017-01-17,6,3,4,9,4287600,171504,760000
106000015,2017-01-18,3,3,8,1,4520900,180836,2780000
106000016,2017-01-19,4,9,1,6,4293875,171755,2360000
106000017,2017-01-20,6,8,8,0,4326150,173046,1265000
106000018,2017-01-21,6,1,6,0,4212600,168504,1420000
106000019,2017-01-23,4,7,0,7,4797225,191889,735000
106000020,2017-01-24,3,3,3,4,4389550,175582,2080000
106000021,2017-01-25,4,7,3,7,4586475,183459,850000
106000022,2017-01-26,9,4,7,4,4576100,183044,655000
106000023,2017-01-27,6,1,4,1,4548800,181952,1200000
106000024,2017-01-28,4,5,5,6,4413450,176538,1125000
106000025,2017-01-30,3,3,4,8,5252450,210098,2245000
106000026,2017-01-31,3,5,4,7,4415000,176600,950000
106000027,2017-02-01,1,6,7,4,4422475,176899,910000
106000028,2017-02-02,9,6,7,3,4555275,182211,2100000
106000029,2017-02-03,9,7,1,2,4597450,183898,1335000
106000030,2017-02-04,6,5,6,0,4427050,177082,930000
106000031,2017-02-06,6,4,3,0,5146975,205879,1345000
106000032,2017-02-07,6,0,7,8,4432000,177280,3580000
106000033,2017-02-08,7,4,7,7,4379475,175179,2305000
106000034,2017-02-09,0,2,3,6,4185600,167424,1650000
106000035,2017-02-10,7,6,9,5,4358050,174322,2185000
106000036,2017-02-11,2,5,1,9,4321375,172855,1130000
106000037,2017-02-13,4,4,6,5,4839050,193562,840000
106000038,2017-02-14,3,4,1,9,4469325,178773,1060000
106000039,2017-02-15,3,5,9,0,4360450,174418,1310000
106000040,2017-02-16,7,9,5,0,4283600,171344,1945000
106000041,2017-02-17,4,2,7,6,4349400,173976,780000
106000042,2017-02-18,9,4,3,1,4311400,172456,595000
106000043,2017-02-20,8,1,5,2,4774975,190999,3120000
106000044,2017-02-21,7,9,2,4,4243950,169758,1980000
106000045,2017-02-22,3,7,5,9,4188925,167557,2545000
106000046,2017-02-23,3,1,1,8,4194725,167789,2470000
106000047,2017-02-24,0,5,1,9,4224175,168967,2535000
106000048,2017-02-25,3,5,2,8,3905250,156210,1690000
106000049,2017-02-27,8,0,8,0,4695775,187831,5605000
106000050,2017-02-28,1,9,3,9,4271625,170865,1580000
106000051,2017-03-01,1,2,0,7,4410550,176422,4700000
106000052,2017-03-02,9,9,7,0,4336525,173461,1145000
106000053,2017-03-03,1,7,1,2,4585800,183432,2770000
106000054,2017-03-04,5,6,2,6,4241850,169674,2220000
106000055,2017-03-06,5,1,4,8,4895000,195800,1265000
106000056,2017-03-07,5,0,9,3,4315300,172612,1205000
106000057,2017-03-08,2,7,6,6,4336625,173465,1690000
106000058,2017-03-09,8,9,1,7,4308900,172356,8805000
106000059,2017-03-10,7,9,7,6,4404025,176161,700000
106000060,2017-03-11,3,3,9,1,4226575,169063,3415000
106000061,2017-03-13,0,1,3,5,4836825,193473,2450000
106000062,2017-03-14,0,9,6,0,4429325,177173,5780000
106000063,2017-03-15,7,2,6,9,4375200,175008,1435000
106000064,2017-03-16,7,5,8,8,4230950,169238,3545000
106000065,2017-03-17,1,2,2,9,4536550,181462,8170000
106000066,2017-03-18,8,5,5,5,4197400,167896,2070000
106000067,2017-03-20,5,6,7,8,4812300,192492,19705000
106000068,2017-03-21,5,7,9,8,4433300,177332,1955000
106000069,2017-03-22,2,1,0,1,4643700,185748,3955000
106000070,2017-03-23,6,6,1,4,4415700,176628,2485000
106000071,2017-03-24,6,4,2,9,4595450,183818,1265000
106000072,2017-03-25,1,0,9,4,4095975,163839,795000
106000073,2017-03-27,2,5,7,6,4692300,187692,1380000
106000074,2017-03-28,6,2,5,1,4335600,173424,1005000
106000075,2017-03-29,9,2,5,2,4462150,178486,1830000
106000076,2017-03-30,0,0,1,8,4338875,173555,1825000
106000077,2017-03-31,0,0,3,9,4375475,175019,790000
106000078,2017-04-01,4,3,5,1,4212700,168508,1250000
106000079,2017-04-03,7,1,8,6,4637850,185514,1710000
106000080,2017-04-04,6,5,6,8,4240650,169626,2730000
106000081,2017-04-05,9,3,9,9,4486475,179459,3465000
106000082,2017-04-06,0,7,8,1,4526250,181050,1260000
106000083,2017-04-07,6,9,7,4,4556600,182264,960000
106000084,2017-04-08,3,4,0,5,4220925,168837,3040000
106000085,2017-04-10,2,3,2,2,4826150,193046,3520000
106000086,2017-04-11,3,0,2,6,4414625,176585,3000000
106000087,2017-04-12,3,3,0,1,4252550,170102,2420000
106000088,2017-04-13,4,8,6,3,4230500,169220,1110000
106000089,2017-04-14,0,4,3,3,4417425,176697,1050000
106000090,2017-04-15,1,2,8,8,4096600,163864,2495000
106000091,2017-04-17,1,3,3,6,4556200,182248,2415000
106000092,2017-04-18,0,5,1,4,4252750,170110,2285000
106000093,2017-04-19,6,8,3,6,4319675,172787,2285000
106000094,2017-04-20,7,8,6,8,4135125,165405,3165000
106000095,2017-04-21,8,6,5,0,4262925,170517,1480000
106000096,2017-04-22,7,5,2,2,3845575,153823,2445000
106000097,2017-04-24,2,1,3,2,4591025,183641,1970000
106000098,2017-04-25,0,1,9,3,4284275,171371,1900000
106000099,2017-04-26,4,9,6,7,4316325,172653,1740000
106000100,2017-04-27,3,5,4,1,3936700,157468,1305000
106000101,2017-04-28,7,6,8,0,4359400,174376,830000
106000102,2017-04-29,1,3,7,6,4058350,162334,1380000
106000103,2017-05-01,6,8,3,8,4481900,179276,2890000
106000104,2017-05-02,1,2,9,8,4158075,166323,3150000
106000105,2017-05-03,0,9,6,8,4175350,167014,3975000
106000106,2017-05-04,6,1,8,1,4010475,160419,3365000
106000107,2017-05-05,0,0,8,8,4396025,175841,3125000
106000108,2017-05-06,2,4,3,9,4030175,161207,2280000
106000109,2017-05-08,1,9,6,7,4532650,181306,1875000
106000110,2017-05-09,3,1,2,8,4130900,165236,1160000
106000111,2017-05-10,4,2,1,0,4187700,167508,1305000
106000112,2017-05-11,3,5,0,2,4196650,167866,1205000
106000113,2017-05-12,8,1,1,7,4235025,169401,1290000
106000114,2017-05-13,8,4,8,6,3978900,159156,830000
106000115,2017-05-15,0,4,3,5,4583825,183353,2290000
106000116,2017-05-16,5,7,6,5,3876675,155067,2025000
106000117,2017-05-17,2,2,0,7,4179275,167171,3370000
106000118,2017-05-18,0,8,9,4,4131225,165249,545000
106000119,2017-05-19,5,2,1,1,4120475,164819,3055000
106000120,2017-05-20,7,6,3,4,4217375,168695,630000
106000121,2017-05-22,6,0,1,9,4483550,179342,1860000
106000122,2017-05-23,6,9,8,8,4028100,161124,1715000
106000123,2017-05-24,2,6,6,7,3883850,155354,1280000
106000124,2017-05-25,1,5,1,6,4053925,162157,5420000
106000125,2017-05-26,1,4,9,3,4267650,170706,1130000
106000126,2017-05-27,5,0,1,2,3883600,155344,2320000
106000127,2017-05-29,1,8,8,0,4108500,164340,2095000
106000128,2017-05-30,8,5,9,4,3795025,151801,235000
106000129,2017-05-31,3,4,3,1,3996475,159859,1720000
106000130,2017-06-01,2,8,7,8,3916725,156669,1885000
106000131,2017-06-02,1,4,3,6,3729250,149170,1275000
106000132,2017-06-03,9,4,2,8,3540050,141602,365000
106000133,2017-06-05,7,6,2,8,4447550,177902,4290000
106000134,2017-06-06,7,7,9,1,4085925,163437,1305000
106000135,2017-06-07,4,3,3,9,3988050,159522,965000
106000136,2017-06-08,5,8,7,1,3863175,154527,1175000
106000137,2017-06-09,4,5,8,5,4050100,162004,610000
106000138,2017-06-10,0,2,0,5,3747900,149916,2595000
106000139,2017-06-12,9,7,4,4,4210100,168404,1065000
106000140,2017-06-13,4,9,7,0,3839775,153591,1445000
106000141,2017-06-14,0,4,7,0,3572275,142891,935000
106000142,2017-06-15,4,6,9,2,3602050,144082,1015000
106000143,2017-06-16,8,6,7,8,3933925,157357,5245000
106000144,2017-06-17,4,7,2,7,3503550,140142,230000
106000145,2017-06-19,5,3,0,7,4400250,176010,1240000
106000146,2017-06-20,1,3,0,8,4456450,178258,4480000
106000147,2017-06-21,9,7,7,7,3994200,159768,2050000
106000148,2017-06-22,1,8,7,6,4006800,160272,1570000
106000149,2017-06-23,9,5,0,0,4088075,163523,1350000
106000150,2017-06-24,9,0,0,8,3809575,152383,1820000
106000151,2017-06-26,9,4,5,7,4415525,176621,1805000
106000152,2017-06-27,4,0,7,5,3913925,156557,3020000
106000153,2017-06-28,5,0,9,9,3876550,155062,805000
106000154,2017-06-29,4,3,1,8,3897450,155898,1765000
106000155,2017-06-30,6,4,9,8,3951650,158066,595000
106000156,2017-07-01,3,7,4,7,3658050,146322,1390000
106000157,2017-07-03,9,0,3,4,4207500,168300,1115000
106000158,2017-07-04,9,1,1,8,3766650,150666,2225000
106000159,2017-07-05,4,1,4,9,4054000,162160,765000
106000160,2017-07-06,2,1,2,5,3855125,154205,2305000
106000161,2017-07-07,7,4,5,8,3947375,157895,1350000
106000162,2017-07-08,8,6,7,9,3695000,147800,2970000
106000163,2017-07-10,6,0,5,4,4391725,175669,880000
106000164,2017-07-11,7,0,7,5,4005175,160207,2090000
106000165,2017-07-12,1,7,3,7,3993450,159738,1135000
106000166,2017-07-13,3,5,7,9,3878750,155150,2435000
106000167,2017-07-14,3,2,5,2,4017650,160706,2385000
106000168,2017-07-15,1,3,4,7,3834525,153381,1875000
106000169,2017-07-17,3,8,7,9,4419825,176793,2200000
106000170,2017-07-18,6,3,0,7,4004300,160172,1385000
106000171,2017-07-19,3,5,1,1,4011925,160477,1880000
106000172,2017-07-20,3,9,7,3,3915675,156627,2165000
106000173,2017-07-21,0,0,8,2,4048525,161941,1620000
106000174,2017-07-22,7,6,8,4,3856600,154264,750000
106000175,2017-07-24,5,8,3,6,4163150,166526,1660000
106000176,2017-07-25,2,6,6,8,3940175,157607,1760000
106000177,2017-07-26,1,3,3,0,3957450,158298,2270000
106000178,2017-07-27,3,3,1,1,3979750,159190,5480000
106000179,2017-07-28,6,4,0,6,4151525,166061,650000
106000180,2017-07-29,9,8,6,2,3560900,142436,1195000
106000181,2017-07-31,2,2,3,8,4045225,161809,2345000
106000182,2017-08-01,3,2,7,2,3982950,159318,2315000
106000183,2017-08-02,6,7,5,6,3988275,159531,1465000
106000184,2017-08-03,0,8,0,7,3854225,154169,2840000
106000185,2017-08-04,4,0,8,0,4083025,163321,3690000
106000186,2017-08-05,3,7,1,3,3975675,159027,2115000
106000187,2017-08-07,8,6,9,5,4703150,188126,4270000
106000188,2017-08-08,7,7,4,3,4394925,175797,1045000
106000189,2017-08-09,6,7,2,3,4221025,168841,2095000
106000190,2017-08-10,9,7,8,3,4154300,166172,1975000
106000191,2017-08-11,6,1,9,1,4220900,168836,3695000
106000192,2017-08-12,6,1,7,7,3996250,159850,1600000
106000193,2017-08-14,9,4,1,3,4461775,178471,2815000
106000194,2017-08-15,6,8,2,4,3891425,155657,1325000
106000195,2017-08-16,7,1,9,9,4142000,165680,1645000
106000196,2017-08-17,7,9,3,3,4081425,163257,2395000
106000197,2017-08-18,8,7,4,6,4249225,169969,525000
106000198,2017-08-19,7,0,3,6,3899075,155963,580000
106000199,2017-08-21,3,7,2,8,4494950,179798,2015000
106000200,2017-08-22,6,9,5,1,3849400,153976,2355000
106000201,2017-08-23,0,3,6,0,3941350,157654,640000
106000202,2017-08-24,3,8,6,8,3912000,156480,3360000
106000203,2017-08-25,7,5,4,8,4020925,160837,1280000
106000204,2017-08-26,3,0,9,7,3711400,148456,980000
106000205,2017-08-28,4,2,4,6,4510175,180407,495000
106000206,2017-08-29,2,7,1,5,3829750,153190,2330000
106000207,2017-08-30,3,1,6,1,3840775,153631,1330000
106000208,2017-08-31,3,3,9,6,4112450,164498,2495000
106000209,2017-09-01,6,1,3,7,3963025,158521,2390000
106000210,2017-09-02,5,2,0,7,3765425,150617,2980000
106000211,2017-09-04,6,7,4,4,4382050,175282,650000
106000212,2017-09-05,4,1,2,0,4127175,165087,950000
106000213,2017-09-06,2,4,1,7,4170225,166809,1890000
106000214,2017-09-07,4,5,9,4,4068550,162742,705000
106000215,2017-09-08,5,4,5,3,4193325,167733,1570000
106000216,2017-09-09,6,6,2,6,4008325,160333,3015000
106000217,2017-09-11,3,5,8,8,4559675,182387,5195000
106000218,2017-09-12,0,7,2,5,4194100,167764,4010000
106000219,2017-09-13,0,1,2,0,4106300,164252,3690000
106000220,2017-09-14,8,9,1,5,4107475,164299,1340000
106000221,2017-09-15,1,0,4,8,4231750,169270,1295000
106000222,2017-09-16,6,5,6,8,3953300,158132,1345000
106000223,2017-09-18,4,8,2,2,4502425,180097,1045000
106000224,2017-09-19,4,7,6,9,4112600,164504,3015000
106000225,2017-09-20,8,9,2,7,4032000,161280,3495000
106000226,2017-09-21,5,6,4,7,4202875,168115,970000
106000227,2017-09-22,4,6,9,7,4181300,167252,1400000
106000228,2017-09-23,5,6,7,5,3878325,155133,1345000
106000229,2017-09-25,4,2,9,9,4514450,180578,1160000
106000230,2017-09-26,6,9,3,8,4042325,161693,1130000
106000231,2017-09-27,5,6,5,2,4123125,164925,1250000
106000232,2017-09-28,1,6,3,0,3935125,157405,2250000
106000233,2017-09-29,1,2,4,3,4024025,160961,2690000
106000234,2017-09-30,2,1,5,7,3963850,158554,1805000
106000235,2017-10-02,2,8,2,7,4381900,175276,3105000
106000236,2017-10-03,4,8,7,7,4020700,160828,1110000
106000237,2017-10-04,5,1,2,8,3819400,152776,1985000
106000238,2017-10-05,1,5,6,3,4064450,162578,1725000
106000239,2017-10-06,4,0,6,2,4299600,171984,810000
106000240,2017-10-07,3,3,3,5,3903825,156153,1775000
106000241,2017-10-09,2,2,2,0,4187950,167518,1970000
106000242,2017-10-10,3,0,7,7,4147850,165914,870000
106000243,2017-10-11,5,6,3,3,4072075,162883,4795000
106000244,2017-10-12,8,8,1,6,3989400,159576,2835000
106000245,2017-10-13,0,3,5,7,3978750,159150,1200000
106000246,2017-10-14,7,1,0,9,3669025,146761,1515000
106000247,2017-10-16,7,1,4,7,4344400,173776,660000
106000248,2017-10-17,4,1,6,5,3927300,157092,2230000
106000249,2017-10-18,9,5,5,9,3902150,156086,2155000
106000250,2017-10-19,7,2,0,7,3843075,153723,1445000
106000251,2017-10-20,5,5,9,4,4096025,163841,770000
106000252,2017-10-21,3,2,3,5,3781625,151265,29075000
106000253,2017-10-23,2,9,0,9,4307700,172308,1840000
106000254,2017-10-24,9,2,8,3,3901075,156043,1045000
106000255,2017-10-25,8,8,1,0,3958375,158335,1590000
106000256,2017-10-26,2,0,5,6,3970275,158811,3205000
106000257,2017-10-27,1,1,2,2,4069150,162766,14530000
106000258,2017-10-28,8,1,9,5,3982650,159306,870000
106000259,2017-10-30,0,5,9,6,4476250,179050,690000
106000260,2017-10-31,5,7,0,0,3978325,159133,1875000
106000261,2017-11-01,2,0,6,0,4087675,163507,2570000
106000262,2017-11-02,0,8,2,1,3985725,159429,2015000
106000263,2017-11-03,0,4,4,3,4297975,171919,795000
106000264,2017-11-04,7,0,5,7,3905700,156228,1170000
106000265,2017-11-06,0,4,7,3,4505225,180209,515000
106000266,2017-11-07,6,9,5,0,4152750,166110,855000
106000267,2017-11-08,9,1,3,0,4143525,165741,1360000
106000268,2017-11-09,5,5,5,0,4080775,163231,1580000
106000269,2017-11-10,3,7,6,8,4291750,171670,2725000
106000270,2017-11-11,1,4,6,7,4054250,162170,1530000
106000271,2017-11-13,8,4,3,4,4367450,174698,855000
106000272,2017-11-14,5,8,7,5,4067025,162681,2070000
106000273,2017-11-15,4,3,4,4,4098700,163948,1100000
106000274,2017-11-16,5,8,6,2,4145325,165813,1465000
106000275,2017-11-17,7,5,6,7,4155475,166219,1260000
106000276,2017-11-18,3,6,5,0,3885950,155438,1380000
106000277,2017-11-20,4,8,2,0,4320925,172837,1750000
106000278,2017-11-21,6,1,4,7,3959250,158370,760000
106000279,2017-11-22,2,0,4,8,3970525,158821,1230000
106000280,2017-11-23,8,9,6,9,4017225,160689,1005000
106000281,2017-11-24,7,6,4,5,4024600,160984,875000
106000282,2017-11-25,2,3,6,8,3787950,151518,3575000
106000283,2017-11-27,1,7,3,1,4568475,182739,1945000
106000284,2017-11-28,6,7,3,4,4025850,161034,1000000
106000285,2017-11-29,8,2,2,8,4008825,160353,2355000
106000286,2017-11-30,1,2,7,2,4091125,163645,4205000
106000287,2017-12-01,3,6,8,9,4145250,165810,2725000
106000288,2017-12-02,7,4,3,2,3830975,153239,740000
106000289,2017-12-04,2,3,9,8,4412525,176501,1660000
106000290,2017-12-05,4,1,2,4,4080150,163206,590000
106000291,2017-12-06,6,2,3,0,4059075,162363,1365000
106000292,2017-12-07,5,5,3,0,4069200,162768,585000
106000293,2017-12-08,2,2,7,3,4150275,166011,1055000
106000294,2017-12-09,4,6,2,1,3931675,157267,1130000
106000295,2017-12-11,1,9,7,9,4678050,187122,2400000
106000296,2017-12-12,1,1,6,5,4023675,160947,1615000
106000297,2017-12-13,7,1,4,9,4077775,163111,690000
106000298,2017-12-14,3,7,5,6,4128850,165154,1655000
106000299,2017-12-15,7,4,4,6,4271475,170859,535000
106000300,2017-12-16,8,3,4,6,3918150,156726,1860000
106000301,2017-12-18,7,3,7,4,4354625,174185,1855000
106000302,2017-12-19,3,6,5,1,3993575,159743,1455000
106000303,2017-12-20,1,6,4,4,4049575,161983,1270000
106000304,2017-12-21,7,1,9,1,4039200,161568,2230000
106000305,2017-12-22,3,4,0,5,4282275,171291,1255000
106000306,2017-12-23,4,4,8,9,4004150,160166,925000
106000307,2017-12-25,1,4,8,8,4512775,180511,660000
106000308,2017-12-26,8,8,0,9,4056100,162244,1460000
106000309,2017-12-27,4,3,6,2,4108250,164330,650000
106000310,2017-12-28,3,0,7,7,4191975,167679,1880000
106000311,2017-12-29,9,9,5,7,4234725,169389,2090000
106000312,2017-12-30,0,0,3,3,4053175,162127,3455000
107000001,2018-01-01,9,9,8,0,4482350,179294,1485000
107000002,2018-01-02,0,4,7,6,4108875,164355,4015000
107000003,2018-01-03,1,6,4,9,4088325,163533,880000
107000004,2018-01-04,3,3,2,9,4068100,162724,1265000
107000005,2018-01-05,2,6,4,8,4209250,168370,1670000
107000006,2018-01-06,2,2,8,7,3852600,154104,1125000
107000007,2018-01-08,7,0,2,2,4211950,168478,1065000
107000008,2018-01-09,0,2,1,9,3898950,155958,3305000
107000009,2018-01-10,9,6,6,9,4237125,169485,4855000
107000010,2018-01-11,9,3,9,6,4200875,168035,1705000
107000011,2018-01-12,7,7,4,1,4312000,172480,1675000
107000012,2018-01-13,4,0,7,6,4129000,165160,315000
107000013,2018-01-15,6,6,8,7,4753725,190149,6675000
107000014,2018-01-16,3,1,0,5,4368950,174758,1575000
107000015,2018-01-17,9,4,4,9,4284775,171391,690000
107000016,2018-01-18,6,2,5,1,4403850,176154,1035000
107000017,2018-01-19,6,1,8,7,4276850,171074,1765000
107000018,2018-01-20,2,6,9,5,4109950,164398,935000
107000019,2018-01-22,4,2,3,7,4640425,185617,1270000
107000020,2018-01-23,4,9,6,6,4284450,171378,795000
107000021,2018-01-24,3,4,3,9,4174725,166989,520000
107000022,2018-01-25,7,1,4,5,4160475,166419,500000
107000023,2018-01-26,4,4,7,5,4197125,167885,980000
107000024,2018-01-27,2,6,3,7,4020125,160805,1890000
107000025,2018-01-29,6,0,1,5,4315250,172610,1190000
107000026,2018-01-30,3,6,7,8,4133250,165330,2220000
107000027,2018-01-31,0,1,8,4,4229800,169192,395000
107000028,2018-02-01,6,5,6,8,4184975,167399,3400000
107000029,2018-02-02,7,6,2,2,4255500,170220,1120000
107000030,2018-02-03,0,1,2,7,4021625,160865,2865000
107000031,2018-02-05,8,3,9,8,4577050,183082,5450000
107000032,2018-02-06,2,3,1,3,4488225,179529,3590000
107000033,2018-02-07,5,0,2,2,4629025,185161,3045000
107000034,2018-02-08,2,6,4,2,4780100,191204,900000
107000035,2018-02-09,3,3,9,3,5000300,200012,3950000
107000036,2018-02-10,3,8,3,0,4921425,196857,1255000
107000037,2018-02-12,8,4,7,1,5363325,214533,720000
107000038,2018-02-13,4,1,0,4,4732500,189300,1560000
107000039,2018-02-14,8,5,4,9,4939875,197595,595000
107000040,2018-02-15,5,1,3,6,4724900,188996,925000
107000041,2018-02-16,6,3,0,6,4585050,183402,4310000
107000042,2018-02-17,4,2,9,2,4547775,181911,560000
107000043,2018-02-19,3,1,1,7,5672850,226914,2835000
107000044,2018-02-20,1,8,7,2,4805250,192210,1810000
107000045,2018-02-21,8,7,3,3,4685200,187408,2180000
107000046,2018-02-22,9,9,5,2,4331750,173270,1000000
107000047,2018-02-23,6,6,9,2,4710575,188423,1550000
107000048,2018-02-24,4,6,2,4,4603250,184130,1515000
107000049,2018-02-26,3,0,6,8,5287200,211488,2540000
107000050,2018-02-27,2,2,0,8,4623950,184958,10215000
107000051,2018-02-28,0,3,6,8,4531100,181244,1280000
107000052,2018-03-01,2,3,9,4,4639350,185574,1795000
107000053,2018-03-02,5,5,7,1,4704900,188196,2350000
107000054,2018-03-03,5,5,6,0,4410200,176408,1090000
107000055,2018-03-05,4,1,9,3,4897275,195891,705000
107000056,2018-03-06,4,0,6,9,4491025,179641,1295000
107000057,2018-03-07,1,8,0,3,4434175,177367,1935000
107000058,2018-03-08,7,2,1,1,4170975,166839,1855000
107000059,2018-03-09,9,6,4,6,4527650,181106,725000
107000060,2018-03-10,6,5,7,7,4257625,170305,2210000
107000061,2018-03-12,6,8,6,8,4910900,196436,7780000
107000062,2018-03-13,8,7,1,5,4620050,184802,1140000
107000063,2018-03-14,1,2,3,4,4437050,177482,12745000
107000064,2018-03-15,1,3,2,6,4241050,169642,1905000
107000065,2018-03-16,8,0,2,1,4695600,187824,3465000
107000066,2018-03-17,9,0,3,0,4536425,181457,2065000
107000067,2018-03-19,1,9,5,9,5018650,200746,4600000
107000068,2018-03-20,0,2,3,6,4355700,174228,1800000
107000069,2018-03-21,9,3,0,4,4443700,177748,510000
107000070,2018-03-22,3,8,7,4,4530800,181232,835000
107000071,2018-03-23,7,8,5,9,4444850,177794,2275000
107000072,2018-03-24,3,1,2,5,4191300,167652,2260000
107000073,2018-03-26,4,9,4,3,4870600,194824,795000
107000074,2018-03-27,2,8,7,9,4368325,174733,1755000
107000075,2018-03-28,4,8,1,9,4363700,174548,950000
107000076,2018-03-29,9,3,6,9,4294200,171768,1850000
107000077,2018-03-30,7,4,6,9,4430500,177220,1020000
107000078,2018-03-31,2,1,2,8,4465325,178613,1450000
107000079,2018-04-02,1,3,3,7,4845150,193806,2395000
107000080,2018-04-03,4,5,8,0,4470425,178817,770000
107000081,2018-04-04,5,6,2,9,4117450,164698,1630000
107000082,2018-04-05,0,6,1,2,3970250,158810,2800000
107000083,2018-04-06,2,6,9,4,3958275,158331,1020000
107000084,2018-04-07,7,8,1,0,4004300,160172,2200000
107000085,2018-04-09,9,1,9,9,4641250,185650,4790000
107000086,2018-04-10,6,0,7,2,4333200,173328,660000
107000087,2018-04-11,3,6,9,0,4255525,170221,2215000
107000088,2018-04-12,1,2,5,1,4137250,165490,2700000
107000089,2018-04-13,2,9,2,7,4370575,174823,1740000
107000090,2018-04-14,0,0,5,3,4025150,161006,2145000
107000091,2018-04-16,9,6,2,0,4600975,184039,1325000
107000092,2018-04-17,3,0,7,5,4149500,165980,1225000
107000093,2018-04-18,8,1,3,7,4188650,167546,1905000
107000094,2018-04-19,5,4,3,8,4097075,163883,1015000
107000095,2018-04-20,6,0,2,0,4235950,169438,1405000
107000096,2018-04-21,1,4,5,0,3974450,158978,870000
107000097,2018-04-23,2,6,8,1,4018275,160731,2110000
107000098,2018-04-24,5,6,4,1,3785900,151436,925000
107000099,2018-04-25,4,7,3,8,3900675,156027,1945000
107000100,2018-04-26,4,3,3,3,3879100,155164,1160000
107000101,2018-04-27,3,0,1,5,3946200,157848,4655000
107000102,2018-04-28,0,8,2,2,3713150,148526,4470000
107000103,2018-04-30,4,6,2,8,4244000,169760,2485000
107000104,2018-05-01,8,3,3,4,3809725,152389,935000
107000105,2018-05-02,1,5,8,1,3734450,149378,2835000
107000106,2018-05-03,3,6,4,8,3840775,153631,1730000
107000107,2018-05-04,2,6,6,7,4005275,160211,1055000
107000108,2018-05-05,7,2,3,6,3796100,151844,3150000
107000109,2018-05-07,1,5,8,5,4252800,170112,1460000
107000110,2018-05-08,6,2,9,3,3933325,157333,1090000
107000111,2018-05-09,6,7,3,8,3808925,152357,810000
107000112,2018-05-10,9,5,3,4,3978300,159132,440000
107000113,2018-05-11,5,9,9,8,4065650,162626,1215000
107000114,2018-05-12,3,8,5,5,3687200,147488,2185000
107000115,2018-05-14,1,7,7,8,4109725,164389,1325000
107000116,2018-05-15,5,8,8,9,3849925,153997,3015000
107000117,2018-05-16,3,5,2,6,3806500,152260,1630000
107000118,2018-05-17,0,8,7,7,3781650,151266,845000
107000119,2018-05-18,3,9,1,2,3981625,159265,1600000
107000120,2018-05-19,3,2,8,8,3621600,144864,2610000
107000121,2018-05-21,3,1,4,0,4181600,167264,850000
107000122,2018-05-22,5,1,3,3,3837650,153506,2355000
107000123,2018-05-23,5,8,8,0,3782550,151302,2670000
107000124,2018-05-24,4,3,7,3,3721850,148874,620000
107000125,2018-05-25,4,5,8,7,3969250,158770,1120000
107000126,2018-05-26,5,0,1,6,3485175,139407,840000
107000127,2018-05-28,3,9,7,8,3953725,158149,2260000
107000128,2018-05-29,8,4,1,0,3679175,147167,595000
107000129,2018-05-30,8,1,5,5,3645750,145830,1520000
107000130,2018-05-31,1,9,1,1,3627800,145112,3485000
107000131,2018-06-01,7,1,4,1,3734575,149383,1265000
107000132,2018-06-02,3,1,7,0,3596000,143840,1705000
107000133,2018-06-04,9,4,0,5,4115075,164603,2890000
107000134,2018-06-05,2,4,3,8,3832850,153314,1400000
107000135,2018-06-06,1,8,9,8,3922950,156918,1865000
107000136,2018-06-07,3,7,5,9,3798850,151954,1995000
107000137,2018-06-08,7,1,3,6,3916250,156650,2155000
107000138,2018-06-09,9,2,3,2,3743200,149728,2120000
107000139,2018-06-11,4,4,3,4,4144600,165784,940000
107000140,2018-06-12,7,8,4,1,3884450,155378,815000
107000141,2018-06-13,9,2,6,3,3843225,153729,2575000
107000142,2018-06-14,2,0,8,2,3607750,144310,1395000
107000143,2018-06-15,2,8,4,7,3838050,153522,895000
107000144,2018-06-16,5,3,7,0,3641175,145647,1490000
107000145,2018-06-18,0,5,6,2,3745925,149837,770000
107000146,2018-06-19,0,2,4,2,3490550,139622,585000
107000147,2018-06-20,3,6,1,3,3596400,143856,1470000
107000148,2018-06-21,2,1,5,2,3675450,147018,2495000
107000149,2018-06-22,2,7,0,5,3810900,152436,1985000
107000150,2018-06-23,4,1,6,6,3535500,141420,1215000
107000151,2018-06-25,4,5,8,6,4023050,160922,580000
107000152,2018-06-26,6,4,7,7,3650475,146019,600000
107000153,2018-06-27,5,2,4,2,3651750,146070,930000
107000154,2018-06-28,0,4,1,8,3599850,143994,2365000
107000155,2018-06-29,7,5,8,3,3779650,151186,1435000
107000156,2018-06-30,1,4,2,5,3581050,143242,1375000
107000157,2018-07-02,3,4,0,3,3812600,152504,470000
107000158,2018-07-03,1,5,5,7,3540800,141632,1190000
107000159,2018-07-04,3,4,6,8,3542725,141709,1530000
107000160,2018-07-05,4,6,0,5,3705100,148204,255000
107000161,2018-07-06,0,7,4,9,3808525,152341,370000
107000162,2018-07-07,3,8,8,7,3547700,141908,1200000
107000163,2018-07-09,3,5,5,4,4010875,160435,650000
107000164,2018-07-10,6,1,6,0,3755875,150235,1200000
107000165,2018-07-11,0,8,3,3,3685550,147422,1125000
107000166,2018-07-12,4,6,5,8,3729725,149189,900000
107000167,2018-07-13,3,1,5,4,3828350,153134,905000
107000168,2018-07-14,7,5,4,7,3603475,144139,600000
107000169,2018-07-16,9,1,6,5,4161325,166453,965000
107000170,2018-07-17,6,1,5,9,3771375,150855,1345000
107000171,2018-07-18,1,8,0,9,3901425,156057,1400000
107000172,2018-07-19,0,8,7,5,3695500,147820,1100000
107000173,2018-07-20,3,1,6,9,3986975,159479,2285000
107000174,2018-07-21,3,4,6,3,3682000,147280,715000
107000175,2018-07-23,8,3,5,6,4141650,165666,2325000
107000176,2018-07-24,8,6,9,6,3771825,150873,1535000
107000177,2018-07-25,7,1,2,4,3718950,148758,1275000
107000178,2018-07-26,1,3,9,7,3724300,148972,2240000
107000179,2018-07-27,1,6,8,0,3771125,150845,3070000
107000180,2018-07-28,7,9,4,0,3619575,144783,430000
107000181,2018-07-30,8,1,2,0,4043550,161742,2120000
107000182,2018-07-31,0,0,0,3,3822575,152903,2605000
107000183,2018-08-01,0,9,9,6,3734525,149381,775000
107000184,2018-08-02,1,9,1,3,3747375,149895,1310000
107000185,2018-08-03,5,7,6,4,3913625,156545,670000
107000186,2018-08-04,9,5,1,9,3725400,149016,2630000
107000187,2018-08-06,5,5,2,9,4168900,166756,1370000
107000188,2018-08-07,0,9,2,7,3971450,158858,5365000
107000189,2018-08-08,4,4,2,3,4240100,169604,735000
107000190,2018-08-09,2,2,1,1,3800425,152017,6745000
107000191,2018-08-10,6,7,9,5,4095425,163817,1800000
107000192,2018-08-11,5,9,8,1,3821425,152857,1730000
107000193,2018-08-13,1,1,0,2,4199350,167974,4710000
107000194,2018-08-14,3,7,4,8,3725625,149025,1510000
107000195,2018-08-15,0,6,5,8,3827875,153115,880000
107000196,2018-08-16,7,8,1,6,3820300,152812,2905000
107000197,2018-08-17,1,0,6,0,4090850,163634,2665000
107000198,2018-08-18,7,8,9,7,3711200,148448,1885000
107000199,2018-08-20,6,8,4,1,4091500,163660,460000
107000200,2018-08-21,2,3,4,3,3677700,147108,1250000
107000201,2018-08-22,4,1,6,0,3643200,145728,765000
107000202,2018-08-23,9,7,1,1,3471025,138841,790000
107000203,2018-08-24,6,3,7,8,3475700,139028,1230000
107000204,2018-08-25,8,7,9,5,3514450,140578,1305000
107000205,2018-08-27,3,1,9,3,3783200,151328,2510000
107000206,2018-08-28,4,9,3,2,3420050,136802,405000
107000207,2018-08-29,9,0,1,6,3555950,142238,1455000
107000208,2018-08-30,4,9,5,8,3584700,143388,1080000
107000209,2018-08-31,9,8,8,1,3896825,155873,1765000
107000210,2018-09-01,1,1,0,0,3572700,142908,9550000
107000211,2018-09-03,7,1,0,5,4129425,165177,935000
107000212,2018-09-04,8,7,2,9,3796825,151873,1415000
107000213,2018-09-05,7,7,7,3,3803925,152157,1900000
107000214,2018-09-06,7,2,7,8,3721975,148879,3820000
107000215,2018-09-07,0,9,8,4,3928500,157140,255000
107000216,2018-09-08,3,3,3,7,3563250,142530,3980000
107000217,2018-09-10,8,6,6,5,4182275,167291,1535000
107000218,2018-09-11,1,0,9,2,3872750,154910,1435000
107000219,2018-09-12,4,6,7,5,3809825,152393,845000
107000220,2018-09-13,4,9,5,7,3880800,155232,805000
107000221,2018-09-14,2,7,9,7,3858200,154328,1040000
107000222,2018-09-15,7,4,0,3,3547975,141919,605000
107000223,2018-09-17,3,3,2,1,3977300,159092,4400000
107000224,2018-09-18,0,0,6,2,3803525,152141,995000
107000225,2018-09-19,5,1,4,4,3762675,150507,620000
107000226,2018-09-20,3,7,6,2,3720000,148800,2085000
107000227,2018-09-21,6,7,0,3,3954850,158194,765000
107000228,2018-09-22,7,5,3,1,3602625,144105,1645000
107000229,2018-09-24,7,4,0,4,3750525,150021,365000
107000230,2018-09-25,2,2,2,4,3716075,148643,1140000
107000231,2018-09-26,7,0,9,6,3600825,144033,1880000
107000232,2018-09-27,1,8,2,0,3554025,142161,4185000
107000233,2018-09-28,2,1,6,0,3826625,153065,1695000
107000234,2018-09-29,8,0,2,6,3689150,147566,1710000
107000235,2018-10-01,0,0,0,4,4213200,168528,2840000
107000236,2018-10-02,4,8,4,8,3718525,148741,1750000
107000237,2018-10-03,9,6,2,1,3741525,149661,1680000
107000238,2018-10-04,7,0,3,8,3629600,145184,2010000
107000239,2018-10-05,6,3,6,9,3976075,159043,5525000
107000240,2018-10-06,0,2,6,8,3746050,149842,1390000
107000241,2018-10-08,0,3,2,6,4236325,169453,4370000
107000242,2018-10-09,8,3,6,3,4097425,163897,1725000
107000243,2018-10-10,4,5,3,7,3973300,158932,795000
107000244,2018-10-11,3,6,8,9,3893750,155750,2065000
107000245,2018-10-12,9,0,6,6,3905375,156215,1765000
107000246,2018-10-13,3,1,3,2,3899575,155983,2025000
107000247,2018-10-15,9,6,9,0,4410650,176426,2700000
107000248,2018-10-16,7,6,1,9,3918475,156739,660000
107000249,2018-10-17,6,2,7,6,3928525,157141,1240000
107000250,2018-10-18,5,9,3,4,3906375,156255,500000
107000251,2018-10-19,2,4,4,6,3879925,155197,370000
107000252,2018-10-20,0,2,6,9,3761425,150457,1455000
107000253,2018-10-22,6,6,3,7,4917650,196706,3070000
107000254,2018-10-23,6,0,5,6,3919275,156771,895000
107000255,2018-10-24,7,8,5,1,3834725,153389,1245000
107000256,2018-10-25,1,9,0,2,3888525,155541,1775000
107000257,2018-10-26,1,2,8,3,3900150,156006,1330000
107000258,2018-10-27,5,7,4,1,3578850,143154,445000
107000259,2018-10-29,6,7,1,0,4175750,167030,1540000
107000260,2018-10-30,4,3,1,4,3637200,145488,790000
107000261,2018-10-31,0,3,8,2,3593400,143736,1010000
107000262,2018-11-01,6,7,4,9,3815150,152606,770000
107000263,2018-11-02,9,5,9,0,3606275,144251,1075000
107000264,2018-11-03,7,5,6,9,3525225,141009,850000
107000265,2018-11-05,0,3,3,0,4357825,174313,9245000
107000266,2018-11-06,1,6,6,0,3788525,151541,1640000
107000267,2018-11-07,3,9,1,7,3894725,155789,1595000
107000268,2018-11-08,9,1,0,9,3970025,158801,1600000
107000269,2018-11-09,6,8,1,0,3999050,159962,1110000
107000270,2018-11-10,8,8,4,9,3910925,156437,605000
107000271,2018-11-12,2,3,2,8,4477450,179098,3215000
107000272,2018-11-13,3,1,4,3,3946075,157843,1785000
107000273,2018-11-14,1,5,0,3,3933325,157333,1400000
107000274,2018-11-15,2,5,0,7,3914175,156567,955000
107000275,2018-11-16,1,1,4,4,4066125,162645,3125000
107000276,2018-11-17,6,5,8,5,3781275,151251,1355000
107000277,2018-11-19,6,1,3,8,4276025,171041,4160000
107000278,2018-11-20,1,9,7,8,4021875,160875,3870000
107000279,2018-11-21,8,2,3,5,4196000,167840,1125000
107000280,2018-11-22,9,9,8,8,4067100,162684,4395000
107000281,2018-11-23,8,5,4,7,4197900,167916,910000
107000282,2018-11-24,0,2,4,1,3804025,152161,1560000
107000283,2018-11-26,9,9,2,3,4645050,185802,2245000
107000284,2018-11-27,2,7,9,1,4120775,164831,2530000
107000285,2018-11-28,7,2,1,9,4006225,160249,1195000
107000286,2018-11-29,7,9,3,5,4144325,165773,2560000
107000287,2018-11-30,1,0,9,4,4277950,171118,595000
107000288,2018-12-01,0,2,1,6,3848550,153942,5240000
107000289,2018-12-03,8,2,1,7,4573675,182947,2075000
107000290,2018-12-04,2,8,7,8,4184650,167386,1440000
107000291,2018-12-05,5,4,6,8,4199425,167977,645000
107000292,2018-12-06,2,6,7,8,4259700,170388,2530000
107000293,2018-12-07,1,5,1,3,4315050,172602,1780000
107000294,2018-12-08,9,2,2,7,3996050,159842,1710000
107000295,2018-12-10,9,3,3,5,4505800,180232,1520000
107000296,2018-12-11,9,6,0,0,4164850,166594,1015000
107000297,2018-12-12,3,2,1,5,4143300,165732,1375000
107000298,2018-12-13,2,4,2,9,4272200,170888,840000
107000299,2018-12-14,0,6,3,7,4238825,169553,2325000
107000300,2018-12-15,7,3,1,3,4116900,164676,2875000
107000301,2018-12-17,4,5,7,8,4459125,178365,2450000
107000302,2018-12-18,3,0,3,6,4313950,172558,1905000
107000303,2018-12-19,6,0,4,3,4146000,165840,1100000
107000304,2018-12-20,6,6,0,9,4080200,163208,1860000
107000305,2018-12-21,2,0,1,3,4382275,175291,3540000
107000306,2018-12-22,5,0,1,0,4289450,171578,2300000
107000307,2018-12-24,5,0,0,6,4507450,180298,1250000
107000308,2018-12-25,2,6,2,3,4325475,173019,2310000
107000309,2018-12-26,0,8,4,7,4324725,172989,435000
107000310,2018-12-27,0,6,5,0,4081425,163257,1250000
107000311,2018-12-28,9,7,5,1,4432575,177303,1005000
107000312,2018-12-29,4,7,0,4,3992925,159717,480000
107000313,2018-12-31,8,0,1,3,4434500,177380,2565000
108000001,2019-01-01,5,0,7,2,3988850,159554,1880000
108000002,2019-01-02,4,9,5,3,4060250,162410,1860000
108000003,2019-01-03,1,1,7,0,3996300,159852,3300000
108000004,2019-01-04,9,5,7,4,4230325,169213,690000
108000005,2019-01-05,0,0,9,7,4129000,165160,1395000
108000006,2019-01-07,0,9,3,1,4638775,185551,980000
108000007,2019-01-08,2,5,6,0,4148425,165937,1345000
108000008,2019-01-09,2,4,4,1,4257050,170282,1135000
108000009,2019-01-10,1,4,0,2,4286750,171470,1385000
108000010,2019-01-11,2,4,8,8,4563575,182543,715000
108000011,2019-01-12,2,8,3,3,4321750,172870,3450000
108000012,2019-01-14,7,3,0,2,4718950,188758,1700000
108000013,2019-01-15,4,4,5,1,4226350,169054,915000
108000014,2019-01-16,2,4,1,8,4000825,160033,1695000
108000015,2019-01-17,6,6,9,9,4185950,167438,12120000
108000016,2019-01-18,9,9,8,9,4484425,179377,3265000
108000017,2019-01-19,4,9,1,7,4422975,176919,580000
108000018,2019-01-21,8,7,3,4,4721300,188852,3660000
108000019,2019-01-22,0,8,5,1,4290375,171615,1605000
108000020,2019-01-23,1,3,1,2,4285175,171407,3055000
108000021,2019-01-24,6,7,5,0,4309900,172396,1185000
108000022,2019-01-25,9,7,9,0,4529775,181191,1330000
108000023,2019-01-26,7,1,9,5,4218675,168747,1745000
108000024,2019-01-28,2,6,6,3,4847075,193883,2200000
108000025,2019-01-29,1,7,6,0,4317000,172680,880000
108000026,2019-01-30,7,9,2,5,4482775,179311,1340000
108000027,2019-01-31,5,0,7,0,4458250,178330,1345000
108000028,2019-02-01,2,8,1,4,4723200,188928,655000
108000029,2019-02-02,0,0,7,3,4417375,176695,1540000
108000030,2019-02-04,2,0,9,4,5218900,208756,990000
108000031,2019-02-05,0,2,5,5,4412725,176509,1725000
108000032,2019-02-06,1,2,7,2,4331800,173272,1520000
108000033,2019-02-07,7,2,7,1,4296875,171875,2615000
108000034,2019-02-08,7,0,6,9,4505725,180229,1790000
108000035,2019-02-09,1,3,9,0,4471850,178874,2880000
108000036,2019-02-11,0,4,8,5,5406750,216270,765000
108000037,2019-02-12,4,2,7,7,4559025,182361,1865000
108000038,2019-02-13,1,9,5,0,4484000,179360,1460000
108000039,2019-02-14,9,5,6,1,4497450,179898,1350000
108000040,2019-02-15,3,5,5,3,4503350,180134,4640000
108000041,2019-02-16,5,8,7,4,4259175,170367,1875000
108000042,2019-02-18,8,7,3,6,4825025,193001,2970000
108000043,2019-02-19,9,4,5,3,4505525,180221,6350000
108000044,2019-02-20,7,8,1,9,4488425,179537,2090000
108000045,2019-02-21,1,7,7,7,4350325,174013,3150000
108000046,2019-02-22,8,3,1,9,4371575,174863,2570000
108000047,2019-02-23,0,4,4,3,4382925,175317,630000
108000048,2019-02-25,4,3,3,8,4627125,185085,1215000
108000049,2019-02-26,8,9,2,0,4379875,175195,1070000
108000050,2019-02-27,5,6,1,3,4394075,175763,1320000
108000051,2019-02-28,4,6,0,2,4068625,162745,1235000
108000052,2019-03-01,3,3,9,3,4079750,163190,3185000
108000053,2019-03-02,2,6,1,3,3926100,157044,1860000
108000054,2019-03-04,0,3,2,0,4665375,186615,4740000
108000055,2019-03-05,7,2,2,5,4308000,172320,1470000
108000056,2019-03-06,4,5,3,2,4111900,164476,1435000
108000057,2019-03-07,6,0,5,9,3763000,150520,1100000
108000058,2019-03-08,6,9,8,4,4345175,173807,825000
108000059,2019-03-09,1,7,4,0,3821825,152873,875000
108000060,2019-03-11,0,0,1,8,4640175,185607,2305000
108000061,2019-03-12,7,8,5,9,4348050,173922,2185000
108000062,2019-03-13,2,7,8,9,4354275,174171,1915000
108000063,2019-03-14,1,3,9,9,4297800,171912,2615000
108000064,2019-03-15,9,7,8,0,4452550,178102,905000
108000065,2019-03-16,9,6,6,7,4230925,169237,1930000
108000066,2019-03-18,3,2,5,8,4706975,188279,2360000
108000067,2019-03-19,6,2,3,5,4281200,171248,2110000
108000068,2019-03-20,7,1,6,4,4271775,170871,855000
108000069,2019-03-21,1,2,8,7,4218725,168749,1540000
108000070,2019-03-22,2,9,2,0,4285450,171418,2745000
108000071,2019-03-23,8,4,2,4,3927925,157117,180000
108000072,2019-03-25,6,2,4,4,4374300,174972,290000
108000073,2019-03-26,2,7,4,2,4023100,160924,1015000
108000074,2019-03-27,9,3,3,5,4077725,163109,1090000
108000075,2019-03-28,7,9,2,0,3970000,158800,1045000
108000076,2019-03-29,3,8,5,6,4102325,164093,4735000
108000077,2019-03-30,3,1,7,5,3880125,155205,1165000
108000078,2019-04-01,2,1,5,8,4427950,177118,2355000
108000079,2019-04-02,5,6,0,9,4024275,160971,1190000
108000080,2019-04-03,7,5,1,7,4175625,167025,1160000
108000081,2019-04-04,0,6,1,2,3881625,155265,3315000
108000082,2019-04-05,6,9,0,9,3905875,156235,960000
108000083,2019-04-06,2,6,8,3,3891775,155671,1450000
108000084,2019-04-08,2,3,0,1,4500550,180022,3715000
108000085,2019-04-09,7,1,2,6,4056500,162260,975000
108000086,2019-04-10,6,7,3,4,4177175,167087,965000
108000087,2019-04-11,1,8,8,2,3973000,158920,1395000
108000088,2019-04-12,2,2,9,1,4219950,168798,1130000
108000089,2019-04-13,2,4,5,6,3844100,153764,855000
108000090,2019-04-15,7,5,0,6,4377750,175110,1790000
108000091,2019-04-16,3,8,9,9,3749550,149982,1970000
108000092,2019-04-17,4,5,9,0,3950550,158022,885000
108000093,2019-04-18,9,2,0,1,4158300,166332,2340000
108000094,2019-04-19,0,6,5,6,3989275,159571,785000
108000095,2019-04-20,0,0,2,0,3888175,155527,1980000
108000096,2019-04-22,5,3,3,6,4311225,172449,1930000
108000097,2019-04-23,5,3,9,7,3892800,155712,1310000
108000098,2019-04-24,7,6,2,9,3913250,156530,2325000
108000099,2019-04-25,3,1,3,0,3777075,151083,1770000
108000100,2019-04-26,2,7,3,3,4017100,160684,2400000
108000101,2019-04-27,0,2,8,5,3941225,157649,1115000
108000102,2019-04-29,8,2,0,2,4226425,169057,1855000
108000103,2019-04-30,1,3,7,5,3991375,159655,1315000
108000104,2019-05-01,3,3,7,1,3788625,151545,2705000
108000105,2019-05-02,8,8,3,7,3543000,141720,1330000
108000106,2019-05-03,9,6,5,5,4089050,163562,1050000
108000107,2019-05-04,9,5,6,9,3891250,155650,1350000
108000108,2019-05-06,0,0,1,6,3979675,159187,16715000
108000109,2019-05-07,5,5,2,9,4013825,160553,820000
108000110,2019-05-08,5,4,9,2,4147275,165891,955000
108000111,2019-05-09,5,8,9,1,3877825,155113,1750000
108000112,2019-05-10,1,4,5,6,4288450,171538,930000
108000113,2019-05-11,6,4,3,9,4175825,167033,550000
108000114,2019-05-13,8,3,7,2,4379750,175190,1990000
108000115,2019-05-14,8,1,8,4,3938500,157540,515000
108000116,2019-05-15,6,1,0,7,4066150,162646,1025000
108000117,2019-05-16,4,6,4,6,3950000,158000,1145000
108000118,2019-05-17,5,6,8,5,3937825,157513,1325000
108000119,2019-05-18,5,1,0,9,3854825,154193,1775000
108000120,2019-05-20,5,1,1,3,4255975,170239,2380000
108000121,2019-05-21,0,0,7,8,3972300,158892,1400000
108000122,2019-05-22,2,6,4,5,3951700,158068,4395000
108000123,2019-05-23,2,2,5,6,3832925,153317,4520000
108000124,2019-05-24,6,5,4,9,3930175,157207,2140000
108000125,2019-05-25,8,3,4,3,3886500,155460,1180000
108000126,2019-05-27,0,1,6,6,4133075,165323,1640000
108000127,2019-05-28,0,5,4,7,3810575,152423,590000
108000128,2019-05-29,3,5,5,2,3896125,155845,1560000
108000129,2019-05-30,9,6,9,4,3831725,153269,260000
108000130,2019-05-31,8,9,7,8,3970825,158833,2040000
108000131,2019-06-01,3,1,1,1,3694025,147761,4290000
108000132,2019-06-03,9,4,4,3,4161975,166479,415000
108000133,2019-06-04,9,2,6,1,3899600,155984,960000
108000134,2019-06-05,7,7,1,7,4034100,161364,1520000
108000135,2019-06-06,0,4,8,0,4071900,162876,1045000
108000136,2019-06-07,9,2,4,5,3825700,153028,13090000
108000137,2019-06-08,8,3,9,8,3800000,152000,1170000
108000138,2019-06-10,2,8,4,6,4111100,164444,1150000
108000139,2019-06-11,7,4,0,3,3669075,146763,780000
108000140,2019-06-12,7,1,2,8,3741225,149649,1950000
108000141,2019-06-13,5,6,3,1,3735500,149420,1350000
108000142,2019-06-14,5,9,1,2,3954850,158194,3790000
108000143,2019-06-15,6,4,4,3,3826050,153042,470000
108000144,2019-06-17,3,3,9,3,4155725,166229,5600000
108000145,2019-06-18,4,5,6,9,3813725,152549,3400000
108000146,2019-06-19,6,7,4,0,3833100,153324,345000
108000147,2019-06-20,0,4,5,2,3698725,147949,565000
108000148,2019-06-21,4,3,4,1,3804950,152198,360000
108000149,2019-06-22,4,9,0,8,3733725,149349,185000
108000150,2019-06-24,2,6,3,9,3943050,157722,1515000
108000151,2019-06-25,4,9,0,6,3625125,145005,690000
108000152,2019-06-26,0,3,1,8,3753625,150145,4115000
108000153,2019-06-27,3,9,3,5,3763800,150552,1160000
108000154,2019-06-28,9,6,5,1,3804375,152175,980000
108000155,2019-06-29,1,4,2,8,3681725,147269,1725000
108000156,2019-07-01,7,3,4,9,4054950,162198,980000
108000157,2019-07-02,4,9,6,5,3516025,140641,1515000
108000158,2019-07-03,7,3,9,0,3849400,153976,510000
108000159,2019-07-04,8,9,7,5,3781000,151240,1590000
108000160,2019-07-05,1,2,8,4,3908075,156323,675000
108000161,2019-07-06,5,1,3,8,3748250,149930,1355000
108000162,2019-07-08,3,4,3,4,4096500,163860,2105000
108000163,2019-07-09,6,0,8,6,3781475,151259,1265000
108000164,2019-07-10,2,6,5,8,3817425,152697,2975000
108000165,2019-07-11,6,0,1,6,3839825,153593,2905000
108000166,2019-07-12,2,3,1,3,3934100,157364,2005000
108000167,2019-07-13,0,3,4,1,3747600,149904,575000
108000168,2019-07-15,9,1,7,2,4228275,169131,2050000
108000169,2019-07-16,7,8,5,6,3744100,149764,2300000
108000170,2019-07-17,9,5,3,5,3800350,152014,1490000
108000171,2019-07-18,3,0,3,8,3758200,150328,1290000
108000172,2019-07-19,9,7,7,8,3706825,148273,1865000
108000173,2019-07-20,0,2,6,8,3678250,147130,1055000
108000174,2019-07-22,5,1,8,7,4084800,163392,1685000
108000175,2019-07-23,4,1,4,9,3680175,147207,650000
108000176,2019-07-24,4,5,4,0,3848950,153958,210000
108000177,2019-07-25,0,3,2,5,3878675,155147,2715000
108000178,2019-07-26,4,2,5,5,3789600,151584,1165000
108000179,2019-07-27,5,1,0,0,3564125,142565,1940000
108000180,2019-07-29,5,4,0,7,4096725,163869,645000
108000181,2019-07-30,6,0,4,3,3623650,144946,560000
108000182,2019-07-31,2,3,5,5,3829550,153182,1950000
108000183,2019-08-01,1,4,6,1,4000550,160022,655000
108000184,2019-08-02,4,8,7,5,3683625,147345,1055000
108000185,2019-08-03,0,0,4,1,3604575,144183,535000
108000186,2019-08-05,4,1,5,5,4215275,168611,2120000
108000187,2019-08-06,7,9,9,4,3816100,152644,335000
108000188,2019-08-07,7,9,8,0,3902125,156085,2180000
108000189,2019-08-08,5,6,2,9,4509250,180370,1390000
108000190,2019-08-09,9,1,1,6,3532150,141286,1270000
108000191,2019-08-10,3,0,3,5,3677225,147089,3880000
108000192,2019-08-12,6,1,6,9,4454575,178183,1810000
108000193,2019-08-13,0,8,4,4,3701425,148057,215000
108000194,2019-08-14,8,1,7,4,3853025,154121,1760000
108000195,2019-08-15,2,7,2,9,3725300,149012,6215000
108000196,2019-08-16,3,2,7,8,3823475,152939,2710000
108000197,2019-08-17,0,0,4,9,3616350,144654,510000
108000198,2019-08-19,7,8,6,4,4084550,163382,615000
108000199,2019-08-20,6,1,6,1,3737900,149516,2815000
108000200,2019-08-21,6,3,1,1,3872075,154883,1655000
108000201,2019-08-22,5,6,3,2,3883525,155341,1675000
108000202,2019-08-23,6,5,1,8,3899250,155970,1690000
108000203,2019-08-24,7,2,0,3,3494650,139786,980000
108000204,2019-08-26,6,0,7,1,4178025,167121,1805000
108000205,2019-08-27,3,7,6,9,3799925,151997,1490000
108000206,2019-08-28,1,7,1,0,3859975,154399,1565000
108000207,2019-08-29,6,4,6,8,3774800,150992,345000
108000208,2019-08-30,3,0,8,7,3769200,150768,2240000
108000209,2019-08-31,6,9,0,6,3669400,146776,2655000
108000210,2019-09-02,3,8,1,5,4069175,162767,1900000
108000211,2019-09-03,8,8,1,2,3651000,146040,2250000
108000212,2019-09-04,5,2,1,5,3710225,148409,1865000
108000213,2019-09-05,0,3,5,0,3722150,148886,1460000
108000214,2019-09-06,8,7,9,3,4015675,160627,2200000
108000215,2019-09-07,9,1,5,6,3822275,152891,2215000
108000216,2019-09-09,0,3,1,2,4311975,172479,3440000
108000217,2019-09-10,1,9,8,1,3956050,158242,3000000
108000218,2019-09-11,4,4,5,4,4013775,160551,605000
108000219,2019-09-12,5,2,8,4,3985900,159436,1295000
108000220,2019-09-13,3,2,5,9,3794875,151795,3865000
108000221,2019-09-14,9,0,9,9,3606350,144254,1330000
108000222,2019-09-16,8,0,4,6,4208525,168341,785000
108000223,2019-09-17,7,2,2,4,3780425,151217,530000
108000224,2019-09-18,4,3,7,4,3863125,154525,425000
108000225,2019-09-19,2,3,0,2,3757075,150283,1050000
108000226,2019-09-20,3,5,7,2,3775925,151037,1510000
108000227,2019-09-21,7,6,0,9,3703400,148136,725000
108000228,2019-09-23,4,9,0,4,4018550,160742,385000
108000229,2019-09-24,5,9,5,3,3831775,153271,1235000
108000230,2019-09-25,4,1,7,6,3864900,154596,675000
108000231,2019-09-26,6,1,6,9,3627675,145107,1845000
108000232,2019-09-27,1,3,1,7,3828050,153122,1820000
108000233,2019-09-28,4,4,5,1,3613425,144537,690000
108000234,2019-09-30,8,1,7,1,3830275,153211,1105000
108000235,2019-10-01,8,6,9,1,3888000,155520,1785000
108000236,2019-10-02,9,4,7,5,3920075,156803,430000
108000237,2019-10-03,8,8,0,6,3700475,148019,1565000
108000238,2019-10-04,6,2,4,8,3931725,157269,1795000
108000239,2019-10-05,3,3,7,2,4060125,162405,1940000
108000240,2019-10-07,9,1,2,6,4372675,174907,1240000
108000241,2019-10-08,8,5,3,8,3907875,156315,1660000
108000242,2019-10-09,7,3,0,0,4017625,160705,2080000
108000243,2019-10-10,4,3,6,0,3836125,153445,355000
108000244,2019-10-11,2,0,4,3,3737075,149483,1425000
108000245,2019-10-12,9,7,4,7,3693775,147751,585000
108000246,2019-10-14,9,2,7,7,4057575,162303,1510000
108000247,2019-10-15,2,3,6,6,3855925,154237,3450000
108000248,2019-10-16,6,4,3,6,3862725,154509,1215000
108000249,2019-10-17,4,7,7,1,3828100,153124,865000
108000250,2019-10-18,7,4,2,0,4021000,160840,795000
108000251,2019-10-19,0,9,6,4,3669325,146773,265000
108000252,2019-10-21,7,7,9,4,4163575,166543,450000
108000253,2019-10-22,8,8,1,6,3807150,152286,3725000
108000254,2019-10-23,1,7,5,4,3958825,158353,535000
108000255,2019-10-24,5,5,1,1,3836025,153441,3860000
108000256,2019-10-25,2,4,2,7,4032975,161319,695000
108000257,2019-10-26,5,3,7,4,3804700,152188,650000
108000258,2019-10-28,6,7,4,9,4256525,170261,820000
108000259,2019-10-29,1,1,4,3,3799625,151985,1090000
108000260,2019-10-30,0,2,5,4,3839800,153592,830000
108000261,2019-10-31,0,0,5,1,3765000,150600,1530000
108000262,2019-11-01,7,6,6,7,3997375,159895,1195000
108000263,2019-11-02,3,1,6,6,3754475,150179,1565000
108000264,2019-11-04,6,4,2,8,4285175,171407,1895000
108000265,2019-11-05,9,1,6,4,4074800,162992,625000
108000266,2019-11-06,9,0,9,9,4095800,163832,1955000
108000267,2019-11-07,9,8,9,9,3996200,159848,2715000
108000268,2019-11-08,4,8,7,1,4303675,172147,800000
108000269,2019-11-09,3,0,1,8,4115125,164605,1175000
108000270,2019-11-11,8,1,3,4,4729025,189161,1305000
108000271,2019-11-12,5,2,2,8,4122900,164916,3055000
108000272,2019-11-13,8,4,4,6,4157100,166284,310000
108000273,2019-11-14,3,8,6,8,3929425,157177,2030000
108000274,2019-11-15,4,7,2,6,4188150,167526,865000
108000275,2019-11-16,9,9,8,6,3995700,159828,1035000
108000276,2019-11-18,9,8,8,6,4339975,173599,4045000
108000277,2019-11-19,6,3,1,5,4005675,160227,2295000
108000278,2019-11-20,2,3,6,3,4088125,163525,2395000
108000279,2019-11-21,2,1,6,0,3941950,157678,2365000
108000280,2019-11-22,3,1,4,2,4170700,166828,2190000
108000281,2019-11-23,6,1,0,0,4059525,162381,1090000
108000282,2019-11-25,2,4,0,6,4411900,176476,635000
108000283,2019-11-26,8,9,1,7,4046175,161847,2250000
108000284,2019-11-27,7,1,3,9,3961375,158455,3185000
108000285,2019-11-28,1,2,1,3,3923950,156958,6485000
108000286,2019-11-29,5,6,6,6,4234450,169378,2445000
108000287,2019-11-30,8,3,8,7,3997775,159911,805000
108000288,2019-12-02,7,8,7,4,4444750,177790,605000
108000289,2019-12-03,7,9,5,3,3955200,158208,1165000
108000290,2019-12-04,8,3,0,5,4010050,160402,855000
108000291,2019-12-05,2,2,9,3,3614625,144585,1325000
108000292,2019-12-06,8,0,8,7,3816000,152640,1320000
108000293,2019-12-07,2,2,7,1,3950050,158002,1400000
108000294,2019-12-09,9,4,8,5,4561125,182445,2160000
108000295,2019-12-10,1,3,3,6,4238125,169525,1955000
108000296,2019-12-11,6,4,9,2,4354500,174180,590000
108000297,2019-12-12,3,7,3,4,4287125,171485,1560000
108000298,2019-12-13,9,3,3,0,4381725,175269,1010000
108000299,2019-12-14,0,2,4,5,4195175,167807,525000
108000300,2019-12-16,8,1,9,2,4553925,182157,1905000
108000301,2019-12-17,2,4,6,6,4196750,167870,1030000
108000302,2019-12-18,1,2,9,1,4177100,167084,2945000
108000303,2019-12-19,1,4,3,2,4080200,163208,2960000
108000304,2019-12-20,8,6,8,5,4272600,170904,2095000
108000305,2019-12-21,0,7,2,1,4176150,167046,7990000
108000306,2019-12-23,4,3,6,8,4592100,183684,3645000
108000307,2019-12-24,4,1,6,0,4316050,172642,990000
108000308,2019-12-25,6,4,3,9,4428675,177147,945000
108000309,2019-12-26,9,3,1,4,4225050,169002,540000
108000310,2019-12-27,9,2,8,2,4247900,169916,1545000
108000311,2019-12-28,2,4,7,1,4163325,166533,965000
108000312,2019-12-30,6,6,0,7,4239075,169563,1025000
108000313,2019-12-31,9,4,9,3,4575600,183024,560000
109000001,2020-01-01,2,9,3,1,4118150,164726,3320000
109000002,2020-01-02,8,6,8,0,4198075,167923,1050000
109000003,2020-01-03,8,7,8,9,4335175,173407,2745000
109000004,2020-01-04,4,1,4,0,4283925,171357,1085000
109000005,2020-01-06,8,5,2,7,4754350,190174,2540000
109000006,2020-01-07,4,4,1,0,4325850,173034,940000
109000007,2020-01-08,3,1,2,4,4441700,177668,2965000
109000008,2020-01-09,9,2,3,5,4412550,176502,1110000
109000009,2020-01-10,0,6,7,1,4832475,193299,1330000
109000010,2020-01-11,1,0,3,2,4772175,190887,2920000
109000011,2020-01-13,9,3,6,0,4963600,198544,980000
109000012,2020-01-14,3,2,0,1,4391675,175667,3680000
109000013,2020-01-15,6,5,6,0,4665675,186627,675000
109000014,2020-01-16,8,1,1,6,4539275,181571,2410000
109000015,2020-01-17,9,5,8,2,4639225,185569,1530000
109000016,2020-01-18,0,9,7,9,4503350,180134,1410000
109000017,2020-01-20,7,5,3,1,5105750,204230,1970000
109000018,2020-01-21,5,7,9,0,4672450,186898,1780000
109000019,2020-01-22,6,1,4,8,4876500,195060,865000
109000020,2020-01-23,5,2,5,9,4628175,185127,1855000
109000021,2020-01-24,7,8,8,1,4546300,181852,3300000
109000022,2020-01-25,7,0,6,3,4495275,179811,2240000
109000023,2020-01-27,9,7,2,8,5264100,210564,1220000
109000024,2020-01-28,7,8,7,2,4316450,172658,2510000
109000025,2020-01-29,6,2,8,4,4340325,173613,2995000
109000026,2020-01-30,0,9,4,1,4404225,176169,985000
109000027,2020-01-31,5,5,6,6,4542650,181706,8865000
109000028,2020-02-01,8,4,6,1,4470775,178831,445000
109000029,2020-02-03,7,4,7,4,5118400,204736,2475000
109000030,2020-02-04,5,9,0,5,4420425,176817,4140000
109000031,2020-02-05,9,9,3,0,4457375,178295,1260000
109000032,2020-02-06,0,3,2,6,4424300,176972,3895000
109000033,2020-02-07,4,5,9,6,4540900,181636,655000
109000034,2020-02-08,0,9,1,6,4438400,177536,6850000
109000035,2020-02-10,8,7,3,7,4934625,197385,1185000
109000036,2020-02-11,9,0,0,8,4525000,181000,1390000
109000037,2020-02-12,8,6,6,2,4616975,184679,1625000
109000038,2020-02-13,0,0,3,6,4445650,177826,1845000
109000039,2020-02-14,6,3,5,0,4610950,184438,1895000
109000040,2020-02-15,8,6,6,7,4580575,183223,1590000
109000041,2020-02-17,5,0,5,3,4642900,185716,2120000
109000042,2020-02-18,6,3,4,7,4240175,169607,850000
109000043,2020-02-19,0,0,3,4,4413600,176544,1095000
109000044,2020-02-20,8,8,9,0,4411100,176444,1670000
109000045,2020-02-21,3,4,7,2,4429425,177177,1475000
109000046,2020-02-22,8,0,6,4,4297175,171887,450000
109000047,2020-02-24,1,2,4,4,4718975,188759,1060000
109000048,2020-02-25,6,5,1,3,4277250,171090,4915000
109000049,2020-02-26,4,8,4,5,4360825,174433,745000
109000050,2020-02-27,4,6,4,6,4341100,173644,2105000
109000051,2020-02-28,9,4,8,1,4302375,172095,320000
109000052,2020-02-29,2,5,2,3,4230200,169208,2860000
109000053,2020-03-02,1,0,6,8,4569000,182760,2770000
109000054,2020-03-03,5,9,7,6,4238325,169533,1010000
109000055,2020-03-04,5,4,3,7,4255200,170208,1535000
109000056,2020-03-05,7,4,9,0,4267900,170716,1580000
109000057,2020-03-06,9,5,7,7,4445450,177818,1605000
109000058,2020-03-07,2,8,9,5,4379350,175174,2440000
109000059,2020-03-09,9,9,3,8,4772300,190892,1785000
109000060,2020-03-10,4,6,7,8,4315500,172620,1170000
109000061,2020-03-11,1,1,8,3,4454300,178172,2760000
109000062,2020-03-12,8,8,4,8,4352375,174095,575000
109000063,2020-03-13,9,2,2,4,4309225,172369,635000
109000064,2020-03-14,0,8,2,1,4102775,164111,5875000
109000065,2020-03-16,5,7,1,0,4735475,189419,1875000
109000066,2020-03-17,9,0,3,5,4275475,171019,1220000
109000067,2020-03-18,7,1,6,7,4254950,170198,1485000
109000068,2020-03-19,1,1,1,4,4045475,161819,3845000
109000069,2020-03-20,1,0,7,1,4303025,172121,2670000
109000070,2020-03-21,7,1,4,1,4203725,168149,1040000
109000071,2020-03-23,6,4,9,5,4761850,190474,990000
109000072,2020-03-24,7,3,5,4,4193525,167741,1720000
109000073,2020-03-25,7,5,1,2,4263425,170537,1675000
109000074,2020-03-26,3,6,2,3,4152250,166090,4125000
109000075,2020-03-27,9,6,0,2,4183225,167329,1375000
109000076,2020-03-28,1,8,9,7,3965675,158627,2035000
109000077,2020-03-30,0,6,8,7,4482725,179309,1385000
109000078,2020-03-31,6,9,0,9,4268125,170725,1075000
109000079,2020-04-01,4,3,4,0,4368425,174737,690000
109000080,2020-04-02,6,4,2,1,3946075,157843,600000
109000081,2020-04-03,3,7,4,9,4003450,160138,1515000
109000082,2020-04-04,9,6,4,6,3887600,155504,515000
109000083,2020-04-06,5,9,0,3,4232400,169296,1010000
109000084,2020-04-07,9,1,1,4,4179550,167182,800000
109000085,2020-04-08,2,5,2,9,4139175,165567,2450000
109000086,2020-04-09,2,2,6,5,4110250,164410,1270000
109000087,2020-04-10,2,8,3,9,4333575,173343,2145000
109000088,2020-04-11,1,6,8,8,4132175,165287,10730000
109000089,2020-04-13,3,5,1,6,4582650,183306,1525000
109000090,2020-04-14,5,7,1,9,4317600,172704,1685000
109000091,2020-04-15,6,4,3,2,4388550,175542,1425000
109000092,2020-04-16,6,1,9,6,4232325,169293,2060000
109000093,2020-04-17,4,5,2,2,4379250,175170,855000
109000094,2020-04-18,9,5,9,6,4051650,162066,800000
109000095,2020-04-20,1,5,7,8,4430125,177205,32735000
109000096,2020-04-21,7,0,2,7,4287325,171493,1125000
109000097,2020-04-22,0,2,8,2,4155800,166232,1665000
109000098,2020-04-23,6,2,9,8,4020325,160813,4165000
109000099,2020-04-24,2,8,3,3,4329975,173199,4515000
109000100,2020-04-25,2,3,9,6,4166125,166645,2295000
109000101,2020-04-27,6,5,5,7,4435775,177431,1960000
109000102,2020-04-28,6,6,1,1,4174675,166987,2995000
109000103,2020-04-29,5,1,3,5,4114200,164568,1480000
109000104,2020-04-30,7,1,8,2,4224325,168973,2690000
109000105,2020-05-01,5,5,1,9,4292750,171710,2195000
109000106,2020-05-02,1,9,0,1,4018775,160751,1765000
109000107,2020-05-04,3,0,1,2,4355150,174206,5540000
109000108,2020-05-05,1,6,0,6,4413550,176542,2220000
109000109,2020-05-06,8,8,8,4,4341250,173650,855000
109000110,2020-05-07,4,2,6,9,4220500,168820,3205000
109000111,2020-05-08,8,3,3,4,4377925,175117,1195000
109000112,2020-05-09,0,5,1,2,4265350,170614,6110000
109000113,2020-05-11,9,7,2,9,4756350,190254,2025000
109000114,2020-05-12,7,0,6,1,4320750,172830,4420000
109000115,2020-05-13,9,5,8,6,4502975,180119,1650000
109000116,2020-05-14,3,7,9,5,4320975,172839,3040000
109000117,2020-05-15,0,0,8,0,4500175,180007,5515000
109000118,2020-05-16,6,8,5,1,4331825,173273,1865000
109000119,2020-05-18,4,3,3,2,4572900,182916,1095000
109000120,2020-05-19,9,1,8,4,4166200,166648,705000
109000121,2020-05-20,9,1,4,6,4727925,189117,2405000
109000122,2020-05-21,2,2,8,0,3936425,157457,5215000
109000123,2020-05-22,4,4,4,2,3857500,154300,1325000
109000124,2020-05-23,0,2,0,0,4239875,169595,1575000
109000125,2020-05-25,1,2,3,9,4772150,190886,2225000
109000126,2020-05-26,0,1,3,8,4282450,171298,6715000
109000127,2020-05-27,1,3,3,8,4112325,164493,5340000
109000128,2020-05-28,4,0,7,8,4219050,168762,215000
109000129,2020-05-29,0,2,7,8,4327825,173113,1355000
109000130,2020-05-30,9,7,1,4,4242000,169680,600000
109000131,2020-06-01,0,2,9,1,4592125,183685,2225000
109000132,2020-06-02,5,7,8,2,4170925,166837,1225000
109000133,2020-06-03,8,6,2,5,4208350,168334,3310000
109000134,2020-06-04,5,1,6,9,4221900,168876,1095000
109000135,2020-06-05,7,2,0,7,4394850,175794,955000
109000136,2020-06-06,1,5,7,6,4624025,184961,1140000
109000137,2020-06-08,3,4,9,5,4587425,183497,590000
109000138,2020-06-09,5,6,6,3,4175700,167028,1180000
109000139,2020-06-10,4,2,3,9,4290300,171612,1545000
109000140,2020-06-11,9,7,4,7,4265800,170632,1035000
109000141,2020-06-12,6,5,5,9,4245000,169800,1740000
109000142,2020-06-13,7,6,2,4,4115750,164630,685000
109000143,2020-06-15,5,5,9,7,4470550,178822,1540000
109000144,2020-06-16,2,4,2,2,4116625,164665,945000
109000145,2020-06-17,2,6,8,8,4103600,164144,3990000
109000146,2020-06-18,4,8,1,9,4169825,166793,1130000
109000147,2020-06-19,0,9,6,8,4201675,168067,3185000
109000148,2020-06-20,9,0,8,6,4315075,172603,4285000
109000149,2020-06-22,4,3,2,3,4604350,184174,1130000
109000150,2020-06-23,0,6,1,4,4110325,164413,4400000
109000151,2020-06-24,7,1,7,2,4228425,169137,2025000
109000152,2020-06-25,7,8,0,5,4042025,161681,1685000
109000153,2020-06-26,4,8,7,8,3801500,152060,1370000
109000154,2020-06-27,5,6,2,8,3899725,155989,2095000
109000155,2020-06-29,2,3,1,5,4460625,178425,2010000
109000156,2020-06-30,3,4,3,3,4062525,162501,2620000
109000157,2020-07-01,3,1,1,6,4068650,162746,5735000
109000158,2020-07-02,5,9,2,3,3987850,159514,1110000
109000159,2020-07-03,8,3,1,2,4229950,169198,1900000
109000160,2020-07-04,0,2,5,7,4142675,165707,1035000
109000161,2020-07-06,0,9,1,4,4666300,186652,6350000
109000162,2020-07-07,5,9,7,1,4163425,166537,2620000
109000163,2020-07-08,2,9,6,4,4260600,170424,1185000
109000164,2020-07-09,9,3,5,9,4340400,173616,1765000
109000165,2020-07-10,5,2,7,5,4259175,170367,1840000
109000166,2020-07-11,8,9,8,0,4087250,163490,885000
109000167,2020-07-13,2,4,5,9,4603425,184137,375000
109000168,2020-07-14,7,5,6,2,3980825,159233,805000
109000169,2020-07-15,7,7,0,9,4066625,162665,995000
109000170,2020-07-16,7,7,7,3,4282200,171288,2290000
109000171,2020-07-17,2,8,2,5,4055350,162214,1550000
109000172,2020-07-18,0,4,5,1,4008900,160356,530000
109000173,2020-07-20,2,0,7,6,4670925,186837,2035000
109000174,2020-07-21,9,1,4,5,3976975,159079,1025000
109000175,2020-07-22,3,3,2,0,4117750,164710,2190000
109000176,2020-07-23,6,9,9,1,4454625,178185,2385000
109000177,2020-07-24,7,3,8,7,4102200,164088,1230000
109000178,2020-07-25,7,3,9,3,3992650,159706,990000
109000179,2020-07-27,3,1,4,3,4883050,195322,1345000
109000180,2020-07-28,3,5,1,4,3972350,158894,420000
109000181,2020-07-29,1,8,4,7,4141925,165677,1555000
109000182,2020-07-30,2,6,3,6,4142550,165702,2875000
109000183,2020-07-31,4,6,8,2,4702650,188106,2550000
109000184,2020-08-01,7,1,1,0,4372725,174909,1515000
109000185,2020-08-03,0,2,0,4,4444725,177789,4095000
109000186,2020-08-04,4,2,8,8,4190475,167619,810000
109000187,2020-08-05,0,2,3,9,4580400,183216,1595000
109000188,2020-08-06,5,6,3,9,4434225,177369,1820000
109000189,2020-08-07,1,0,3,3,4530100,181204,3325000
109000190,2020-08-08,7,4,7,6,4761750,190470,445000
109000191,2020-08-10,3,6,5,7,4769575,190783,1350000
109000192,2020-08-11,4,7,5,0,4331175,173247,1325000
109000193,2020-08-12,7,0,5,4,4420350,176814,470000
109000194,2020-08-13,3,5,7,1,4440875,177635,2660000
109000195,2020-08-14,0,9,7,8,4619425,184777,2580000
109000196,2020-08-15,1,1,4,7,4441350,177654,610000
109000197,2020-08-17,8,1,6,8,4914225,196569,6660000
109000198,2020-08-18,7,8,9,2,4405250,176210,2110000
109000199,2020-08-19,1,6,9,1,4483200,179328,2240000
109000200,2020-08-20,1,1,3,1,4443250,177730,6765000
109000201,2020-08-21,6,8,5,3,4425875,177035,1230000
109000202,2020-08-22,1,4,9,0,4241925,169677,725000
109000203,2020-08-24,1,2,5,5,4713925,188557,1355000
109000204,2020-08-25,6,9,7,4,4498350,179934,960000
109000205,2020-08-26,4,8,1,4,4119050,164762,955000
109000206,2020-08-27,5,4,8,0,3853850,154154,800000
109000207,2020-08-28,0,9,7,6,4243450,169738,1465000
109000208,2020-08-29,6,7,2,7,4102150,164086,1965000
109000209,2020-08-31,9,4,9,8,4551175,182047,790000
109000210,2020-09-01,0,7,1,2,4233375,169335,6290000
109000211,2020-09-02,1,9,9,5,4325850,173034,7370000
109000212,2020-09-03,8,9,3,2,4066650,162666,1475000
109000213,2020-09-04,2,9,0,2,4360750,174430,2500000
109000214,2020-09-05,0,5,1,7,4349325,173973,3740000
109000215,2020-09-07,9,7,2,1,4685525,187421,3025000
109000216,2020-09-08,3,4,5,0,4372475,174899,775000
109000217,2020-09-09,8,0,4,1,4346150,173846,1125000
109000218,2020-09-10,3,7,2,0,4305850,172234,2225000
109000219,2020-09-11,6,4,5,7,4533700,181348,2145000
109000220,2020-09-12,6,9,2,1,4176600,167064,2115000
109000221,2020-09-14,9,3,5,8,4672100,186884,1210000
109000222,2020-09-15,8,5,8,2,4238025,169521,1940000
109000223,2020-09-16,7,1,9,4,4328725,173149,1590000
109000224,2020-09-17,1,7,9,4,4269975,170799,2010000
109000225,2020-09-18,6,9,2,3,4428150,177126,1115000
109000226,2020-09-19,9,0,9,3,4218525,168741,1420000
109000227,2020-09-21,3,5,3,3,4675350,187014,1960000
109000228,2020-09-22,1,9,0,3,4262500,170500,1770000
109000229,2020-09-23,5,3,0,7,4231425,169257,1175000
109000230,2020-09-24,1,5,3,7,4057850,162314,2260000
109000231,2020-09-25,5,3,3,9,4393475,175739,2510000
109000232,2020-09-26,8,3,8,9,4355350,174214,2385000
109000233,2020-09-28,7,6,3,8,4505150,180206,2100000
109000234,2020-09-29,3,5,2,2,4361625,174465,875000
109000235,2020-09-30,9,4,9,6,4415275,176611,685000
109000236,2020-10-01,9,9,1,9,4030925,161237,2440000
109000237,2020-10-02,7,1,0,3,3916175,156647,1695000
109000238,2020-10-03,0,5,4,4,3989175,159567,250000
109000239,2020-10-05,6,2,4,1,4551350,182054,1010000
109000240,2020-10-06,7,0,0,8,4325775,173031,1715000
109000241,2020-10-07,8,6,3,9,4270450,170818,1760000
109000242,2020-10-08,7,3,6,8,4269175,170767,2035000
109000243,2020-10-09,9,6,4,8,4319675,172787,680000
109000244,2020-10-10,6,3,5,6,4400250,176010,2210000
109000245,2020-10-12,4,4,7,3,4579400,183176,940000
109000246,2020-10-13,0,7,6,0,4185675,167427,1315000
109000247,2020-10-14,3,4,4,1,4196525,167861,1185000
109000248,2020-10-15,1,0,3,9,4245050,169802,1995000
109000249,2020-10-16,6,3,9,1,4364475,174579,1475000
109000250,2020-10-17,3,8,6,2,4298400,171936,11245000
109000251,2020-10-19,3,8,2,3,4805825,192233,1845000
109000252,2020-10-20,2,3,9,4,4384550,175382,1165000
109000253,2020-10-21,8,2,4,2,4244675,169787,885000
109000254,2020-10-22,8,1,8,7,4130400,165216,1020000
109000255,2020-10-23,7,2,0,2,4256750,170270,1820000
109000256,2020-10-24,3,9,4,1,4240625,169625,1475000
109000257,2020-10-26,6,0,2,4,4577325,183093,635000
109000258,2020-10-27,0,1,2,5,4250600,170024,7310000
109000259,2020-10-28,1,9,4,8,4315075,172603,1125000
109000260,2020-10-29,5,5,0,1,4258950,170358,1365000
109000261,2020-10-30,9,4,4,6,4327175,173087,680000
109000262,2020-10-31,3,5,2,6,4242975,169719,2975000
109000263,2020-11-02,3,0,9,4,4622125,184885,915000
109000264,2020-11-03,3,5,6,5,4224425,168977,2880000
109000265,2020-11-04,2,6,5,0,4248400,169936,5710000
109000266,2020-11-05,9,2,0,6,4287225,171489,1595000
109000267,2020-11-06,1,3,1,9,4304025,172161,4050000
109000268,2020-11-07,2,3,8,1,4335875,173435,2440000
109000269,2020-11-09,4,5,1,2,4575000,183000,820000
109000270,2020-11-10,5,1,8,6,4372825,174913,5045000
109000271,2020-11-11,9,3,0,1,4595075,183803,2050000
109000272,2020-11-12,7,2,4,5,4367800,174712,990000
109000273,2020-11-13,7,9,3,3,4224000,168960,1160000
109000274,2020-11-14,6,6,7,5,4322500,172900,1715000
109000275,2020-11-16,6,8,3,5,4704525,188181,3545000
109000276,2020-11-17,3,6,3,4,4341050,173642,430000
109000277,2020-11-18,3,7,0,9,4419025,176761,1365000
109000278,2020-11-19,6,6,7,7,4312775,172511,1565000
109000279,2020-11-20,9,8,8,9,4460925,178437,4940000
109000280,2020-11-21,5,6,6,8,4418500,176740,3355000
109000281,2020-11-23,8,1,4,1,4757725,190309,925000
109000282,2020-11-24,4,8,9,1,4277275,171091,740000
109000283,2020-11-25,5,1,3,1,4368875,174755,1895000
109000284,2020-11-26,0,0,0,5,4319025,172761,1605000
109000285,2020-11-27,1,3,2,7,4313925,172557,6160000
109000286,2020-11-28,0,2,9,1,4214175,168567,2115000
109000287,2020-11-30,3,7,4,4,4629200,185168,1365000
109000288,2020-12-01,3,2,4,4,4200400,168016,580000
109000289,2020-12-02,1,3,0,7,4342225,173689,2125000
109000290,2020-12-03,3,6,0,0,4124150,164966,2235000
109000291,2020-12-04,2,6,8,4,4407000,176280,2485000
109000292,2020-12-05,9,6,6,0,4388775,175551,1215000
109000293,2020-12-07,5,3,3,8,4796550,191862,2505000
109000294,2020-12-08,7,3,9,0,4467725,178709,1045000
109000295,2020-12-09,9,1,4,8,4270350,170814,900000
109000296,2020-12-10,5,1,5,2,4432525,177301,1550000
109000297,2020-12-11,3,2,8,1,4755875,190235,2540000
109000298,2020-12-12,2,4,5,5,4532275,181291,465000
109000299,2020-12-14,0,9,4,0,4805475,192219,300000
109000300,2020-12-15,6,5,8,6,4257075,170283,3155000
109000301,2020-12-16,9,4,1,0,4284525,171381,850000
109000302,2020-12-17,0,1,0,7,4352075,174083,3905000
109000303,2020-12-18,1,6,1,7,4454100,178164,3560000
109000304,2020-12-19,9,1,3,7,4343025,173721,1815000
109000305,2020-12-21,2,4,6,3,4686075,187443,600000
109000306,2020-12-22,2,7,5,7,4408650,176346,3185000
109000307,2020-12-23,2,2,7,7,4223875,168955,4945000
109000308,2020-12-24,6,3,8,0,4503625,180145,1795000
109000309,2020-12-25,6,2,5,1,4610875,184435,2570000
109000310,2020-12-26,0,3,8,2,4537000,181480,1370000
109000311,2020-12-28,1,2,6,0,4783500,191340,3195000
109000312,2020-12-29,9,9,9,5,4614400,184576,3320000
109000313,2020-12-30,8,1,9,6,4467575,178703,1570000
109000314,2020-12-31,0,7,3,0,4744550,189782,2435000
110000001,2021-01-01,5,7,0,8,4314400,172576,1795000
110000002,2021-01-02,8,0,8,5,4285350,171414,1650000
110000003,2021-01-04,3,0,9,0,4833625,193345,2295000
110000004,2021-01-05,3,7,9,2,4484125,179365,2390000
110000005,2021-01-06,8,0,5,5,4556975,182279,4030000
110000006,2021-01-07,1,0,6,2,4296750,171870,2135000
110000007,2021-01-08,7,5,3,4,4374150,174966,470000
110000008,2021-01-09,2,3,9,2,4404725,176189,1580000
110000009,2021-01-11,3,7,9,7,4778575,191143,2670000
110000010,2021-01-12,0,7,1,2,4463775,178551,4640000
110000011,2021-01-13,8,8,7,0,4641800,185672,1340000
110000012,2021-01-14,8,5,2,3,4527975,181119,2215000
110000013,2021-01-15,9,1,8,3,4690575,187623,2110000
110000014,2021-01-16,9,8,1,1,4636850,185474,2505000
110000015,2021-01-18,0,5,7,6,5037600,201504,1750000
110000016,2021-01-19,2,6,6,0,4518200,180728,1270000
110000017,2021-01-20,8,7,4,6,4559050,182362,465000
110000018,2021-01-21,8,5,1,5,4453850,178154,1545000
110000019,2021-01-22,3,7,4,0,4531600,181264,1050000
110000020,2021-01-23,4,4,9,1,4492225,179689,1050000
110000021,2021-01-25,9,5,3,7,4900750,196030,3215000
110000022,2021-01-26,9,0,4,8,4420150,176806,1420000
110000023,2021-01-27,9,0,8,8,4514900,180596,1825000
110000024,2021-01-28,1,3,7,8,4440625,177625,2280000
110000025,2021-01-29,4,2,0,7,4595650,183826,930000
110000026,2021-01-30,2,9,7,5,4501975,180079,1335000
110000027,2021-02-01,9,8,9,7,5018575,200743,2585000
110000028,2021-02-02,6,9,7,0,4640550,185622,2000000
110000029,2021-02-03,7,6,1,0,4609350,184374,1295000
110000030,2021-02-04,5,3,6,5,4573275,182931,1875000
110000031,2021-02-05,6,7,7,7,4823300,192932,2325000
110000032,2021-02-06,2,1,0,4,4778150,191126,1670000
110000033,2021-02-08,7,6,1,4,5320075,212803,615000
110000034,2021-02-09,4,3,4,5,4941175,197647,1005000
110000035,2021-02-10,8,9,7,1,4743975,189759,2695000
110000036,2021-02-11,1,8,4,2,4676400,187056,1210000
110000037,2021-02-12,2,7,0,4,4881100,195244,855000
110000038,2021-02-13,6,4,2,8,4804975,192199,5845000
110000039,2021-02-15,5,9,8,3,6050175,242007,2760000
110000040,2021-02-16,1,8,1,8,4968100,198724,11900000
110000041,2021-02-17,3,1,7,9,4955025,198201,2205000
110000042,2021-02-18,4,2,9,3,4934450,197378,1140000
110000043,2021-02-19,8,2,7,4,5087125,203485,1230000
110000044,2021-02-20,2,8,5,1,4991125,199645,2520000
110000045,2021-02-22,3,2,1,8,5518925,220757,3295000
110000046,2021-02-23,5,2,6,6,4849575,193983,1925000
110000047,2021-02-24,7,4,9,1,4889725,195589,2200000
110000048,2021-02-25,6,5,9,6,4862975,194519,1145000
110000049,2021-02-26,4,1,7,8,4915375,196615,6135000
110000050,2021-02-27,5,7,3,9,4747725,189909,3075000
110000051,2021-03-01,3,0,4,4,5011175,200447,1300000
110000052,2021-03-02,3,8,5,2,4551925,182077,1895000
110000053,2021-03-03,4,5,4,3,4776350,191054,1710000
110000054,2021-03-04,9,3,2,9,4712050,188482,3065000
110000055,2021-03-05,2,3,1,3,4822575,192903,2540000
110000056,2021-03-06,9,7,4,1,4662175,186487,1175000
110000057,2021-03-08,6,4,2,5,5267975,210719,1260000
110000058,2021-03-09,8,1,8,3,4801900,192076,3580000
110000059,2021-03-10,6,3,8,2,4861200,194448,2330000
110000060,2021-03-11,9,0,1,3,4853675,194147,2600000
110000061,2021-03-12,8,7,4,0,4940575,197623,460000
110000062,2021-03-13,7,4,4,7,4711625,188465,2160000
110000063,2021-03-15,2,3,6,9,5297200,211888,4040000
110000064,2021-03-16,1,5,0,3,4780725,191229,6165000
110000065,2021-03-17,8,6,5,1,4778425,191137,2680000
110000066,2021-03-18,5,2,8,4,4706025,188241,885000
110000067,2021-03-19,7,3,7,0,4762150,190486,1345000
110000068,2021-03-20,2,8,2,7,4608625,184345,2205000
110000069,2021-03-22,5,9,4,5,4763525,190541,865000
110000070,2021-03-23,2,9,2,3,4516025,180641,2430000
110000071,2021-03-24,8,3,6,5,4500725,180029,2355000
110000072,2021-03-25,8,0,1,4,4552425,182097,1365000
110000073,2021-03-26,9,2,7,0,4665350,186614,1785000
110000074,2021-03-27,5,5,9,9,4563275,182531,1550000
110000075,2021-03-29,2,7,8,5,4917350,196694,2620000
110000076,2021-03-30,7,4,5,4,4545300,181812,270000
110000077,2021-03-31,1,6,6,3,4705475,188219,1155000
110000078,2021-04-01,1,9,6,5,4669300,186772,4635000
110000079,2021-04-02,6,1,8,2,4616800,184672,2025000
110000080,2021-04-03,3,5,5,9,4560950,182438,1500000
110000081,2021-04-05,2,5,0,5,4676375,187055,1365000
110000082,2021-04-06,1,9,1,7,4547500,181900,2545000
110000083,2021-04-07,9,6,0,8,4659275,186371,1330000
110000084,2021-04-08,6,1,1,4,4460575,178423,665000
110000085,2021-04-09,6,6,3,5,4641450,185658,2485000
110000086,2021-04-10,6,5,3,7,4534500,181380,2150000
110000087,2021-04-12,2,5,9,5,4982175,199287,1455000
110000088,2021-04-13,2,3,6,1,4682975,187319,3255000
110000089,2021-04-14,7,1,8,5,4653100,186124,2325000
110000090,2021-04-15,8,2,8,7,4631425,185257,2390000
110000091,2021-04-16,4,6,8,4,4727600,189104,500000
110000092,2021-04-17,7,9,3,8,4482350,179294,1930000
110000093,2021-04-19,0,8,9,9,4963350,198534,1470000
110000094,2021-04-20,4,6,4,6,4499625,179985,1365000
110000095,2021-04-21,8,5,0,1,4590250,183610,2625000
110000096,2021-04-22,2,7,6,1,4489850,179594,930000
110000097,2021-04-23,6,8,0,4,4548950,181958,1010000
110000098,2021-04-24,2,3,4,8,4440100,177604,1070000
110000099,2021-04-26,8,4,6,9,4870725,194829,1100000
110000100,2021-04-27,2,0,4,0,4473850,178954,1445000
110000101,2021-04-28,2,8,6,3,4256950,170278,1890000
110000102,2021-04-29,6,2,6,5,4373400,174936,1655000
110000103,2021-04-30,6,4,6,3,4403300,176132,740000
110000104,2021-05-01,2,0,4,7,4419350,176774,1130000
110000105,2021-05-03,4,7,3,4,4769850,190794,570000
110000106,2021-05-04,7,2,6,5,4406375,176255,930000
110000107,2021-05-05,8,2,8,8,4459400,178376,3170000
110000108,2021-05-06,1,6,2,5,4435925,177437,2580000
110000109,2021-05-07,7,3,6,9,4692450,187698,1880000
110000110,2021-05-08,0,8,9,8,4451850,178074,1175000
110000111,2021-05-10,4,5,1,5,4836050,193442,820000
110000112,2021-05-11,2,6,6,4,4458575,178343,995000
110000113,2021-05-12,1,4,9,9,4433025,177321,5650000
110000114,2021-05-13,7,8,8,9,4105525,164221,1260000
110000115,2021-05-14,3,5,1,8,4374900,174996,3970000
110000116,2021-05-15,0,2,7,1,4135375,165415,2050000
110000117,2021-05-17,8,7,4,5,4245175,169807,800000
110000118,2021-05-18,3,5,9,3,3940575,157623,1975000
110000119,2021-05-19,7,3,2,4,3769125,150765,645000
110000120,2021-05-20,7,6,9,5,3740525,149621,1415000
110000121,2021-05-21,8,2,5,8,3776050,151042,1510000
110000122,2021-05-22,6,0,6,5,3695025,147801,825000
110000123,2021-05-24,4,5,1,3,3772800,150912,895000
110000124,2021-05-25,2,6,7,2,3711600,148464,3675000
110000125,2021-05-26,5,6,3,3,3627375,145095,2335000
110000126,2021-05-27,4,3,6,9,3574400,142976,1845000
110000127,2021-05-28,7,5,1,1,3772525,150901,1050000
110000128,2021-05-29,0,3,7,4,3591125,143645,935000
110000129,2021-05-31,6,1,1,9,3659525,146381,2315000
110000130,2021-06-01,1,8,5,3,3609650,144386,1155000
110000131,2021-06-02,9,6,9,7,3733675,149347,1585000
110000132,2021-06-03,9,9,2,2,3685650,147426,1545000
110000133,2021-06-04,5,4,3,2,3863200,154528,785000
110000134,2021-06-05,1,2,4,1,3624825,144993,1220000
110000135,2021-06-07,9,3,7,9,4037950,161518,1170000
110000136,2021-06-08,8,7,9,2,3762400,150496,3240000
110000137,2021-06-09,0,4,0,8,3770650,150826,3345000
110000138,2021-06-10,5,6,1,9,3908975,156359,1995000
110000139,2021-06-11,0,8,5,2,4007825,160313,1410000
110000140,2021-06-12,4,2,7,7,3899025,155961,520000
110000141,2021-06-14,4,0,8,6,4006775,160271,595000
110000142,2021-06-15,1,2,8,3,3840375,153615,1915000
110000143,2021-06-16,1,8,9,0,3912375,156495,940000
110000144,2021-06-17,2,7,2,2,3957700,158308,1520000
110000145,2021-06-18,9,0,7,6,4083875,163355,835000
110000146,2021-06-19,6,5,2,1,4001425,160057,1330000
110000147,2021-06-21,8,8,0,2,4183775,167351,1935000
110000148,2021-06-22,9,5,0,6,3725375,149015,1705000
110000149,2021-06-23,3,8,2,1,3867350,154694,2760000
110000150,2021-06-24,9,6,3,3,3954800,158192,1500000
110000151,2021-06-25,9,6,9,1,3995550,159822,1780000
110000152,2021-06-26,5,7,7,6,4135350,165414,1490000
110000153,2021-06-28,0,5,8,4,4138500,165540,395000
110000154,2021-06-29,0,9,6,7,3883500,155340,1450000
110000155,2021-06-30,1,4,3,1,4065525,162621,1645000
110000156,2021-07-01,1,0,7,0,4029725,161189,5715000
110000157,2021-07-02,2,7,8,9,4145950,165838,3500000
110000158,2021-07-03,8,8,7,0,4127450,165098,1230000
110000159,2021-07-05,7,2,2,9,4450175,178007,4075000
110000160,2021-07-06,5,8,4,8,4126250,165050,610000
110000161,2021-07-07,0,6,0,0,4137400,165496,1560000
110000162,2021-07-08,4,8,0,8,4020375,160815,530000
110000163,2021-07-09,4,9,4,3,4153600,166144,580000
110000164,2021-07-10,1,6,0,5,4162850,166514,1330000
110000165,2021-07-12,2,4,4,1,4374675,174987,795000
110000166,2021-07-13,0,9,1,3,3950500,158020,4710000
110000167,2021-07-14,5,5,0,1,4175100,167004,1590000
110000168,2021-07-15,5,7,4,6,4181650,167266,1160000
110000169,2021-07-16,5,7,3,9,4213750,168550,3420000
110000170,2021-07-17,9,0,5,9,4248050,169922,665000
110000171,2021-07-19,9,9,6,3,4445000,177800,1200000
110000172,2021-07-20,9,6,3,1,4009350,160374,1355000
110000173,2021-07-21,9,7,7,3,4175200,167008,1140000
110000174,2021-07-22,0,1,8,4,4301575,172063,1325000
110000175,2021-07-23,6,2,5,3,4176325,167053,2240000
110000176,2021-07-24,4,5,2,5,4168725,166749,435000
110000177,2021-07-26,6,5,9,4,4574400,182976,865000
110000178,2021-07-27,0,5,4,7,4078675,163147,350000
110000179,2021-07-28,4,8,3,2,4061975,162479,1765000
110000180,2021-07-29,8,2,6,7,4121050,164842,3135000
110000181,2021-07-30,9,4,1,9,4097100,163884,2625000
110000182,2021-07-31,0,2,9,2,3983650,159346,1240000
110000183,2021-08-02,2,9,3,8,4436700,177468,1935000
110000184,2021-08-03,3,3,7,4,3939125,157565,720000
110000185,2021-08-04,0,2,2,5,4040800,161632,5530000
110000186,2021-08-05,0,8,4,1,4238375,169535,920000
110000187,2021-08-06,5,6,6,2,4037375,161495,1425000
110000188,2021-08-07,0,1,8,3,3921700,156868,2215000
110000189,2021-08-09,3,9,5,0,4720200,188808,1850000
110000190,2021-08-10,7,7,1,7,4072075,162883,2950000
110000191,2021-08-11,7,4,9,0,4275325,171013,840000
110000192,2021-08-12,6,6,5,8,4470400,178816,4060000
110000193,2021-08-13,6,9,7,3,4170200,166808,1920000
110000194,2021-08-14,1,6,7,2,4229175,169167,1195000
110000195,2021-08-16,0,5,5,5,4870200,194808,3230000
110000196,2021-08-17,6,4,2,8,4066250,162650,5240000
110000197,2021-08-18,2,6,8,0,4273000,170920,2000000
110000198,2021-08-19,4,1,5,4,4477350,179094,990000
110000199,2021-08-20,0,0,1,5,4236025,169441,1425000
110000200,2021-08-21,4,2,0,9,4157400,166296,1465000
110000201,2021-08-23,4,7,2,6,4978100,199124,1500000
110000202,2021-08-24,1,5,1,2,4023025,160921,3050000
110000203,2021-08-25,2,1,4,6,4254500,170180,1085000
110000204,2021-08-26,2,2,4,0,4136125,165445,925000
110000205,2021-08-27,4,0,3,6,4234000,169360,565000
110000206,2021-08-28,7,7,8,0,4182575,167303,2240000
110000207,2021-08-30,6,5,4,1,4484750,179390,1015000
110000208,2021-08-31,1,8,4,8,4214000,168560,990000
110000209,2021-09-01,6,8,2,2,4276575,171063,2660000
110000210,2021-09-02,3,5,3,4,4116850,164674,565000
110000211,2021-09-03,8,0,2,7,4252200,170088,2725000
110000212,2021-09-04,3,1,5,7,4077600,163104,3965000
110000213,2021-09-06,8,8,5,5,4590475,183619,6195000
110000214,2021-09-07,4,4,1,5,4221400,168856,7420000
110000215,2021-09-08,0,4,0,4,4226475,169059,1990000
110000216,2021-09-09,0,2,7,0,4291775,171671,2680000
110000217,2021-09-10,9,1,5,3,4343625,173745,2640000
110000218,2021-09-11,0,2,1,6,4350600,174024,8090000
110000219,2021-09-13,7,7,7,7,4447625,177905,30500000
110000220,2021-09-14,5,9,6,3,4661775,186471,2080000
110000221,2021-09-15,1,5,3,1,4609075,184363,2105000
110000222,2021-09-16,0,5,9,1,4509075,180363,1960000
110000223,2021-09-17,5,2,9,9,4685150,187406,1430000
110000224,2021-09-18,3,5,2,6,4481575,179263,2120000
110000225,2021-09-20,3,2,1,1,4578825,183153,3530000
110000226,2021-09-21,2,9,2,0,4393025,175721,2705000
110000227,2021-09-22,1,2,5,5,4424050,176962,1850000
110000228,2021-09-23,1,0,8,8,4311475,172459,5285000
110000229,2021-09-24,4,6,9,8,4622150,184886,850000
110000230,2021-09-25,1,3,4,3,4431175,177247,1395000
110000231,2021-09-27,0,5,6,7,4827900,193116,1365000
110000232,2021-09-28,3,9,9,0,4386825,175473,820000
110000233,2021-09-29,6,6,7,3,4433125,177325,1685000
110000234,2021-09-30,1,5,6,0,4538050,181522,2130000
110000235,2021-10-01,7,7,2,4,4499825,179993,305000
110000236,2021-10-02,4,2,3,6,4347525,173901,1080000
110000237,2021-10-04,7,7,3,6,4659800,186392,2050000
110000238,2021-10-05,4,7,9,5,4399050,175962,675000
110000239,2021-10-06,9,6,9,9,4478550,179142,1855000
110000240,2021-10-07,8,5,7,9,4343450,173738,2410000
110000241,2021-10-08,4,3,2,9,4564725,182589,760000
110000242,2021-10-09,6,0,9,5,4505450,180218,1420000
110000243,2021-10-11,4,4,1,0,4305500,172220,1980000
110000244,2021-10-12,4,6,4,8,4223575,168943,790000
110000245,2021-10-13,4,6,1,1,4277175,171087,1160000
110000246,2021-10-14,0,5,6,8,4335300,173412,1360000
110000247,2021-10-15,4,5,9,8,4501125,180045,980000
110000248,2021-10-16,6,0,0,9,4342750,173710,1620000
110000249,2021-10-18,6,0,0,0,4942225,197689,4150000
110000250,2021-10-19,6,0,6,5,4352700,174108,1075000
110000251,2021-10-20,4,1,5,4,4457400,178296,1255000
110000252,2021-10-21,8,2,8,9,4261675,170467,1510000
110000253,2021-10-22,1,3,5,1,4359325,174373,1500000
110000254,2021-10-23,6,1,5,3,4371475,174859,1550000
110000255,2021-10-25,6,1,2,7,4842800,193712,2560000
110000256,2021-10-26,3,2,1,9,4475300,179012,3410000
110000257,2021-10-27,4,8,7,1,4445075,177803,920000
110000258,2021-10-28,5,9,4,8,4428100,177124,925000
110000259,2021-10-29,4,6,3,7,4489075,179563,1305000
110000260,2021-10-30,0,7,5,9,4402475,176099,1350000
110000261,2021-11-01,5,1,9,1,4702900,188116,1400000
110000262,2021-11-02,3,4,8,9,4494175,179767,1185000
110000263,2021-11-03,2,9,8,4,4407025,176281,660000
110000264,2021-11-04,1,6,7,4,4301025,172041,1070000
110000265,2021-11-05,1,4,6,1,4560425,182417,4420000
110000266,2021-11-06,0,7,5,1,4504850,180194,830000
110000267,2021-11-08,5,5,0,7,4656450,186258,3075000
110000268,2021-11-09,6,3,4,6,4310850,172434,785000
110000269,2021-11-10,9,1,0,4,4425250,177010,905000
110000270,2021-11-11,7,7,4,6,4471975,178879,590000
110000271,2021-11-12,4,0,6,3,4428675,177147,900000
110000272,2021-11-13,6,1,8,4,4170925,166837,590000
110000273,2021-11-15,1,3,0,6,4707350,188294,1605000
110000274,2021-11-16,6,4,7,5,4369000,174760,1030000
110000275,2021-11-17,6,9,2,1,4351150,174046,2260000
110000276,2021-11-18,4,8,6,3,4175150,167006,630000
110000277,2021-11-19,5,3,5,1,4409075,176363,1505000
110000278,2021-11-20,8,4,6,1,4228775,169151,2305000
110000279,2021-11-22,0,4,2,6,4636575,185463,3000000
110000280,2021-11-23,6,6,5,9,4186750,167470,630000
110000281,2021-11-24,8,7,3,7,4303125,172125,1225000
110000282,2021-11-25,0,8,7,0,4256475,170259,1455000
110000283,2021-11-26,1,7,9,0,4217400,168696,1415000
110000284,2021-11-27,3,8,2,5,4154500,166180,4120000
110000285,2021-11-29,0,8,6,9,4519375,180775,1220000
110000286,2021-11-30,9,5,6,5,4229550,169182,1105000
110000287,2021-12-01,3,5,8,9,4260050,170402,2295000
110000288,2021-12-02,3,7,3,2,4241400,169656,1320000
110000289,2021-12-03,0,6,0,3,4377175,175087,3985000
110000290,2021-12-04,6,9,5,8,4227525,169101,11170000
110000291,2021-12-06,5,8,6,1,4689075,187563,1855000
110000292,2021-12-07,4,8,8,3,4419125,176765,505000
110000293,2021-12-08,6,6,6,1,4475450,179018,2370000
110000294,2021-12-09,2,6,4,7,4432750,177310,1590000
110000295,2021-12-10,8,1,3,5,4671825,186873,2875000
110000296,2021-12-11,7,7,5,3,4566850,182674,2460000
110000297,2021-12-13,1,9,7,3,4856050,194242,6980000
110000298,2021-12-14,2,2,1,2,4637950,185518,5470000
110000299,2021-12-15,0,0,3,2,4595975,183839,2225000
110000300,2021-12-16,2,1,0,7,4481550,179262,3210000
110000301,2021-12-17,6,6,7,2,4564250,182570,900000
110000302,2021-12-18,5,0,6,1,4474525,178981,1425000
110000303,2021-12-20,0,1,8,8,4710625,188425,2520000
110000304,2021-12-21,9,7,1,2,4134875,165395,910000
110000305,2021-12-22,6,5,4,9,4431575,177263,750000
110000306,2021-12-23,4,6,0,7,4436575,177463,515000
110000307,2021-12-24,5,0,7,8,4545025,181801,2080000
110000308,2021-12-25,5,4,3,6,4338175,173527,1315000
110000309,2021-12-27,8,9,9,6,4578275,183131,1880000
110000310,2021-12-28,5,5,4,4,4427800,177112,975000
110000311,2021-12-29,2,4,3,4,4494150,179766,1160000
110000312,2021-12-30,8,6,6,8,4567350,182694,3125000
110000313,2021-12-31,1,9,5,3,4837125,193485,2310000
111000001,2022-01-01,6,5,7,9,4671300,186852,1985000
111000002,2022-01-03,5,8,6,1,5063000,202520,2735000
111000003,2022-01-04,3,1,3,5,4535625,181425,2545000
111000004,2022-01-05,7,7,1,5,4694250,187770,1340000
111000005,2022-01-06,4,5,9,8,4386025,175441,3560000
111000006,2022-01-07,3,4,6,3,4638100,185524,585000
111000007,2022-01-08,8,0,9,8,4616250,184650,1830000
111000008,2022-01-10,1,2,2,8,5080050,203202,5950000
111000009,2022-01-11,0,6,0,8,4765325,190613,3075000
111000010,2022-01-12,5,9,5,8,4667875,186715,3880000
111000011,2022-01-13,5,6,5,2,4560425,182417,1580000
111000012,2022-01-14,7,8,6,8,4768900,190756,1445000
111000013,2022-01-15,7,2,4,3,4706275,188251,1095000
111000014,2022-01-17,3,9,2,8,4912850,196514,3830000
111000015,2022-01-18,3,9,8,2,4639400,185576,1995000
111000016,2022-01-19,6,3,6,3,4749225,189969,2810000
111000017,2022-01-20,6,6,6,4,4800575,192023,455000
111000018,2022-01-21,5,4,7,5,4640775,185631,1365000
111000019,2022-01-22,7,0,5,0,4460700,178428,2570000
111000020,2022-01-24,6,7,9,0,4995375,199815,1900000
111000021,2022-01-25,6,3,9,8,4715675,188627,1665000
111000022,2022-01-26,1,7,2,4,4922275,196891,3680000
111000023,2022-01-27,6,5,3,7,4883325,195333,1520000
111000024,2022-01-28,4,8,9,4,4971050,198842,550000
111000025,2022-01-29,1,4,7,1,4655475,186219,2315000
111000026,2022-01-31,8,2,3,4,5669475,226779,660000
111000027,2022-02-01,2,1,0,3,4796675,191867,2465000
111000028,2022-02-02,8,4,8,8,4998400,199936,1605000
111000029,2022-02-03,3,7,4,8,4718225,188729,1575000
111000030,2022-02-04,6,1,7,9,5131950,205278,1760000
111000031,2022-02-05,1,4,4,7,5059050,202362,2250000
111000032,2022-02-07,7,4,1,7,5816150,232646,5105000
111000033,2022-02-08,7,0,3,5,5065950,202638,1335000
111000034,2022-02-09,3,9,7,0,4994150,199766,1295000
111000035,2022-02-10,6,6,6,5,4995700,199828,3770000
111000036,2022-02-11,5,0,3,2,5136600,205464,1625000
111000037,2022-02-12,4,5,8,4,4959750,198390,290000
111000038,2022-02-14,5,3,4,4,5329950,213198,1835000
111000039,2022-02-15,8,0,4,0,4963025,198521,690000
111000040,2022-02-16,4,1,9,3,4815300,192612,2520000
111000041,2022-02-17,8,6,8,6,4734300,189372,3630000
111000042,2022-02-18,3,1,8,3,4818675,192747,2420000
111000043,2022-02-19,0,6,1,9,4567200,182688,10470000
111000044,2022-02-21,8,3,9,5,4788125,191525,4650000
111000045,2022-02-22,1,7,5,7,4939700,197588,2310000
111000046,2022-02-23,9,1,6,3,4332275,173291,1455000
111000047,2022-02-24,6,9,2,3,4662600,186504,1180000
111000048,2022-02-25,2,5,6,6,4954375,198175,4100000
111000049,2022-02-26,2,9,5,3,4817875,192715,1220000
111000050,2022-02-28,0,2,9,4,4944175,197767,525000
111000051,2022-03-01,4,9,4,7,4676700,187068,995000
111000052,2022-03-02,5,5,8,6,4699925,187997,3110000
111000053,2022-03-03,7,6,1,0,4548300,181932,1705000
111000054,2022-03-04,2,2,0,5,4966300,198652,3705000
111000055,2022-03-05,3,5,0,4,4721800,188872,670000
111000056,2022-03-07,4,7,6,7,4718200,188728,715000
111000057,2022-03-08,9,1,4,2,4657350,186294,545000
111000058,2022-03-09,2,7,2,5,4566975,182679,2370000
111000059,2022-03-10,4,7,4,9,4776700,191068,905000
111000060,2022-03-11,2,7,7,4,4865975,194639,785000
111000061,2022-03-12,4,2,6,7,4742575,189703,1045000
111000062,2022-03-14,6,6,0,5,5134975,205399,1475000
111000063,2022-03-15,0,5,0,5,4726750,189070,5020000
111000064,2022-03-16,5,2,7,9,4753275,190131,1840000
111000065,2022-03-17,8,1,0,1,4683600,187344,3565000
111000066,2022-03-18,7,9,0,6,4737800,189512,855000
111000067,2022-03-19,6,8,1,6,4708200,188328,2225000
111000068,2022-03-21,2,0,2,2,5009025,200361,18430000
111000069,2022-03-22,3,5,8,8,4657700,186308,3755000
111000070,2022-03-23,0,2,4,0,4437575,177503,1810000
111000071,2022-03-24,8,5,4,6,4615775,184631,715000
111000072,2022-03-25,3,9,2,7,4744950,189798,3040000
111000073,2022-03-26,1,3,6,4,4647050,185882,545000
111000074,2022-03-28,1,1,9,3,4698775,187951,2385000
111000075,2022-03-29,7,1,9,0,4698575,187943,1915000
111000076,2022-03-30,1,4,2,1,4885650,195426,2680000
111000077,2022-03-31,5,2,8,8,4735650,189426,5220000
111000078,2022-04-01,6,7,4,6,5070925,202837,880000
111000079,2022-04-02,7,2,6,3,4405850,176234,2600000
111000080,2022-04-04,4,4,1,3,4975350,199014,3795000
111000081,2022-04-05,5,2,5,9,4483250,179330,1550000
111000082,2022-04-06,2,8,1,3,4769850,190794,1850000
111000083,2022-04-07,1,6,9,0,4788825,191553,2170000
111000084,2022-04-08,4,7,4,1,4931925,197277,750000
111000085,2022-04-09,1,6,4,5,4776775,191071,490000
111000086,2022-04-11,8,1,9,3,5134700,205388,1790000
111000087,2022-04-12,5,9,3,2,4643625,185745,1010000
111000088,2022-04-13,0,2,4,1,4751625,190065,1535000
111000089,2022-04-14,9,2,5,7,4721050,188842,3010000
111000090,2022-04-15,4,0,6,0,4947225,197889,1370000
111000091,2022-04-16,7,7,6,7,4783450,191338,2685000
111000092,2022-04-18,7,4,8,1,5123275,204931,1390000
111000093,2022-04-19,5,7,5,4,4483925,179357,270000
111000094,2022-04-20,6,0,4,3,4639950,185598,935000
111000095,2022-04-21,8,5,6,2,4621150,184846,2075000
111000096,2022-04-22,3,2,2,3,4662425,186497,10465000
111000097,2022-04-23,2,5,7,0,4805450,192218,1740000
111000098,2022-04-25,4,9,6,6,4949325,197973,710000
111000099,2022-04-26,5,0,9,1,4413050,176522,1000000
111000100,2022-04-27,2,5,2,6,4653575,186143,4640000
111000101,2022-04-28,0,6,0,3,4576800,183072,1975000
111000102,2022-04-29,3,9,6,2,4520375,180815,1885000
111000103,2022-04-30,8,0,6,1,4532400,181296,4255000
111000104,2022-05-02,2,7,1,7,4217350,168694,1635000
111000105,2022-05-03,5,5,5,1,4412225,176489,2235000
111000106,2022-05-04,0,9,6,9,4527925,181117,950000
111000107,2022-05-05,3,9,5,1,4563325,182533,3850000
111000108,2022-05-06,2,5,9,6,4641650,185666,1105000
111000109,2022-05-07,0,1,7,1,4642825,185713,3985000
111000110,2022-05-09,3,4,1,5,4793300,191732,1180000
111000111,2022-05-10,3,6,5,5,4417550,176702,2790000
111000112,2022-05-11,8,4,0,4,4448950,177958,310000
111000113,2022-05-12,2,9,1,7,4272300,170892,3035000
111000114,2022-05-13,0,3,9,2,4550000,182000,980000
111000115,2022-05-14,8,1,6,0,4230075,169203,1210000
111000116,2022-05-16,0,5,6,7,4206475,168259,885000
111000117,2022-05-17,3,1,7,2,4229300,169172,1710000
111000118,2022-05-18,4,5,9,5,4279250,171170,630000
111000119,2022-05-19,6,9,6,4,4246450,169858,515000
111000120,2022-05-20,6,9,0,3,4608200,184328,1390000
111000121,2022-05-21,0,4,4,8,4319925,172797,810000
111000122,2022-05-23,6,9,6,1,4415900,176636,2840000
111000123,2022-05-24,0,5,9,4,4003975,160159,530000
111000124,2022-05-25,5,5,0,6,4035225,161409,2305000
111000125,2022-05-26,1,6,8,2,3913475,156539,2530000
111000126,2022-05-27,6,9,7,5,4200025,168001,1385000
111000127,2022-05-28,5,5,0,2,4225300,169012,2695000
111000128,2022-05-30,6,3,3,2,4506175,180247,1415000
111000129,2022-05-31,6,6,4,6,4191100,167644,875000
111000130,2022-06-01,4,7,4,2,4205025,168201,840000
111000131,2022-06-02,6,4,0,7,4303175,172127,1025000
111000132,2022-06-03,9,8,0,1,4328300,173132,1250000
111000133,2022-06-04,4,5,6,4,4167250,166690,1280000
111000134,2022-06-06,7,0,9,8,4452125,178085,1485000
111000135,2022-06-07,9,1,8,7,3996975,159879,2175000
111000136,2022-06-08,4,6,2,3,4116875,164675,760000
111000137,2022-06-09,8,5,1,8,4202300,168092,2130000
111000138,2022-06-10,4,5,5,8,4511300,180452,415000
111000139,2022-06-11,7,6,4,5,4391000,175640,1025000
111000140,2022-06-13,5,9,7,2,4736500,189460,4870000
111000141,2022-06-14,7,4,5,2,4330550,173222,1910000
111000142,2022-06-15,5,1,9,1,4361850,174474,1425000
111000143,2022-06-16,8,0,1,5,4274950,170998,1590000
111000144,2022-06-17,6,0,3,7,4352200,174088,1240000
111000145,2022-06-18,8,2,1,0,4253300,170132,3400000
111000146,2022-06-20,8,6,0,6,4645500,185820,1570000
111000147,2022-06-21,9,8,0,8,4258650,170346,5405000
111000148,2022-06-22,9,8,5,5,4238175,169527,1985000
111000149,2022-06-23,0,4,1,0,4271425,170857,3205000
111000150,2022-06-24,2,8,8,6,4122950,164918,1535000
111000151,2022-06-25,6,8,1,3,4238550,169542,2685000
111000152,2022-06-27,2,3,6,5,4555775,182231,8950000
111000153,2022-06-28,5,1,4,2,4189900,167596,835000
111000154,2022-06-29,2,4,9,0,4169750,166790,810000
111000155,2022-06-30,7,6,0,2,4297400,171896,1735000
111000156,2022-07-01,0,7,0,2,4458225,178329,6600000
111000157,2022-07-02,1,7,8,5,4308625,172345,1350000
111000158,2022-07-04,7,7,6,9,4446550,177862,1375000
111000159,2022-07-05,6,1,3,9,4359325,174373,3720000
111000160,2022-07-06,5,4,8,5,4655700,186228,340000
111000161,2022-07-07,0,1,5,6,4477750,179110,1525000
111000162,2022-07-08,8,3,1,3,4521650,180866,2070000
111000163,2022-07-09,0,6,4,4,4603200,184128,1700000
111000164,2022-07-11,7,3,0,6,4897600,195904,835000
111000165,2022-07-12,0,4,0,2,4571300,182852,2865000
111000166,2022-07-13,3,0,5,1,4492750,179710,2170000
111000167,2022-07-14,4,4,2,1,4452425,178097,695000
111000168,2022-07-15,0,5,3,4,4603525,184141,300000
111000169,2022-07-16,5,7,0,2,4396925,175877,2670000
111000170,2022-07-18,1,1,1,5,4789450,191578,5205000
111000171,2022-07-19,5,2,0,9,4403450,176138,1595000
111000172,2022-07-20,5,2,8,5,4515950,180638,1755000
111000173,2022-07-21,7,5,1,4,4477600,179104,430000
111000174,2022-07-22,4,7,4,0,4520550,180822,715000
111000175,2022-07-23,0,1,4,9,4361550,174462,975000
111000176,2022-07-25,6,0,9,9,4697625,187905,1350000
111000177,2022-07-26,3,7,5,4,4359850,174394,710000
111000178,2022-07-27,1,8,5,4,4339825,173593,1355000
111000179,2022-07-28,0,5,6,2,4252850,170114,1585000
111000180,2022-07-29,5,0,9,9,4448100,177924,1100000
111000181,2022-07-30,3,3,0,4,4333750,173350,1005000
111000182,2022-08-01,9,2,3,4,4632500,185300,1870000
111000183,2022-08-02,9,2,2,0,4210950,168438,2700000
111000184,2022-08-03,6,8,3,9,4407250,176290,2195000
111000185,2022-08-04,2,3,5,8,4320675,172827,2500000
111000186,2022-08-05,8,6,1,9,4564825,182593,1610000
111000187,2022-08-06,7,6,7,4,4486800,179472,665000
111000188,2022-08-08,2,5,1,7,4837800,193512,3310000
111000189,2022-08-09,2,9,0,0,4300700,172028,2290000
111000190,2022-08-10,2,2,5,2,4385325,175413,1675000
111000191,2022-08-11,6,9,6,9,4361900,174476,6255000
111000192,2022-08-12,3,9,6,4,4520450,180818,1530000
111000193,2022-08-13,7,6,2,3,4397275,175891,4470000
111000194,2022-08-15,7,2,9,0,4704125,188165,2530000
111000195,2022-08-16,8,5,7,4,4326800,173072,925000
111000196,2022-08-17,9,4,3,6,4255500,170220,630000
111000197,2022-08-18,5,3,3,3,4246325,169853,2960000
111000198,2022-08-19,2,1,6,3,4523725,180949,1685000
111000199,2022-08-20,4,5,6,5,4362400,174496,740000
111000200,2022-08-22,9,6,5,4,4595800,183832,1010000
111000201,2022-08-23,3,7,8,6,4266250,170650,10990000
111000202,2022-08-24,3,5,2,7,4230975,169239,2805000
111000203,2022-08-25,8,6,1,3,4214025,168561,1605000
111000204,2022-08-26,7,8,0,3,4431575,177263,1890000
111000205,2022-08-27,4,4,0,6,4397125,175885,510000
111000206,2022-08-29,5,0,1,3,4413275,176531,1175000
111000207,2022-08-30,5,1,3,5,4216850,168674,1565000
111000208,2022-08-31,4,9,1,3,4346900,173876,885000
111000209,2022-09-01,3,9,6,8,4261200,170448,2040000
111000210,2022-09-02,9,1,3,3,4159325,166373,3235000
111000211,2022-09-03,7,6,3,6,4099600,163984,2315000
111000212,2022-09-05,2,3,2,1,4725200,189008,2845000
111000213,2022-09-06,0,5,8,2,4385300,175412,1595000
111000214,2022-09-07,6,4,3,5,4407250,176290,915000
111000215,2022-09-08,4,0,4,3,4390275,175611,550000
111000216,2022-09-09,3,3,3,8,4468175,178727,4400000
111000217,2022-09-10,6,1,0,2,4387575,175503,3555000
111000218,2022-09-12,7,7,1,1,4580875,183235,3430000
111000219,2022-09-13,9,0,1,2,4368850,174754,3425000
111000220,2022-09-14,2,8,1,6,4467175,178687,3405000
111000221,2022-09-15,4,3,6,0,4389400,175576,625000
111000222,2022-09-16,8,3,7,4,4494575,179783,765000
111000223,2022-09-17,3,7,6,2,4455075,178203,1830000
111000224,2022-09-19,7,8,8,3,4858200,194328,3660000
111000225,2022-09-20,6,3,8,3,4384850,175394,2015000
111000226,2022-09-21,2,7,5,9,4561225,182449,2960000
111000227,2022-09-22,3,1,3,4,4344475,173779,710000
111000228,2022-09-23,8,8,3,9,4572375,182895,3105000
111000229,2022-09-24,4,8,2,2,4440375,177615,700000
111000230,2022-09-26,6,7,5,1,4682500,187300,1605000
111000231,2022-09-27,7,7,7,1,4525325,181013,3695000
111000232,2022-09-28,8,7,5,7,4489825,179593,1785000
111000233,2022-09-29,2,5,1,9,4446450,177858,1770000
111000234,2022-09-30,7,4,7,7,4628000,185120,1005000
111000235,2022-10-01,0,2,4,3,4437550,177502,335000
111000236,2022-10-03,1,4,3,2,4742775,189711,3295000
111000237,2022-10-04,5,8,8,5,4613800,184552,4605000
111000238,2022-10-05,4,6,1,4,4636025,185441,595000
111000239,2022-10-06,6,3,9,5,4526375,181055,1585000
111000240,2022-10-07,9,4,6,4,4572225,182889,765000
111000241,2022-10-08,1,5,8,7,4441275,177651,1700000
111000242,2022-10-10,3,3,6,4,4722575,188903,990000
111000243,2022-10-11,9,0,3,8,4415850,176634,1610000
111000244,2022-10-12,3,5,7,3,4376450,175058,1230000
111000245,2022-10-13,0,7,3,2,4389000,175560,790000
111000246,2022-10-14,6,0,7,2,4485375,179415,1940000
111000247,2022-10-15,8,5,9,9,4281250,171250,1480000
111000248,2022-10-17,1,5,5,9,4498300,179932,1530000
111000249,2022-10-18,2,5,4,9,4325075,173003,900000
111000250,2022-10-19,4,1,4,4,4353900,174156,2920000
111000251,2022-10-20,6,1,7,5,4368875,174755,1420000
111000252,2022-10-21,5,2,6,7,4456475,178259,2520000
111000253,2022-10-22,4,6,7,2,4254250,170170,1465000
111000254,2022-10-24,9,9,4,4,4650450,186018,700000
111000255,2022-10-25,0,1,5,6,4304575,172183,3170000
111000256,2022-10-26,8,0,3,7,4445225,177809,905000
111000257,2022-10-27,0,5,4,6,4373775,174951,435000
111000258,2022-10-28,2,6,8,1,4483500,179340,1730000
111000259,2022-10-29,8,5,9,2,4347050,173882,1840000
111000260,2022-10-31,9,9,1,8,4503050,180122,6215000
111000261,2022-11-01,7,0,4,8,4556975,182279,695000
111000262,2022-11-02,8,4,8,3,4503400,180136,655000
111000263,2022-11-03,9,0,7,3,4455275,178211,935000
111000264,2022-11-04,1,9,8,4,4679550,187182,2030000
111000265,2022-11-05,9,5,7,8,4513500,180540,3075000
111000266,2022-11-07,9,1,5,9,4925225,197009,1900000
111000267,2022-11-08,0,4,1,7,4678375,187135,4610000
111000268,2022-11-09,1,4,4,0,4652425,186097,1840000
111000269,2022-11-10,5,5,2,7,4736175,189447,1770000
111000270,2022-11-11,8,5,0,3,5213450,208538,1530000
111000271,2022-11-12,7,2,2,4,4767650,190706,545000
111000272,2022-11-14,6,1,8,2,4963700,198548,2720000
111000273,2022-11-15,6,3,3,9,4623700,184948,4060000
111000274,2022-11-16,7,5,2,1,4626575,185063,1175000
111000275,2022-11-17,1,0,5,6,4584300,183372,7205000
111000276,2022-11-18,7,3,4,1,4773950,190958,1990000
111000277,2022-11-19,2,5,3,5,4600300,184012,2480000
111000278,2022-11-21,2,5,7,2,5041800,201672,3495000
111000279,2022-11-22,3,6,7,3,4685100,187404,2160000
111000280,2022-11-23,9,6,8,2,4555375,182215,1640000
111000281,2022-11-24,1,2,5,3,4405975,176239,4210000
111000282,2022-11-25,8,6,1,7,4859000,194360,2455000
111000283,2022-11-26,9,7,4,1,4646525,185861,1235000
111000284,2022-11-28,8,4,6,6,4968600,198744,340000
111000285,2022-11-29,4,8,6,8,4496275,179851,1340000
111000286,2022-11-30,7,1,9,0,4664825,186593,2380000
111000287,2022-12-01,6,9,0,3,4524175,180967,2560000
111000288,2022-12-02,2,4,0,9,4742100,189684,820000
111000289,2022-12-03,8,8,1,9,4619025,184761,2105000
111000290,2022-12-05,6,9,9,0,4929475,197179,1640000
111000291,2022-12-06,6,2,1,6,4641325,185653,2310000
111000292,2022-12-07,2,7,7,4,4760425,190417,935000
111000293,2022-12-08,3,5,4,6,4791625,191665,2005000
111000294,2022-12-09,2,0,2,6,4771250,190850,2590000
111000295,2022-12-10,9,4,6,6,4673925,186957,790000
111000296,2022-12-12,6,8,7,8,5086850,203474,1740000
111000297,2022-12-13,3,7,1,3,4514925,180597,4655000
111000298,2022-12-14,0,2,9,1,4565875,182635,2735000
111000299,2022-12-15,3,2,9,2,4568325,182733,1060000
111000300,2022-12-16,0,7,2,7,4607100,184284,4270000
111000301,2022-12-17,0,9,9,8,4269800,170792,865000
111000302,2022-12-19,4,6,7,2,4919775,196791,1675000
111000303,2022-12-20,6,2,6,0,4799400,191976,1385000
111000304,2022-12-21,3,3,8,6,4809825,192393,1895000
111000305,2022-12-22,2,3,8,0,4810675,192427,1995000
111000306,2022-12-23,1,4,5,0,4884775,195391,6745000
111000307,2022-12-24,9,6,8,4,4730675,189227,515000
111000308,2022-12-26,3,8,4,6,5119850,204794,1850000
111000309,2022-12-27,5,4,6,2,4846700,193868,950000
111000310,2022-12-28,6,1,0,9,4825950,193038,3130000
111000311,2022-12-29,9,3,4,2,4752300,190092,630000
111000312,2022-12-30,0,3,7,2,5019750,200790,1290000
111000313,2022-12-31,2,2,7,2,5217750,208710,3310000
112000001,2023-01-02,5,6,9,6,4935100,197404,3570000
112000002,2023-01-03,8,8,2,5,4738525,189541,3045000
112000003,2023-01-04,1,2,1,5,5030700,201228,14215000
112000004,2023-01-05,0,3,2,2,4992725,199709,11190000
112000005,2023-01-06,5,6,6,5,5151975,206079,4495000
112000006,2023-01-07,4,1,9,2,5352775,214111,3150000
112000007,2023-01-09,6,5,9,3,5547375,221895,1620000
112000008,2023-01-10,2,4,6,1,4969125,198765,1055000
112000009,2023-01-11,2,4,1,8,5096475,203859,2285000
112000010,2023-01-12,0,2,7,7,5159800,206392,2525000
112000011,2023-01-13,6,7,4,3,5284125,211365,1020000
112000012,2023-01-14,0,1,8,5,4966025,198641,1790000
112000013,2023-01-16,9,2,8,0,5521100,220844,2030000
112000014,2023-01-17,2,1,3,7,5068000,202720,1760000
112000015,2023-01-18,2,3,5,1,5204525,208181,1595000
112000016,2023-01-19,2,2,1,0,5337625,213505,4475000
112000017,2023-01-20,5,3,9,9,5296025,211841,1155000
112000018,2023-01-21,7,2,5,8,5156100,206244,4645000
112000019,2023-01-23,6,4,4,7,6011200,240448,1270000
112000020,2023-01-24,7,5,1,4,4780175,191207,945000
112000021,2023-01-25,3,4,5,5,5042850,201714,780000
112000022,2023-01-26,2,2,4,9,5005650,200226,505000
112000023,2023-01-27,6,8,0,8,4922175,196887,2745000
112000024,2023-01-28,1,4,5,1,4907600,196304,980000
112000025,2023-01-30,9,7,3,5,5799925,231997,3230000
112000026,2023-01-31,0,3,2,6,4982625,199305,7255000
112000027,2023-02-01,8,5,9,5,5029550,201182,1650000
112000028,2023-02-02,3,1,9,9,4894700,195788,1850000
112000029,2023-02-03,4,3,7,8,5033000,201320,1340000
112000030,2023-02-04,9,1,0,0,4981400,199256,1440000
112000031,2023-02-06,6,5,3,1,5402500,216100,1655000
112000032,2023-02-07,4,7,4,4,4914900,196596,360000
112000033,2023-02-08,1,4,0,2,4943850,197754,1195000
112000034,2023-02-09,2,2,1,6,4772900,190916,2900000
112000035,2023-02-10,9,6,6,2,4979975,199199,1325000
112000036,2023-02-11,0,1,5,9,4923925,196957,4265000
112000037,2023-02-13,4,4,8,3,5319100,212764,580000
112000038,2023-02-14,6,9,2,2,4677625,187105,2235000
112000039,2023-02-15,4,1,7,1,4691900,187676,1420000
112000040,2023-02-16,7,4,4,4,4623100,184924,3625000
112000041,2023-02-17,6,7,1,3,4816525,192661,2230000
112000042,2023-02-18,7,2,7,0,5045775,201831,1500000
112000043,2023-02-20,0,8,2,6,5245625,209825,6975000
112000044,2023-02-21,2,9,8,3,4860050,194402,2090000
112000045,2023-02-22,4,6,0,0,4812650,192506,1330000
112000046,2023-02-23,3,6,7,3,4873150,194926,1660000
112000047,2023-02-24,3,4,1,1,4846650,193866,2115000
112000048,2023-02-25,2,8,1,3,4696775,187871,2555000
112000049,2023-02-27,9,6,4,8,5072175,202887,1225000
112000050,2023-02-28,0,2,9,4,4668075,186723,1710000
112000051,2023-03-01,2,7,8,2,4833050,193322,1980000
112000052,2023-03-02,4,4,6,6,4891350,195654,2495000
112000053,2023-03-03,7,3,9,3,4894750,195790,1220000
112000054,2023-03-04,4,9,8,4,4778550,191142,940000
112000055,2023-03-06,9,2,4,0,5358600,214344,920000
112000056,2023-03-07,0,5,7,9,4688500,187540,970000
112000057,2023-03-08,3,6,7,6,4876525,195061,3480000
112000058,2023-03-09,0,4,7,9,4711925,188477,990000
112000059,2023-03-10,0,7,0,6,4902575,196103,1940000
112000060,2023-03-11,5,5,2,2,4815625,192625,3125000
112000061,2023-03-13,9,2,7,2,5076500,203060,1440000
112000062,2023-03-14,9,3,7,1,4751750,190070,2025000
112000063,2023-03-15,8,5,6,5,4843225,193729,1345000
112000064,2023-03-16,5,3,5,9,4688600,187544,960000
112000065,2023-03-17,5,1,3,5,4913825,196553,2935000
112000066,2023-03-18,8,6,7,0,4791425,191657,1275000
112000067,2023-03-20,0,9,6,3,5145575,205823,1440000
112000068,2023-03-21,6,9,9,5,4774500,190980,3740000
112000069,2023-03-22,9,4,9,2,4838400,193536,455000
112000070,2023-03-23,9,7,0,4,4680075,187203,520000
112000071,2023-03-24,4,6,5,3,4664450,186578,1625000
112000072,2023-03-25,3,9,4,8,4612125,184485,1510000
112000073,2023-03-27,7,1,2,6,4764750,190590,2915000
112000074,2023-03-28,3,8,6,3,4544450,181778,11040000
112000075,2023-03-29,2,2,5,4,4560450,182418,645000
112000076,2023-03-30,4,0,3,3,4619875,184795,2385000
112000077,2023-03-31,5,6,2,6,4759225,190369,1955000
112000078,2023-04-01,4,4,0,4,4566700,182668,1135000
112000079,2023-04-03,5,0,3,7,4759150,190366,1670000
112000080,2023-04-04,1,4,1,3,4393800,175752,2530000
112000081,2023-04-05,1,3,2,1,4320125,172805,3495000
112000082,2023-04-06,5,2,5,9,4686625,187465,1815000
112000083,2023-04-07,5,0,0,6,4783350,191334,1835000
112000084,2023-04-08,8,2,1,2,4720725,188829,1280000
112000085,2023-04-10,8,3,4,0,5144825,205793,645000
112000086,2023-04-11,5,8,4,9,4668650,186746,625000
112000087,2023-04-12,9,8,6,1,4679600,187184,1985000
112000088,2023-04-13,8,2,7,8,4653900,186156,1255000
112000089,2023-04-14,4,5,7,1,4764800,190592,1050000
112000090,2023-04-15,8,0,2,6,4603000,184120,4995000
112000091,2023-04-17,1,0,8,6,5008150,200326,3305000
112000092,2023-04-18,3,0,2,1,4625225,185009,3875000
112000093,2023-04-19,0,5,0,2,4478575,179143,5270000
112000094,2023-04-20,7,1,8,9,4456925,178277,2105000
112000095,2023-04-21,2,7,8,5,4833925,193357,1665000
112000096,2023-04-22,1,1,9,3,4703675,188147,3005000
112000097,2023-04-24,7,1,9,9,5034300,201372,1145000
112000098,2023-04-25,1,5,7,0,4645250,185810,1670000
112000099,2023-04-26,5,5,9,8,4662400,186496,1870000
112000100,2023-04-27,4,7,0,2,4662175,186487,1310000
112000101,2023-04-28,7,1,5,6,4759350,190374,1860000
112000102,2023-04-29,9,6,0,8,4594800,183792,820000
112000103,2023-05-01,5,9,5,4,4893650,195746,220000
112000104,2023-05-02,0,7,7,9,4501825,180073,7735000
112000105,2023-05-03,4,9,5,4,4629925,185197,250000
112000106,2023-05-04,1,0,6,5,4581300,183252,1690000
112000107,2023-05-05,8,4,2,0,4821325,192853,1245000
112000108,2023-05-06,4,9,8,8,4628475,185139,785000
112000109,2023-05-08,8,0,8,4,4805950,192238,380000
112000110,2023-05-09,4,7,3,6,4653625,186145,890000
112000111,2023-05-10,2,8,8,6,4759550,190382,2255000
112000112,2023-05-11,5,7,2,5,4730550,189222,2165000
112000113,2023-05-12,2,5,0,6,4929800,197192,2145000
112000114,2023-05-13,8,9,1,7,4678650,187146,3155000
112000115,2023-05-15,9,2,7,6,5002350,200094,1590000
112000116,2023-05-16,2,4,1,5,4692475,187699,850000
112000117,2023-05-17,1,5,9,7,4699900,187996,2535000
112000118,2023-05-18,8,3,6,3,4687225,187489,2195000
112000119,2023-05-19,6,1,6,3,4610725,184429,2160000
112000120,2023-05-20,8,4,1,3,4626650,185066,600000
112000121,2023-05-22,5,5,3,2,4769850,190794,1780000
112000122,2023-05-23,2,9,8,6,4402775,176111,1885000
112000123,2023-05-24,3,8,1,1,4465150,178606,2845000
112000124,2023-05-25,4,8,4,1,4475575,179023,515000
112000125,2023-05-26,2,9,8,8,4514300,180572,6270000
112000126,2023-05-27,4,5,9,5,4466825,178673,540000
112000127,2023-05-29,7,1,8,6,4636325,185453,975000
112000128,2023-05-30,9,4,7,0,4376625,175065,310000
112000129,2023-05-31,8,0,1,1,4344675,173787,3750000
112000130,2023-06-01,3,6,6,3,4315375,172615,3745000
112000131,2023-06-02,0,6,2,5,4496850,179874,8455000
112000132,2023-06-03,4,4,8,0,4376300,175052,590000
112000133,2023-06-05,0,3,6,1,4861750,194470,1285000
112000134,2023-06-06,2,8,4,1,4473400,178936,620000
112000135,2023-06-07,2,3,3,2,4512400,180496,5015000
112000136,2023-06-08,0,4,8,9,4405475,176219,1380000
112000137,2023-06-09,9,5,4,3,4512500,180500,570000
112000138,2023-06-10,9,3,6,5,4411325,176453,4160000
112000139,2023-06-12,8,2,9,3,4660225,186409,1485000
112000140,2023-06-13,0,4,1,7,4373700,174948,3525000
112000141,2023-06-14,0,0,4,8,4414475,176579,2120000
112000142,2023-06-15,3,3,6,5,4333700,173348,1960000
112000143,2023-06-16,3,3,3,2,4451000,178040,4115000
112000144,2023-06-17,4,7,6,0,4565950,182638,6780000
112000145,2023-06-19,9,1,2,2,4792725,191709,2645000
112000146,2023-06-20,6,2,0,6,4367325,174693,1720000
112000147,2023-06-21,0,7,2,1,4422200,176888,3055000
112000148,2023-06-22,9,0,0,7,4304325,172173,955000
112000149,2023-06-23,3,2,5,4,4063425,162537,1165000
112000150,2023-06-24,1,9,2,0,4060550,162422,2000000
112000151,2023-06-26,9,6,3,4,4575575,183023,600000
112000152,2023-06-27,9,8,7,1,4238400,169536,2120000
112000153,2023-06-28,3,1,0,4,4321550,172862,750000
112000154,2023-06-29,7,8,8,7,4220125,168805,3190000
112000155,2023-06-30,7,6,4,7,4414575,176583,400000
112000156,2023-07-01,4,9,1,4,4377725,175109,670000
112000157,2023-07-03,9,9,5,7,4688700,187548,1420000
112000158,2023-07-04,4,4,4,9,4357400,174296,665000
112000159,2023-07-05,5,1,2,2,4574300,182972,1755000
112000160,2023-07-06,1,7,3,6,4478025,179121,3395000
112000161,2023-07-07,7,6,8,9,4596000,183840,3330000
112000162,2023-07-08,1,2,0,0,4455700,178228,3960000
112000163,2023-07-10,7,5,9,8,4874250,194970,2530000
112000164,2023-07-11,9,4,7,8,4583925,183357,1155000
112000165,2023-07-12,0,3,0,6,4689675,187587,4625000
112000166,2023-07-13,6,1,4,4,4646050,185842,1305000
112000167,2023-07-14,9,6,4,3,4702225,188089,1045000
112000168,2023-07-15,6,7,8,4,4454075,178163,855000
112000169,2023-07-17,0,8,9,4,4662050,186482,195000
112000170,2023-07-18,0,8,7,3,4281750,171270,970000
112000171,2023-07-19,8,5,2,6,4414875,176595,1995000
112000172,2023-07-20,8,1,4,7,4388825,175553,1445000
112000173,2023-07-21,1,0,1,9,4573400,182936,5950000
112000174,2023-07-22,3,1,4,1,4498225,179929,1360000
112000175,2023-07-24,3,9,3,8,4771575,190863,1795000
112000176,2023-07-25,7,9,5,7,4423075,176923,2855000
112000177,2023-07-26,4,8,1,0,4409400,176376,875000
112000178,2023-07-27,4,3,1,7,4227200,169088,1510000
112000179,2023-07-28,9,8,0,8,4190600,167624,1960000
112000180,2023-07-29,2,1,0,6,4420700,176828,4015000
112000181,2023-07-31,0,9,8,0,4808050,192322,2460000
112000182,2023-08-01,5,0,9,3,4468850,178754,1075000
112000183,2023-08-02,5,5,5,1,4525150,181006,1305000
112000184,2023-08-03,5,1,3,9,4234625,169385,2890000
112000185,2023-08-04,6,3,0,3,4661850,186474,810000
112000186,2023-08-05,8,2,5,4,4632775,185311,625000
112000187,2023-08-07,7,7,2,4,4833075,193323,1365000
112000188,2023-08-08,2,7,7,0,4793200,191728,3045000
112000189,2023-08-09,9,7,8,0,4611875,184475,1585000
112000190,2023-08-10,7,1,5,5,4440200,177608,1365000
112000191,2023-08-11,4,0,6,3,4545225,181809,1935000
112000192,2023-08-12,8,4,0,9,4579525,183181,1210000
112000193,2023-08-14,3,2,5,8,4715025,188601,2245000
112000194,2023-08-15,0,9,1,1,4493900,179756,4190000
112000195,2023-08-16,4,1,3,0,4466775,178671,1250000
112000196,2023-08-17,0,3,2,6,4362275,174491,7440000
112000197,2023-08-18,6,7,8,7,4573100,182924,1155000
112000198,2023-08-19,3,4,7,6,4409700,176388,805000
112000199,2023-08-21,7,1,5,2,4789750,191590,2160000
112000200,2023-08-22,5,4,4,9,4473025,178921,200000
112000201,2023-08-23,5,2,8,6,4479275,179171,2755000
112000202,2023-08-24,1,8,5,1,4413975,176559,1895000
112000203,2023-08-25,2,5,8,0,4579450,183178,4795000
112000204,2023-08-26,6,1,3,8,4527725,181109,2385000
112000205,2023-08-28,3,6,2,5,4866825,194673,2280000
112000206,2023-08-29,0,1,4,9,4524900,180996,1460000
112000207,2023-08-30,1,4,3,6,4576525,183061,1685000
112000208,2023-08-31,1,1,6,1,4439300,177572,3755000
112000209,2023-09-01,6,6,8,1,4606700,184268,2245000
112000210,2023-09-02,4,4,0,5,4553850,182154,520000
112000211,2023-09-04,7,9,8,6,4372975,174919,1370000
112000212,2023-09-05,0,7,3,1,4241025,169641,2870000
112000213,2023-09-06,6,1,2,6,4326475,173059,2255000
112000214,2023-09-07,5,0,1,2,4451650,178066,2765000
112000215,2023-09-08,7,0,7,0,4466750,178670,3280000
112000216,2023-09-09,6,4,7,5,4443475,177739,2400000
112000217,2023-09-11,4,5,9,7,4948300,197932,795000
112000218,2023-09-12,6,4,3,6,4420275,176811,630000
112000219,2023-09-13,7,6,1,9,4510125,180405,2005000
112000220,2023-09-14,2,0,6,2,4376925,175077,1660000
112000221,2023-09-15,8,1,7,5,4435700,177428,2360000
112000222,2023-09-16,2,6,5,2,4461975,178479,3785000
112000223,2023-09-18,4,9,9,3,4810175,192407,940000
112000224,2023-09-19,6,3,4,5,4317100,172684,1465000
112000225,2023-09-20,9,7,8,2,4362750,174510,2305000
112000226,2023-09-21,9,5,8,8,4518375,180735,2145000
112000227,2023-09-22,3,3,0,8,4423925,176957,960000
112000228,2023-09-23,7,2,5,5,4461350,178454,1605000
112000229,2023-09-25,9,1,1,5,4728675,189147,1640000
112000230,2023-09-26,8,6,3,7,4330400,173216,1125000
112000231,2023-09-27,8,7,5,7,4396575,175863,1795000
112000232,2023-09-28,4,6,0,8,4549575,181983,500000
112000233,2023-09-29,9,8,3,5,4313325,172533,1845000
112000234,2023-09-30,8,8,0,3,4271850,170874,2850000
112000235,2023-10-02,3,4,7,7,4761850,190474,720000
112000236,2023-10-03,7,1,0,2,4355500,174220,2260000
112000237,2023-10-04,6,7,0,6,4280425,171217,1260000
112000238,2023-10-05,1,2,0,5,4136900,165476,6705000
112000239,2023-10-06,6,3,7,8,4595825,183833,1250000
112000240,2023-10-07,9,5,0,2,4595050,183802,1285000
112000241,2023-10-09,1,0,8,5,4715400,188616,3075000
112000242,2023-10-10,9,7,1,9,4447500,177900,1935000
112000243,2023-10-11,7,6,9,2,4697900,187916,1370000
112000244,2023-10-12,5,6,0,6,4567375,182695,1315000
112000245,2023-10-13,7,4,6,3,4614200,184568,1025000
112000246,2023-10-14,8,4,8,9,4501575,180063,455000
112000247,2023-10-16,8,7,6,4,4772000,190880,970000
112000248,2023-10-17,1,6,0,2,4476500,179060,2520000
112000249,2023-10-18,0,1,6,6,4583825,183353,2275000
112000250,2023-10-19,5,4,0,7,4501200,180048,740000
112000251,2023-10-20,9,8,6,3,4585825,183433,2180000
112000252,2023-10-21,2,8,5,0,4635150,185406,1280000
112000253,2023-10-23,2,1,2,0,4899800,195992,5895000
112000254,2023-10-24,1,4,4,4,4504850,180194,3325000
112000255,2023-10-25,7,3,7,3,4631725,185269,2500000
112000256,2023-10-26,8,2,5,1,4559250,182370,2975000
112000257,2023-10-27,6,8,1,5,4586225,183449,2465000
112000258,2023-10-28,4,2,5,5,4557100,182284,1975000
112000259,2023-10-30,8,1,4,2,4786400,191456,905000
112000260,2023-10-31,7,9,1,7,4544375,181775,1310000
112000261,2023-11-01,5,7,0,2,4652800,186112,1540000
112000262,2023-11-02,3,8,3,8,4576950,183078,7365000
112000263,2023-11-03,2,9,1,1,4694250,187770,2745000
112000264,2023-11-04,3,8,3,0,4583975,183359,1530000
112000265,2023-11-06,2,2,8,0,5038600,201544,4340000
112000266,2023-11-07,1,9,4,4,4676425,187057,700000
112000267,2023-11-08,0,8,2,0,4760700,190428,4250000
112000268,2023-11-09,9,3,8,9,4654925,186197,2335000
112000269,2023-11-10,2,3,2,0,4777050,191082,3560000
112000270,2023-11-11,4,4,6,8,4810900,192436,640000
112000271,2023-11-13,3,3,0,8,4968450,198738,2170000
112000272,2023-11-14,5,6,3,7,4652925,186117,1605000
112000273,2023-11-15,6,3,2,0,4665525,186621,2175000
112000274,2023-11-16,7,8,6,6,4457250,178290,6370000
112000275,2023-11-17,8,1,4,4,4573950,182958,315000
112000276,2023-11-18,2,0,9,5,4499800,179992,1310000
112000277,2023-11-20,7,8,9,1,4908825,196353,2470000
112000278,2023-11-21,8,6,9,6,4547100,181884,2865000
112000279,2023-11-22,3,3,0,8,4737950,189518,6615000
112000280,2023-11-23,5,3,7,4,4806050,192242,1220000
112000281,2023-11-24,1,5,6,6,4954650,198186,2980000
112000282,2023-11-25,0,7,3,1,4696950,187878,1930000
112000283,2023-11-27,9,5,4,8,5095625,203825,960000
112000284,2023-11-28,8,6,3,5,4621175,184847,2750000
112000285,2023-11-29,6,0,5,7,4668475,186739,1245000
112000286,2023-11-30,6,3,1,6,4597300,183892,1825000
112000287,2023-12-01,1,9,1,3,4769525,190781,3920000
112000288,2023-12-02,8,1,0,0,4681675,187267,2080000
112000289,2023-12-04,2,9,2,3,4660050,186402,1550000
112000290,2023-12-05,5,5,3,8,4720475,188819,4990000
112000291,2023-12-06,7,2,8,8,4801950,192078,2210000
112000292,2023-12-07,8,5,9,5,4853825,194153,2665000
112000293,2023-12-08,5,2,9,9,4958025,198321,1105000
112000294,2023-12-09,4,8,5,2,4927250,197090,935000
112000295,2023-12-11,0,0,6,1,5210250,208410,1960000
112000296,2023-12-12,3,0,8,6,4760175,190407,1470000
112000297,2023-12-13,2,1,4,8,4721500,188860,1905000
112000298,2023-12-14,1,8,0,9,4650025,186001,1735000
112000299,2023-12-15,3,4,9,9,4840275,193611,365000
112000300,2023-12-16,0,2,9,7,4540125,181605,1680000
112000301,2023-12-18,7,4,8,7,4850500,194020,720000
112000302,2023-12-19,0,3,4,6,4541075,181643,795000
112000303,2023-12-20,8,6,6,5,4459400,178376,2725000
112000304,2023-12-21,1,3,3,5,4365275,174611,5695000
112000305,2023-12-22,7,9,3,7,4547200,181888,1495000
112000306,2023-12-23,8,7,8,5,4421100,176844,3595000
112000307,2023-12-25,1,2,9,2,4904300,196172,1540000
112000308,2023-12-26,0,7,5,8,4587575,183503,2840000
112000309,2023-12-27,4,1,3,5,4677750,187110,755000
112000310,2023-12-28,4,3,4,6,4619600,184784,440000
112000311,2023-12-29,3,3,0,0,5024750,200990,2270000
112000312,2023-12-30,6,7,4,8,5430975,217239,1270000
113000001,2024-01-01,2,2,5,4,3601375,144055,1144000
113000002,2024-01-02,7,9,3,6,3345525,133821,2048500
113000003,2024-01-03,4,9,0,4,3560250,142410,823000
113000004,2024-01-04,0,4,9,8,3576275,143051,1389500
113000005,2024-01-05,5,2,8,7,3716975,148679,3011500
113000006,2024-01-06,9,9,1,6,3867350,154694,2457000
113000007,2024-01-08,6,2,1,9,4217750,168710,4300500
113000008,2024-01-09,5,8,2,2,3770500,150820,3170500
113000009,2024-01-10,3,1,2,1,3931050,157242,2950000
113000010,2024-01-11,9,0,7,9,3934125,157365,1653000
113000011,2024-01-12,7,4,4,0,3954850,158194,794500
113000012,2024-01-13,6,7,9,9,3986575,159463,1533500
113000013,2024-01-15,5,4,6,5,4216900,168676,1871000
113000014,2024-01-16,2,8,2,8,3770875,150835,4328500
113000015,2024-01-17,3,9,0,6,3875300,155012,3234000
113000016,2024-01-18,1,4,7,8,3763450,150538,3968000
113000017,2024-01-19,1,4,0,5,3943900,157756,1932000
113000018,2024-01-20,2,3,5,3,3906150,156246,7144000
113000019,2024-01-22,7,2,9,4,3976725,159069,496500
113000020,2024-01-23,0,5,8,3,3324875,132995,1614000
113000021,2024-01-24,9,2,5,8,3617450,144698,3955000
113000022,2024-01-25,2,3,4,8,3633575,145343,1251000
113000023,2024-01-26,9,9,3,3,3836875,153475,2738000
113000024,2024-01-27,0,2,5,3,3827725,153109,1348000
113000025,2024-01-29,4,8,5,8,4150125,166005,2481500
113000026,2024-01-30,3,5,0,3,3766000,150640,1525500
113000027,2024-01-31,2,0,2,5,4000450,160018,4547000
113000028,2024-02-01,5,9,6,9,3996350,159854,3563500
113000029,2024-02-02,0,3,5,7,4029150,161166,2622500
113000030,2024-02-03,3,5,3,6,4117825,164713,5543000
113000031,2024-02-05,0,0,4,4,4542725,181709,1604000
113000032,2024-02-06,3,2,3,7,4125800,165032,2328500
113000033,2024-02-07,8,6,9,3,3973400,158936,1263000
113000034,2024-02-08,8,6,9,6,3980200,159208,1701000
113000035,2024-02-09,9,4,6,6,4069200,162768,1651000
113000036,2024-02-10,8,0,8,1,4120100,164804,1919500
113000037,2024-02-12,6,1,6,6,4973075,198923,3148000
113000038,2024-02-13,4,6,5,2,4159675,166387,1419000
113000039,2024-02-14,2,5,8,2,4221450,168858,1568500
113000040,2024-02-15,2,9,1,5,4124125,164965,3266500
113000041,2024-02-16,9,6,7,6,4184950,167398,2169500
113000042,2024-02-17,9,9,2,8,4207800,168312,3387000
113000043,2024-02-19,9,3,4,9,4725800,189032,1005500
113000044,2024-02-20,8,0,7,4,4056900,162276,821000
113000045,2024-02-21,0,5,9,7,3920325,156813,1643500
113000046,2024-02-22,9,5,6,2,3863150,154526,1905000
113000047,2024-02-23,3,8,4,2,3918800,156752,1140000
113000048,2024-02-24,5,0,6,1,3943800,157752,1382000
113000049,2024-02-26,9,7,9,4,4110375,164415,652500
113000050,2024-02-27,4,2,5,4,3643225,145729,913000
113000051,2024-02-28,0,2,1,3,3793300,151732,3727500
113000052,2024-02-29,5,4,1,1,3840150,153606,1734500
113000053,2024-03-01,5,5,3,8,3753175,150127,2426500
113000054,2024-03-02,1,0,1,0,3723525,148941,5883500
113000055,2024-03-04,2,7,1,4,4386075,175443,1821500
113000056,2024-03-05,2,7,3,5,3893400,155736,2427000
113000057,2024-03-06,1,1,3,6,3958750,158350,4452500
113000058,2024-03-07,2,2,8,8,3962450,158498,3729000
113000059,2024-03-08,0,3,1,9,4253425,170137,4557000
113000060,2024-03-09,2,0,6,9,4048450,161938,2533500
113000061,2024-03-11,9,6,0,3,4430025,177201,1804500
113000062,2024-03-12,4,6,8,6,3997475,159899,1699500
113000063,2024-03-13,0,7,0,4,4149250,165970,1636500
113000064,2024-03-14,9,3,9,2,4016650,160666,1233000
113000065,2024-03-15,2,9,3,9,4165850,166634,3550500
113000066,2024-03-16,3,9,9,8,4165400,166616,1789500
113000067,2024-03-18,2,7,1,9,4734525,189381,3923500
113000068,2024-03-19,1,4,3,8,4028275,161131,2356000
113000069,2024-03-20,8,6,9,5,4253375,170135,1895000
113000070,2024-03-21,3,0,5,6,4124225,164969,1748000
113000071,2024-03-22,1,1,6,7,4086750,163470,2493500
113000072,2024-03-23,2,1,6,3,4044900,161796,1691500
113000073,2024-03-25,4,2,2,2,4460550,178422,3718500
113000074,2024-03-26,2,4,5,5,3967150,158686,1434000
113000075,2024-03-27,2,7,1,2,4167650,166706,3224000
113000076,2024-03-28,6,9,6,0,4117600,164704,1261500
113000077,2024-03-29,7,3,6,1,4140625,165625,1381000
113000078,2024-03-30,4,2,7,2,4061750,162470,1590000
113000079,2024-04-01,3,8,5,7,4435025,177401,3733000
113000080,2024-04-02,4,2,8,8,4045050,161802,2825500
113000081,2024-04-03,4,8,0,6,4677200,187088,2108000
113000082,2024-04-04,9,4,0,0,4013125,160525,1585000
113000083,2024-04-05,5,9,3,3,3884050,155362,2305500
113000084,2024-04-06,9,4,1,8,4095400,163816,3194500
113000085,2024-04-08,3,8,6,0,4445900,177836,1460000
113000086,2024-04-09,2,7,3,8,3946575,157863,4222000
113000087,2024-04-10,3,3,6,8,4240575,169623,3258000
113000088,2024-04-11,1,5,5,7,4233325,169333,2275000
113000089,2024-04-12,7,7,2,1,4234800,169392,2140500
113000090,2024-04-13,6,4,0,7,4271375,170855,1328500
113000091,2024-04-15,8,2,4,9,4525750,181030,1078500
113000092,2024-04-16,2,1,9,2,4046550,161862,1555500
113000093,2024-04-17,9,4,1,9,4155750,166230,1920000
113000094,2024-04-18,9,1,2,8,4045225,161809,3208500
113000095,2024-04-19,2,1,8,0,4239875,169595,1834000
113000096,2024-04-20,3,4,7,3,4162025,166481,1044500
113000097,2024-04-22,6,0,1,5,4298500,171940,4455000
113000098,2024-04-23,5,7,5,1,3894125,155765,1596500
113000099,2024-04-24,1,9,0,8,3773175,150927,2216000
113000100,2024-04-25,6,2,3,6,3598925,143957,2933500
113000101,2024-04-26,1,9,0,3,3858450,154338,3700500
113000102,2024-04-27,0,2,9,3,3958325,158333,1323500
113000103,2024-04-29,4,4,9,3,4266075,170643,1371500
113000104,2024-04-30,3,2,6,5,3880150,155206,4926500
113000105,2024-05-01,7,6,8,8,3929100,157164,3483000
113000106,2024-05-02,8,5,5,8,3971200,158848,3241000
113000107,2024-05-03,0,9,3,9,4176300,167052,2391500
113000108,2024-05-04,5,3,9,7,4145800,165832,2192000
113000109,2024-05-06,7,2,5,6,4457375,178295,2878500
113000110,2024-05-07,0,1,7,9,4025075,161003,3462500
113000111,2024-05-08,2,6,8,1,4146300,165852,4217500
113000112,2024-05-09,4,8,4,3,4045150,161806,645500
113000113,2024-05-10,2,5,8,1,4151800,166072,1597500
113000114,2024-05-11,3,9,3,7,4091275,163651,1809000
113000115,2024-05-13,6,6,5,0,4275150,171006,2512500
113000116,2024-05-14,3,0,4,5,3929875,157195,811000
113000117,2024-05-15,1,7,6,4,4021025,160841,1031000
113000118,2024-05-16,2,3,8,2,3980300,159212,2199500
113000119,2024-05-17,6,0,5,2,4069350,162774,1336000
113000120,2024-05-18,7,9,2,7,3992950,159718,2878000
113000121,2024-05-20,7,0,4,4,5882550,235302,1638000
113000122,2024-05-21,4,6,4,7,4861275,194451,2948500
113000123,2024-05-22,3,0,2,8,4987025,199481,4673000
113000124,2024-05-23,6,0,0,7,4928725,197149,2457500
113000125,2024-05-24,1,2,8,5,5043800,201752,2840000
113000126,2024-05-25,3,4,6,1,5003250,200130,2040500
113000127,2024-05-27,2,9,1,3,5285850,211434,3188000
113000128,2024-05-28,8,5,8,1,4710300,188412,3528500
113000129,2024-05-29,8,3,6,7,4983425,199337,6225500
113000130,2024-05-30,4,7,2,4,5084475,203379,3577500
113000131,2024-05-31,4,5,4,6,5192650,207706,2985000
113000132,2024-06-01,8,2,5,8,5162225,206489,7151500
113000133,2024-06-03,2,6,2,1,5675350,227014,9530500
113000134,2024-06-04,5,9,4,0,5221175,208847,4424500
113000135,2024-06-05,9,2,5,3,5215900,208636,4955000
113000136,2024-06-06,6,3,7,7,5371500,214860,4175500
113000137,2024-06-07,3,7,5,0,5720225,228809,4670000
113000138,2024-06-08,2,3,5,8,6118475,244739,6046000
113000139,2024-06-10,0,6,9,3,4854350,194174,1692000
113000140,2024-06-11,8,0,1,9,4240750,169630,2570500
113000141,2024-06-12,8,2,6,0,4273100,170924,3390000
113000142,2024-06-13,7,4,6,0,4227725,169109,1191500
113000143,2024-06-14,5,7,5,3,4247725,169909,2371000
113000144,2024-06-15,2,3,6,5,4366475,174659,2870500
113000145,2024-06-17,7,2,2,1,4578700,183148,2846000
113000146,2024-06-18,4,0,5,8,4011825,160473,2282000
113000147,2024-06-19,9,2,3,4,4121325,164853,2350500
113000148,2024-06-20,0,4,2,8,4121200,164848,4027000
113000149,2024-06-21,9,8,4,8,4207850,168314,1534500
113000150,2024-06-22,3,9,6,6,4099300,163972,2871000
113000151,2024-06-24,5,8,6,3,4359125,174365,2002500
113000152,2024-06-25,1,9,4,6,3975350,159014,742000
113000153,2024-06-26,8,6,1,9,4036525,161461,2699500
113000154,2024-06-27,6,0,2,5,4087600,163504,4319500
113000155,2024-06-28,1,0,2,6,4138200,165528,6066000
113000156,2024-06-29,5,5,8,3,4085750,163430,1899500
113000157,2024-07-01,4,4,4,8,4314950,172598,3834000
113000158,2024-07-02,0,2,8,1,4161075,166443,1658500
113000159,2024-07-03,9,9,2,6,4023100,160924,2314000
113000160,2024-07-04,9,4,0,5,4088150,163526,1118500
113000161,2024-07-05,8,0,3,5,4205200,168208,1848500
113000162,2024-07-06,3,5,5,2,4235750,169430,2357500
113000163,2024-07-08,6,0,3,4,4423100,176924,933000
113000164,2024-07-09,2,2,0,5,3977900,159116,1683500
113000165,2024-07-10,9,3,6,1,4129550,165182,1663000
113000166,2024-07-11,1,9,8,2,4367200,174688,2746500
113000167,2024-07-12,2,9,9,3,4283225,171329,1946000
113000168,2024-07-13,5,7,9,8,4078575,163143,1950000
113000169,2024-07-15,6,9,3,8,4282775,171311,2433000
113000170,2024-07-16,8,6,7,1,3960175,158407,2095000
113000171,2024-07-17,4,3,7,2,4046125,161845,2045000
113000172,2024-07-18,0,5,5,6,3966600,158664,1340500
113000173,2024-07-19,6,4,3,2,3958725,158349,1292500
113000174,2024-07-20,5,9,6,7,4071275,162851,2111000
113000175,2024-07-22,4,1,7,9,4201925,168077,1486000
113000176,2024-07-23,3,9,4,1,3791500,151660,1549000
113000177,2024-07-24,4,9,3,5,2847525,113901,1336000
113000178,2024-07-25,6,0,7,0,2715000,108600,1132000
113000179,2024-07-26,0,5,5,6,3500850,140034,2461000
113000180,2024-07-27,0,2,5,0,3957675,158307,3942500
113000181,2024-07-29,9,9,5,7,4248450,169938,2712500
113000182,2024-07-30,6,4,9,5,3817925,152717,1455500
113000183,2024-07-31,8,0,0,6,3966875,158675,1626500
113000184,2024-08-01,3,1,6,2,4040850,161634,1640000
113000185,2024-08-02,2,6,7,9,4086075,163443,1449000
113000186,2024-08-03,3,9,3,3,3981625,159265,2977500
113000187,2024-08-05,2,7,3,5,4380725,175229,2539000
113000188,2024-08-06,6,1,2,1,3997125,159885,3144000
113000189,2024-08-07,0,9,2,2,4128550,165142,4739000
113000190,2024-08-08,9,1,8,1,4338025,173521,1756000
113000191,2024-08-09,3,7,3,9,4144925,165797,3458500
113000192,2024-08-10,2,7,3,7,4203975,168159,3216500
113000193,2024-08-12,2,3,8,7,4468925,178757,1648500
113000194,2024-08-13,3,8,2,4,4066875,162675,2391500
113000195,2024-08-14,2,5,2,3,4189525,167581,2778000
113000196,2024-08-15,1,9,8,3,4052700,162108,3525000
113000197,2024-08-16,8,9,5,4,4090650,163626,1303500
113000198,2024-08-17,9,1,7,6,4137175,165487,1931500
113000199,2024-08-19,7,3,7,9,4252875,170115,1724500
113000200,2024-08-20,1,5,5,3,3865025,154601,1948500
113000201,2024-08-21,4,8,7,4,4056750,162270,821000
113000202,2024-08-22,7,2,5,8,3886600,155464,3346000
113000203,2024-08-23,8,2,5,2,4053850,162154,1864000
113000204,2024-08-24,2,8,4,6,3988050,159522,1641000
113000205,2024-08-26,7,5,8,1,4294350,171774,2578500
113000206,2024-08-27,9,4,2,3,3964050,158562,1938000
113000207,2024-08-28,9,8,2,8,3993725,159749,7154500
113000208,2024-08-29,0,5,2,4,4028100,161124,2662500
113000209,2024-08-30,9,6,6,7,4143875,165755,3087500
113000210,2024-08-31,9,5,4,3,4116900,164676,1844000
113000211,2024-09-02,5,5,0,8,4377925,175117,2131000
113000212,2024-09-03,9,1,1,8,4039100,161564,3284000
113000213,2024-09-04,5,2,9,5,4122175,164887,1832500
113000214,2024-09-05,2,7,9,7,4104525,164181,1307000
113000215,2024-09-06,0,5,0,1,4371400,174856,1768000
113000216,2024-09-07,9,6,8,4,4120250,164810,1321000
113000217,2024-09-09,4,5,9,8,4367625,174705,2824500
113000218,2024-09-10,6,8,8,3,4080375,163215,1663000
113000219,2024-09-11,2,9,0,2,4178400,167136,1239000
113000220,2024-09-12,2,2,2,8,4041725,161669,5746500
113000221,2024-09-13,1,2,3,6,4226300,169052,4490500
113000222,2024-09-14,8,8,6,0,4020600,160824,1601000
113000223,2024-09-16,0,7,3,3,4560825,182433,2461000
113000224,2024-09-17,4,5,6,1,4139575,165583,1151000
113000225,2024-09-18,0,2,6,5,3971000,158840,2773500
113000226,2024-09-19,1,5,7,8,3898850,155954,2089500
113000227,2024-09-20,6,3,8,8,4122500,164900,3992500
113000228,2024-09-21,9,7,6,6,3901950,156078,1903500
113000229,2024-09-23,9,3,0,0,5388225,215529,2454500
113000230,2024-09-24,3,5,8,3,5035150,201406,2621000
113000231,2024-09-25,6,1,4,6,5142000,205680,1794500
113000232,2024-09-26,4,5,5,2,4996000,199840,3024000
113000233,2024-09-27,5,6,5,8,5066450,202658,6158000
113000234,2024-09-28,8,8,0,9,5074175,202967,2880000
113000235,2024-09-30,2,0,2,2,5344525,213781,4978000
113000236,2024-10-01,5,1,6,8,5043500,201740,15322500
113000237,2024-10-02,8,4,4,5,4459000,178360,1605500
113000238,2024-10-03,0,4,7,4,4141250,165650,1247000
113000239,2024-10-04,2,6,1,5,4932925,197317,4427500
113000240,2024-10-05,5,0,9,8,5175975,207039,3127000
113000241,2024-10-07,1,5,0,8,5554700,222188,3580500
113000242,2024-10-08,5,9,4,3,5098100,203924,1642000
113000243,2024-10-09,4,6,2,1,5357925,214317,6943500
113000244,2024-10-10,3,4,3,4,5389050,215562,1780500
113000245,2024-10-11,9,3,6,4,5657500,226300,3336500
113000246,2024-10-12,8,6,1,5,5950350,238014,3759500
113000247,2024-10-14,9,5,4,6,4693325,187733,1448500
113000248,2024-10-15,7,8,2,2,4168550,166742,2628500
113000249,2024-10-16,6,0,9,6,4341050,173642,2031000
113000250,2024-10-17,6,4,4,2,4303675,172147,1620000
113000251,2024-10-18,6,2,9,7,4354075,174163,2421500
113000252,2024-10-19,3,7,6,6,4312775,172511,2993500
113000253,2024-10-21,5,7,8,3,4590675,183627,2384500
113000254,2024-10-22,3,9,3,3,4111675,164467,4359500
113000255,2024-10-23,2,2,3,8,4174675,166987,3002000
113000256,2024-10-24,1,0,8,0,4143975,165759,3077500
113000257,2024-10-25,7,8,8,6,4256500,170260,2677500
113000258,2024-10-26,1,1,6,0,4264225,170569,1657500
113000259,2024-10-28,4,1,2,0,4526525,181061,2351500
113000260,2024-10-29,3,1,4,2,4190550,167622,1624500
113000261,2024-10-30,1,9,2,0,4080900,163236,2249000
113000262,2024-10-31,7,0,3,4,2876725,115069,1611000
113000263,2024-11-01,4,4,8,8,4141075,165643,2461500
113000264,2024-11-02,2,4,2,2,4346450,173858,2396500
113000265,2024-11-04,5,9,4,4,4692775,187711,1452500
113000266,2024-11-05,0,2,9,8,4322550,172902,3628000
113000267,2024-11-06,6,3,9,8,4338725,173549,2026000
113000268,2024-11-07,8,7,7,2,4329000,173160,2018000
113000269,2024-11-08,7,5,2,6,4371025,174841,2703500
113000270,2024-11-09,6,0,0,4,4286800,171472,1416500
113000271,2024-11-11,2,0,1,5,4809925,192397,3321000
113000272,2024-11-12,0,2,2,3,4179225,167169,2597500
113000273,2024-11-13,1,9,2,0,4364200,174568,4572500
113000274,2024-11-14,9,3,6,0,4360275,174411,2899000
113000275,2024-11-15,4,8,8,6,4432175,177287,1928500
113000276,2024-11-16,7,9,4,1,4330100,173204,753500
113000277,2024-11-18,0,6,6,2,4446375,177855,1414000
113000278,2024-11-19,1,6,5,7,4101125,164045,2395500
113000279,2024-11-20,8,5,3,9,4259100,170364,4295000
113000280,2024-11-21,5,3,4,7,4180725,167229,1265000
113000281,2024-11-22,2,6,8,5,4259700,170388,2755500
113000282,2024-11-23,3,3,5,7,4226800,169072,2890000
113000283,2024-11-25,7,8,6,1,4699750,187990,1958000
113000284,2024-11-26,0,2,5,4,4097775,163911,1283000
113000285,2024-11-27,5,0,3,5,4217125,168685,2328500
113000286,2024-11-28,7,5,5,0,4210275,168411,1972500
113000287,2024-11-29,4,7,4,7,4304400,172176,1155500
113000288,2024-11-30,7,5,4,7,4393725,175749,1552500
113000289,2024-12-02,4,7,2,4,4588175,183527,2101500
113000290,2024-12-03,5,9,6,5,4255375,170215,3133500
113000291,2024-12-04,6,6,4,8,4286125,171445,2081000
113000292,2024-12-05,8,8,5,5,4348075,173923,3083000
113000293,2024-12-06,9,8,0,7,4581150,183246,2148500
113000294,2024-12-07,9,4,3,4,4381025,175241,1299500
113000295,2024-12-09,4,0,0,8,4705825,188233,2767000
113000296,2024-12-10,3,3,7,7,4323325,172933,3136500
113000297,2024-12-11,5,0,1,3,4610325,184413,2976500
113000298,2024-12-12,0,1,7,4,4434325,177373,858500
113000299,2024-12-13,9,5,8,9,4405225,176209,2578000
113000300,2024-12-14,3,5,9,5,4231325,169253,2069000
113000301,2024-12-16,7,6,0,4,4569100,182764,1141500
113000302,2024-12-17,7,7,1,4,4093925,163757,1248500
113000303,2024-12-18,0,9,6,2,4298675,171947,1641000
113000304,2024-12-19,6,5,1,2,4065800,162632,3351500
113000305,2024-12-20,7,2,0,1,4285475,171419,1801000
113000306,2024-12-21,6,1,0,9,4218825,168753,2169000
113000307,2024-12-23,2,7,7,7,4129550,165182,3157500
113000308,2024-12-24,9,4,1,2,4156175,166247,1725500
113000309,2024-12-25,1,6,8,1,4320425,172817,2263000
113000310,2024-12-26,5,1,3,4,4311425,172457,1472500
113000311,2024-12-27,6,5,8,1,4250975,170039,2702500
113000312,2024-12-28,3,8,0,4,4114925,164597,874000
113000313,2024-12-30,6,7,9,7,4507100,180284,2006000
113000314,2024-12-31,1,6,6,7,4463975,178559,2354500
114000001,2025-01-01,6,8,0,4,4055950,162238,967500
114000002,2025-01-02,1,3,7,3,4071000,162840,1251000
114000003,2025-01-03,7,5,9,3,4280950,171238,1477000
114000004,2025-01-04,5,5,4,0,4386325,175453,742500
114000005,2025-01-06,3,2,4,3,4733525,189341,1043000
114000006,2025-01-07,8,7,8,1,4176075,167043,1814500
114000007,2025-01-08,2,4,3,0,4248250,169930,1843500
114000008,2025-01-09,9,9,4,6,4071750,162870,815500
114000009,2025-01-10,1,2,3,0,4277850,171114,3191500
114000010,2025-01-11,4,2,0,9,4278700,171148,2150500
114000011,2025-01-13,6,7,7,5,4608750,184350,2641500
114000012,2025-01-14,7,0,6,1,4196150,167846,1609000
114000013,2025-01-15,8,0,8,3,4173750,166950,2708500
114000014,2025-01-16,1,6,1,2,4176025,167041,2939000
114000015,2025-01-17,9,5,1,2,4350150,174006,2445000
114000016,2025-01-18,1,0,9,7,4412600,176504,2423500
114000017,2025-01-20,4,3,7,8,4697125,187885,2295500
114000018,2025-01-21,1,5,5,3,4319900,172796,2052000
114000019,2025-01-22,8,9,7,0,4345950,173838,1726500
114000020,2025-01-23,4,4,9,1,4432300,177292,3034500
114000021,2025-01-24,5,5,7,0,4445775,177831,2126000
114000022,2025-01-25,9,4,1,6,4263450,170538,1852000
114000023,2025-01-26,7,2,4,2,2859450,114378,872000
114000024,2025-01-27,0,4,5,8,4036325,161453,2746500
114000025,2025-01-28,3,4,1,4,4172075,166883,1985000
114000026,2025-01-29,0,6,7,8,4286150,171446,2308000
114000027,2025-01-30,9,8,2,4,4357650,174306,1415000
114000028,2025-01-31,9,9,1,9,4295125,171805,2873000
114000029,2025-02-01,2,1,2,5,4415725,176629,5324500
114000030,2025-02-02,1,2,3,5,3961300,158452,4400500
114000031,2025-02-03,2,0,6,2,4223450,168938,1419000
114000032,2025-02-04,0,8,0,5,4295625,171825,2628000
114000033,2025-02-05,6,3,5,6,4395975,175839,1917000
114000034,2025-02-06,0,5,5,3,4445600,177824,1786500
114000035,2025-02-07,6,8,1,0,4337300,173492,2412000
114000036,2025-02-08,7,6,7,3,4150350,166014,1235500
114000037,2025-02-09,4,6,3,7,3255550,130222,1412000
114000038,2025-02-10,5,1,6,1,4349775,173991,2187500
114000039,2025-02-11,3,3,0,3,4220475,168819,1930000
114000040,2025-02-12,9,6,4,5,4315275,172611,1001500
114000041,2025-02-13,0,8,5,2,4047375,161895,1870000
114000042,2025-02-14,9,5,3,8,4529000,181160,3679500
114000043,2025-02-15,9,1,2,5,4348375,173935,3254500
114000044,2025-02-17,0,9,3,2,4965650,198626,2536000
114000045,2025-02-18,2,0,3,4,4225475,169019,1900500
114000046,2025-02-19,1,0,7,7,4331250,173250,2619500
114000047,2025-02-20,8,5,0,3,4488275,179531,2098500
114000048,2025-02-21,0,3,8,2,4293175,171727,1649000
114000049,2025-02-22,0,7,0,9,4332325,173293,2789000
114000050,2025-02-24,4,0,4,2,4758450,190338,997000
114000051,2025-02-25,5,6,5,9,4150450,166018,2342000
114000052,2025-02-26,6,5,0,2,4346775,173871,2068000
114000053,2025-02-27,7,9,3,6,4422475,176899,2753000
114000054,2025-02-28,4,1,2,4,4325875,173035,1737000
114000055,2025-03-01,2,0,7,1,4643675,185747,1797500
114000056,2025-03-03,2,5,5,7,4713475,188539,2344000
114000057,2025-03-04,6,9,8,5,4104250,164170,2471500
114000058,2025-03-05,8,4,4,2,4499600,179984,1074000
114000059,2025-03-06,1,9,0,5,4285950,171438,1455000
114000060,2025-03-07,5,3,4,8,4420125,176805,1451000
114000061,2025-03-08,5,5,0,4,4560175,182407,922500
114000062,2025-03-10,2,3,4,9,4721775,188871,1453000
114000063,2025-03-11,3,0,2,2,4326650,173066,3637500
114000064,2025-03-12,2,5,7,8,4384300,175372,2441500
114000065,2025-03-13,0,2,0,2,4202800,168112,4887500
114000066,2025-03-14,0,3,7,6,4394750,175790,1760500
114000067,2025-03-15,4,4,7,2,4268900,170756,992500
114000068,2025-03-17,4,4,1,4,4554125,182165,2682500
114000069,2025-03-18,0,5,2,0,4196450,167858,5018000
114000070,2025-03-19,4,4,3,0,4366425,174657,4696500
114000071,2025-03-20,3,5,9,3,4458700,178348,2004500
114000072,2025-03-21,0,6,9,6,4253975,170159,2125000
114000073,2025-03-22,2,8,8,2,4270275,170811,2383000
114000074,2025-03-24,6,2,7,3,4474775,178991,1957000
114000075,2025-03-25,7,1,0,3,4210600,168424,1968500
114000076,2025-03-26,1,9,4,2,4126025,165041,2071500
114000077,2025-03-27,6,3,5,9,4090000,163600,2512500
114000078,2025-03-28,6,7,1,6,4136700,165468,2007000
114000079,2025-03-29,4,4,5,4,4147375,165895,990500
114000080,2025-03-31,2,7,1,9,4287850,171514,2708500
114000081,2025-04-01,2,6,7,9,4009375,160375,1665000
114000082,2025-04-02,0,9,1,9,4417500,176700,4550500
114000083,2025-04-03,9,6,3,0,4118225,164729,2362500
114000084,2025-04-04,4,1,6,4,4228800,169152,720500
114000085,2025-04-05,5,7,7,9,4233700,169348,1981500
114000086,2025-04-07,9,4,4,1,4819225,192769,1331500
114000087,2025-04-08,7,6,0,0,4252700,170108,1982500
114000088,2025-04-09,4,2,9,7,4248000,169920,1494500
114000089,2025-04-10,1,4,9,7,4195500,167820,1276000
114000090,2025-04-11,5,2,2,7,4395725,175829,2785000
114000091,2025-04-12,3,6,6,2,4363300,174532,1641500
114000092,2025-04-14,2,8,0,9,4716725,188669,1698000
114000093,2025-04-15,3,4,5,0,4112225,164489,1369000
114000094,2025-04-16,5,6,6,3,4144575,165783,2032000
114000095,2025-04-17,9,0,7,8,4075600,163024,2115500
114000096,2025-04-18,7,9,5,7,4239800,169592,2207000
114000097,2025-04-19,1,0,9,2,4169975,166799,1221500
114000098,2025-04-21,7,4,0,8,4382550,175302,1914000
114000099,2025-04-22,1,0,8,5,3951075,158043,1603000
114000100,2025-04-23,3,8,2,7,3937975,157519,2542000
114000101,2025-04-24,1,6,6,0,3953550,158142,1094500
114000102,2025-04-25,9,2,1,0,4026650,161066,2447000
114000103,2025-04-26,1,4,6,3,3963125,158525,1430500
114000104,2025-04-28,9,3,3,1,4252225,170089,2457500
114000105,2025-04-29,3,2,1,9,3991325,159653,4520500
114000106,2025-04-30,4,4,2,9,4189625,167585,1957500
114000107,2025-05-01,2,5,7,9,4089750,163590,2991000
114000108,2025-05-02,6,0,1,8,4117950,164718,3382500
114000109,2025-05-03,5,5,7,1,4186025,167441,1389000
114000110,2025-05-05,1,7,6,8,4520825,180833,4955500
114000111,2025-05-06,3,3,8,1,4251200,170048,2032000
114000112,2025-05-07,2,3,6,2,4059025,162361,1789500
114000113,2025-05-08,1,6,2,1,4151575,166063,4590500
114000114,2025-05-09,6,4,7,4,4200675,168027,1067000
114000115,2025-05-10,5,7,0,2,4257100,170284,2286500
114000116,2025-05-12,3,8,4,1,4595975,183839,1016000
114000117,2025-05-13,7,1,4,8,4169950,166798,1284000
114000118,2025-05-14,2,3,2,0,4210200,168408,3053000
114000119,2025-05-15,9,2,4,0,4226125,169045,1625500
114000120,2025-05-16,5,6,7,2,4294400,171776,2665500
114000121,2025-05-17,4,5,5,2,3894250,155770,1763500
114000122,2025-05-19,6,4,6,8,4460100,178404,2673000
114000123,2025-05-20,1,6,7,7,4001675,160067,2246500
114000124,2025-05-21,1,0,7,9,4043100,161724,2076500
114000125,2025-05-22,3,7,7,9,3926400,157056,2718500
114000126,2025-05-23,9,5,2,9,4031575,161263,2182000
114000127,2025-05-24,3,1,0,2,3849825,153993,1705000
114000128,2025-05-26,3,3,9,7,4142350,165694,2670500
114000129,2025-05-27,3,3,4,7,3873425,154937,1057500
114000130,2025-05-28,5,9,5,5,3961475,158459,1875000
114000131,2025-05-29,3,8,8,9,3826325,153053,2983000
114000132,2025-05-30,6,3,6,0,3858675,154347,1450000
114000133,2025-05-31,8,1,5,0,3858925,154357,2505000
114000134,2025-06-02,2,9,6,4,4082375,163295,939500
114000135,2025-06-03,1,1,2,7,3584425,143377,4200000
114000136,2025-06-04,3,8,6,4,3793500,151740,2574500
114000137,2025-06-05,2,1,8,5,3937200,157488,1969500
114000138,2025-06-06,9,0,1,6,4057925,162317,3422000
114000139,2025-06-07,8,8,3,6,3931225,157249,2139500
114000140,2025-06-09,6,8,9,6,4263525,170541,1940000
114000141,2025-06-10,0,2,4,0,3842725,153709,925000
114000142,2025-06-11,8,7,6,0,3907450,156298,1550000
114000143,2025-06-12,5,7,6,6,3929275,157171,2085500
114000144,2025-06-13,0,4,6,3,3841575,153663,1289500
114000145,2025-06-14,3,6,0,6,3944325,157773,1876500
114000146,2025-06-16,3,5,7,9,4281050,171242,4445000
114000147,2025-06-17,1,7,1,2,3916500,156660,2550000
114000148,2025-06-18,8,8,2,5,3954400,158176,4487500
114000149,2025-06-19,8,4,0,2,3969800,158792,1168500
114000150,2025-06-20,9,3,6,6,3860325,154413,2699000
114000151,2025-06-21,8,9,3,4,3911925,156477,1140000
114000152,2025-06-23,5,4,3,7,4175275,167011,1574000
114000153,2025-06-24,9,9,7,6,3625425,145017,1670500
114000154,2025-06-25,4,8,5,5,3828225,153129,1686000
114000155,2025-06-26,3,0,4,4,3831700,153268,1271500
114000156,2025-06-27,0,4,9,3,3816125,152645,1125000
114000157,2025-06-28,7,1,0,5,3753425,150137,1390000
114000158,2025-06-30,9,5,4,2,4065875,162635,921500
114000159,2025-07-01,7,6,2,2,3759250,150370,2751500
114000160,2025-07-02,4,2,6,5,3843975,153759,1447500
114000161,2025-07-03,8,5,6,4,3849550,153982,599500
114000162,2025-07-04,9,5,9,8,3879250,155170,2356000
114000163,2025-07-05,5,1,9,6,3923525,156941,2626000
114000164,2025-07-07,9,6,8,5,3844000,153760,1963000
114000165,2025-07-08,2,6,7,0,3819375,152775,1283000
114000166,2025-07-09,8,3,2,8,3658250,146330,3427500
114000167,2025-07-10,7,5,1,3,3743800,149752,2616500
114000168,2025-07-11,7,3,6,5,3958225,158329,2582500
114000169,2025-07-12,0,6,9,5,3971550,158862,1538000
114000170,2025-07-14,6,4,0,0,4211150,168446,1492500
114000171,2025-07-15,7,5,6,7,3799450,151978,2455500
114000172,2025-07-16,4,5,3,4,3902675,156107,930500
114000173,2025-07-17,0,6,3,4,4005200,160208,1000000
114000174,2025-07-18,0,1,8,3,3925475,157019,1472500
114000175,2025-07-19,6,7,0,7,3732300,149292,1994500
114000176,2025-07-21,9,3,2,6,3929850,157194,3137000
114000177,2025-07-22,2,9,4,4,3825350,153014,1124500
114000178,2025-07-23,4,1,5,5,3894425,155777,2788500
114000179,2025-07-24,8,7,1,0,3943975,157759,2013500
114000180,2025-07-25,3,3,0,1,3805725,152229,1664000
114000181,2025-07-26,4,9,8,5,3800500,152020,1452500
114000182,2025-07-28,6,2,7,7,3916275,156651,3168500
114000183,2025-07-29,9,3,7,0,3669175,146767,1548500
114000184,2025-07-30,5,1,4,5,3686400,147456,694500
114000185,2025-07-31,1,2,0,6,3776900,151076,3615000
114000186,2025-08-01,2,6,8,7,3974500,158980,1971500
114000187,2025-08-02,5,0,1,5,3734375,149375,2622000
114000188,2025-08-04,8,3,2,1,3959100,158364,2270000
114000189,2025-08-05,1,0,7,0,3983400,159336,1622000
114000190,2025-08-06,6,1,6,9,3982250,159290,2039500
114000191,2025-08-07,9,0,1,4,4141925,165677,1497000
114000192,2025-08-08,8,4,3,5,4290175,171607,1682000
114000193,2025-08-09,7,7,0,0,4013500,160540,2037500
114000194,2025-08-11,1,1,7,7,4395675,175827,3960000
114000195,2025-08-12,3,5,4,8,4182800,167312,4152500
114000196,2025-08-13,7,1,7,2,3720200,148808,2595000
114000197,2025-08-14,5,6,1,8,4035675,161427,4025500
114000198,2025-08-15,8,8,1,7,4214200,168568,3609500
114000199,2025-08-16,8,8,4,3,4236900,169476,808500
114000200,2025-08-18,3,1,3,8,4418225,176729,3052000
114000201,2025-08-19,7,2,4,5,4004450,160178,1333000
114000202,2025-08-20,1,2,9,4,3937450,157498,717000
114000203,2025-08-21,9,7,9,1,3987775,159511,1363500
114000204,2025-08-22,2,0,4,3,3992400,159696,883500
114000205,2025-08-23,8,5,4,5,3937300,157492,1056500
114000206,2025-08-25,7,2,2,2,4231325,169253,3473000
114000207,2025-08-26,5,1,4,0,3856450,154258,1407500
114000208,2025-08-27,2,4,7,3,3935950,157438,1623000
114000209,2025-08-28,7,9,1,0,3854550,154182,1920000
114000210,2025-08-29,9,3,6,7,4034100,161364,3408000
114000211,2025-08-30,6,0,8,9,3906075,156243,2297000
114000212,2025-09-01,0,6,8,2,4255600,170224,1773000
114000213,2025-09-02,7,4,9,9,3814900,152596,1286500
114000214,2025-09-03,0,5,8,7,3959700,158388,1711000
114000215,2025-09-04,9,8,7,0,3974050,158962,2132000
114000216,2025-09-05,8,6,7,1,4215625,168625,1559500
114000217,2025-09-06,6,4,9,5,4059575,162383,1636500
114000218,2025-09-08,6,2,7,7,4175300,167012,2779500
114000219,2025-09-09,3,8,2,0,4034075,161363,2043000
114000220,2025-09-10,9,8,8,5,3979000,159160,2432500
114000221,2025-09-11,5,7,0,0,3996350,159854,1814000
114000222,2025-09-12,0,8,6,1,4037825,161513,1500500
114000223,2025-09-13,8,0,7,9,4039700,161588,2443500
114000224,2025-09-15,0,2,3,3,5723925,228957,4454500
114000225,2025-09-16,0,5,0,1,5554100,222164,4225000
114000226,2025-09-17,7,7,4,8,5695750,227830,1777500
114000227,2025-09-18,1,5,8,7,5787325,231493,5235500
114000228,2025-09-19,9,7,0,9,5790400,231616,3869500
114000229,2025-09-20,1,6,6,1,5791050,231642,3160000
114000230,2025-09-22,8,6,0,1,6356775,254271,4174000
114000231,2025-09-23,4,8,7,7,5491500,219660,4165500
114000232,2025-09-24,2,1,7,3,5803800,232152,2262000
114000233,2025-09-25,1,8,5,8,5947150,237886,5873000
114000234,2025-09-26,9,3,1,4,6009125,240365,4998500
114000235,2025-09-27,0,6,0,1,5884900,235396,4154500
114000236,2025-09-29,5,8,6,4,6143350,245734,8255000
114000237,2025-09-30,3,0,5,7,5664775,226591,3367000
114000238,2025-10-01,9,7,6,4,5985875,239435,1989000
114000239,2025-10-02,2,7,1,0,5656600,226264,7477500
114000240,2025-10-03,8,4,7,9,5943025,237721,2561000
114000241,2025-10-04,5,8,5,8,5966400,238656,13949500
114000242,2025-10-06,6,8,5,5,6729350,269174,5105500
114000243,2025-10-07,8,4,7,3,6075950,243038,3631000
114000244,2025-10-08,2,1,4,4,6253275,250131,2414500
114000245,2025-10-09,9,3,4,2,6331800,253272,3226500
114000246,2025-10-10,4,5,7,7,6447050,257882,4549500
114000247,2025-10-11,6,7,0,5,7093850,283754,3438500
114000248,2025-10-13,6,6,8,8,5018850,200754,7340500
114000249,2025-10-14,5,4,7,9,4656600,186264,2706000
114000250,2025-10-15,8,8,3,5,4724625,188985,2038500
114000251,2025-10-16,4,6,6,1,4590300,183612,3840500
114000252,2025-10-17,5,7,8,3,4613650,184546,1909000
114000253,2025-10-18,0,0,9,1,4613325,184533,2673000
114000254,2025-10-20,2,6,3,5,4532100,181284,3775000
114000255,2025-10-21,5,4,9,8,4239400,169576,1888500
114000256,2025-10-22,0,8,9,7,4280200,171208,1522500
114000257,2025-10-23,5,2,0,9,4384750,175390,2829500
114000258,2025-10-24,7,0,0,1,4268225,170729,2033000
114000259,2025-10-25,2,3,6,6,4300100,172004,4017000
114000260,2025-10-27,8,3,6,2,4658250,186330,3626500
114000261,2025-10-28,7,6,5,7,4153875,166155,2597500
114000262,2025-10-29,4,6,1,8,4575700,183028,2758000
114000263,2025-10-30,4,0,7,2,4362875,174515,1300500
114000264,2025-10-31,7,5,3,5,4476625,179065,2479000
114000265,2025-11-01,8,3,1,4,4484025,179361,2225500
114000266,2025-11-03,1,0,2,7,4638725,185549,6743000
114000267,2025-11-04,6,3,9,7,4315850,172634,1719500
114000268,2025-11-05,8,4,2,4,4453375,178135,1255000
114000269,2025-11-06,0,7,8,4,4386200,175448,741500
114000270,2025-11-07,2,8,4,5,4434050,177362,940000
114000271,2025-11-08,2,4,8,1,4322250,172890,1530500
114000272,2025-11-10,5,5,1,0,4538725,181549,2613500
114000273,2025-11-11,1,1,2,9,4338450,173538,7339500
114000274,2025-11-12,8,5,5,0,4284150,171366,1706500
114000275,2025-11-13,3,5,1,7,4320775,172831,2373000
114000276,2025-11-14,1,7,2,2,4670425,186817,4317500
114000277,2025-11-15,5,6,4,6,4673200,186928,1067500
114000278,2025-11-17,8,9,8,8,4796550,191862,4050000
114000279,2025-11-18,2,3,3,5,4424800,176992,2866500
114000280,2025-11-19,5,5,1,3,4525450,181018,3267000
114000281,2025-11-20,2,4,5,9,4511525,180461,2046000
114000282,2025-11-21,8,6,0,0,4592825,183713,2094000
114000283,2025-11-22,2,9,2,7,4534500,181380,2681000
114000284,2025-11-24,6,8,1,4,4904425,196177,2122500
114000285,2025-11-25,0,6,2,5,4507550,180302,4627500
114000286,2025-11-26,7,4,1,5,4541150,181646,2209500
114000287,2025-11-27,6,6,7,2,4401300,176052,2287500
114000288,2025-11-28,8,3,1,6,4585100,183404,3588000
114000289,2025-11-29,1,1,2,5,4463600,178544,6852500
114000290,2025-12-01,6,6,8,4,4899175,195967,1193000
114000291,2025-12-02,4,7,5,2,4523075,180923,1778500
114000292,2025-12-03,2,2,5,3,4466175,178647,2204500
114000293,2025-12-04,1,1,8,8,4420500,176820,4891500
114000294,2025-12-05,0,5,8,7,4711475,188459,3074500
114000295,2025-12-06,8,8,9,3,4733775,189351,1609000
114000296,2025-12-08,2,1,7,3,5012375,200495,2638000
114000297,2025-12-09,6,1,9,9,4539550,181582,2588000
114000298,2025-12-10,7,0,8,0,4738350,189534,2849000
114000299,2025-12-11,5,6,4,7,4778375,191135,4192000
114000300,2025-12-12,0,3,5,2,4815400,192616,1439500
114000301,2025-12-13,1,2,4,1,4590150,183606,1413000
114000302,2025-12-15,1,8,0,4,4894275,195771,1298000
114000303,2025-12-16,5,8,3,6,4435625,177425,3370000
114000304,2025-12-17,8,5,3,0,4494475,179779,3250500
114000305,2025-12-18,9,6,5,4,4646150,185846,1524000
114000306,2025-12-19,4,6,8,0,4477700,179108,1594500
114000307,2025-12-20,8,9,9,1,4535350,181414,1748000
114000308,2025-12-22,6,0,9,0,5000950,200038,1619500
114000309,2025-12-23,5,6,2,4,4594375,183775,1674000
114000310,2025-12-24,4,5,5,1,4560550,182422,1966500
114000311,2025-12-25,9,3,4,5,4246325,169853,1318000
114000312,2025-12-26,5,8,4,4,4348725,173949,1338000
114000313,2025-12-27,4,8,2,3,4386400,175456,2448000
114000314,2025-12-29,9,5,3,5,4776700,191068,2246500
114000315,2025-12-30,4,5,3,9,4427175,177087,2820500
114000316,2025-12-31,1,7,2,6,4789750,191590,5467000
115000001,2026-01-01,0,8,8,2,4466100,178644,1072000
115000002,2026-01-02,8,7,2,1,4542300,181692,2244000
115000003,2026-01-03,8,9,0,8,4520450,180818,2235000
115000004,2026-01-05,2,5,3,4,5018850,200754,1715500
115000005,2026-01-06,0,1,2,2,4361850,174474,6106500
115000006,2026-01-07,6,6,3,2,4605250,184210,2178500
115000007,2026-01-08,2,6,1,1,4502800,180112,2604500
115000008,2026-01-09,4,3,9,3,4670375,186815,2309000
115000009,2026-01-10,6,7,6,6,4822350,192894,3891500
115000010,2026-01-12,5,7,7,6,5083050,203322,2625000
115000011,2026-01-13,7,9,2,0,4812550,192502,2792000
115000012,2026-01-14,4,8,5,0,4667450,186698,1787500
115000013,2026-01-15,3,3,0,4,4558725,182349,1340000
115000014,2026-01-16,5,3,9,3,4771325,190853,3651500
115000015,2026-01-17,2,7,3,6,4700550,188022,6158000
115000016,2026-01-19,4,5,4,0,4964200,198568,932500
115000017,2026-01-20,8,5,0,5,4325050,173002,2430500
115000018,2026-01-21,4,5,3,6,4393625,175745,3158500
115000019,2026-01-22,2,0,0,8,4332625,173305,2924500
115000020,2026-01-23,5,2,2,3,4539600,181584,4476500
115000021,2026-01-24,4,1,4,8,4575700,183028,935000
115000022,2026-01-26,9,3,2,8,4924975,196999,4245000
115000023,2026-01-27,9,0,8,4,4305575,172223,887000
115000024,2026-01-28,3,6,3,3,4456700,178268,3272500
115000025,2026-01-29,6,7,3,2,4573900,182956,1589500
115000026,2026-01-30,1,2,2,4,4626800,185072,5881000
115000027,2026-01-31,9,5,1,4,4594750,183790,1433500
115000028,2026-02-02,5,7,1,7,4976100,199044,3237000
115000029,2026-02-03,3,7,5,3,4628375,185135,2094000
115000030,2026-02-04,4,8,9,1,4967225,198689,1806500
115000031,2026-02-05,7,7,8,4,4689625,187585,953500
115000032,2026-02-06,5,8,7,9,4745475,189819,3246500
115000033,2026-02-07,0,5,2,9,4817050,192682,2991500
115000034,2026-02-09,7,6,9,4,5202725,208109,1357000
115000035,2026-02-10,7,3,3,0,4730900,189236,3355000
115000036,2026-02-11,3,4,2,8,4834475,193379,3068500
115000037,2026-02-12,5,5,7,3,4877075,195083,1929500
115000038,2026-02-13,6,4,2,6,5031550,201262,3125000
115000039,2026-02-14,1,5,3,0,4898375,195935,2813500
115000040,2026-02-15,5,0,9,9,3710650,148426,1543500
115000041,2026-02-16,2,4,1,7,4747950,189918,2427500
115000042,2026-02-17,4,7,0,2,4853625,194145,1969500
115000043,2026-02-18,3,5,9,1,4889700,195588,2185000
115000044,2026-02-19,8,7,3,9,4828950,193158,2294500
115000045,2026-02-20,8,1,5,2,5069825,202793,1916000
115000046,2026-02-21,5,0,7,2,5060150,202406,1403000
115000047,2026-02-22,0,9,5,4,4349050,173962,872500
115000048,2026-02-23,4,2,9,3,4746425,189857,1340000
115000049,2026-02-24,2,9,7,5,4708400,188336,2914000
115000050,2026-02-25,9,3,1,2,4776050,191042,2751000
115000051,2026-02-26,7,5,4,5,4713850,188554,1248000
115000052,2026-02-27,0,5,9,1,4394700,175788,1732500
115000053,2026-02-28,7,3,5,8,4330425,173217,2886000
115000054,2026-03-01,3,2,5,2,3633375,145335,1562000
115000055,2026-03-02,3,0,1,8,4468200,178728,3098500
115000056,2026-03-03,6,8,6,2,4543725,181749,1346000
115000057,2026-03-04,6,3,7,2,4464725,178589,1804500
115000058,2026-03-05,6,2,4,3,4477025,179081,966500
115000059,2026-03-06,7,0,9,3,4446975,177879,1397000
115000060,2026-03-07,4,4,3,5,4496325,179853,2020500
115000061,2026-03-09,3,9,5,4,4802525,192101,1183500
115000062,2026-03-10,0,4,6,3,4326725,173069,1313500
115000063,2026-03-11,1,0,2,8,4608200,184328,6886000
115000064,2026-03-12,9,2,9,9,4498750,179950,1991500
115000065,2026-03-13,1,6,2,6,4607875,184315,4454500
115000066,2026-03-14,7,4,4,3,4599875,183995,1180000
115000067,2026-03-16,6,7,8,3,5023575,200943,2660500
115000068,2026-03-17,7,0,0,1,4374875,174995,1610000
115000069,2026-03-18,5,2,8,0,4477600,179104,2306000
115000070,2026-03-19,1,1,7,8,4484725,179389,2801000
115000071,2026-03-20,1,2,6,5,4822950,192918,2248000
115000072,2026-03-21,9,4,6,2,4387725,175509,1399000
115000073,2026-03-23,4,5,6,9,4757400,190296,1996000
115000074,2026-03-24,6,8,4,2,5086000,203440,1111000
115000075,2026-03-25,4,9,1,7,4368475,174739,2670000
115000076,2026-03-26,0,4,5,3,4278400,171136,4023000
115000077,2026-03-27,1,3,2,8,4184500,167380,5196500
115000078,2026-03-28,9,1,2,4,4294975,171799,1878000
115000079,2026-03-30,0,0,7,9,4594850,183794,2554500
115000080,2026-03-31,4,9,1,0,4421625,176865,2168000
115000081,2026-04-01,2,0,8,4,4401175,176047,1028500
115000082,2026-04-02,2,0,9,6,4573950,182958,1726000
115000083,2026-04-03,0,8,5,1,4305475,172219,1472000
115000084,2026-04-04,8,5,8,3,4050150,162006,1730500
115000085,2026-04-06,3,1,7,6,4452950,178118,2574000
115000086,2026-04-07,3,2,1,9,4112500,164500,4802000
115000087,2026-04-08,0,0,3,8,4655325,186213,2454500
115000088,2026-04-09,8,1,8,6,4381650,175266,2029000
115000089,2026-04-10,1,5,7,5,4547500,181900,1870000
115000090,2026-04-11,3,5,2,9,4490000,179600,2538000
115000091,2026-04-13,6,9,1,4,4708475,188339,2055500
115000092,2026-04-14,1,2,3,6,4280525,171221,3273000
115000093,2026-04-15,1,1,8,8,4316825,172673,5165000
115000094,2026-04-16,9,8,1,9,4261575,170463,2520500
115000095,2026-04-17,3,6,0,3,4409350,176374,2475000
115000096,2026-04-18,2,0,3,6,4360250,174410,2855000
115000097,2026-04-20,6,9,8,8,4700775,188031,3730000
115000098,2026-04-21,5,1,1,7,4435500,177420,2418000
115000099,2026-04-22,1,7,6,4,4459025,178361,1111500
115000100,2026-04-23,4,3,8,4,4201500,168060,1448500
115000101,2026-04-24,7,8,5,1,4094500,163780,1249000
115000102,2026-04-25,9,1,1,4,4171200,166848,1346500
115000103,2026-04-27,1,0,5,6,4712125,188485,2538500
115000104,2026-04-28,3,1,2,2,4245400,169816,4015500
115000105,2026-04-29,5,5,3,6,4224625,168985,2143500
115000106,2026-04-30,0,4,0,2,4271625,170865,1579000
115000107,2026-05-01,4,4,2,4,4341025,173641,1720500
115000108,2026-05-02,7,4,0,9,4401000,176040,1245000
115000109,2026-05-04,7,6,1,2,4523875,180955,2564500
115000110,2026-05-05,6,4,7,3,4117400,164696,2256000
115000111,2026-05-06,4,3,8,1,4494800,179792,2487500
115000112,2026-05-07,0,0,3,4,4328975,173159,1291000
115000113,2026-05-08,6,8,0,4,4368050,174722,1136500
115000114,2026-05-09,9,8,6,1,4379525,175181,2464500
115000115,2026-05-11,2,1,6,7,4655275,186211,2270000
115000116,2026-05-12,4,9,8,2,4348275,173931,1552000
115000117,2026-05-13,2,9,8,2,4179125,167165,1521500
115000118,2026-05-14,3,3,7,0,4105600,164224,1409500
115000119,2026-05-15,0,4,3,4,4299875,171995,1230500
115000120,2026-05-16,9,4,9,9,4224000,168960,1811000
115000121,2026-05-18,1,1,2,0,4496050,179842,4977000
115000122,2026-05-19,9,7,7,6,4070625,162825,1919000
115000123,2026-05-20,0,7,9,8,4348825,173953,1899000
115000124,2026-05-21,9,8,2,3,4098775,163951,2409000
115000125,2026-05-22,7,1,6,4,4247900,169916,1131500
115000126,2026-05-23,5,8,6,1,4144375,165775,2171000
115000127,2026-05-25,4,7,4,5,4367650,174706,1000000
115000128,2026-05-26,5,0,5,9,3976000,159040,1748500
115000129,2026-05-27,1,3,0,6,4096475,163859,2889000
115000130,2026-05-28,1,9,8,7,3939925,157597,6192500
115000131,2026-05-29,3,6,2,9,4073450,162938,4958000
115000132,2026-05-30,5,4,2,6,4073200,162928,2145500
115000133,2026-06-01,3,8,8,2,4388125,175525,1571500
115000134,2026-06-02,5,5,3,5,4297650,171906,2610000
115000135,2026-06-03,1,0,9,3,4148550,165942,1665500
115000136,2026-06-04,5,8,6,6,3881100,155244,3262000
115000137,2026-06-05,8,2,4,6,4028300,161132,1163000
115000138,2026-06-06,4,8,1,7,4315275,172611,2192500
115000139,2026-06-08,2,9,6,0,4204775,168191,1360500
115000140,2026-06-09,5,6,0,2,3722525,148901,1730000
115000141,2026-06-10,8,4,6,3,4135600,165424,3976500
115000142,2026-06-11,0,8,9,9,4031300,161252,3732000
115000143,2026-06-12,6,4,6,0,4039000,161560,1225500
115000144,2026-06-13,6,9,0,8,4168500,166740,2834500
115000145,2026-06-15,8,1,3,1,4209750,168390,2753500
115000146,2026-06-16,3,0,1,7,3967125,158685,2936000
115000147,2026-06-17,1,0,5,2,4117950,164718,2481500
115000148,2026-06-18,1,9,3,7,4181400,167256,3365500
115000149,2026-06-19,4,1,9,4,4056400,162256,945000
115000150,2026-06-20,8,8,3,7,4036275,161451,2126000
115000151,2026-06-22,4,7,4,2,4316100,172644,1356500
115000152,2026-06-23,1,9,1,7,3884700,155388,3212000
115000153,2026-06-24,9,3,8,9,4022500,160900,2191500
115000154,2026-06-25,1,1,4,2,3632175,145287,662500
115000155,2026-06-26,2,6,5,9,3746050,149842,2286500
115000156,2026-06-27,5,0,9,7,3863325,154533,2218000
115000157,2026-06-29,7,7,4,0,4163200,166528,855500
115000158,2026-06-30,0,9,9,9,3828825,153153,2571000
115000159,2026-07-01,9,1,4,1,3903350,156134,918000
115000160,2026-07-02,3,0,1,7,3816600,152664,3658500
115000161,2026-07-03,7,0,2,8,4062350,162494,3346500
115000162,2026-07-04,0,8,8,3,4042600,161704,1684000
115000163,2026-07-06,2,5,2,4,4302900,172116,1969500
115000164,2026-07-07,5,3,4,7,4080225,163209,1569500
115000165,2026-07-08,2,0,3,0,4033225,161329,2873500
115000166,2026-07-09,3,0,4,3,4023550,160942,783500
115000167,2026-07-10,4,5,0,8,3989650,159586,2654000
115000168,2026-07-11,0,3,6,4,3200800,128032,758500
115000169,2026-07-13,6,1,9,9,4210200,168408,2667500
115000170,2026-07-14,6,1,5,6,3959475,158379,2312000
115000171,2026-07-15,6,6,9,5,4012275,160491,2313500
115000172,2026-07-16,6,4,2,7,3955250,158210,1746500
115000173,2026-07-17,7,4,2,0,4131300,165252,1845000
115000174,2026-07-18,7,9,9,5,4022925,160917,1141500
115000175,2026-07-20,4,0,1,4,4190225,167609,1551000
115000176,2026-07-21,0,7,5,7,3946850,157874,2031000
115000177,2026-07-22,7,9,4,7,3919025,156761,1224500
115000178,2026-07-23,5,3,5,1,3915150,156606,1304000
115000179,2026-07-24,3,1,0,8,4009400,160376,2700500
115000180,2026-07-25,9,0,4,8,3845000,153800,813000
115000181,2026-07-27,5,9,1,0,4097250,163890,2019500
115000182,2026-07-28,0,4,3,3,3860950,154438,1280000
115000183,2026-07-29,7,6,8,5,3832300,153292,2495500
115000184,2026-07-30,2,9,3,1,3845075,153803,3512000
115000185,2026-07-31,7,1,9,8,4072650,162906,2423000
115000186,2026-08-01,7,1,9,5,4042300,161692,1416000
115000187,2026-08-03,6,0,1,6,4413000,176520,2863500
115000188,2026-08-04,1,8,4,3,4073150,162926,1174500
115000189,2026-08-05,0,8,2,3,4228100,169124,5732000
115000190,2026-08-06,6,3,4,5,4195500,167820,1079000
115000191,2026-08-07,1,1,9,3,4269750,170790,1470000
115000192,2026-08-08,9,6,2,4,4291050,171642,2392000
115000193,2026-08-10,3,3,7,5,4415850,176634,1699500
115000194,2026-08-11,0,2,3,4,4396575,175863,1827500
115000195,2026-08-12,9,1,3,1,4208325,168333,2366000
115000196,2026-08-13,5,7,7,0,4140325,165613,2005000
115000197,2026-08-14,5,4,1,5,4182275,167291,1803000
115000198,2026-08-15,2,3,9,5,4127575,165103,1895500
115000199,2026-08-17,6,7,5,3,4557075,182283,1750000
115000200,2026-08-18,9,7,8,6,4231025,169241,1938000
115000201,2026-08-19,5,5,5,6,3989625,159585,4215500
115000202,2026-08-20,6,8,3,5,3867200,154688,1861500
115000203,2026-08-21,6,9,1,1,3919175,156767,3506000
115000204,2026-08-22,5,9,6,2,3829125,153165,1679500
115000205,2026-08-24,3,0,1,7,3880475,155219,8127000
115000206,2026-08-25,7,0,6,7,3846900,153876,1960500
115000207,2026-08-26,6,3,3,9,4100300,164012,3198000
115000208,2026-08-27,6,2,1,7,3993475,159739,4176500
115000209,2026-08-28,1,1,1,9,4082350,163294,5026000
115000210,2026-08-29,1,2,8,0,4034275,161371,2953000
115000211,2026-08-31,0,4,2,7,4327050,173082,3840500
115000212,2026-09-01,2,8,9,4,3833125,,550000
115000213,2026-09-02,4,9,1,9,4130850,,3294000
115000214,2026-09-03,6,1,2,9,3921675,,2327000
115000215,2026-09-04,9,5,0,9,4237200,,2046000
115000216,2026-09-05,1,6,6,3,4200300,,1666500
115000217,2026-09-07,1,9,8,9,4586150,,3032000
115000218,2026-09-08,2,2,1,4,4174900,,1426500
115000219,2026-09-09,5,0,8,8,4247025,,3277500
115000220,2026-09-10,7,3,9,5,4336875,,1597000
115000221,2026-09-11,8,1,0,7,4333750,,3201000
115000222,2026-09-12,6,7,5,8,4278950,,3381000
115000223,2026-09-14,8,5,6,9,4411825,,2969500
115000224,2026-09-15,0,5,6,4,4073425,,968500
115000225,2026-09-16,4,6,4,1,4119275,,1010000
115000226,2026-09-17,6,4,9,6,4086250,,1299000
115000227,2026-09-18,7,9,7,6,4247625,,1519500
115000228,2026-09-19,4,2,3,2,4152950,,1493000
115000229,2026-09-21,0,7,1,9,4333825,,4420500
115000230,2026-09-22,8,2,8,6,4064600,,2424000
