draw_no,draw_date,number_1,number_2,number_3,number_4,number_5,sales_amount,sales_count,total_prize
96000001,2007-01-01,09,11,27,28,38,57961700,1159234,24052450
96000002,2007-01-02,02,12,33,36,37,54533050,1090661,39312100
96000003,2007-01-03,22,23,27,29,30,82474100,1649482,21860900
96000004,2007-01-04,03,09,23,32,39,70607800,1412156,28107500
96000005,2007-01-05,09,12,13,15,26,69629350,1392587,20713500
96000006,2007-01-08,08,11,13,24,39,85152550,1703051,30981700
96000007,2007-01-09,05,08,14,17,28,67979950,1359599,31848100
96000008,2007-01-10,05,30,34,35,38,88378450,1767569,22041700
96000009,2007-01-11,07,15,18,20,37,70157250,1403145,40877800
96000010,2007-01-12,06,21,23,26,33,67354500,1347090,29468350
96000011,2007-01-15,01,13,15,20,25,89024700,1780494,50076100
96000012,2007-01-16,06,13,27,31,32,70581900,1411638,19135250
96000013,2007-01-17,11,25,26,27,30,77241850,1544837,43367700
96000014,2007-01-18,10,15,20,22,28,65732350,1314647,44325650
96000015,2007-01-19,10,11,17,21,38,64612250,1292245,23914450
96000016,2007-01-22,10,13,15,28,39,76930100,1538602,35682000
96000017,2007-01-23,07,17,24,30,39,60640100,1212802,21053800
96000018,2007-01-24,03,04,15,23,34,72475800,1449516,46349600
96000019,2007-01-25,08,10,14,21,24,59968150,1199363,23780700
96000020,2007-01-26,06,08,10,36,37,57084150,1141683,22018600
96000021,2007-01-29,03,08,11,17,38,65733750,1314675,43436600
96000022,2007-01-30,05,10,12,15,27,54226150,1084523,44982250
96000023,2007-01-31,03,04,15,29,34,71120450,1422409,42050047
96000024,2007-02-01,13,18,25,26,36,53933200,1078664,24810400
96000025,2007-02-02,06,11,12,15,35,54179150,1083583,24077250
96000026,2007-02-05,03,16,19,20,31,66120050,1322401,36910150
96000027,2007-02-06,02,13,14,29,39,54570500,1091410,31012300
96000028,2007-02-07,07,11,23,32,35,70572300,1411446,37773900
96000029,2007-02-08,05,10,31,37,39,57308700,1146174,29819500
96000030,2007-02-09,07,16,20,25,27,55849000,1116980,30108100
96000031,2007-02-12,13,15,16,23,34,64885500,1297710,35047850
96000032,2007-02-13,02,22,28,29,34,54649150,1092983,20357950
96000033,2007-02-14,01,15,20,23,28,70012100,1400242,26472000
96000034,2007-02-15,06,24,27,28,33,57137500,1142750,39453400
96000035,2007-02-16,24,28,29,32,37,63354650,1267093,30058150
96000036,2007-02-19,09,12,24,34,37,72381750,1447635,19877400
96000037,2007-02-20,04,06,17,31,36,68201750,1364035,43180250
96000038,2007-02-21,08,18,20,32,34,68556800,1371136,33358400
96000039,2007-02-22,09,17,20,21,37,59966150,1199323,29874500
96000040,2007-02-23,09,12,16,19,25,67764600,1355292,43441700
96000041,2007-02-26,06,20,23,25,28,74729600,1494592,30835850
96000042,2007-02-27,09,12,19,23,34,58578000,1171560,25308700
96000043,2007-02-28,09,11,21,22,38,71194750,1423895,43747050
96000044,2007-03-01,02,03,12,18,31,60263400,1205268,41310050
96000045,2007-03-02,07,22,23,33,37,59506550,1190131,15535600
96000046,2007-03-05,05,11,19,21,25,66853200,1337064,45313300
96000047,2007-03-06,12,16,17,19,34,49762100,995242,29595000
96000048,2007-03-07,02,12,19,30,34,62754250,1255085,38559200
96000049,2007-03-08,07,11,20,31,34,52216550,1044331,21259900
96000050,2007-03-09,02,17,30,31,38,54795150,1095903,35147150
96000051,2007-03-12,08,15,25,27,38,62516150,1250323,35396150
96000052,2007-03-13,06,09,16,18,22,51400700,1028014,22776050
96000053,2007-03-14,06,09,16,37,39,65832300,1316646,15749450
96000054,2007-03-15,01,07,21,27,33,50632650,1012653,19804650
96000055,2007-03-16,01,02,18,26,38,50060050,1001201,19492050
96000056,2007-03-19,05,20,24,28,39,53660500,1073210,31651150
96000057,2007-03-20,02,10,14,18,22,47496100,949922,13934550
96000058,2007-03-21,06,14,34,37,38,59601750,1192035,14660900
96000059,2007-03-22,07,25,26,34,36,47629850,952597,21134950
96000060,2007-03-23,12,19,20,29,32,47185400,943708,30990250
96000061,2007-03-26,26,27,32,33,36,52814450,1056289,19828000
96000062,2007-03-27,11,20,36,37,38,40940800,818816,33741550
96000063,2007-03-28,09,25,28,34,37,56790350,1135807,44422000
96000064,2007-03-29,08,22,23,27,29,45082450,901649,39962300
96000065,2007-03-30,06,19,22,33,37,45218050,904361,11909050
96000066,2007-04-02,01,07,21,33,35,44611200,892224,20665800
96000067,2007-04-03,10,11,13,29,31,39923700,798474,19996500
96000068,2007-04-04,01,19,30,34,35,53270600,1065412,20778850
96000069,2007-04-05,07,21,22,23,36,34315400,686308,17087250
96000070,2007-04-06,04,07,12,33,34,38364350,767287,28511200
96000071,2007-04-09,11,30,32,34,39,49887100,997742,11537950
96000072,2007-04-10,06,08,09,30,39,38338500,766770,10222650
96000073,2007-04-11,25,26,31,37,39,55366750,1107335,29119100
96000074,2007-04-12,01,09,11,17,25,42868300,857366,27288850
96000075,2007-04-13,22,24,27,32,37,42306200,846124,18773500
96000076,2007-04-16,14,18,26,28,36,47903000,958060,23456200
96000077,2007-04-17,02,11,24,31,32,40369300,807386,8894150
96000078,2007-04-18,03,12,22,38,39,49866300,997326,15218000
96000079,2007-04-19,01,14,20,22,36,40337350,806747,16615000
96000080,2007-04-20,03,06,22,37,39,39965000,799300,9629750
96000081,2007-04-23,02,07,10,13,30,41381500,827630,20338750
96000082,2007-04-24,01,04,06,09,16,36859600,737192,11416900
96000083,2007-04-25,13,15,19,29,37,48380100,967602,28828850
96000084,2007-04-26,05,07,15,32,39,38426750,768535,32852750
96000085,2007-04-27,08,10,21,23,39,37718450,754369,20007300
96000086,2007-04-30,04,07,12,17,29,39634850,792697,20065350
96000087,2007-05-01,01,10,22,34,39,36894050,737881,34904650
96000088,2007-05-02,04,23,34,37,39,46731500,934630,37769850
96000089,2007-05-03,01,05,18,25,37,36578550,731571,25106900
96000090,2007-05-04,07,08,09,12,14,37032500,740650,20148150
96000091,2007-05-07,04,09,18,27,28,41988950,839779,27272000
96000092,2007-05-08,02,10,18,23,33,35673050,713461,24411400
96000093,2007-05-09,03,15,30,35,36,46304100,926082,38765050
96000094,2007-05-10,14,19,22,25,35,35658050,713161,16143050
96000095,2007-05-11,15,18,19,21,24,36663050,733261,16999200
96000096,2007-05-14,02,09,10,14,39,41154550,823091,10895100
96000097,2007-05-15,05,08,11,23,38,34539950,690799,15106800
96000098,2007-05-16,01,11,18,21,24,45435150,908703,34232150
96000099,2007-05-17,04,05,06,13,33,35539850,710797,26478200
96000100,2007-05-18,06,11,15,37,39,34483550,689671,18622200
96000101,2007-05-21,08,15,20,23,25,40913100,818262,20597200
96000102,2007-05-22,01,13,18,31,32,34209900,684198,24315300
96000103,2007-05-23,04,08,21,29,32,43532150,870643,17899050
96000104,2007-05-24,07,08,13,30,35,34609550,692191,24461950
96000105,2007-05-25,04,13,19,23,35,35308200,706164,8205500
96000106,2007-05-28,04,05,10,17,37,35902650,718053,9354050
96000107,2007-05-29,10,14,15,29,35,33598000,671960,8227100
96000108,2007-05-30,05,20,33,38,39,40548150,810963,27101900
96000109,2007-05-31,21,28,33,35,38,30837000,616740,14816300
96000110,2007-06-01,01,03,07,13,28,34133200,682664,17232800
96000111,2007-06-04,04,07,13,32,36,36236400,724728,8918650
96000112,2007-06-05,06,08,18,25,35,31743550,634871,18176800
96000113,2007-06-06,07,20,21,28,33,42944900,858898,19876650
96000114,2007-06-07,01,07,18,19,21,30526350,610527,14993300
96000115,2007-06-08,01,07,10,16,37,30127750,602555,7370150
96000116,2007-06-11,07,14,27,29,30,37240050,744801,8851100
96000117,2007-06-12,05,15,23,27,34,31480450,629609,19134400
96000118,2007-06-13,01,02,03,20,25,43620700,872414,19760250
96000119,2007-06-14,06,10,12,26,39,31436600,628732,20383450
96000120,2007-06-15,02,12,23,25,27,32945400,658908,8550950
96000121,2007-06-18,02,03,05,12,16,31704550,634091,15800900
96000122,2007-06-19,01,06,08,10,28,29531450,590629,18680350
96000123,2007-06-20,07,11,12,23,38,40872600,817452,39406750
96000124,2007-06-21,18,19,28,35,39,32017550,640351,7663050
96000125,2007-06-22,09,11,20,22,25,34340300,686806,37449300
96000126,2007-06-25,20,22,23,24,34,36759300,735186,9420250
96000127,2007-06-26,01,04,15,25,33,32123300,642466,9045350
96000128,2007-06-27,03,06,14,20,21,39031350,780627,18627050
96000129,2007-06-28,01,19,22,35,36,31211950,624239,6712150
96000130,2007-06-29,25,31,33,34,37,31076100,621522,16612100
96000131,2007-07-02,03,13,21,28,32,33808800,676176,9899550
96000132,2007-07-03,15,17,23,25,38,30001050,600021,25341000
96000133,2007-07-04,10,17,18,19,29,40155500,803110,27148350
96000134,2007-07-05,01,02,11,23,37,31016650,620333,8474700
96000135,2007-07-06,06,31,34,35,39,32189600,643792,18027950
96000136,2007-07-09,08,12,24,34,35,35843250,716865,18095700
96000137,2007-07-10,01,08,12,19,29,31014000,620280,7335300
96000138,2007-07-11,05,14,19,20,29,39868500,797370,9457150
96000139,2007-07-12,08,13,21,27,32,31506300,630126,25061200
96000140,2007-07-13,01,03,20,26,31,31761100,635222,15540050
96000141,2007-07-16,15,16,22,35,39,34507950,690159,9104400
96000142,2007-07-17,05,17,23,27,30,29676600,593532,17696550
96000143,2007-07-18,03,21,24,33,34,39123450,782469,10477700
96000144,2007-07-19,01,06,19,24,37,29571150,591423,8732250
96000145,2007-07-20,17,25,34,35,38,30728200,614564,8645800
96000146,2007-07-23,03,11,15,20,36,33210650,664213,9483750
96000147,2007-07-24,05,12,19,28,34,29088800,581776,17971000
96000148,2007-07-25,01,09,10,19,21,39252850,785057,19912400
96000149,2007-07-26,07,20,24,33,34,30159750,603195,7985900
96000150,2007-07-27,08,11,12,18,21,30397550,607951,10822050
96000151,2007-07-30,04,08,12,15,20,33605100,672102,35376250
96000152,2007-07-31,07,14,17,37,39,29646100,592922,9206700
96000153,2007-08-01,04,09,28,32,36,39240300,784806,26264950
96000154,2007-08-02,09,15,21,35,39,29047850,580957,15025200
96000155,2007-08-03,04,08,12,13,32,29700200,594004,24999950
96000156,2007-08-06,02,08,13,33,36,33735850,674717,8111550
96000157,2007-08-07,09,10,23,31,36,28857700,577154,7747700
96000158,2007-08-08,07,11,12,27,29,39202750,784055,21742950
96000159,2007-08-09,02,09,22,24,38,29312850,586257,8345600
96000160,2007-08-10,13,16,17,26,33,30287050,605741,8688950
96000161,2007-08-13,01,15,24,29,31,32525750,650515,16968100
96000162,2007-08-14,04,15,25,26,36,26722100,534442,22002300
96000163,2007-08-15,05,12,28,30,32,39399850,787997,23191300
96000164,2007-08-16,07,14,29,30,35,28874100,577482,16658900
96000165,2007-08-17,05,16,23,30,35,28265300,565306,6709550
96000166,2007-08-20,04,17,23,26,28,31503700,630074,24023000
96000167,2007-08-21,01,07,19,26,29,27605000,552100,7409000
96000168,2007-08-22,03,17,22,31,34,38530350,770607,19356000
96000169,2007-08-23,04,07,16,20,28,29450150,589003,24053250
96000170,2007-08-24,02,07,12,16,39,28640750,572815,14840600
96000171,2007-08-27,10,12,19,23,36,31290500,625810,16859600
96000172,2007-08-28,04,07,14,29,36,27491100,549822,7539150
96000173,2007-08-29,15,18,25,32,34,37727450,754549,36788750
96000174,2007-08-30,07,14,25,28,37,28677050,573541,32967100
96000175,2007-08-31,14,20,22,27,29,29647250,592945,15398400
96000176,2007-09-03,12,18,24,27,33,33297700,665954,17194900
96000177,2007-09-04,05,07,18,24,35,28650350,573007,15262450
96000178,2007-09-05,01,28,31,34,38,38633800,772676,33482000
96000179,2007-09-06,08,19,28,31,33,30311750,606235,23150450
96000180,2007-09-07,02,19,23,30,37,31915000,638300,24100850
96000181,2007-09-10,13,19,28,32,37,33969550,679391,24529350
96000182,2007-09-11,04,21,27,35,38,30142500,602850,23675250
96000183,2007-09-12,07,10,17,23,35,40276200,805524,18803050
96000184,2007-09-13,01,03,10,15,26,29313600,586272,32949550
96000185,2007-09-14,11,23,24,36,39,30672850,613457,25829900
96000186,2007-09-17,16,24,25,26,30,30788350,615767,32088300
96000187,2007-09-18,01,11,13,24,27,21652650,433053,4982350
96000188,2007-09-19,04,06,17,24,37,38814150,776283,26063100
96000189,2007-09-20,07,13,20,25,26,29659000,593180,24666850
96000190,2007-09-21,12,17,24,34,38,30698350,613967,8802600
96000191,2007-09-24,02,03,31,36,37,27732350,554647,14566650
96000192,2007-09-25,01,17,19,27,36,28060150,561203,6570150
96000193,2007-09-26,08,31,32,33,37,38147150,762943,9230400
96000194,2007-09-27,06,11,12,16,33,28496150,569923,7086550
96000195,2007-09-28,04,09,17,26,37,29829300,596586,8542750
96000196,2007-10-01,02,28,31,33,35,32366950,647339,23622200
96000197,2007-10-02,01,08,22,23,26,29503100,590062,7557850
96000198,2007-10-03,01,05,08,12,24,37367550,747351,27310050
96000199,2007-10-04,02,06,24,35,36,27532000,550640,22717950
96000200,2007-10-05,08,11,25,34,39,28817900,576358,26277750
96000201,2007-10-08,14,16,19,21,34,34026250,680525,16012100
96000202,2007-10-09,05,07,12,22,26,29846300,596926,9248900
96000203,2007-10-10,01,08,22,24,27,35481500,709630,17956650
96000204,2007-10-11,04,18,23,26,36,30992500,619850,17668400
96000205,2007-10-12,01,12,13,17,23,31088500,621770,31428850
96000206,2007-10-15,09,10,17,18,31,35698350,713967,9683200
96000207,2007-10-16,11,15,20,22,34,29895750,597915,17911000
96000208,2007-10-17,03,07,18,19,23,40817700,816354,19144800
96000209,2007-10-18,11,13,21,22,31,30332900,606658,31362550
96000210,2007-10-19,07,22,27,29,32,30854850,617097,8550150
96000211,2007-10-22,01,13,18,23,33,34389800,687796,27012650
96000212,2007-10-23,03,04,09,22,39,29805500,596110,7310500
96000213,2007-10-24,01,03,17,29,31,39977050,799541,34037800
96000214,2007-10-25,09,11,16,20,31,29525400,590508,14567250
96000215,2007-10-26,17,19,23,29,37,30396050,607921,17237600
96000216,2007-10-29,03,04,17,32,39,34663550,693271,15844900
96000217,2007-10-30,03,04,06,22,27,29494050,589881,15117250
96000218,2007-10-31,15,23,28,35,36,39348200,786964,13940500
96000219,2007-11-01,09,12,14,22,30,29304300,586086,8111200
96000220,2007-11-02,01,04,05,30,31,30701450,614029,7629750
96000221,2007-11-05,12,26,28,31,38,39256550,785131,19762100
96000222,2007-11-06,09,26,32,33,37,35801750,716035,28886350
96000223,2007-11-07,06,12,20,21,30,46875650,937513,33257550
96000224,2007-11-08,23,24,25,29,36,35248250,704965,20725150
96000225,2007-11-09,02,12,18,28,36,37434350,748687,19703050
96000226,2007-11-12,30,33,34,36,37,40492000,809840,29148500
96000227,2007-11-13,05,06,16,18,29,35652650,713053,29101100
96000228,2007-11-14,02,09,24,31,39,46380900,927618,31838900
96000229,2007-11-15,06,21,29,35,37,36800650,736013,28173850
96000230,2007-11-16,01,05,10,19,32,37576300,751526,30686950
96000231,2007-11-19,10,17,19,20,25,35918900,718378,18358550
96000232,2007-11-20,07,25,32,34,36,32356150,647123,16459050
96000233,2007-11-21,06,10,17,20,38,41305350,826107,9294900
96000234,2007-11-22,04,12,15,30,38,30894850,617897,16355400
96000235,2007-11-23,07,13,16,24,31,32670950,653419,18008750
96000236,2007-11-26,05,12,19,29,30,30306700,606134,16581100
96000237,2007-11-27,05,11,12,19,34,30312250,606245,9027850
96000238,2007-11-28,01,06,11,14,28,39746050,794921,20078600
96000239,2007-11-29,12,15,24,29,38,30231000,604620,9027250
96000240,2007-11-30,03,09,27,32,35,35999750,719995,36982550
96000241,2007-12-03,03,11,24,28,31,34546600,690932,17884750
96000242,2007-12-04,11,15,32,36,39,33919350,678387,7198250
96000243,2007-12-05,03,08,09,11,36,40339650,806793,10266650
96000244,2007-12-06,11,14,29,32,39,30520100,610402,14783200
96000245,2007-12-07,15,16,22,24,28,32094100,641882,17070550
96000246,2007-12-10,02,07,18,19,38,35294200,705884,26038800
96000247,2007-12-11,15,20,21,24,35,31737200,634744,24609950
96000248,2007-12-12,10,19,27,36,38,45770250,915405,35294900
96000249,2007-12-13,07,13,22,26,32,33514200,670284,10088900
96000250,2007-12-14,02,14,15,28,37,33161550,663231,25858800
96000251,2007-12-17,02,08,13,24,26,36000200,720004,33566850
96000252,2007-12-18,07,21,24,30,36,32050700,641014,7964100
96000253,2007-12-19,06,07,13,27,39,42105300,842106,18541350
96000254,2007-12-20,13,16,24,29,30,33624450,672489,7394250
96000255,2007-12-21,01,02,30,37,38,32721800,654436,31721100
96000256,2007-12-24,19,31,34,36,37,34164350,683287,9050300
96000257,2007-12-25,02,04,13,22,28,32404450,648089,8696750
96000258,2007-12-26,01,11,18,20,33,41041650,820833,20661950
96000259,2007-12-27,01,03,04,19,26,30657750,613155,7518300
96000260,2007-12-28,01,02,14,22,30,33514950,670299,16258500
96000261,2007-12-31,11,12,20,25,37,33158250,663165,11523200
97000001,2008-01-01,11,26,31,35,37,24652950,493059,13415250
97000002,2008-01-02,02,09,10,24,30,40259950,805199,13075200
97000003,2008-01-03,18,28,32,33,38,32067000,641340,8799150
97000004,2008-01-04,07,17,20,28,36,32600050,652001,17234950
97000005,2008-01-07,02,11,18,19,21,37523150,750463,10685200
97000006,2008-01-08,01,12,19,20,35,31507650,630153,34921750
97000007,2008-01-09,04,09,16,19,29,44500000,890000,36639950
97000008,2008-01-10,01,08,11,22,39,32938400,658768,20598300
97000009,2008-01-11,04,08,27,30,32,34517900,690358,16548350
97000010,2008-01-14,04,19,34,35,38,34231600,684632,15386800
97000011,2008-01-15,05,11,16,21,26,30648650,612973,16051250
97000012,2008-01-16,09,10,11,23,30,39993650,799873,20074750
97000013,2008-01-17,02,20,35,37,38,30355950,607119,8195300
97000014,2008-01-18,05,15,31,32,36,31008000,620160,16232350
97000015,2008-01-21,01,11,23,26,29,34760100,695202,18608550
97000016,2008-01-22,01,04,07,17,23,28909600,578192,23763850
97000017,2008-01-23,01,03,04,11,28,39994250,799885,27058400
97000018,2008-01-24,01,08,12,26,37,30343700,606874,34079100
97000019,2008-01-25,02,08,15,17,20,29900950,598019,8037600
97000020,2008-01-28,02,13,28,32,36,38194900,763898,17955750
97000021,2008-01-29,01,04,09,10,29,30318950,606379,25817600
97000022,2008-01-30,01,16,17,28,37,41880850,837617,10362000
97000023,2008-01-31,01,02,17,24,35,32805300,656106,16688950
97000024,2008-02-01,03,10,23,34,37,34479700,689594,17066900
97000025,2008-02-04,03,12,23,26,34,43519100,870382,28508800
97000026,2008-02-05,01,04,10,18,31,36504500,730090,26476650
97000027,2008-02-06,04,17,18,29,33,53491250,1069825,30386900
97000028,2008-02-07,06,30,32,33,34,46349350,926987,11547650
97000029,2008-02-08,03,10,11,34,38,36515900,730318,9760900
97000030,2008-02-11,13,18,25,37,38,59157900,1183158,15476150
97000031,2008-02-12,01,10,12,28,38,38436400,768728,37136750
97000032,2008-02-13,14,28,34,36,37,53678150,1073563,29353850
97000033,2008-02-14,03,04,10,36,39,41701000,834020,11402000
97000034,2008-02-15,01,24,26,27,39,38458050,769161,17660050
97000035,2008-02-18,05,14,17,18,21,48639050,972781,21183400
97000036,2008-02-19,11,16,24,30,35,35952650,719053,25707850
97000037,2008-02-20,11,20,27,30,33,50346300,1006926,21006200
97000038,2008-02-21,06,10,22,31,37,41029700,820594,37021600
97000039,2008-02-22,09,22,23,26,32,36962400,739248,11003150
97000040,2008-02-25,01,04,18,23,31,46334850,926697,25841000
97000041,2008-02-26,28,30,32,36,37,33897800,677956,32886650
97000042,2008-02-27,01,06,33,34,35,46963550,939271,27731000
97000043,2008-02-28,01,03,09,20,22,34953500,699070,10305650
97000044,2008-02-29,08,25,27,34,38,36458600,729172,9927750
97000045,2008-03-03,04,05,10,13,22,44539150,890783,36966500
97000046,2008-03-04,05,11,12,19,21,33382100,667642,13234900
97000047,2008-03-05,02,10,13,14,15,48359450,967189,37496700
97000048,2008-03-06,03,09,15,17,21,40657150,813143,11571150
97000049,2008-03-07,06,07,15,36,39,36809800,736196,18085350
97000050,2008-03-10,13,16,17,29,31,45247300,904946,20487200
97000051,2008-03-11,04,10,16,17,22,35448900,708978,17020450
97000052,2008-03-12,09,24,27,36,37,47533650,950673,38019750
97000053,2008-03-13,01,11,19,21,33,38634250,772685,29416200
97000054,2008-03-14,02,06,16,26,28,35886600,717732,26209450
97000055,2008-03-17,02,11,16,20,37,43590700,871814,18329700
97000056,2008-03-18,10,16,20,31,32,32142950,642859,7098800
97000057,2008-03-19,01,14,19,21,33,45450950,909019,17671900
97000058,2008-03-20,03,06,20,22,29,37976200,759524,37097750
97000059,2008-03-21,04,10,19,20,30,35985700,719714,18570450
97000060,2008-03-24,02,05,26,29,30,42767750,855355,9864700
97000061,2008-03-25,01,03,08,30,36,33206950,664139,16467850
97000062,2008-03-26,09,12,13,15,31,44573900,891478,30224450
97000063,2008-03-27,14,20,26,29,37,35542050,710841,16861350
97000064,2008-03-28,07,14,31,35,39,33429250,668585,7889400
97000065,2008-03-31,09,16,30,32,38,36399500,727990,25912800
97000066,2008-04-01,06,12,16,18,35,30702750,614055,15342700
97000067,2008-04-02,04,10,14,24,26,43413500,868270,29481400
97000068,2008-04-03,02,18,21,24,36,35344350,706887,16901500
97000069,2008-04-04,10,17,21,32,35,28397800,567956,5872500
97000070,2008-04-07,06,07,16,22,24,41717450,834349,27296200
97000071,2008-04-08,07,10,15,37,38,32483300,649666,32026400
97000072,2008-04-09,09,13,15,21,28,43451850,869037,20917500
97000073,2008-04-10,05,08,09,17,24,38236500,764730,19772050
97000074,2008-04-11,05,16,30,34,37,35028850,700577,8100150
97000075,2008-04-14,02,10,17,18,21,41173600,823472,27812400
97000076,2008-04-15,06,18,25,26,31,32316250,646325,32429000
97000077,2008-04-16,07,18,20,22,33,42536350,850727,27637050
97000078,2008-04-17,05,19,22,28,29,35615600,712312,8949350
97000079,2008-04-18,11,12,20,32,35,33703700,674074,10676450
97000080,2008-04-21,08,15,22,24,33,40065300,801306,27862350
97000081,2008-04-22,03,10,12,19,24,32922050,658441,17847200
97000082,2008-04-23,04,05,07,09,21,43393350,867867,39839800
97000083,2008-04-24,03,14,25,33,38,36186400,723728,9265750
97000084,2008-04-25,04,07,11,19,24,34041700,680834,26385950
97000085,2008-04-28,02,15,17,19,21,41164750,823295,19325200
97000086,2008-04-29,04,07,08,11,29,32420750,648415,19096850
97000087,2008-04-30,10,25,27,30,39,42772750,855455,21589500
97000088,2008-05-01,05,17,20,25,34,34496050,689921,8449400
97000089,2008-05-02,01,13,15,16,30,32390700,647814,16443600
97000090,2008-05-05,16,19,27,29,33,36645800,732916,8199800
97000091,2008-05-06,08,16,17,33,38,29875800,597516,14888700
97000092,2008-05-07,04,18,19,27,35,39511050,790221,11021500
97000093,2008-05-08,23,27,33,35,39,33557700,671154,14899350
97000094,2008-05-09,05,24,26,32,34,31242250,624845,9648600
97000095,2008-05-12,05,09,18,31,35,38476300,769526,33541600
97000096,2008-05-13,06,21,29,31,36,30569700,611394,15610800
97000097,2008-05-14,04,28,31,36,37,38684250,773685,17764400
97000098,2008-05-15,11,18,21,27,38,32596450,651929,9758750
97000099,2008-05-16,13,18,20,21,23,31298150,625963,6936100
97000100,2008-05-19,10,11,28,31,34,34504550,690091,32053700
97000101,2008-05-20,04,18,24,28,38,29280650,585613,7700100
97000102,2008-05-21,08,12,20,34,35,37312200,746244,12624800
97000103,2008-05-22,11,21,25,31,38,31020150,620403,8944300
97000104,2008-05-23,08,11,33,34,35,29891750,597835,15966400
97000105,2008-05-26,02,03,17,23,30,34600200,692004,34117450
97000106,2008-05-27,30,31,32,33,38,27608000,552160,6766050
97000107,2008-05-28,01,03,30,31,39,34866650,697333,17275700
97000108,2008-05-29,06,14,21,23,34,28474900,569498,7110850
97000109,2008-05-30,16,23,25,30,33,27106900,542138,6185100
97000110,2008-06-02,02,06,08,29,32,31863400,637268,33070550
97000111,2008-06-03,06,09,19,33,35,26600600,532012,6614750
97000112,2008-06-04,19,20,27,29,33,34958100,699162,8728300
97000113,2008-06-05,04,17,23,27,29,30870450,617409,23760300
97000114,2008-06-06,07,11,20,28,31,30765150,615303,18274700
97000115,2008-06-09,07,16,20,27,35,40452450,809049,39717300
97000116,2008-06-10,03,09,25,26,35,32308900,646178,7850350
97000117,2008-06-11,07,11,14,19,20,40392950,807859,44423700
97000118,2008-06-12,12,17,29,35,39,33277400,665548,8413000
97000119,2008-06-13,01,04,09,33,38,35009800,700196,9874950
97000120,2008-06-16,21,25,28,30,33,35596750,711935,19251450
97000121,2008-06-17,01,04,10,16,37,31235800,624716,30271700
97000122,2008-06-18,05,16,18,19,30,38290300,765806,10813350
97000123,2008-06-19,04,06,11,18,29,33522550,670451,21830950
97000124,2008-06-20,05,06,12,17,23,33438750,668775,42277650
97000125,2008-06-23,14,17,18,24,29,40970000,819400,39477650
97000126,2008-06-24,05,07,13,27,35,33401400,668028,20337700
97000127,2008-06-25,06,07,18,28,34,40542050,810841,40974900
97000128,2008-06-26,01,09,17,22,24,36643550,732871,20222600
97000129,2008-06-27,06,12,19,22,34,32766200,655324,8905100
97000130,2008-06-30,05,20,31,36,37,39259050,785181,31187500
97000131,2008-07-01,06,09,10,35,36,33408650,668173,18431050
97000132,2008-07-02,10,14,27,33,39,40438550,808771,40336150
97000133,2008-07-03,01,04,16,18,37,35961600,719232,31354200
97000134,2008-07-04,20,25,31,33,39,34032550,680651,17627200
97000135,2008-07-07,09,16,20,37,38,39735800,794716,19651000
97000136,2008-07-08,03,05,08,20,23,31873850,637477,19866100
97000137,2008-07-09,01,11,17,21,34,42287950,845759,14060450
97000138,2008-07-10,13,16,22,26,34,35965500,719310,28881900
97000139,2008-07-11,05,10,12,30,34,36311250,726225,30517000
97000140,2008-07-14,02,09,32,33,37,39606650,792133,27053900
97000141,2008-07-15,02,20,25,27,28,31573800,631476,8381700
97000142,2008-07-16,03,08,16,17,30,40534750,810695,12604050
97000143,2008-07-17,02,08,20,25,27,30925750,618515,24854000
97000144,2008-07-18,09,13,19,23,39,29605800,592116,24237000
97000145,2008-07-21,05,10,17,19,23,38102950,762059,26513200
97000146,2008-07-22,05,06,19,21,28,30860600,617212,8516550
97000147,2008-07-23,04,18,22,26,30,40148350,802967,29124250
97000148,2008-07-24,01,08,11,13,38,33332500,666650,9947100
97000149,2008-07-25,08,17,26,28,32,32150000,643000,32468800
97000150,2008-07-28,15,22,24,26,36,23627300,472546,14288400
97000151,2008-07-29,06,12,13,32,38,29714200,594284,7806650
97000152,2008-07-30,06,10,17,28,34,39151650,783033,27841600
97000153,2008-07-31,03,20,24,31,39,32524800,650496,9033900
97000154,2008-08-01,01,10,23,29,36,31305650,626113,9233250
97000155,2008-08-04,09,11,14,17,25,37577400,751548,20597350
97000156,2008-08-05,03,10,13,20,33,30735250,614705,7881400
97000157,2008-08-06,22,27,30,33,38,39657850,793157,10383600
97000158,2008-08-07,08,11,15,25,26,33209650,664193,18831050
97000159,2008-08-08,01,06,14,17,31,33029450,660589,8290700
97000160,2008-08-11,04,06,10,14,36,38280400,765608,9949900
97000161,2008-08-12,03,05,09,28,33,30815000,616300,10295500
97000162,2008-08-13,03,08,29,32,34,38979450,779589,10126750
97000163,2008-08-14,18,22,25,28,39,32797800,655956,16456750
97000164,2008-08-15,04,07,23,34,38,29882600,597652,9246200
97000165,2008-08-18,02,04,23,27,32,36024850,720497,8533050
97000166,2008-08-19,08,14,20,31,37,28822900,576458,16512800
97000167,2008-08-20,17,30,31,35,37,37201450,744029,16463600
97000168,2008-08-21,12,13,23,28,37,30799600,615992,7566900
97000169,2008-08-22,01,03,09,10,20,30720350,614407,29428200
97000170,2008-08-25,11,20,21,24,35,36448900,728978,17616600
97000171,2008-08-26,04,06,11,28,30,29980600,599612,16596100
97000172,2008-08-27,01,02,13,18,38,36703550,734071,17999600
97000173,2008-08-28,01,16,31,33,37,30922600,618452,7491500
97000174,2008-08-29,11,14,21,28,38,31849650,636993,8419550
97000175,2008-09-01,15,26,27,28,37,34682200,693644,8615750
97000176,2008-09-02,04,06,20,21,35,31334350,626687,24509050
97000177,2008-09-03,01,05,28,32,33,36171450,723429,25709350
97000178,2008-09-04,03,13,30,37,39,31239800,624796,15881750
97000179,2008-09-05,04,15,20,31,34,30553350,611067,8296950
97000180,2008-09-08,01,10,18,31,37,36954400,739088,37740250
97000181,2008-09-09,08,24,28,38,39,29627800,592556,8452000
97000182,2008-09-10,02,16,28,32,33,37963500,759270,9432250
97000183,2008-09-11,10,12,29,34,35,33358200,667164,33577750
97000184,2008-09-12,03,06,10,12,26,29066300,581326,16826650
97000185,2008-09-15,02,11,16,26,37,35073550,701471,17174100
97000186,2008-09-16,04,10,14,17,25,29768550,595371,9670250
97000187,2008-09-17,08,16,33,36,37,38674350,773487,10519150
97000188,2008-09-18,15,25,27,34,35,33175700,663514,9262450
97000189,2008-09-19,02,13,17,23,27,30242050,604841,14929900
97000190,2008-09-22,10,15,16,25,33,37391500,747830,10150250
97000191,2008-09-23,09,24,25,30,34,29297150,585943,7172000
97000192,2008-09-24,06,18,19,27,30,37136850,742737,9458350
97000193,2008-09-25,01,13,16,23,32,31995000,639900,16764250
97000194,2008-09-26,05,12,27,34,39,29326850,586537,24942150
97000195,2008-09-29,04,13,19,22,37,29304100,586082,15917800
97000196,2008-09-30,02,03,15,19,32,28902800,578056,14900850
97000197,2008-10-01,13,15,23,25,34,37630250,752605,28571450
97000198,2008-10-02,03,04,12,19,35,33109950,662199,32807100
97000199,2008-10-03,07,21,23,27,36,30427550,608551,16999450
97000200,2008-10-06,05,12,16,24,32,38817200,776344,36050400
97000201,2008-10-07,10,18,19,23,30,28807700,576154,8675700
97000202,2008-10-08,02,15,32,34,37,39305200,786104,27380100
97000203,2008-10-09,01,04,19,20,37,34296250,685925,27268850
97000204,2008-10-10,01,06,08,25,36,25691850,513837,6849050
97000205,2008-10-13,06,10,11,13,14,40306700,806134,13833800
97000206,2008-10-14,02,14,15,35,38,29449150,588983,6932250
97000207,2008-10-15,03,04,08,23,26,38821950,776439,11552750
97000208,2008-10-16,10,14,23,32,38,34256850,685137,8213250
97000209,2008-10-17,03,04,06,30,38,30267200,605344,6173350
97000210,2008-10-20,03,04,05,24,31,39336350,786727,17697750
97000211,2008-10-21,08,14,21,25,28,28545200,570904,16545250
97000212,2008-10-22,09,11,16,21,33,37888650,757773,19972700
97000213,2008-10-23,08,34,36,37,39,33039050,660781,8786450
97000214,2008-10-24,05,21,24,32,38,29877000,597540,7364350
97000215,2008-10-27,03,18,31,32,33,37949900,758998,9442900
97000216,2008-10-28,03,04,15,28,38,28984500,579690,33729200
97000217,2008-10-29,17,18,19,26,30,38403900,768078,10199950
97000218,2008-10-30,05,09,17,26,32,33904650,678093,16350800
97000219,2008-10-31,05,29,31,35,38,30300950,606019,7126250
97000220,2008-11-03,11,23,27,33,36,34474100,689482,10309800
97000221,2008-11-04,05,09,10,15,25,29361500,587230,26203750
97000222,2008-11-05,01,24,31,34,37,39834550,796691,28942100
97000223,2008-11-06,01,08,12,13,35,32353650,647073,8853900
97000224,2008-11-07,03,05,07,22,28,30867700,617354,34463950
97000225,2008-11-10,04,19,26,30,31,35645450,712909,36774750
97000226,2008-11-11,08,23,32,33,39,29456100,589122,25367300
97000227,2008-11-12,05,11,24,28,31,41610000,832200,21086800
97000228,2008-11-13,08,23,25,26,34,33099050,661981,33853350
97000229,2008-11-14,04,05,12,13,29,33048700,660974,17139400
97000230,2008-11-17,17,19,30,31,36,38537050,770741,9745150
97000231,2008-11-18,07,08,18,22,24,30015800,600316,17451900
97000232,2008-11-19,29,30,31,33,34,38051250,761025,17888950
97000233,2008-11-20,02,21,28,38,39,32293350,645867,17181450
97000234,2008-11-21,05,10,14,23,27,31110800,622216,19499000
97000235,2008-11-24,01,02,24,25,34,38258200,765164,10716350
97000236,2008-11-25,05,12,15,18,29,30633450,612669,9451250
97000237,2008-11-26,04,18,24,26,30,39307750,786155,35953250
97000238,2008-11-27,08,14,21,28,36,32667500,653350,36343300
97000239,2008-11-28,14,15,16,18,39,31682950,633659,6511400
97000240,2008-12-01,05,07,10,19,36,37968250,759365,18756550
97000241,2008-12-02,06,09,15,17,31,30817000,616340,10534750
97000242,2008-12-03,08,09,19,28,32,39868250,797365,18590100
97000243,2008-12-04,17,19,21,38,39,33014700,660294,7007200
97000244,2008-12-05,05,07,31,36,38,31263550,625271,16244700
97000245,2008-12-08,13,27,35,37,38,36633050,732661,17835550
97000246,2008-12-09,02,26,28,31,35,31191000,623820,7809350
97000247,2008-12-10,14,20,22,27,30,41160350,823207,11500900
97000248,2008-12-11,01,04,10,14,17,34091600,681832,29922200
97000249,2008-12-12,10,14,23,25,32,33451250,669025,17162300
97000250,2008-12-15,02,05,33,36,39,36995750,739915,33779000
97000251,2008-12-16,12,16,18,25,28,31805550,636111,18351650
97000252,2008-12-17,05,08,11,14,22,38583400,771668,29845500
97000253,2008-12-18,14,16,28,35,37,32354550,647091,7744950
97000254,2008-12-19,08,12,18,24,28,33058650,661173,26639600
97000255,2008-12-22,05,06,20,31,37,34890250,697805,17295200
97000256,2008-12-23,03,11,20,25,37,31883900,637678,8426500
97000257,2008-12-24,02,15,25,36,37,37790900,755818,9057250
97000258,2008-12-25,08,18,32,37,38,32735300,654706,7714850
97000259,2008-12-26,11,12,25,26,35,32313150,646263,25858800
97000260,2008-12-29,09,20,22,34,36,37099800,741996,17538900
97000261,2008-12-30,03,08,13,19,37,29399050,587981,7196750
97000262,2008-12-31,08,12,36,37,39,40359000,807180,10772650
98000001,2009-01-01,06,11,14,17,32,27680450,553609,8360400
98000002,2009-01-02,12,20,30,38,39,27986150,559723,7170000
98000003,2009-01-05,02,03,21,24,29,38242900,764858,11725150
98000004,2009-01-06,02,09,10,11,37,31433350,628667,8855400
98000005,2009-01-07,12,20,26,33,39,40094550,801891,11231050
98000006,2009-01-08,27,28,32,34,35,34096800,681936,18235300
98000007,2009-01-09,01,07,11,15,30,31841450,636829,27176200
98000008,2009-01-12,10,15,20,22,36,37581300,751626,34057800
98000009,2009-01-13,02,11,21,30,34,30503500,610070,7884950
98000010,2009-01-14,04,14,25,34,38,38701700,774034,35660750
98000011,2009-01-15,14,17,29,35,36,33528450,670569,31806400
98000012,2009-01-16,08,09,25,28,35,33687550,673751,17950250
98000013,2009-01-19,03,18,24,31,36,42142800,842856,22420950
98000014,2009-01-20,05,08,26,32,38,34227850,684557,19587450
98000015,2009-01-21,02,03,09,24,35,44687550,893751,34964400
98000016,2009-01-22,04,05,21,25,35,38915700,778314,33825750
98000017,2009-01-23,02,14,21,33,39,37149300,742986,24369900
98000018,2009-01-26,02,07,14,31,39,42931700,858634,17662300
98000019,2009-01-27,02,06,09,21,36,36604950,732099,17831850
98000020,2009-01-28,05,08,09,26,29,41988500,839770,13601050
98000021,2009-01-29,04,09,16,26,31,38171600,763432,17785300
98000022,2009-01-30,16,19,30,31,38,42640650,852813,10102750
98000023,2009-02-02,08,18,23,27,37,52231400,1044628,25555750
98000024,2009-02-03,05,18,30,31,39,38552250,771045,9532550
98000025,2009-02-04,05,19,22,30,33,47902300,958046,19303000
98000026,2009-02-05,04,07,16,19,25,38610500,772210,11123000
98000027,2009-02-06,07,12,20,37,39,38158100,763162,33875350
98000028,2009-02-09,06,12,15,21,23,45753600,915072,22258500
98000029,2009-02-10,20,21,24,26,30,35405000,708100,8527300
98000030,2009-02-11,05,17,18,23,37,45288850,905777,29385800
98000031,2009-02-12,05,06,24,32,36,37767200,755344,24992700
98000032,2009-02-13,04,05,29,32,38,37196450,743929,17684300
98000033,2009-02-16,03,06,23,24,35,43789950,875799,30052200
98000034,2009-02-17,01,09,18,25,36,34490450,689809,11587850
98000035,2009-02-18,01,10,19,22,34,44527450,890549,41149000
98000036,2009-02-19,07,09,15,23,31,37663350,753267,10104950
98000037,2009-02-20,02,05,19,22,24,39728850,794577,11534400
98000038,2009-02-23,15,22,32,33,39,46869750,937395,10712200
98000039,2009-02-24,03,06,11,20,30,36183150,723663,36453850
98000040,2009-02-25,16,22,24,28,36,46144700,922894,12938800
98000041,2009-02-26,02,05,06,27,35,38912050,778241,11063750
98000042,2009-02-27,01,09,13,18,25,38191000,763820,21835000
98000043,2009-03-02,03,15,24,30,33,43657300,873146,20638650
98000044,2009-03-03,01,11,19,21,22,34970100,699402,18682000
98000045,2009-03-04,05,10,29,30,36,45467650,909353,13077950
98000046,2009-03-05,01,25,29,31,38,37877450,757549,16629650
98000047,2009-03-06,06,08,09,19,38,32958200,659164,25601750
98000048,2009-03-09,10,21,24,33,36,41944550,838891,18912500
98000049,2009-03-10,04,07,09,34,38,35750650,715013,17484100
98000050,2009-03-11,12,19,32,36,39,45170950,903419,19933400
98000051,2009-03-12,12,31,32,36,37,37536350,750727,8887400
98000052,2009-03-13,03,04,13,25,36,36000750,720015,10001000
98000053,2009-03-16,01,04,11,29,38,41583950,831679,11264300
98000054,2009-03-17,05,07,13,35,37,33792650,675853,9390200
98000055,2009-03-18,04,27,32,35,38,44726350,894527,9980850
98000056,2009-03-19,02,30,31,33,39,36361650,727233,29078500
98000057,2009-03-20,09,17,33,34,36,36540200,730804,17836750
98000058,2009-03-23,05,22,24,27,28,40945350,818907,21987950
98000059,2009-03-24,05,17,21,31,38,32985550,659711,23614550
98000060,2009-03-25,14,15,17,30,32,43096750,861935,17892650
98000061,2009-03-26,01,13,16,28,29,35672800,713456,18521050
98000062,2009-03-27,03,09,12,24,39,35164900,703298,19693750
98000063,2009-03-30,08,15,25,26,28,40279350,805587,28802100
98000064,2009-03-31,20,21,25,31,34,33118750,662375,7679100
98000065,2009-04-01,11,16,22,31,36,41773200,835464,11081300
98000066,2009-04-02,13,16,23,29,31,34986050,699721,17701850
98000067,2009-04-03,12,14,19,37,39,34626850,692537,26605100
98000068,2009-04-06,16,20,35,36,39,41261350,825227,16915050
98000069,2009-04-07,02,04,10,24,39,31962700,639254,16819150
98000070,2009-04-08,03,08,10,26,33,43088850,861777,13079200
98000071,2009-04-09,05,08,18,26,36,35936350,718727,10208150
98000072,2009-04-10,01,02,03,23,32,36100450,722009,18503850
98000073,2009-04-13,03,06,17,30,38,40203950,804079,39496800
98000074,2009-04-14,03,05,21,29,30,33338400,666768,8923850
98000075,2009-04-15,03,23,29,35,38,42510300,850206,34030400
98000076,2009-04-16,04,11,15,25,30,33633700,672674,10150850
98000077,2009-04-17,07,08,32,33,39,33675750,673515,17333800
98000078,2009-04-20,01,03,29,37,39,37292200,745844,9120100
98000079,2009-04-21,11,16,20,27,28,32645700,652914,9138350
98000080,2009-04-22,02,17,20,36,38,38676150,773523,26865100
98000081,2009-04-23,01,02,21,30,31,33255000,665100,8857700
98000082,2009-04-24,11,20,28,36,38,33771150,675423,8447500
98000083,2009-04-27,03,09,16,23,29,37601700,752034,20125300
98000084,2009-04-28,02,07,35,36,38,32255950,645119,15876100
98000085,2009-04-29,01,07,13,19,20,38844950,776899,9153750
98000086,2009-04-30,15,16,22,27,37,33227850,664557,16547600
98000087,2009-05-01,12,13,29,31,36,31270600,625412,8772900
98000088,2009-05-04,12,15,16,29,33,38287350,765747,17387650
98000089,2009-05-05,06,22,28,34,37,32039500,640790,25961750
98000090,2009-05-06,05,07,16,35,39,41157250,823145,19699600
98000091,2009-05-07,19,20,21,26,30,34227200,684544,8993750
98000092,2009-05-08,01,14,22,33,34,33650950,673019,16979850
98000093,2009-05-11,01,10,16,24,39,38238950,764779,34961050
98000094,2009-05-12,01,09,11,31,34,31182050,623641,16250900
98000095,2009-05-13,11,16,20,30,37,40419800,808396,18317800
98000096,2009-05-14,09,10,20,33,37,33203850,664077,24248400
98000097,2009-05-15,24,25,26,37,39,32520600,650412,23434250
98000098,2009-05-18,03,12,13,36,38,36505600,730112,29267150
98000099,2009-05-19,03,09,11,29,31,30727800,614556,9142850
98000100,2009-05-20,09,15,18,22,23,39727400,794548,10481250
98000101,2009-05-21,02,13,20,32,39,33089100,661782,8882850
98000102,2009-05-22,03,11,12,27,34,31638750,632775,8811850
98000103,2009-05-25,01,27,30,33,39,35481150,709623,17262800
98000104,2009-05-26,01,07,16,34,36,29795400,595908,16314450
98000105,2009-05-27,14,17,21,26,32,38383200,767664,19820150
98000106,2009-05-28,09,11,30,34,38,27199200,543984,7306350
98000107,2009-05-29,05,06,09,25,38,30017500,600350,8760800
98000108,2009-06-01,01,20,21,29,31,36074150,721483,21063650
98000109,2009-06-02,01,04,06,12,18,31878100,637562,25362500
98000110,2009-06-03,08,10,20,24,37,36977700,739554,40298050
98000111,2009-06-04,15,19,25,28,36,27592550,551851,18573150
98000112,2009-06-05,02,12,14,15,38,34719800,694396,16295800
98000113,2009-06-08,09,13,22,27,33,37169950,743399,30049250
98000114,2009-06-09,06,23,31,34,38,34237950,684759,9410200
98000115,2009-06-10,12,24,27,31,35,38262450,765249,9598400
98000116,2009-06-11,14,15,19,25,33,33471050,669421,8468900
98000117,2009-06-12,04,19,33,34,35,32591700,651834,7360400
98000118,2009-06-15,07,13,18,21,27,36413850,728277,34445450
98000119,2009-06-16,04,06,15,19,20,30516150,610323,15970150
98000120,2009-06-17,07,12,16,27,36,39501850,790037,19035200
98000121,2009-06-18,01,11,19,24,29,32502750,650055,10008850
98000122,2009-06-19,06,12,18,21,37,32485600,649712,8775150
98000123,2009-06-22,10,17,21,25,34,36865300,737306,17505800
98000124,2009-06-23,17,20,21,31,32,30512700,610254,15240600
98000125,2009-06-24,16,21,22,34,38,39463900,789278,10031550
98000126,2009-06-25,02,10,19,28,38,33011400,660228,8074000
98000127,2009-06-26,13,15,20,27,39,31189200,623784,8695700
98000128,2009-06-29,03,07,09,15,24,36860450,737209,35043650
98000129,2009-06-30,01,11,21,29,31,29149950,582999,44631876
98000130,2009-07-01,09,11,25,32,33,37706750,754135,10150050
98000131,2009-07-02,04,10,25,30,31,33974850,679497,33498150
98000132,2009-07-03,02,04,14,29,35,31261100,625222,7505800
98000133,2009-07-06,03,06,07,13,23,36700050,734001,11722050
98000134,2009-07-07,01,22,27,30,36,30845850,616917,23867600
98000135,2009-07-08,12,13,22,24,33,38981800,779636,10611700
98000136,2009-07-09,06,17,21,35,37,32322350,646447,9222200
98000137,2009-07-10,03,15,25,26,31,32094050,641881,17220100
98000138,2009-07-13,14,16,31,36,37,35306650,706133,16024800
98000139,2009-07-14,03,04,07,15,23,30197700,603954,9043250
98000140,2009-07-15,02,05,27,36,37,39070150,781403,19498950
98000141,2009-07-16,02,10,21,37,39,32190450,643809,23253500
98000142,2009-07-17,01,03,06,15,33,31026700,620534,16380800
98000143,2009-07-20,04,08,09,17,38,35933750,718675,13713650
98000144,2009-07-21,03,17,24,25,32,29983900,599678,23825950
98000145,2009-07-22,03,06,10,13,22,37936900,758738,17835550
98000146,2009-07-23,01,03,24,32,39,31220100,624402,7254550
98000147,2009-07-24,14,28,30,33,34,30584050,611681,9232400
98000148,2009-07-27,05,08,36,37,38,34037500,680750,19241250
98000149,2009-07-28,03,13,19,21,37,29198100,583962,15757600
98000150,2009-07-29,02,15,23,24,33,36859300,737186,10510650
98000151,2009-07-30,03,09,18,34,38,30405050,608101,9040250
98000152,2009-07-31,13,14,16,17,32,30453750,609075,7063800
98000153,2009-08-03,01,06,20,23,26,33306600,666132,25024650
98000154,2009-08-04,10,12,14,18,34,27616650,552333,23117750
98000155,2009-08-05,02,10,25,29,37,36695550,733911,17344750
98000156,2009-08-06,16,17,28,32,33,27987950,559759,23039350
98000157,2009-08-07,01,08,14,25,37,18976450,379529,13271700
98000158,2009-08-10,03,12,19,23,39,32789300,655786,9963750
98000159,2009-08-11,05,18,22,23,32,28712500,574250,15267100
98000160,2009-08-12,05,08,17,32,37,34671050,693421,25157600
98000161,2009-08-13,08,11,15,17,31,29578350,591567,15500050
98000162,2009-08-14,08,25,28,30,37,30005350,600107,15474300
98000163,2009-08-17,01,10,25,34,38,33585100,671702,26898450
98000164,2009-08-18,06,07,15,17,26,28001450,560029,15287900
98000165,2009-08-19,06,14,20,35,36,35874500,717490,9926250
98000166,2009-08-20,09,12,14,16,34,30192950,603859,8846600
98000167,2009-08-21,17,23,26,28,31,30267250,605345,31479800
98000168,2009-08-24,01,18,22,27,39,34000400,680008,34317200
98000169,2009-08-25,07,14,17,29,37,28309250,566185,8125000
98000170,2009-08-26,07,10,17,19,26,36380750,727615,17683500
98000171,2009-08-27,24,26,28,29,37,30072100,601442,15026950
98000172,2009-08-28,09,16,21,24,29,29875050,597501,15377700
98000173,2009-08-31,01,05,16,20,38,33633600,672672,8833900
98000174,2009-09-01,02,15,22,32,35,28042250,560845,16137500
98000175,2009-09-02,02,04,07,34,38,35917550,718351,9729050
98000176,2009-09-03,10,17,23,26,39,30661600,613232,16789500
98000177,2009-09-04,09,17,27,32,38,30017450,600349,31473150
98000178,2009-09-07,09,11,22,27,29,35390050,707801,17933950
98000179,2009-09-08,01,11,26,27,31,29461200,589224,7930950
98000180,2009-09-09,01,22,26,29,31,37924650,758493,34344697
98000181,2009-09-10,13,15,16,18,26,31506950,630139,15675800
98000182,2009-09-11,16,25,26,32,33,31549000,630980,15491450
98000183,2009-09-14,08,13,14,26,27,35641450,712829,26219850
98000184,2009-09-15,06,14,27,30,31,29197900,583958,15356100
98000185,2009-09-16,08,23,27,28,38,37153750,743075,26457450
98000186,2009-09-17,07,19,23,30,39,31033450,620669,7413200
98000187,2009-09-18,11,12,15,22,38,30881950,617639,7902150
98000188,2009-09-21,04,14,24,27,34,35239100,704782,35461900
98000189,2009-09-22,09,14,18,27,32,29166250,583325,8243150
98000190,2009-09-23,03,09,13,37,38,37222500,744450,18420950
98000191,2009-09-24,02,09,10,21,37,30320750,606415,9508750
98000192,2009-09-25,03,05,14,16,20,30833050,616661,8073100
98000193,2009-09-28,06,26,31,32,33,33287050,665741,24856650
98000194,2009-09-29,11,24,31,32,34,28632100,572642,6247150
98000195,2009-09-30,05,07,11,16,23,34200550,684011,33954500
98000196,2009-10-01,07,14,24,31,35,30794850,615897,6785950
98000197,2009-10-02,14,24,26,31,36,32368350,647367,8880550
98000198,2009-10-05,18,20,23,24,30,30455600,609112,6922850
98000199,2009-10-06,15,18,22,25,29,31673300,633466,25539500
98000200,2009-10-07,03,05,08,09,35,38553350,771067,37965450
98000201,2009-10-08,02,26,31,33,34,31597200,631944,16118100
98000202,2009-10-09,01,08,28,35,38,33406550,668131,10148100
98000203,2009-10-12,02,09,17,27,29,37469000,749380,28219750
98000204,2009-10-13,06,13,24,26,31,30995300,619906,19043350
98000205,2009-10-14,03,09,10,23,26,39389750,787795,19872100
98000206,2009-10-15,07,13,18,28,38,32978350,659567,16699600
98000207,2009-10-16,02,11,16,19,23,32637350,652747,8647600
98000208,2009-10-19,12,20,23,34,36,36641250,732825,34425100
98000209,2009-10-20,10,11,15,17,30,30568950,611379,16641900
98000210,2009-10-21,15,21,23,36,39,39679200,793584,16870100
98000211,2009-10-22,07,10,24,31,32,31607650,632153,16916650
98000212,2009-10-23,02,15,21,23,37,31837150,636743,16105350
98000213,2009-10-26,06,17,23,29,37,37183150,743663,9917800
98000214,2009-10-27,06,19,22,25,29,30218700,604374,23210450
98000215,2009-10-28,01,13,18,27,34,38473450,769469,35833450
98000216,2009-10-29,03,06,15,17,26,31694350,633887,25043700
98000217,2009-10-30,05,14,22,37,38,32279100,645582,8724650
98000218,2009-11-02,03,04,17,23,26,36064750,721295,19350100
98000219,2009-11-03,07,30,32,35,39,29876200,597524,23966650
98000220,2009-11-04,02,09,10,27,35,38997050,779941,11049250
98000221,2009-11-05,05,11,15,26,39,34169400,683388,17620050
98000222,2009-11-06,08,10,20,21,35,33562950,671259,17069850
98000223,2009-11-09,06,17,18,31,37,38114100,762282,28341650
98000224,2009-11-10,08,12,26,27,30,32390150,647803,9700950
98000225,2009-11-11,13,28,33,37,39,41808950,836179,12118600
98000226,2009-11-12,12,22,26,28,38,33329550,666591,25454850
98000227,2009-11-13,01,05,28,31,34,31510800,630216,8378400
98000228,2009-11-16,11,16,34,35,36,38159100,763182,18253250
98000229,2009-11-17,02,06,19,28,32,29822950,596459,7368750
98000230,2009-11-18,05,14,15,26,37,39760600,795212,20972950
98000231,2009-11-19,22,23,25,31,34,33318900,666378,16505500
98000232,2009-11-20,05,10,17,28,38,32984650,659693,26493250
98000233,2009-11-23,05,25,27,32,39,38054900,761098,17247750
98000234,2009-11-24,03,10,17,18,23,31299900,625998,9215300
98000235,2009-11-25,06,10,11,18,37,41037750,820755,26490600
98000236,2009-11-26,09,14,27,28,38,33132250,662645,10733400
98000237,2009-11-27,07,15,24,31,38,33003550,660071,18007650
98000238,2009-11-30,10,13,22,29,30,37251350,745027,28243100
98000239,2009-12-01,02,07,08,25,29,30980000,619600,31920500
98000240,2009-12-02,14,25,33,36,38,39806400,796128,25745150
98000241,2009-12-03,04,08,18,21,23,31404150,628083,9865650
98000242,2009-12-04,14,15,17,34,37,33163700,663274,9291050
98000243,2009-12-07,09,10,25,31,33,38277300,765546,18277900
98000244,2009-12-08,01,05,11,15,35,32218300,644366,27983050
98000245,2009-12-09,07,16,29,35,37,41372150,827443,9351050
98000246,2009-12-10,07,14,15,24,28,34143950,682879,17256550
98000247,2009-12-11,06,09,26,27,29,34132600,682652,27029150
98000248,2009-12-14,06,10,16,27,28,37528000,750560,9955450
98000249,2009-12-15,19,25,26,30,35,31801250,636025,15509550
98000250,2009-12-16,10,19,30,37,39,38620000,772400,8981700
98000251,2009-12-17,04,15,21,37,39,31053900,621078,6982850
98000252,2009-12-18,05,20,21,25,37,31401550,628031,32117750
98000253,2009-12-21,18,22,26,29,32,36575300,731506,17997500
98000254,2009-12-22,02,05,07,10,17,30361650,607233,9224600
98000255,2009-12-23,02,08,15,30,35,39377450,787549,25937300
98000256,2009-12-24,02,11,19,20,36,33948400,678968,8858700
98000257,2009-12-25,02,15,17,19,28,32549650,650993,7545550
98000258,2009-12-28,03,05,10,13,29,37010050,740201,11216550
98000259,2009-12-29,05,18,27,28,35,30908200,618164,16823900
98000260,2009-12-30,07,12,13,31,34,39253250,785065,40313500
98000261,2009-12-31,06,07,21,31,39,37514550,750291,8815650
99000001,2010-01-01,03,04,05,23,27,27431000,548620,23325300
99000002,2010-01-04,04,14,19,27,31,38822750,776455,8861400
99000003,2010-01-05,03,05,15,27,35,31656600,633132,27970700
99000004,2010-01-06,11,25,28,37,39,41651900,833038,21131400
99000005,2010-01-07,06,24,26,30,34,33468400,669368,18504000
99000006,2010-01-08,11,16,17,18,30,33844550,676891,8301650
99000007,2010-01-11,17,19,24,27,29,39376350,787527,26808400
99000008,2010-01-12,01,19,27,30,37,32119850,642397,7610050
99000009,2010-01-13,08,16,33,36,39,42089150,841783,19976750
99000010,2010-01-14,12,16,28,32,33,34453250,689065,24626700
99000011,2010-01-15,13,29,31,32,38,35019250,700385,10202350
99000012,2010-01-18,05,14,33,36,38,39304850,786097,33776050
99000013,2010-01-19,10,11,23,25,32,32267350,645347,33981650
99000014,2010-01-20,14,19,28,33,39,44187750,883755,11115150
99000015,2010-01-21,07,11,18,29,37,35262100,705242,34906700
99000016,2010-01-22,01,12,18,25,35,34957000,699140,8726950
99000017,2010-01-25,12,19,22,23,31,38050300,761006,33876100
99000018,2010-01-26,02,05,06,09,23,32427200,648544,10339800
99000019,2010-01-27,07,08,14,25,38,42158100,843162,13501100
99000020,2010-01-28,01,03,11,32,36,34189350,683787,17590150
99000021,2010-01-29,11,15,17,22,30,34562050,691241,10052150
99000022,2010-02-01,02,07,22,30,35,39626450,792529,16946250
99000023,2010-02-02,05,16,20,37,38,31962450,639249,17710050
99000024,2010-02-03,03,15,32,35,38,41502500,830050,9963550
99000025,2010-02-04,02,04,11,16,25,34270250,685405,26945550
99000026,2010-02-05,01,05,15,21,25,31750200,635004,18094450
99000027,2010-02-08,13,27,31,35,39,42882600,857652,36784750
99000028,2010-02-09,04,06,24,26,32,34826550,696531,27529350
99000029,2010-02-10,07,13,19,36,38,46549350,930987,20250750
99000030,2010-02-11,06,09,23,27,31,39173550,783471,11587300
99000031,2010-02-12,11,21,23,26,38,43294600,865892,27416650
99000032,2010-02-15,01,02,09,11,28,47766950,955339,31554700
99000033,2010-02-16,18,19,27,35,39,37029900,740598,9459200
99000034,2010-02-17,04,07,08,28,34,45501100,910022,22122400
99000035,2010-02-18,09,11,24,26,39,42893950,857879,19574000
99000036,2010-02-19,06,21,22,24,32,42472150,849443,27164150
99000037,2010-02-22,02,09,15,22,26,54132450,1082649,28309150
99000038,2010-02-23,09,20,27,33,36,41932950,838659,18764700
99000039,2010-02-24,05,16,17,28,39,49729400,994588,39567500
99000040,2010-02-25,04,09,13,27,37,42301350,846027,19000800
99000041,2010-02-26,09,18,19,25,32,41276250,825525,18909500
99000042,2010-03-01,03,06,10,25,34,47420450,948409,29862900
99000043,2010-03-02,07,08,20,25,29,36614250,732285,19164250
99000044,2010-03-03,04,07,15,26,33,48495150,969903,37259400
99000045,2010-03-04,02,05,10,21,34,39826050,796521,27233500
99000046,2010-03-05,11,14,20,35,39,39555750,791115,22143200
99000047,2010-03-08,07,11,19,21,27,44423600,888472,29202900
99000048,2010-03-09,05,11,12,14,28,33355550,667111,25390850
99000049,2010-03-10,02,07,16,30,39,45326950,906539,18913600
99000050,2010-03-11,01,03,17,30,38,38566350,771327,13981000
99000051,2010-03-12,01,10,19,22,28,38590700,771814,19638950
99000052,2010-03-15,04,10,18,22,25,43924650,878493,29202250
99000053,2010-03-16,04,06,10,33,37,35310300,706206,24000700
99000054,2010-03-17,03,28,33,34,38,47315800,946316,20595400
99000055,2010-03-18,03,06,24,25,37,37350450,747009,17383900
99000056,2010-03-19,08,14,28,29,35,36525150,730503,19218350
99000057,2010-03-22,02,23,25,29,32,42163100,843262,27599650
99000058,2010-03-23,09,18,26,32,34,33635200,672704,9272850
99000059,2010-03-24,30,31,32,34,35,43434600,868692,34214050
99000060,2010-03-25,09,13,26,34,39,33820850,676417,8860850
99000061,2010-03-26,09,10,12,22,37,34869650,697393,17865050
99000062,2010-03-29,10,12,14,18,34,40078700,801574,33737500
99000063,2010-03-30,16,21,25,31,33,33039600,660792,16803600
99000064,2010-03-31,01,09,12,19,28,42133650,842673,36821350
99000065,2010-04-01,02,17,35,37,38,35361200,707224,9682100
99000066,2010-04-02,07,20,23,31,39,35002300,700046,17964300
99000067,2010-04-05,07,17,18,35,37,33612250,672245,16788800
99000068,2010-04-06,25,28,29,36,37,31893250,637865,8620050
99000069,2010-04-07,04,16,29,32,36,43001250,860025,9684250
99000070,2010-04-08,08,10,15,17,26,32430850,648617,19749800
99000071,2010-04-09,05,14,18,23,36,36586300,731726,27633250
99000072,2010-04-12,12,15,24,30,35,41559000,831180,27637800
99000073,2010-04-13,09,12,21,22,27,33491800,669836,19151000
99000074,2010-04-14,05,12,15,35,36,44754800,895096,11912450
99000075,2010-04-15,01,04,11,18,23,32866050,657321,18998650
99000076,2010-04-16,01,05,20,24,37,36332750,726655,17528350
99000077,2010-04-19,03,15,19,26,27,40573450,811469,36705450
99000078,2010-04-20,04,06,10,28,32,33153450,663069,19868450
99000079,2010-04-21,02,03,12,21,25,42579300,851586,29822400
99000080,2010-04-22,03,04,05,06,09,34734100,694682,27269300
99000081,2010-04-23,08,15,27,35,36,32622900,652458,19168600
99000082,2010-04-26,12,22,27,31,39,40245950,804919,25438300
99000083,2010-04-27,01,13,19,29,33,32168250,643365,34695700
99000084,2010-04-28,05,06,13,37,38,42722350,854447,11163300
99000085,2010-04-29,14,15,27,31,35,34293350,685867,11056700
99000086,2010-04-30,15,17,21,28,31,35134250,702685,9347050
99000087,2010-05-03,05,10,16,19,38,38488000,769760,18669650
99000088,2010-05-04,16,22,26,32,36,32030400,640608,8100600
99000089,2010-05-05,01,14,19,30,34,41438750,828775,10322200
99000090,2010-05-06,03,08,13,23,27,34247300,684946,21165250
99000091,2010-05-07,08,09,21,29,30,33376600,667532,8662650
99000092,2010-05-10,14,17,24,29,33,38600200,772004,9251800
99000093,2010-05-11,04,10,12,25,37,32669500,653390,38279650
99000094,2010-05-12,08,13,28,30,36,41608250,832165,18882850
99000095,2010-05-13,09,11,22,26,30,33715000,674300,34512200
99000096,2010-05-14,02,06,08,15,22,34198250,683965,9370150
99000097,2010-05-17,02,12,18,33,38,37538500,750770,17548550
99000098,2010-05-18,13,21,22,33,37,31147050,622941,15597850
99000099,2010-05-19,01,11,13,20,37,38623350,772467,11727750
99000100,2010-05-20,07,13,15,27,39,31777850,635557,18926500
99000101,2010-05-21,05,21,28,35,38,32630700,652614,36287500
99000102,2010-05-24,10,26,27,35,36,36782150,735643,17175300
99000103,2010-05-25,05,06,07,10,14,31680800,633616,9237450
99000104,2010-05-26,04,14,17,37,39,39678150,793563,18544850
99000105,2010-05-27,02,21,32,33,34,32077850,641557,8507100
99000106,2010-05-28,17,22,25,33,39,32650600,653012,7260900
99000107,2010-05-31,09,12,15,31,39,36864300,737286,19467950
99000108,2010-06-01,02,07,23,24,34,30938800,618776,8491200
99000109,2010-06-02,13,17,19,35,39,36805500,736110,8643400
99000110,2010-06-03,09,21,33,35,37,30101700,602034,16549150
99000111,2010-06-04,15,16,25,30,38,32668800,653376,24712100
99000112,2010-06-07,10,21,22,32,35,37740250,754805,17556150
99000113,2010-06-08,02,09,26,30,32,30745700,614914,23293900
99000114,2010-06-09,03,04,13,25,28,39860150,797203,11721600
99000115,2010-06-10,07,12,17,30,37,30651750,613035,8672200
99000116,2010-06-11,13,18,28,33,36,32701400,654028,8562450
99000117,2010-06-14,17,18,22,31,37,35900200,718004,17052650
99000118,2010-06-15,01,14,21,28,38,30404000,608080,8628850
99000119,2010-06-16,09,17,19,26,39,32654250,653085,25883700
99000120,2010-06-17,01,02,09,18,35,31991050,639821,15855300
99000121,2010-06-18,03,20,29,33,39,32070450,641409,16175500
99000122,2010-06-21,01,16,17,23,31,35084600,701692,16822100
99000123,2010-06-22,22,24,27,28,31,28897200,577944,23367850
99000124,2010-06-23,02,10,29,36,39,37263650,745273,24798450
99000125,2010-06-24,05,06,11,14,22,30143000,602860,26975350
99000126,2010-06-25,02,05,21,24,34,31492850,629857,7285050
99000127,2010-06-28,13,22,23,27,34,34993200,699864,8461200
99000128,2010-06-29,01,02,04,35,37,29497350,589947,24324700
99000129,2010-06-30,01,12,34,38,39,37533100,750662,33424500
99000130,2010-07-01,10,19,20,23,29,31954700,639094,9252050
99000131,2010-07-02,02,04,28,29,30,30695400,613908,8226050
99000132,2010-07-05,12,15,28,29,37,34838850,696777,16606800
99000133,2010-07-06,04,10,23,25,27,29339650,586793,15798800
99000134,2010-07-07,06,16,28,31,35,37854750,757095,17700250
99000135,2010-07-08,05,17,20,34,37,30922700,618454,16745750
99000136,2010-07-09,03,13,35,36,37,31529900,630598,24084600
99000137,2010-07-12,03,04,11,33,39,36681650,733633,9632250
99000138,2010-07-13,10,11,25,28,38,29536700,590734,25041350
99000139,2010-07-14,05,19,21,23,33,38326850,766537,9876500
99000140,2010-07-15,05,07,20,25,36,30855400,617108,7868450
99000141,2010-07-16,14,15,28,34,38,31588650,631773,8575500
99000142,2010-07-19,03,06,19,23,25,35694800,713896,18803150
99000143,2010-07-20,04,08,11,25,33,30638550,612771,17297150
99000144,2010-07-21,15,16,26,29,30,36671550,733431,9668500
99000145,2010-07-22,08,11,34,35,36,31619000,632380,15843500
99000146,2010-07-23,01,14,21,22,39,31675900,633518,33419950
99000147,2010-07-26,12,15,21,34,39,34381750,687635,23981850
99000148,2010-07-27,13,22,24,25,28,27879800,557596,7678100
99000149,2010-07-28,01,07,14,22,23,37484900,749698,9337500
99000150,2010-07-29,14,25,26,30,35,30717150,614343,15632050
99000151,2010-07-30,07,09,14,24,28,31113500,622270,8283100
99000152,2010-08-02,02,07,29,32,33,34667300,693346,17506600
99000153,2010-08-03,07,14,27,32,33,29178700,583574,15138200
99000154,2010-08-04,14,16,21,31,33,38218050,764361,16636150
99000155,2010-08-05,17,26,34,36,38,31724500,634490,9306100
99000156,2010-08-06,03,15,27,29,35,33209900,664198,34696800
99000157,2010-08-09,09,12,19,26,32,36712350,734247,10666300
99000158,2010-08-10,04,17,21,24,32,32788050,655761,15824900
99000159,2010-08-11,06,18,34,38,39,39811700,796234,10297700
99000160,2010-08-12,08,25,27,35,39,31833250,636665,17315250
99000161,2010-08-13,23,26,28,30,32,33893250,677865,26296450
99000162,2010-08-16,03,04,12,13,35,36457150,729143,17442150
99000163,2010-08-17,02,05,11,17,36,30267700,605354,19915550
99000164,2010-08-18,07,19,27,28,29,39215200,784304,12451800
99000165,2010-08-19,09,22,26,28,31,33007650,660153,17453000
99000166,2010-08-20,02,06,12,21,28,32667800,653356,9391500
99000167,2010-08-23,05,06,15,36,38,38170200,763404,25832650
99000168,2010-08-24,03,04,08,15,34,29514900,590298,17871350
99000169,2010-08-25,01,07,11,31,34,37421350,748427,19198100
99000170,2010-08-26,05,13,30,37,38,32070300,641406,16842050
99000171,2010-08-27,02,06,12,23,33,31855450,637109,17748350
99000172,2010-08-30,04,12,20,34,35,33936450,678729,8366300
99000173,2010-08-31,08,10,28,33,34,28740500,574810,7437400
99000174,2010-09-01,07,16,18,34,39,36163500,723270,8764850
99000175,2010-09-02,08,23,25,28,38,33884350,677687,19529950
99000176,2010-09-03,06,11,13,22,36,32906850,658137,17596950
99000177,2010-09-06,16,18,35,36,39,45852750,917055,10360200
99000178,2010-09-07,01,11,12,28,32,30728000,614560,25818750
99000179,2010-09-08,03,14,29,33,38,39700600,794012,28734700
99000180,2010-09-09,05,12,14,18,34,34274900,685498,9177300
99000181,2010-09-10,05,13,15,23,31,40917100,818342,11580350
99000182,2010-09-13,03,06,15,24,31,46015200,920304,19800700
99000183,2010-09-14,05,09,24,32,36,36565600,731312,25363500
99000184,2010-09-15,03,11,21,29,39,44781000,895620,19372000
99000185,2010-09-16,03,06,12,14,21,37814400,756288,26353100
99000186,2010-09-17,02,05,09,25,35,38280600,765612,36144950
99000187,2010-09-20,03,08,09,15,28,39312700,786254,15110600
99000188,2010-09-21,02,08,12,30,34,36597700,731954,9591450
99000189,2010-09-22,08,18,23,33,36,36441700,728834,9764000
99000190,2010-09-23,15,28,30,31,36,38441000,768820,17324550
99000191,2010-09-24,02,09,13,21,33,38616100,772322,26608900
99000192,2010-09-27,04,25,30,33,39,43299750,865995,18338850
99000193,2010-09-28,14,26,31,35,37,34766250,695325,9917150
99000194,2010-09-29,02,14,24,34,37,41771950,835439,10710250
99000195,2010-09-30,05,14,16,24,34,34818200,696364,8578000
99000196,2010-10-01,13,24,27,28,35,37461600,749232,17898900
99000197,2010-10-04,09,13,20,34,35,42052400,841048,25687800
99000198,2010-10-05,14,18,23,28,33,35864600,717292,10075100
99000199,2010-10-06,14,16,20,22,29,44140950,882819,10628950
99000200,2010-10-07,02,19,32,33,39,37255350,745107,25080950
99000201,2010-10-08,04,16,18,29,31,37548500,750970,17203850
99000202,2010-10-11,01,06,07,24,35,43627300,872546,27512100
99000203,2010-10-12,01,08,09,23,39,35998450,719969,17858500
99000204,2010-10-13,09,11,21,24,30,46200150,924003,21214150
99000205,2010-10-14,05,17,27,28,29,37827750,756555,19698000
99000206,2010-10-15,01,04,12,24,25,39018400,780368,10760500
99000207,2010-10-18,05,12,27,30,32,42171900,843438,10880150
99000208,2010-10-19,21,23,27,30,36,35665850,713317,32170850
99000209,2010-10-20,09,11,15,29,37,42751250,855025,36981850
99000210,2010-10-21,15,17,18,23,27,33646900,672938,24249350
99000211,2010-10-22,01,03,11,19,32,38527950,770559,10653500
99000212,2010-10-25,02,05,06,30,36,44216650,884333,20093250
99000213,2010-10-26,08,11,12,15,18,35593400,711868,11211650
99000214,2010-10-27,02,07,15,27,35,41376250,827525,19322850
99000215,2010-10-28,01,06,12,33,37,36541750,730835,9530300
99000216,2010-10-29,02,07,11,17,38,38815100,776302,26720550
99000217,2010-11-01,09,15,16,21,29,43881550,877631,20114950
99000218,2010-11-02,04,06,13,19,20,36355850,727117,26479850
99000219,2010-11-03,24,30,31,32,33,43742300,874846,28891900
99000220,2010-11-04,01,08,21,26,39,35791950,715839,17581200
99000221,2010-11-05,01,04,05,24,37,38938500,778770,9496200
99000222,2010-11-08,04,08,12,15,38,44221000,884420,14279650
99000223,2010-11-09,04,14,19,31,38,37445700,748914,8512900
99000224,2010-11-10,07,25,28,33,36,46153300,923066,40995850
99000225,2010-11-11,05,09,24,34,36,39592350,791847,27702850
99000226,2010-11-12,06,08,16,21,23,40071150,801423,20346700
99000227,2010-11-15,05,06,22,32,39,44145600,882912,10779100
99000228,2010-11-16,06,14,24,26,29,37431900,748638,9308350
99000229,2010-11-17,13,15,20,28,36,45022200,900444,20068300
99000230,2010-11-18,01,07,18,30,31,38999950,779999,11659500
99000231,2010-11-19,07,09,13,20,24,40252400,805048,17989500
99000232,2010-11-22,04,08,25,35,36,45900400,918008,13392850
99000233,2010-11-23,01,27,33,38,39,39093100,781862,19318450
99000234,2010-11-24,01,10,16,24,25,47138050,942761,29651800
99000235,2010-11-25,03,12,13,19,39,38653000,773060,10016450
99000236,2010-11-26,04,09,17,18,20,41154800,823096,10901000
99000237,2010-11-29,03,15,19,31,35,45171750,903435,35054750
99000238,2010-11-30,04,12,14,19,32,37912400,758248,25541600
99000239,2010-12-01,03,18,22,23,33,46223200,924464,28932850
99000240,2010-12-02,13,16,18,29,30,40222800,804456,9640200
99000241,2010-12-03,03,16,31,32,35,40899600,817992,17418700
99000242,2010-12-06,07,16,18,20,34,45809700,916194,10942100
99000243,2010-12-07,03,12,25,28,33,36863150,737263,36582700
99000244,2010-12-08,01,17,20,28,36,44652850,893057,27104250
99000245,2010-12-09,12,13,29,33,34,38110650,762213,9617500
99000246,2010-12-10,14,15,25,30,35,40264450,805289,37437400
99000247,2010-12-13,15,20,27,37,38,45905000,918100,20448700
99000248,2010-12-14,01,11,24,25,30,37704450,754089,18568750
99000249,2010-12-15,05,09,20,28,32,43297000,865940,21356350
99000250,2010-12-16,02,21,22,37,38,33019050,660381,17548100
99000251,2010-12-17,05,09,12,16,29,38552800,771056,36724150
99000252,2010-12-20,19,21,22,28,36,44572000,891440,19169300
99000253,2010-12-21,08,20,21,34,39,39898700,797974,9969500
99000254,2010-12-22,01,06,12,17,33,44814000,896280,23046000
99000255,2010-12-23,02,06,08,09,11,41326550,826531,20864350
99000256,2010-12-24,10,12,16,34,38,41234750,824695,19219050
99000257,2010-12-27,03,15,24,26,34,44386650,887733,20540500
99000258,2010-12-28,11,19,22,28,38,37917700,758354,18869800
99000259,2010-12-29,06,20,23,26,35,46552000,931040,19977100
99000260,2010-12-30,08,12,23,28,29,39383600,787672,28635550
99000261,2010-12-31,22,25,30,32,34,43237350,864747,19350750
100000001,2011-01-01,02,13,24,25,36,18678300,373566,5456850
100000002,2011-01-03,11,13,20,25,35,41081550,821631,25986950
100000003,2011-01-04,06,08,10,16,36,37422250,748445,26205100
100000004,2011-01-05,05,17,26,29,32,47497550,949951,29850850
100000005,2011-01-06,07,28,31,32,36,38486500,769730,10843050
100000006,2011-01-07,10,11,18,34,38,40375500,807510,18408850
100000007,2011-01-08,03,10,14,18,35,25051150,501023,6220700
100000008,2011-01-10,04,10,20,32,39,43125100,862502,18995000
100000009,2011-01-11,03,09,13,25,37,34766500,695330,10599950
100000010,2011-01-12,01,02,04,21,32,41207000,824140,18930250
100000011,2011-01-13,05,14,23,31,32,40936800,818736,28441950
100000012,2011-01-14,08,14,27,28,36,41190150,823803,29343750
100000013,2011-01-15,08,17,18,30,36,25432550,508651,5864850
100000014,2011-01-17,02,05,17,28,36,43162700,863254,28091100
100000015,2011-01-18,03,05,11,22,37,38845200,776904,19034600
100000016,2011-01-19,18,20,22,29,33,46948850,938977,27943350
100000017,2011-01-20,04,15,26,28,31,39200850,784017,20772050
100000018,2011-01-21,18,23,31,36,39,40006050,800121,9164050
100000019,2011-01-22,03,20,23,24,37,29774400,595488,15504250
100000020,2011-01-24,04,06,10,19,25,42979550,859591,38196050
100000021,2011-01-25,14,15,18,21,29,38873550,777471,25763850
100000022,2011-01-26,07,12,19,25,35,46295150,925903,15457300
100000023,2011-01-27,05,14,18,20,37,40042550,800851,18238700
100000024,2011-01-28,15,24,33,38,39,44971750,899435,12986950
100000025,2011-01-29,05,20,22,35,38,32960600,659212,8015450
100000026,2011-01-31,09,16,21,25,36,48378800,967576,39228800
100000027,2011-02-01,18,23,26,32,39,53546000,1070920,30819500
100000028,2011-02-02,06,08,16,22,26,49415000,988300,30165650
100000029,2011-02-03,11,12,22,24,39,42398450,847969,11076450
100000030,2011-02-04,09,17,25,32,37,51924750,1038495,23135600
100000031,2011-02-05,08,30,32,37,38,40693450,813869,10656550
100000032,2011-02-07,02,13,19,28,37,52186500,1043730,31269900
100000033,2011-02-08,04,19,24,28,35,51386000,1027720,37405600
100000034,2011-02-09,05,17,22,36,39,50086050,1001721,39841050
100000035,2011-02-10,02,03,10,20,28,49236800,984736,30938600
100000036,2011-02-11,18,26,28,29,39,45311750,906235,27249500
100000037,2011-02-12,12,17,22,26,27,35688700,713774,8390550
100000038,2011-02-14,01,07,19,27,38,46236000,924720,21690850
100000039,2011-02-15,03,11,18,30,37,41135450,822709,12467150
100000040,2011-02-16,02,08,21,22,36,50547350,1010947,23861850
100000041,2011-02-17,25,29,33,34,37,44103500,882070,27736600
100000042,2011-02-18,03,06,08,23,24,42310450,846209,37183750
100000043,2011-02-19,08,13,23,26,37,31738100,634762,16015300
100000044,2011-02-21,11,19,26,30,33,47271250,945425,19645350
100000045,2011-02-22,07,26,34,36,38,43372100,867442,18321050
100000046,2011-02-23,01,04,17,24,37,51056300,1021126,31780150
100000047,2011-02-24,05,11,14,18,20,43032450,860649,32305550
100000048,2011-02-25,08,13,24,31,38,44430650,888613,36029400
100000049,2011-02-26,04,08,18,22,25,33291850,665837,25296050
100000050,2011-02-28,01,07,17,20,35,42629150,852583,18684150
100000051,2011-03-01,06,30,36,37,38,40291850,805837,10698700
100000052,2011-03-02,07,14,23,27,34,47409250,948185,37286400
100000053,2011-03-03,03,04,07,21,38,40843250,816865,18140800
100000054,2011-03-04,08,12,33,36,39,41812350,836247,39354750
100000055,2011-03-05,02,06,14,33,37,34173250,683465,24050650
100000056,2011-03-07,06,08,10,28,32,44841750,896835,22051950
100000057,2011-03-08,02,11,12,18,36,40342900,806858,18910200
100000058,2011-03-09,07,08,31,32,34,47468700,949374,11497550
100000059,2011-03-10,04,09,24,25,35,38678350,773567,23295800
100000060,2011-03-11,05,09,14,25,38,40838050,816761,12954050
100000061,2011-03-12,13,15,25,28,37,33998450,679969,19572250
100000062,2011-03-14,05,16,19,28,35,44541650,890833,12151100
100000063,2011-03-15,06,09,23,31,39,38401550,768031,26766350
100000064,2011-03-16,09,16,20,33,34,45006100,900122,10770400
100000065,2011-03-17,11,21,23,29,30,39283050,785661,19117300
100000066,2011-03-18,22,33,36,38,39,40139200,802784,20587550
100000067,2011-03-19,02,09,13,25,29,33374850,667497,16680650
100000068,2011-03-21,05,11,14,29,38,44540150,890803,35304400
100000069,2011-03-22,08,18,27,29,39,37042800,740856,9888300
100000070,2011-03-23,05,12,13,14,21,44394150,887883,18510150
100000071,2011-03-24,04,17,18,30,34,37946000,758920,17472200
100000072,2011-03-25,07,22,23,26,39,38899000,777980,10870550
100000073,2011-03-26,02,06,19,23,35,29620100,592402,9008950
100000074,2011-03-28,06,25,27,28,29,40414650,808293,28026150
100000075,2011-03-29,04,18,28,31,35,36478450,729569,16737050
100000076,2011-03-30,01,03,16,27,32,42777100,855542,33475550
100000077,2011-03-31,21,22,29,33,36,38652200,773044,10400950
100000078,2011-04-01,06,07,28,31,36,38790850,775817,18004300
100000079,2011-04-02,02,12,19,33,34,31621750,632435,16409250
100000080,2011-04-04,05,07,18,22,31,39270000,785400,26250800
100000081,2011-04-05,07,10,11,13,39,33262050,665241,32899950
100000082,2011-04-06,11,13,17,20,23,47141350,942827,19856600
100000083,2011-04-07,04,07,21,22,35,40721750,814435,18994200
100000084,2011-04-08,10,13,18,25,33,41121000,822420,18845000
100000085,2011-04-09,05,10,26,28,34,35346850,706937,17615800
100000086,2011-04-11,03,09,21,31,32,44257950,885159,20316800
100000087,2011-04-12,05,12,21,35,37,38454300,769086,18701700
100000088,2011-04-13,06,11,26,30,32,45705850,914117,12487850
100000089,2011-04-14,05,08,24,35,37,38960150,779203,27383550
100000090,2011-04-15,08,11,16,30,37,39575850,791517,17326250
100000091,2011-04-16,05,12,28,30,35,32407700,648154,34449100
100000092,2011-04-18,04,10,24,28,30,42786600,855732,34817300
100000093,2011-04-19,01,15,32,34,38,36760350,735207,11585050
100000094,2011-04-20,02,05,12,15,35,44593400,891868,21696150
100000095,2011-04-21,02,20,31,36,37,38365750,767315,9447300
100000096,2011-04-22,09,11,14,23,26,37225200,744504,37905550
100000097,2011-04-23,16,21,29,30,33,32012750,640255,25939900
100000098,2011-04-25,06,10,14,23,32,42092350,841847,21021350
100000099,2011-04-26,14,15,29,33,38,36113900,722278,16585750
100000100,2011-04-27,02,06,19,38,39,42428950,848579,9859900
100000101,2011-04-28,01,16,24,32,38,36756900,735138,8431450
100000102,2011-04-29,04,27,28,36,38,37269300,745386,10844400
100000103,2011-04-30,02,03,06,24,39,31026450,620529,15799600
100000104,2011-05-02,02,19,24,33,36,38785550,775711,16769750
100000105,2011-05-03,01,05,07,08,37,34588750,691775,28334550
100000106,2011-05-04,02,09,11,24,26,41043650,820873,28217350
100000107,2011-05-05,02,04,15,19,35,37293100,745862,25374850
100000108,2011-05-06,04,09,25,31,32,38264800,765296,25567350
100000109,2011-05-07,11,12,16,21,24,32332950,646659,33202200
100000110,2011-05-09,02,12,24,33,38,39797150,795943,28144150
100000111,2011-05-10,02,22,24,31,36,36708600,734172,8718850
100000112,2011-05-11,03,07,16,35,36,42950450,859009,9739050
100000113,2011-05-12,01,14,18,30,34,35719450,714389,35397800
100000114,2011-05-13,03,06,13,18,23,36280100,725602,19359000
100000115,2011-05-14,02,05,12,26,30,28783350,575667,17256000
100000116,2011-05-16,18,19,20,31,38,36610350,732207,8824000
100000117,2011-05-17,02,03,07,18,27,33721150,674423,8188850
100000118,2011-05-18,09,18,22,33,39,41085350,821707,11681900
100000119,2011-05-19,05,16,26,27,37,36856250,737125,25937200
100000120,2011-05-20,07,21,33,36,37,35509750,710195,16569800
100000121,2011-05-21,12,19,25,29,32,30699200,613984,25189550
100000122,2011-05-23,14,15,17,33,35,36246450,724929,10261600
100000123,2011-05-24,04,25,28,36,39,34150800,683016,35436500
100000124,2011-05-25,02,12,16,36,37,41122100,822442,20328300
100000125,2011-05-26,20,26,34,35,37,33989450,679789,24168750
100000126,2011-05-27,01,12,13,21,25,33140400,662808,17257300
100000127,2011-05-28,04,05,09,34,39,28615500,572310,7856050
100000128,2011-05-30,01,02,11,34,36,37225550,744511,33734400
100000129,2011-05-31,03,08,27,35,39,33270750,665415,25854850
100000130,2011-06-01,05,11,15,29,39,39261450,785229,17749350
100000131,2011-06-02,12,15,23,24,28,34934850,698697,18089900
100000132,2011-06-03,01,15,24,25,30,38816750,776335,8891900
100000133,2011-06-04,22,23,24,34,38,30472150,609443,31651750
100000134,2011-06-06,09,22,31,32,34,35149700,702994,8769400
100000135,2011-06-07,03,05,13,14,17,35965050,719301,18023550
100000136,2011-06-08,13,22,23,29,30,40505450,810109,24875300
100000137,2011-06-09,23,26,28,29,35,34400300,688006,32773500
100000138,2011-06-10,04,16,21,25,36,35000800,700016,36195100
100000139,2011-06-11,08,15,17,29,37,32408700,648174,17590700
100000140,2011-06-13,01,02,09,23,38,38367050,767341,27441100
100000141,2011-06-14,23,25,26,33,36,33970250,679405,8952050
100000142,2011-06-15,13,14,15,26,32,40232100,804642,9880600
100000143,2011-06-16,14,26,29,37,38,35378350,707567,16277500
100000144,2011-06-17,06,16,24,35,38,35409150,708183,18179550
100000145,2011-06-18,02,06,15,21,34,30028150,600563,23514900
100000146,2011-06-20,09,13,14,19,35,37670550,753411,8957350
100000147,2011-06-21,05,07,13,15,31,33375950,667519,8970350
100000148,2011-06-22,19,23,25,34,39,41159350,823187,25911850
100000149,2011-06-23,04,21,27,36,39,34842900,696858,16787500
100000150,2011-06-24,12,23,25,26,33,35169650,703393,18727550
100000151,2011-06-25,14,22,24,32,38,30320650,606413,34631450
100000152,2011-06-27,04,05,12,15,20,37081050,741621,18825050
100000153,2011-06-28,19,22,28,31,39,32258000,645160,16075700
100000154,2011-06-29,01,02,05,27,35,39146800,782936,26598050
100000155,2011-06-30,02,04,07,14,30,34956950,699139,25234750
100000156,2011-07-01,01,02,10,17,28,35561550,711231,18663800
100000157,2011-07-02,03,12,31,34,36,30492200,609844,17354550
100000158,2011-07-04,01,02,06,17,30,37011700,740234,16884350
100000159,2011-07-05,02,05,21,23,36,34141200,682824,10033450
100000160,2011-07-06,02,09,26,34,36,41653050,833061,10489050
100000161,2011-07-07,03,20,28,35,39,35677900,713558,26274650
100000162,2011-07-08,04,08,15,18,38,36419200,728384,22280250
100000163,2011-07-09,09,21,22,25,30,31686950,633739,31551450
100000164,2011-07-11,01,03,12,14,18,38766200,775324,26183800
100000165,2011-07-12,10,14,17,21,31,33544100,670882,16426250
100000166,2011-07-13,09,14,21,32,36,38977050,779541,9135550
100000167,2011-07-14,08,09,18,24,33,35786250,715725,18198550
100000168,2011-07-15,07,13,14,20,33,34840000,696800,24596450
100000169,2011-07-16,08,27,29,32,36,31533750,630675,7438250
100000170,2011-07-18,02,12,14,29,39,39089900,781798,9418600
100000171,2011-07-19,02,14,32,33,39,34963350,699267,24738650
100000172,2011-07-20,16,17,26,31,39,41164750,823295,8793100
100000173,2011-07-21,14,15,20,27,30,35401850,708037,17127250
100000174,2011-07-22,03,05,10,15,37,36212950,724259,11867150
100000175,2011-07-23,05,20,26,27,31,31828750,636575,23476400
100000176,2011-07-25,05,09,14,18,35,37231100,744622,18387750
100000177,2011-07-26,01,17,32,34,36,33928250,678565,16763400
100000178,2011-07-27,20,21,23,26,33,39753000,795060,9757800
100000179,2011-07-28,04,09,27,30,36,34151450,683029,9423600
100000180,2011-07-29,03,04,16,20,27,35330850,706617,8983200
100000181,2011-07-30,01,06,10,13,17,30731900,614638,8707050
100000182,2011-08-01,01,10,12,19,24,38038000,760760,10527400
100000183,2011-08-02,03,13,22,25,39,34051900,681038,9203050
100000184,2011-08-03,03,04,13,14,39,39703300,794066,10854450
100000185,2011-08-04,09,10,33,37,38,35990550,719811,26405650
100000186,2011-08-05,14,18,22,25,33,36411200,728224,17386250
100000187,2011-08-06,14,19,23,24,28,31945500,638910,17020550
100000188,2011-08-08,13,15,18,37,39,39533500,790670,17947650
100000189,2011-08-09,07,14,22,29,35,34748900,694978,18341350
100000190,2011-08-10,16,17,20,22,26,40327500,806550,10040200
100000191,2011-08-11,09,13,14,19,37,36757100,735142,26888750
100000192,2011-08-12,20,29,34,37,39,36650800,733016,16777500
100000193,2011-08-13,04,06,10,18,28,32424350,648487,18018550
100000194,2011-08-15,16,23,33,36,38,40927450,818549,35465200
100000195,2011-08-16,01,10,18,21,22,34987300,699746,17203950
100000196,2011-08-17,03,14,15,20,28,41184200,823684,12613650
100000197,2011-08-18,07,08,16,19,34,38448450,768969,26444600
100000198,2011-08-19,08,11,13,30,38,37922750,758455,26722650
100000199,2011-08-20,02,07,21,24,31,32466900,649338,9550100
100000200,2011-08-22,09,13,26,27,38,43276450,865529,19706850
100000201,2011-08-23,07,14,15,23,30,36322100,726442,10436250
100000202,2011-08-24,13,16,22,35,39,41762450,835249,12256550
100000203,2011-08-25,02,03,05,22,37,36299600,725992,18678250
100000204,2011-08-26,15,22,28,32,36,38622800,772456,10480650
100000205,2011-08-27,01,02,12,29,35,31281800,625636,10384000
100000206,2011-08-29,04,07,11,21,34,34349000,686980,12338450
100000207,2011-08-30,06,08,10,22,36,35227100,704542,20403200
100000208,2011-08-31,06,17,25,34,37,42079250,841585,27146550
100000209,2011-09-01,12,22,32,37,38,43356850,867137,20702600
100000210,2011-09-02,03,04,10,11,18,47318000,946360,44886700
100000211,2011-09-03,19,22,33,34,37,40689350,813787,20757450
100000212,2011-09-05,02,11,22,28,35,51083150,1021663,25264200
100000213,2011-09-06,25,30,32,33,34,46519850,930397,31903000
100000214,2011-09-07,09,20,23,27,29,52083000,1041660,49390650
100000215,2011-09-08,02,15,17,21,36,48927800,978556,34396750
100000216,2011-09-09,14,18,26,28,36,55098200,1101964,45611100
100000217,2011-09-10,02,03,17,23,35,44372450,887449,21498950
100000218,2011-09-12,12,18,22,24,39,53763550,1075271,35791250
100000219,2011-09-13,01,04,09,10,16,51841300,1036826,47779450
100000220,2011-09-14,13,16,19,23,36,51704050,1034081,34096350
100000221,2011-09-15,05,14,19,30,34,49173900,983478,13122850
100000222,2011-09-16,13,18,23,27,38,43447950,868959,27365850
100000223,2011-09-17,04,15,27,28,38,35218900,704378,34072550
100000224,2011-09-19,05,11,22,28,35,41691700,833834,30270400
100000225,2011-09-20,14,16,32,34,37,41642650,832853,19478300
100000226,2011-09-21,04,05,07,15,16,43347150,866943,18401500
100000227,2011-09-22,01,10,20,29,32,38920150,778403,10319100
100000228,2011-09-23,02,07,15,25,34,40144200,802884,10541050
100000229,2011-09-24,19,20,23,29,39,34053650,681073,8167300
100000230,2011-09-26,04,08,14,29,33,40819050,816381,26789200
100000231,2011-09-27,05,07,14,34,35,35988050,719761,18625450
100000232,2011-09-28,07,13,16,27,28,42435900,848718,12445650
100000233,2011-09-29,06,12,14,15,28,38679950,773599,12777350
100000234,2011-09-30,04,14,21,27,37,38490350,769807,9992550
100000235,2011-10-01,02,09,13,23,27,37415950,748319,20058650
100000236,2011-10-03,15,16,22,31,39,45707300,914146,22478050
100000237,2011-10-04,02,12,18,34,38,44149800,882996,12725400
100000238,2011-10-05,17,22,23,33,36,53051600,1061032,16013100
100000239,2011-10-06,11,14,19,37,38,49379550,987591,24747500
100000240,2011-10-07,09,12,23,30,33,50978650,1019573,33822700
100000241,2011-10-08,07,10,19,27,33,42742400,854848,21140550
100000242,2011-10-10,02,18,20,33,34,70533650,1410673,27823300
100000243,2011-10-11,09,15,20,25,29,46765850,935317,23621700
100000244,2011-10-12,04,14,33,34,37,51738750,1034775,48246650
100000245,2011-10-13,06,19,31,35,39,48130650,962613,12203800
100000246,2011-10-14,01,17,24,33,34,44837300,896746,32134400
100000247,2011-10-15,11,17,22,26,31,43944750,878895,11082400
100000248,2011-10-17,11,30,33,38,39,46418850,928377,27980300
100000249,2011-10-18,01,13,18,23,26,38612500,772250,18132300
100000250,2011-10-19,15,16,21,23,29,44386400,887728,27888300
100000251,2011-10-20,14,22,23,34,39,40519150,810383,30595450
100000252,2011-10-21,20,21,24,33,37,40447000,808940,27297800
100000253,2011-10-22,02,12,24,35,39,35591350,711827,34845350
100000254,2011-10-24,05,21,27,31,34,45111850,902237,11137450
100000255,2011-10-25,06,11,28,35,39,36826900,736538,10755100
100000256,2011-10-26,01,11,13,22,36,45297450,905949,13082200
100000257,2011-10-27,02,16,24,32,35,39365800,787316,26536150
100000258,2011-10-28,02,11,16,20,27,39936850,798737,8980500
100000259,2011-10-29,03,14,16,25,37,34744300,694886,19952450
100000260,2011-10-31,03,12,16,27,38,42036800,840736,34953750
100000261,2011-11-01,07,08,26,34,37,35424600,708492,18643800
100000262,2011-11-02,10,15,16,23,38,43592600,871852,20040000
100000263,2011-11-03,08,19,21,36,39,37785400,755708,10088950
100000264,2011-11-04,02,21,33,37,38,39837450,796749,10857950
100000265,2011-11-05,02,05,07,18,34,35833400,716668,17957000
100000266,2011-11-07,07,16,34,37,39,37869100,757382,19137850
100000267,2011-11-08,13,16,18,21,27,37585750,751715,9735200
100000268,2011-11-09,12,20,23,27,28,37942150,758843,27924300
100000269,2011-11-10,01,07,08,27,28,35492350,709847,25291050
100000270,2011-11-11,04,11,19,22,33,42202350,844047,43777150
100000271,2011-11-12,14,21,24,33,35,37871700,757434,19340950
100000272,2011-11-14,03,05,10,14,30,44681350,893627,37187500
100000273,2011-11-15,04,08,09,21,38,40331150,806623,18873600
100000274,2011-11-16,12,27,28,29,32,45918350,918367,22016750
100000275,2011-11-17,05,11,19,20,36,39082950,781659,18956450
100000276,2011-11-18,10,26,28,34,37,41536700,830734,36238500
100000277,2011-11-19,05,06,08,09,16,33507650,670153,11476200
100000278,2011-11-21,03,04,09,23,25,44673350,893467,28190350
100000279,2011-11-22,02,04,10,14,21,39392950,787859,26988250
100000280,2011-11-23,02,16,18,28,36,44401550,888031,11942850
100000281,2011-11-24,07,09,20,26,34,39483250,789665,11309250
100000282,2011-11-25,06,09,12,19,30,41174000,823480,19466700
100000283,2011-11-26,12,16,18,22,25,35171900,703438,24931800
100000284,2011-11-28,05,09,15,27,30,42780650,855613,12537800
100000285,2011-11-29,03,07,12,19,37,37642950,752859,18874500
100000286,2011-11-30,05,12,21,22,24,44457900,889158,35582950
100000287,2011-12-01,06,10,13,15,20,37378650,747573,18086100
100000288,2011-12-02,01,12,18,24,37,37656400,753128,26070050
100000289,2011-12-03,05,13,14,32,33,34598100,691962,33685350
100000290,2011-12-05,06,15,26,31,38,38602500,772050,19252200
100000291,2011-12-06,18,19,28,35,38,38980850,779617,10166450
100000292,2011-12-07,12,13,15,29,34,45785250,915705,36682300
100000293,2011-12-08,04,05,19,23,34,38136150,762723,10019100
100000294,2011-12-09,15,24,27,33,35,37984500,759690,19154600
100000295,2011-12-10,08,19,31,35,37,34498800,689976,8612500
100000296,2011-12-12,05,06,07,16,22,41166550,823331,19147050
100000297,2011-12-13,12,13,27,28,32,37396550,747931,36033800
100000298,2011-12-14,05,06,18,20,30,42442550,848851,11780850
100000299,2011-12-15,05,07,22,26,31,38153450,763069,9154250
100000300,2011-12-16,06,13,27,28,29,39596600,791932,31453900
100000301,2011-12-17,01,07,17,20,35,36700850,734017,25234750
100000302,2011-12-19,07,08,17,28,34,42257700,845154,27647000
100000303,2011-12-20,02,05,07,15,17,39369300,787386,26651800
100000304,2011-12-21,02,07,17,25,32,43207550,864151,18906450
100000305,2011-12-22,03,10,19,23,33,36740100,734802,11294550
100000306,2011-12-23,01,10,23,27,32,40844900,816898,10026250
100000307,2011-12-24,23,24,29,35,38,34961500,699230,15925450
100000308,2011-12-26,07,22,27,30,33,41660350,833207,10977650
100000309,2011-12-27,02,04,05,19,36,40060550,801211,18950400
100000310,2011-12-28,03,04,20,24,28,44241050,884821,28367700
100000311,2011-12-29,03,13,16,21,30,40054150,801083,25902350
100000312,2011-12-30,05,15,17,28,38,42596450,851929,37394550
100000313,2011-12-31,08,18,19,26,30,39538450,790769,26816200
101000001,2012-01-02,16,30,31,32,35,45814950,916299,10450600
101000002,2012-01-03,01,14,25,29,36,42687600,853752,13294450
101000003,2012-01-04,03,09,16,25,31,41380100,827602,26102650
101000004,2012-01-05,10,17,21,34,39,38029850,760597,35417200
101000005,2012-01-06,07,08,15,25,29,42820800,856416,20030450
101000006,2012-01-07,03,13,16,24,27,38254150,765083,18586450
101000007,2012-01-09,02,04,10,14,35,48319500,966390,22313000
101000008,2012-01-10,02,05,21,33,39,41394100,827882,19014300
101000009,2012-01-11,06,19,29,38,39,47545050,950901,19501850
101000010,2012-01-12,02,10,13,26,38,43014250,860285,18141250
101000011,2012-01-13,01,04,17,31,35,42814550,856291,27257300
101000012,2012-01-14,09,17,32,34,38,38084350,761687,8960700
101000013,2012-01-16,03,09,18,28,29,49215500,984310,13989350
101000014,2012-01-17,04,17,22,33,37,40937700,818754,36753500
101000015,2012-01-18,04,05,22,27,31,48979600,979592,28499750
101000016,2012-01-19,04,05,13,19,29,48789200,975784,20966350
101000017,2012-01-20,18,23,28,29,30,52260650,1045213,29899650
101000018,2012-01-21,06,17,18,33,38,50681550,1013631,21739300
101000019,2012-01-23,02,07,18,28,29,53375700,1067514,15534950
101000020,2012-01-24,17,20,22,26,37,53496400,1069928,31116550
101000021,2012-01-25,09,26,30,35,39,53092450,1061849,21208600
101000022,2012-01-26,08,10,18,26,36,47206800,944136,29002700
101000023,2012-01-27,09,16,22,31,37,53470300,1069406,30661400
101000024,2012-01-28,02,13,20,22,34,50415900,1008318,37942100
101000025,2012-01-30,08,21,32,33,38,52607100,1052142,23509800
101000026,2012-01-31,12,23,26,31,34,45317950,906359,37846850
101000027,2012-02-01,04,08,12,32,36,51334500,1026690,37203950
101000028,2012-02-02,07,16,21,29,30,41688650,833773,18965000
101000029,2012-02-03,07,08,23,33,39,42257350,845147,10782500
101000030,2012-02-04,12,14,28,32,37,44081000,881620,21398350
101000031,2012-02-06,01,25,26,30,37,48905700,978114,11066450
101000032,2012-02-07,06,10,24,28,36,40292550,805851,29623000
101000033,2012-02-08,03,08,26,32,39,41109600,822192,26810500
101000034,2012-02-09,07,14,16,17,38,39601250,792025,18627750
101000035,2012-02-10,07,08,15,17,37,45790100,915802,32677050
101000036,2012-02-11,01,04,09,15,29,40811100,816222,18984750
101000037,2012-02-13,02,06,07,20,26,45556950,911139,20141650
101000038,2012-02-14,03,04,20,21,22,46082250,921645,36473800
101000039,2012-02-15,02,08,12,16,33,45488300,909766,22899700
101000040,2012-02-16,06,07,13,15,21,40711100,814222,26930500
101000041,2012-02-17,13,17,32,36,39,50282950,1005659,20142900
101000042,2012-02-18,09,16,21,37,39,39380400,787608,18181150
101000043,2012-02-20,07,25,27,28,35,49161950,983239,38772850
101000044,2012-02-21,08,10,22,26,27,41934100,838682,20146800
101000045,2012-02-22,03,23,25,30,32,50750200,1015004,31047350
101000046,2012-02-23,05,12,16,33,35,41675300,833506,21750500
101000047,2012-02-24,09,24,34,37,38,43114250,862285,23043250
101000048,2012-02-25,22,26,31,35,37,36770450,735409,16880200
101000049,2012-02-27,02,12,18,26,37,41467400,829348,19034300
101000050,2012-02-28,15,20,26,35,38,34537350,690747,23914550
101000051,2012-02-29,06,14,29,30,35,47392900,947858,20417000
101000052,2012-03-01,05,09,10,13,15,41356450,827129,37185900
101000053,2012-03-02,03,10,20,27,38,41683950,833679,10504950
101000054,2012-03-03,01,13,23,25,36,41396350,827927,20062500
101000055,2012-03-05,08,11,15,27,36,45072350,901447,36536150
101000056,2012-03-06,13,18,20,22,23,41743200,834864,26592750
101000057,2012-03-07,03,04,15,19,20,47948250,958965,36608500
101000058,2012-03-08,03,04,09,21,34,41079400,821588,26829650
101000059,2012-03-09,16,22,27,30,36,42145600,842912,10023850
101000060,2012-03-10,10,29,32,34,36,38257200,765144,8887100
101000061,2012-03-12,04,24,29,32,35,41986900,839738,17591950
101000062,2012-03-13,15,16,27,29,38,39828350,796567,18429050
101000063,2012-03-14,06,07,08,10,12,45190850,903817,40929400
101000064,2012-03-15,15,24,25,29,30,41071950,821439,18945700
101000065,2012-03-16,10,20,23,30,36,42683350,853667,19752150
101000066,2012-03-17,12,15,18,23,36,37079450,741589,26582100
101000067,2012-03-19,05,10,26,29,35,43139150,862783,28345250
101000068,2012-03-20,06,10,13,17,25,40941000,818820,26854450
101000069,2012-03-21,22,26,27,32,35,45652400,913048,19377700
101000070,2012-03-22,09,12,13,19,24,40388000,807760,10378300
101000071,2012-03-23,02,03,08,19,30,40684250,813685,26602000
101000072,2012-03-24,08,27,31,32,39,34530800,690616,16089850
101000073,2012-03-26,12,15,24,32,37,42537150,850743,18564950
101000074,2012-03-27,14,15,17,30,32,37941050,758821,16180000
101000075,2012-03-28,12,20,22,31,36,44154300,883086,11071850
101000076,2012-03-29,01,13,18,23,39,38823150,776463,11113250
101000077,2012-03-30,01,02,03,09,38,40282200,805644,11934200
101000078,2012-03-31,08,09,15,21,36,35023600,700472,18443250
101000079,2012-04-02,03,05,13,27,32,41981750,839635,27488700
101000080,2012-04-03,18,19,21,27,30,37410900,748218,15996650
101000081,2012-04-04,11,24,28,37,39,37207500,744150,28167450
101000082,2012-04-05,01,08,09,15,32,36753000,735060,18446500
101000083,2012-04-06,17,21,22,29,36,39682550,793651,18547100
101000084,2012-04-07,04,18,24,29,32,37350000,747000,17423500
101000085,2012-04-09,02,09,13,15,25,40645750,812915,27921200
101000086,2012-04-10,05,17,19,27,33,38710400,774208,27642850
101000087,2012-04-11,04,16,19,22,32,43325000,866500,18563650
101000088,2012-04-12,04,06,13,36,37,37634250,752685,8954900
101000089,2012-04-13,01,15,29,37,38,38721650,774433,17653000
101000090,2012-04-14,03,17,27,28,36,34491150,689823,10688250
101000091,2012-04-16,03,11,13,19,21,38264100,765282,17321150
101000092,2012-04-17,03,09,10,28,33,35607400,712148,17584100
101000093,2012-04-18,24,29,30,33,38,40413300,808266,17486700
101000094,2012-04-19,04,14,19,25,30,37257050,745141,35146700
101000095,2012-04-20,02,11,18,31,33,37775400,755508,9517550
101000096,2012-04-21,02,04,05,13,32,35447550,708951,9692700
101000097,2012-04-23,03,20,25,34,36,39730050,794601,26573050
101000098,2012-04-24,06,11,22,24,30,35263950,705279,33897350
101000099,2012-04-25,13,14,21,31,33,38986300,779726,26745200
101000100,2012-04-26,01,02,08,11,14,33743850,674877,16652550
101000101,2012-04-27,08,15,17,26,32,35682750,713655,20868300
101000102,2012-04-28,04,17,21,29,35,33752150,675043,16947150
101000103,2012-04-30,04,08,09,13,32,39802900,796058,36111550
101000104,2012-05-01,02,04,13,17,29,34264300,685286,17954700
101000105,2012-05-02,03,07,22,24,39,39080050,781601,11268450
101000106,2012-05-03,05,14,25,28,36,35941800,718836,31618200
101000107,2012-05-04,04,08,19,31,38,36946850,738937,18156750
101000108,2012-05-05,08,13,20,27,37,35047400,700948,18530800
101000109,2012-05-07,17,20,22,24,37,40938700,818774,10059900
101000110,2012-05-08,07,16,22,28,31,36050850,721017,8793250
101000111,2012-05-09,14,17,23,25,33,40653500,813070,27949250
101000112,2012-05-10,03,05,06,17,30,35593450,711869,33702550
101000113,2012-05-11,06,18,20,25,38,38413600,768272,16978550
101000114,2012-05-12,04,16,21,34,38,34369450,687389,16266900
101000115,2012-05-14,15,21,24,32,34,38462800,769256,8691600
101000116,2012-05-15,08,14,27,29,34,35076700,701534,9664900
101000117,2012-05-16,03,08,16,20,35,39510850,790217,25618150
101000118,2012-05-17,13,14,21,38,39,32664300,653286,24037900
101000119,2012-05-18,04,11,12,34,38,35387200,707744,17517750
101000120,2012-05-19,12,14,18,28,31,32681050,653621,7852650
101000121,2012-05-21,06,13,19,22,23,39149000,782980,11221900
101000122,2012-05-22,07,09,18,19,37,34873150,697463,25745500
101000123,2012-05-23,06,07,10,37,39,39788900,795778,17619800
101000124,2012-05-24,09,23,24,36,39,34508800,690176,17076450
101000125,2012-05-25,06,10,16,25,32,36252850,725057,18558450
101000126,2012-05-26,14,20,25,29,38,32009350,640187,8012550
101000127,2012-05-28,01,04,05,10,32,36487050,729741,18786400
101000128,2012-05-29,05,07,14,25,33,33183850,663677,25051600
101000129,2012-05-30,05,07,10,20,39,39543000,790860,18660600
101000130,2012-05-31,14,18,23,31,39,34355350,687107,8479400
101000131,2012-06-01,01,11,28,36,38,36334450,726689,34037900
101000132,2012-06-02,01,06,14,16,18,32122500,642450,7949400
101000133,2012-06-04,09,13,17,19,34,37364300,747286,12090000
101000134,2012-06-05,13,18,21,23,35,35670900,713418,16651800
101000135,2012-06-06,01,11,13,25,29,41091650,821833,18348500
101000136,2012-06-07,03,33,34,37,39,34855200,697104,10066750
101000137,2012-06-08,02,03,10,21,27,35739950,714799,25973800
101000138,2012-06-09,02,15,19,23,24,32295250,645905,8911350
101000139,2012-06-11,08,30,34,37,38,38029400,760588,10169050
101000140,2012-06-12,05,13,24,31,35,29785950,595719,8929850
101000141,2012-06-13,01,05,09,17,25,40323350,806467,11928650
101000142,2012-06-14,04,17,28,31,33,32491700,649834,32638000
101000143,2012-06-15,03,04,10,31,38,34972100,699442,8326500
101000144,2012-06-16,07,09,23,32,38,31795600,635912,25713450
101000145,2012-06-18,09,12,14,18,26,43389700,867794,24770100
101000146,2012-06-19,05,08,27,29,30,39717450,794349,13482350
101000147,2012-06-20,05,07,16,23,37,37822800,756456,40769900
101000148,2012-06-21,05,06,10,36,38,39735350,794707,41431100
101000149,2012-06-22,04,08,11,12,16,49416400,988328,35216150
101000150,2012-06-23,01,07,16,25,32,40276500,805530,21101900
101000151,2012-06-25,04,21,28,33,37,44731550,894631,12594150
101000152,2012-06-26,09,10,27,35,39,40249750,804995,21392050
101000153,2012-06-27,01,02,06,21,37,44295200,885904,20359750
101000154,2012-06-28,04,10,25,26,27,39165400,783308,9897650
101000155,2012-06-29,03,16,20,25,37,40684050,813681,41037450
101000156,2012-06-30,03,05,07,27,38,35493100,709862,11964150
101000157,2012-07-02,02,06,10,13,27,43005400,860108,43140300
101000158,2012-07-03,08,09,16,26,30,37882400,757648,31142300
101000159,2012-07-04,05,19,24,28,35,42173950,843479,23934200
101000160,2012-07-05,04,21,26,36,39,40543600,810872,10623150
101000161,2012-07-06,05,24,25,29,36,41355300,827106,10733350
101000162,2012-07-07,01,17,30,34,35,36523950,730479,19260000
101000163,2012-07-09,03,04,13,15,26,43654350,873087,43090100
101000164,2012-07-10,08,10,12,17,34,40006900,800138,21307450
101000165,2012-07-11,06,15,18,34,37,43583050,871661,20742000
101000166,2012-07-12,03,05,12,21,33,42011950,840239,32696600
101000167,2012-07-13,13,15,17,19,21,42101500,842030,40975850
101000168,2012-07-14,05,11,23,32,38,37789900,755798,35132550
101000169,2012-07-16,07,31,33,36,37,43408050,868161,20496750
101000170,2012-07-17,01,11,13,22,37,39184750,783695,18466500
101000171,2012-07-18,04,08,26,28,35,42560650,851213,39852300
101000172,2012-07-19,06,09,14,18,35,40112650,802253,36816400
101000173,2012-07-20,11,22,27,29,31,41759450,835189,19680000
101000174,2012-07-21,05,10,12,30,33,33769300,675386,37560800
101000175,2012-07-23,01,06,16,22,38,46917300,938346,11860250
101000176,2012-07-24,05,07,11,13,29,41822100,836442,21302950
101000177,2012-07-25,22,24,27,34,37,42084700,841694,19174150
101000178,2012-07-26,07,09,14,19,23,44738150,894763,13868500
101000179,2012-07-27,09,14,24,36,37,38981850,779637,25074350
101000180,2012-07-28,15,30,31,32,38,34967700,699354,17803600
101000181,2012-07-30,04,17,23,25,37,51868850,1037377,39582150
101000182,2012-07-31,01,13,16,36,37,34794950,695899,8515600
101000183,2012-08-01,08,10,29,33,36,39579350,791587,10962150
101000184,2012-08-02,01,19,34,35,37,25544200,510884,5856050
101000185,2012-08-03,02,18,21,22,28,39199850,783997,23474900
101000186,2012-08-04,01,05,10,13,22,36976450,739529,18130000
101000187,2012-08-06,07,18,29,30,33,42766550,855331,27100800
101000188,2012-08-07,05,09,11,29,32,36934550,738691,10682650
101000189,2012-08-08,11,12,18,33,39,45890600,917812,19387200
101000190,2012-08-09,02,14,32,34,38,36876350,737527,9052550
101000191,2012-08-10,01,05,18,23,28,39260900,785218,19484800
101000192,2012-08-11,15,25,27,28,34,35347050,706941,16522600
101000193,2012-08-13,04,17,28,32,39,41247200,824944,34579150
101000194,2012-08-14,15,18,19,29,37,36110700,722214,9507700
101000195,2012-08-15,04,07,15,19,25,42685750,853715,19315400
101000196,2012-08-16,04,18,21,24,32,36749700,734994,8428650
101000197,2012-08-17,19,20,24,33,38,35975500,719510,7985900
101000198,2012-08-18,04,17,19,20,26,34249500,684990,23870900
101000199,2012-08-20,15,26,32,37,39,39132000,782640,17964800
101000200,2012-08-21,05,18,22,24,29,35592400,711848,20154750
101000201,2012-08-22,01,07,12,25,26,40764200,815284,28668450
101000202,2012-08-23,06,19,21,34,36,35646300,712926,17753050
101000203,2012-08-24,13,19,23,31,39,34175250,683505,8670200
101000204,2012-08-25,11,20,21,29,32,33663200,673264,25361250
101000205,2012-08-27,02,06,14,15,17,38055050,761101,18178200
101000206,2012-08-28,11,14,18,22,29,33735650,674713,8785600
101000207,2012-08-29,02,08,16,37,39,39943300,798866,26703800
101000208,2012-08-30,14,18,32,37,38,33149850,662997,17005200
101000209,2012-08-31,11,23,29,34,37,35464100,709282,17665800
101000210,2012-09-01,16,17,30,32,33,32594350,651887,15526650
101000211,2012-09-03,02,23,27,31,39,37872700,757454,33238250
101000212,2012-09-04,05,18,21,24,25,35631550,712631,10896100
101000213,2012-09-05,05,07,12,18,31,40318700,806374,18852200
101000214,2012-09-06,02,03,21,36,37,34950350,699007,8422650
101000215,2012-09-07,02,03,04,06,25,37753400,755068,10125900
101000216,2012-09-08,07,10,21,25,33,33858250,677165,8633000
101000217,2012-09-10,07,17,26,33,37,38988100,779762,18200750
101000218,2012-09-11,15,17,29,31,37,36007000,720140,17435000
101000219,2012-09-12,01,07,11,19,25,41337350,826747,28963150
101000220,2012-09-13,04,07,20,23,35,35958250,719165,10103350
101000221,2012-09-14,01,13,16,30,39,34942000,698840,16567550
101000222,2012-09-15,04,16,21,31,37,32874350,657487,8233400
101000223,2012-09-17,08,22,28,35,39,39508600,790172,20485700
101000224,2012-09-18,01,04,06,12,26,35160150,703203,34338800
101000225,2012-09-19,02,04,09,10,32,38497500,769950,11381000
101000226,2012-09-20,08,13,18,30,35,36886000,737720,9786850
101000227,2012-09-21,13,15,23,25,36,36793200,735864,18601200
101000228,2012-09-22,01,16,22,24,28,32857650,657153,17436050
101000229,2012-09-24,01,14,15,30,37,43211850,864237,10238050
101000230,2012-09-25,14,16,19,22,29,43719100,874382,41196700
101000231,2012-09-26,02,19,23,32,36,47461000,949220,32717000
101000232,2012-09-27,05,21,26,31,32,41937450,838749,19867200
101000233,2012-09-28,21,25,33,35,37,46605000,932100,23139300
101000234,2012-09-29,07,18,20,29,32,41918000,838360,11472500
101000235,2012-10-01,17,27,32,33,38,45127950,902559,22606050
101000236,2012-10-02,02,03,14,28,32,44799450,895989,12546000
101000237,2012-10-03,02,03,12,14,24,43797600,875952,12468250
101000238,2012-10-04,08,16,24,30,32,40909850,818197,30681700
101000239,2012-10-05,05,08,13,27,34,46910100,938202,46173800
101000240,2012-10-06,17,19,20,23,37,40847800,816956,32068050
101000241,2012-10-08,06,11,13,23,34,40874600,817492,34327550
101000242,2012-10-09,10,11,23,26,37,45223700,904474,29039600
101000243,2012-10-10,13,17,19,27,36,38046050,760921,17868000
101000244,2012-10-11,17,27,32,36,38,37958100,759162,24901200
101000245,2012-10-12,12,19,23,25,31,39532300,790646,19156950
101000246,2012-10-13,01,05,14,17,22,35755200,715104,9604650
101000247,2012-10-15,04,14,15,19,23,41161100,823222,29871950
101000248,2012-10-16,02,15,20,32,39,37276750,745535,17821900
101000249,2012-10-17,09,14,20,22,35,41787700,835754,26171800
101000250,2012-10-18,02,17,28,31,36,36837350,736747,26015650
101000251,2012-10-19,02,08,25,27,32,38402850,768057,18201800
101000252,2012-10-20,16,21,23,35,36,34996000,699920,8935000
101000253,2012-10-22,17,25,26,27,35,40304300,806086,17783850
101000254,2012-10-23,07,09,15,21,30,35614800,712296,18324900
101000255,2012-10-24,05,12,18,27,32,41106550,822131,30722950
101000256,2012-10-25,01,03,10,14,38,37177500,743550,37862850
101000257,2012-10-26,01,06,14,15,34,37757050,755141,8307100
101000258,2012-10-27,14,18,19,23,32,33698450,673969,12774700
101000259,2012-10-29,10,15,18,20,22,39437700,788754,10083950
101000260,2012-10-30,13,20,30,32,35,33609450,672189,7657450
101000261,2012-10-31,11,26,28,34,35,38113850,762277,25187550
101000262,2012-11-01,16,22,30,32,34,36147950,722959,16270050
101000263,2012-11-02,04,15,17,30,31,37116450,742329,33235950
101000264,2012-11-03,04,06,11,16,22,34215100,684302,8603750
101000265,2012-11-05,05,07,23,29,39,40349100,806982,23699150
101000266,2012-11-06,07,16,24,28,35,36420250,728405,26144600
101000267,2012-11-07,04,05,14,28,32,41862650,837253,20273550
101000268,2012-11-08,01,04,05,22,32,37619050,752381,17699950
101000269,2012-11-09,07,08,17,31,33,38274800,765496,11722000
101000270,2012-11-10,02,06,17,28,33,35753300,715066,33386200
101000271,2012-11-12,01,13,17,26,38,40476900,809538,25947350
101000272,2012-11-13,01,10,22,25,29,35356050,707121,17267400
101000273,2012-11-14,03,14,15,23,36,41635800,832716,24387300
101000274,2012-11-15,09,31,34,35,37,37559000,751180,36909300
101000275,2012-11-16,04,12,21,22,31,37188500,743770,18445150
101000276,2012-11-17,04,09,15,27,36,29549200,590984,16180000
101000277,2012-11-19,01,03,06,22,30,42062450,841249,18341800
101000278,2012-11-20,06,11,18,24,36,35389400,707788,26065300
101000279,2012-11-21,12,17,25,32,39,39899950,797999,21151100
101000280,2012-11-22,01,07,08,22,39,36575850,731517,9412100
101000281,2012-11-23,12,16,22,28,31,34527700,690554,8917700
101000282,2012-11-24,03,09,11,13,26,33595900,671918,26588050
101000283,2012-11-26,05,08,17,26,35,40393050,807861,36797800
101000284,2012-11-27,12,18,22,26,27,32832100,656642,16842600
101000285,2012-11-28,08,09,26,36,38,38215800,764316,33310050
101000286,2012-11-29,06,16,30,31,38,41020500,820410,9426200
101000287,2012-11-30,06,11,27,28,37,33251600,665032,25717200
101000288,2012-12-01,02,13,22,33,38,31952250,639045,32909450
101000289,2012-12-03,03,26,27,34,37,49263350,985267,29193150
101000290,2012-12-04,05,16,19,23,39,34830650,696613,35110700
101000291,2012-12-05,01,02,05,12,19,38507350,770147,27477750
101000292,2012-12-06,12,17,26,33,37,51608400,1032168,14244700
101000293,2012-12-07,08,13,18,30,31,40004100,800082,18873700
101000294,2012-12-08,06,13,18,31,35,32861750,657235,7707350
101000295,2012-12-10,20,26,34,35,37,42813900,856278,18094950
101000296,2012-12-11,02,13,14,23,29,37023900,740478,10097000
101000297,2012-12-12,02,16,18,24,34,46660450,933209,18333800
101000298,2012-12-13,02,13,19,24,32,39605050,792101,16823600
101000299,2012-12-14,01,10,15,35,36,39790200,795804,20397050
101000300,2012-12-15,11,22,24,27,31,37192150,743843,25822200
101000301,2012-12-17,03,04,25,31,36,41993400,839868,10738500
101000302,2012-12-18,01,02,08,28,35,33814100,676282,9078950
101000303,2012-12-19,13,18,22,29,37,43259450,865189,22759000
101000304,2012-12-20,04,12,17,27,38,38727950,774559,38103900
101000305,2012-12-21,08,18,32,34,37,40258950,805179,18765900
101000306,2012-12-22,03,05,12,29,31,39677750,793555,19139750
101000307,2012-12-24,09,15,20,31,35,40490000,809800,26953600
101000308,2012-12-25,13,19,20,30,32,37316750,746335,18608250
101000309,2012-12-26,08,22,24,27,31,43754050,875081,12578100
101000310,2012-12-27,03,17,24,25,30,38702850,774057,17636700
101000311,2012-12-28,17,26,28,30,38,39399050,787981,17571600
101000312,2012-12-29,08,18,20,28,36,36943150,738863,17950250
101000313,2012-12-31,02,05,15,16,31,37395650,747913,19164350
102000001,2013-01-01,01,16,22,26,33,31344550,626891,24872400
102000002,2013-01-02,01,05,16,29,35,44022350,880447,10183000
102000003,2013-01-03,06,13,20,27,29,35060550,701211,10593300
102000004,2013-01-04,14,16,17,25,33,39825950,796519,17458650
102000005,2013-01-05,02,07,21,26,34,40184450,803689,14816650
102000006,2013-01-07,11,21,31,36,39,44427200,888544,36097000
102000007,2013-01-08,01,03,20,22,31,36288200,725764,25791700
102000008,2013-01-09,17,18,22,31,33,43195950,863919,26747750
102000009,2013-01-10,03,06,21,27,35,39497900,789958,9878050
102000010,2013-01-11,18,24,31,35,39,40937400,818748,33415750
102000011,2013-01-12,02,10,16,25,32,37607250,752145,19149000
102000012,2013-01-14,04,05,06,10,39,42181950,843639,26666550
102000013,2013-01-15,05,12,13,16,24,39798250,795965,18906300
102000014,2013-01-16,01,06,16,17,29,46443350,928867,28531850
102000015,2013-01-17,10,13,21,33,38,38705650,774113,9338600
102000016,2013-01-18,03,19,29,34,37,40006350,800127,20425600
102000017,2013-01-19,03,19,26,33,38,38782300,775646,16711200
102000018,2013-01-21,08,14,17,21,29,43408350,868167,27743050
102000019,2013-01-22,17,20,25,32,39,38051500,761030,33169400
102000020,2013-01-23,05,10,18,24,34,44307150,886143,29034300
102000021,2013-01-24,11,18,27,35,39,38839850,776797,17514650
102000022,2013-01-25,15,16,25,32,37,39721300,794426,20188000
102000023,2013-01-26,04,16,25,30,31,38357650,767153,17605950
102000024,2013-01-28,04,06,09,22,33,42221050,844421,21853300
102000025,2013-01-29,06,13,26,28,34,37696500,753930,12249350
102000026,2013-01-30,06,09,28,38,39,45761900,915238,11470850
102000027,2013-01-31,02,06,10,22,26,39751900,795038,35386450
102000028,2013-02-01,10,14,23,31,39,41663400,833268,18151250
102000029,2013-02-02,05,06,11,20,27,41070450,821409,28547750
102000030,2013-02-04,02,30,33,34,37,44908750,898175,11361250
102000031,2013-02-05,17,21,33,36,38,40786600,815732,19230000
102000032,2013-02-06,13,14,19,21,34,49303950,986079,27613250
102000033,2013-02-07,09,10,21,31,34,42913600,858272,9879750
102000034,2013-02-08,07,08,09,12,36,46250600,925012,32983200
102000035,2013-02-09,01,17,20,25,37,44998500,899970,19979150
102000036,2013-02-11,08,09,34,38,39,49013100,980262,29412450
102000037,2013-02-12,04,06,11,22,35,44398850,887977,40034400
102000038,2013-02-13,01,11,27,28,33,58122000,1162440,31486950
102000039,2013-02-14,12,16,19,28,35,46918850,938377,35887800
102000040,2013-02-15,10,18,19,34,36,50428700,1008574,12635050
102000041,2013-02-16,04,15,25,34,39,50005100,1000102,20781350
102000042,2013-02-18,07,11,15,20,25,50784400,1015688,21221600
102000043,2013-02-19,04,19,20,26,39,45173100,903462,18747000
102000044,2013-02-20,03,04,10,20,24,53174750,1063495,30726800
102000045,2013-02-21,06,15,16,30,39,44807250,896145,10712550
102000046,2013-02-22,02,23,24,27,38,44880900,897618,28801750
102000047,2013-02-23,04,21,26,30,37,47435700,948714,20589200
102000048,2013-02-25,04,05,07,08,27,48822500,976450,38806650
102000049,2013-02-26,18,26,29,36,38,41912350,838247,18838200
102000050,2013-02-27,01,08,16,30,37,47409450,948189,13350050
102000051,2013-02-28,11,17,27,29,35,39815450,796309,10680100
102000052,2013-03-01,01,03,09,17,19,41976250,839525,28062550
102000053,2013-03-02,04,08,09,15,30,39666400,793328,27329100
102000054,2013-03-04,15,18,23,29,32,44281050,885621,28278200
102000055,2013-03-05,10,24,35,37,39,40515600,810312,10308450
102000056,2013-03-06,04,19,26,36,39,47737950,954759,20158900
102000057,2013-03-07,02,05,07,29,32,40748250,814965,19442150
102000058,2013-03-08,14,15,26,28,39,40465750,809315,18111050
102000059,2013-03-09,07,14,22,34,38,38338100,766762,26991050
102000060,2013-03-11,02,06,21,27,33,43840200,876804,40213000
102000061,2013-03-12,03,14,20,31,33,39612300,792246,10714900
102000062,2013-03-13,01,05,32,34,39,47223050,944461,35445400
102000063,2013-03-14,09,14,17,35,36,39221750,784435,27005850
102000064,2013-03-15,06,09,15,28,39,40180700,803614,19796300
102000065,2013-03-16,19,21,24,35,37,38492750,769855,17500750
102000066,2013-03-18,02,03,23,30,36,42582300,851646,12141050
102000067,2013-03-19,03,08,18,19,29,37529600,750592,20541000
102000068,2013-03-20,02,09,21,23,37,43361950,867239,11835400
102000069,2013-03-21,08,13,22,28,34,37969800,759396,35542250
102000070,2013-03-22,05,13,21,31,32,38992550,779851,18475650
102000071,2013-03-23,06,09,15,38,39,36625700,732514,36307650
102000072,2013-03-25,10,11,17,19,38,41238200,824764,26998700
102000073,2013-03-26,02,14,21,26,36,35987400,719748,18329600
102000074,2013-03-27,12,19,26,27,31,43157050,863141,11229600
102000075,2013-03-28,10,12,28,34,35,35874950,717499,33260350
102000076,2013-03-29,11,21,30,32,39,37371450,747429,17172050
102000077,2013-03-30,06,08,10,14,39,36098600,721972,8391700
102000078,2013-04-01,02,03,12,25,31,41941800,838836,36891500
102000079,2013-04-02,06,08,25,26,27,36106950,722139,17486150
102000080,2013-04-03,11,14,16,21,33,43697000,873940,18381950
102000081,2013-04-04,02,03,14,19,22,32829650,656593,16598000
102000082,2013-04-05,01,03,27,31,32,31397950,627959,15928800
102000083,2013-04-06,11,14,16,30,37,35034100,700682,8315000
102000084,2013-04-08,02,14,17,27,31,45411500,908230,21976800
102000085,2013-04-09,06,18,30,35,36,34461700,689234,8761850
102000086,2013-04-10,02,05,15,18,20,44458700,889174,36116700
102000087,2013-04-11,12,15,16,20,31,37877700,757554,8623450
102000088,2013-04-12,01,09,11,18,34,37203700,744074,9850150
102000089,2013-04-13,02,10,16,27,31,37489300,749786,36168650
102000090,2013-04-15,01,12,17,25,28,48454500,969090,30305700
102000091,2013-04-16,09,11,31,36,37,36559000,731180,17066450
102000092,2013-04-17,03,04,18,25,37,42314750,846295,19493550
102000093,2013-04-18,14,17,20,32,39,42829050,856581,26850500
102000094,2013-04-19,07,10,21,28,37,38064600,761292,34797997
102000095,2013-04-20,03,05,06,13,31,35368100,707362,34081900
102000096,2013-04-22,01,03,10,21,34,50254950,1005099,29353150
102000097,2013-04-23,24,31,35,37,38,36591450,731829,17091100
102000098,2013-04-24,09,23,28,31,37,43820200,876404,18988450
102000099,2013-04-25,04,09,19,25,34,34865900,697318,9339850
102000100,2013-04-26,04,11,20,28,35,37934650,758693,18386900
102000101,2013-04-27,08,14,26,36,38,34985550,699711,28044900
102000102,2013-04-29,06,08,18,25,37,40915350,818307,29875750
102000103,2013-04-30,02,03,04,15,16,37111400,742228,19969750
102000104,2013-05-01,03,15,16,34,37,40230550,804611,18907500
102000105,2013-05-02,06,10,12,18,34,37047650,740953,27342600
102000106,2013-05-03,11,13,16,21,34,38538750,770775,9186950
102000107,2013-05-04,06,14,22,25,33,37083350,741667,12049150
102000108,2013-05-06,05,25,31,36,37,40908050,818161,27839150
102000109,2013-05-07,06,20,22,33,38,37178350,743567,17311900
102000110,2013-05-08,02,22,24,37,39,43743350,874867,26931100
102000111,2013-05-09,02,26,33,34,39,37470850,749417,16917900
102000112,2013-05-10,02,08,16,22,35,39848450,796969,18828950
102000113,2013-05-11,03,06,10,22,28,35102850,702057,27364000
102000114,2013-05-13,02,04,10,19,27,41116550,822331,11163400
102000115,2013-05-14,14,17,24,27,30,37097650,741953,9603300
102000116,2013-05-15,06,22,26,34,37,41202100,824042,47262800
102000117,2013-05-16,06,17,24,29,36,36843200,736864,9058800
102000118,2013-05-17,08,18,20,30,36,37920700,758414,25737550
102000119,2013-05-18,01,09,16,18,29,36004800,720096,18349600
102000120,2013-05-20,05,06,10,22,24,38821000,776420,32639350
102000121,2013-05-21,08,18,19,29,34,36039550,720791,17569900
102000122,2013-05-22,07,11,22,30,36,40748050,814961,20673500
102000123,2013-05-23,05,14,21,32,35,36498900,729978,20084950
102000124,2013-05-24,02,11,12,22,31,37724100,754482,19235700
102000125,2013-05-25,06,07,15,20,38,35027550,700551,17726800
102000126,2013-05-27,12,14,22,25,34,38872900,777458,25925050
102000127,2013-05-28,23,34,35,36,37,35858350,717167,26055700
102000128,2013-05-29,19,21,22,32,39,39751600,795032,18549300
102000129,2013-05-30,07,19,21,30,39,35127250,702545,7791150
102000130,2013-05-31,09,27,30,31,32,36092050,721841,24905600
102000131,2013-06-01,04,14,22,32,38,33539150,670783,16365600
102000132,2013-06-03,01,06,11,30,37,37873500,757470,18959950
102000133,2013-06-04,03,10,18,34,39,34027350,680547,18730850
102000134,2013-06-05,02,15,22,33,36,40714600,814292,39836650
102000135,2013-06-06,07,09,21,31,33,35712400,714248,9242550
102000136,2013-06-07,08,10,11,20,21,37813600,756272,35758200
102000137,2013-06-08,04,08,12,20,21,35285150,705703,18243100
102000138,2013-06-10,01,02,10,35,36,40560200,811204,19603200
102000139,2013-06-11,06,10,21,25,30,39353350,787067,10736150
102000140,2013-06-12,01,06,34,37,39,37882050,757641,28140250
102000141,2013-06-13,13,20,22,36,37,36875800,737516,17258550
102000142,2013-06-14,13,24,33,34,39,37208850,744177,8425450
102000143,2013-06-15,13,14,20,24,33,35690650,713813,8210600
102000144,2013-06-17,06,09,12,24,38,40691250,813825,35533000
102000145,2013-06-18,03,07,10,36,39,34422500,688450,9856350
102000146,2013-06-19,03,06,21,23,39,40304450,806089,18125700
102000147,2013-06-20,06,20,23,24,28,35886450,717729,9392100
102000148,2013-06-21,01,12,15,19,32,35955300,719106,24741200
102000149,2013-06-22,10,18,20,36,37,33779950,675599,34297450
102000150,2013-06-24,02,09,13,20,39,38363900,767278,9985950
102000151,2013-06-25,07,14,18,26,32,34486200,689724,25092450
102000152,2013-06-26,02,08,14,31,35,39166100,783322,25844800
102000153,2013-06-27,01,19,20,25,36,34992600,699852,16119600
102000154,2013-06-28,03,09,12,19,23,35205500,704110,27317900
102000155,2013-06-29,06,15,26,34,36,32752050,655041,17858750
102000156,2013-07-01,11,17,25,33,37,40056400,801128,36439000
102000157,2013-07-02,13,20,22,26,34,32720000,654400,25682100
102000158,2013-07-03,02,03,04,10,12,38418600,768372,38215750
102000159,2013-07-04,01,14,19,24,31,39365800,787316,18522200
102000160,2013-07-05,09,10,20,25,26,36181200,723624,35397400
102000161,2013-07-06,01,06,20,33,34,33866700,677334,17259650
102000162,2013-07-08,01,22,24,32,37,45804350,916087,11859950
102000163,2013-07-09,14,21,22,31,34,34705250,694105,9287000
102000164,2013-07-10,17,24,25,35,36,42193950,843879,10492850
102000165,2013-07-11,04,07,16,17,20,42858650,857173,19447000
102000166,2013-07-12,22,27,30,35,37,35343050,706861,16512400
102000167,2013-07-13,01,04,06,23,30,28242650,564853,6346700
102000168,2013-07-15,10,14,16,22,36,49142150,982843,30343100
102000169,2013-07-16,02,04,06,15,39,35451700,709034,18086200
102000170,2013-07-17,01,02,15,31,39,41525250,830505,10286750
102000171,2013-07-18,03,07,11,21,33,46594600,931892,31247750
102000172,2013-07-19,10,14,18,25,36,38992000,779840,19911950
102000173,2013-07-20,21,26,30,33,39,38359100,767182,16523700
102000174,2013-07-22,03,15,22,35,39,40327800,806556,27223600
102000175,2013-07-23,05,15,21,22,34,36304450,726089,17654850
102000176,2013-07-24,01,04,23,26,34,41648200,832964,17973700
102000177,2013-07-25,01,06,17,21,33,35632750,712655,9550550
102000178,2013-07-26,04,05,08,18,39,36569750,731395,9943950
102000179,2013-07-27,11,14,23,30,39,34944150,698883,23908250
102000180,2013-07-29,14,19,27,33,37,39027500,780550,25910350
102000181,2013-07-30,09,14,19,27,31,34478550,689571,8543450
102000182,2013-07-31,07,09,24,27,28,40981150,819623,19558850
102000183,2013-08-01,09,21,27,31,32,35319800,706396,16568650
102000184,2013-08-02,17,22,23,33,37,36423950,728479,35591900
102000185,2013-08-03,06,21,26,36,39,34795600,695912,19452950
102000186,2013-08-05,09,15,26,27,34,39487250,789745,34299550
102000187,2013-08-06,12,18,19,24,36,35535350,710707,18987150
102000188,2013-08-07,07,16,27,30,39,41517050,830341,10733400
102000189,2013-08-08,01,03,12,16,25,36942300,738846,10198000
102000190,2013-08-09,01,05,08,28,34,36668250,733365,10621300
102000191,2013-08-10,02,09,11,19,35,35138550,702771,19099100
102000192,2013-08-12,22,25,30,31,36,39275550,785511,26755650
102000193,2013-08-13,04,10,17,18,25,35042900,700858,18227550
102000194,2013-08-14,01,04,07,08,23,35937650,718753,27927550
102000195,2013-08-15,01,02,08,28,36,35041950,700839,9943200
102000196,2013-08-16,01,06,13,22,29,35429050,708581,26210650
102000197,2013-08-17,02,21,29,34,38,34645550,692911,8161200
102000198,2013-08-19,11,21,25,31,33,37750150,755003,18955150
102000199,2013-08-20,19,25,28,30,31,30645500,612910,6297950
102000200,2013-08-21,11,15,26,31,34,29003650,580073,14896600
102000201,2013-08-22,06,10,11,13,28,32624600,652492,32842050
102000202,2013-08-23,03,14,25,37,39,32172050,643441,19590350
102000203,2013-08-24,01,19,26,27,39,32541850,650837,16698550
102000204,2013-08-26,19,22,24,29,36,37555500,751110,9889750
102000205,2013-08-27,11,15,26,34,39,33231900,664638,35631800
102000206,2013-08-28,01,02,05,24,27,37950850,759017,34155450
102000207,2013-08-29,02,05,08,25,34,27810750,556215,16631600
102000208,2013-08-30,07,18,20,21,37,33030750,660615,17156750
102000209,2013-08-31,05,14,17,20,36,28853550,577071,15677750
102000210,2013-09-02,15,20,21,30,31,37575550,751511,25118100
102000211,2013-09-03,02,04,08,20,34,33616950,672339,26158150
102000212,2013-09-04,12,21,31,34,37,38921400,778428,27886250
102000213,2013-09-05,04,07,13,25,37,34538450,690769,9521150
102000214,2013-09-06,06,09,17,24,34,35375100,707502,10738450
102000215,2013-09-07,08,14,19,25,39,33663000,673260,10391450
102000216,2013-09-09,03,06,23,29,38,36805050,736101,35436850
102000217,2013-09-10,02,16,21,22,29,35750100,715002,8702450
102000218,2013-09-11,09,16,17,34,35,38246800,764936,33195000
102000219,2013-09-12,12,15,18,23,27,33233100,664662,26640650
102000220,2013-09-13,02,08,24,26,39,35253650,705073,26338000
102000221,2013-09-14,09,14,16,27,37,35772300,715446,10619450
102000222,2013-09-16,03,13,19,30,34,37937050,758741,17199400
102000223,2013-09-17,02,03,15,22,25,36952450,739049,26004300
102000224,2013-09-18,14,15,17,29,38,41796500,835930,25621800
102000225,2013-09-19,07,16,20,31,36,36186150,723723,18276050
102000226,2013-09-20,01,15,23,32,39,31880750,637615,25199950
102000227,2013-09-21,11,15,22,23,39,30707100,614142,16379750
102000228,2013-09-23,01,21,22,35,38,38424150,768483,9325900
102000229,2013-09-24,01,03,05,21,28,34335750,686715,17326950
102000230,2013-09-25,08,09,10,18,39,39478000,789560,20761450
102000231,2013-09-26,09,17,29,37,39,35376750,707535,25826600
102000232,2013-09-27,02,03,27,28,36,35272800,705456,18898000
102000233,2013-09-28,05,13,14,23,26,33931700,678634,9483900
102000234,2013-09-30,09,16,17,24,31,37424750,748495,26703750
102000235,2013-10-01,05,06,20,29,38,34275400,685508,8439450
102000236,2013-10-02,03,05,20,23,36,39074200,781484,9938400
102000237,2013-10-03,05,08,13,20,22,35871750,717435,34320950
102000238,2013-10-04,02,14,20,25,35,34562900,691258,8765750
102000239,2013-10-05,07,16,25,37,38,32808550,656171,9163500
102000240,2013-10-07,03,18,24,30,39,41978900,839578,27606750
102000241,2013-10-08,07,15,22,26,28,34217400,684348,18259550
102000242,2013-10-09,19,22,24,32,35,41028650,820573,33036600
102000243,2013-10-10,16,19,20,25,36,36730000,734600,9087800
102000244,2013-10-11,03,18,21,38,39,35923200,718464,10098500
102000245,2013-10-12,07,13,23,26,28,36718050,734361,10133450
102000246,2013-10-14,07,16,30,32,35,40203050,804061,9354200
102000247,2013-10-15,04,08,12,31,32,35243700,704874,18715100
102000248,2013-10-16,01,07,20,26,38,41240200,824804,10142850
102000249,2013-10-17,05,07,14,16,37,35271450,705429,9661850
102000250,2013-10-18,06,14,28,29,38,36052100,721042,32778950
102000251,2013-10-19,01,20,23,25,38,34965150,699303,32347700
102000252,2013-10-21,04,14,29,37,39,38439650,768793,9529450
102000253,2013-10-22,04,20,29,30,38,33910950,678219,15726950
102000254,2013-10-23,09,16,25,35,36,39559850,791197,11102750
102000255,2013-10-24,14,20,31,33,36,33989900,679798,7723950
102000256,2013-10-25,04,14,22,33,35,35045950,700919,9020500
102000257,2013-10-26,09,11,16,27,33,33788750,675775,26307500
102000258,2013-10-28,09,15,17,19,33,37551100,751022,9355800
102000259,2013-10-29,09,15,24,28,29,33414450,668289,17140250
102000260,2013-10-30,09,32,34,38,39,39095950,781919,27084950
102000261,2013-10-31,04,18,26,29,36,34059200,681184,17054250
102000262,2013-11-01,09,13,23,24,30,35086000,701720,8012200
102000263,2013-11-02,12,21,26,29,32,33240650,664813,7858950
102000264,2013-11-04,04,17,22,26,31,37664100,753282,19028850
102000265,2013-11-05,05,07,16,35,37,35059700,701194,39247350
102000266,2013-11-06,03,14,18,22,33,41683250,833665,37311400
102000267,2013-11-07,10,13,19,34,38,35665750,713315,9770950
102000268,2013-11-08,14,15,21,34,39,36347550,726951,35366100
102000269,2013-11-09,22,24,27,36,39,35968750,719375,26220200
102000270,2013-11-11,01,05,19,21,29,39191200,783824,25948650
102000271,2013-11-12,03,13,19,29,31,35199650,703993,9059550
102000272,2013-11-13,17,29,32,33,38,41049250,820985,8930500
102000273,2013-11-14,06,13,15,18,20,35470000,709400,17013950
102000274,2013-11-15,03,08,13,33,37,36092400,721848,9271400
102000275,2013-11-16,02,07,11,17,27,34989250,699785,37485600
102000276,2013-11-18,01,03,06,08,15,38471350,769427,36161250
102000277,2013-11-19,15,22,31,38,39,33721250,674425,17143150
102000278,2013-11-20,13,17,21,33,35,40009400,800188,27453600
102000279,2013-11-21,07,11,20,35,38,34969700,699394,9427900
102000280,2013-11-22,04,05,16,30,39,35618100,712362,17479600
102000281,2013-11-23,17,23,32,35,37,34363400,687268,17340950
102000282,2013-11-25,06,18,20,23,33,36808350,736167,34121750
102000283,2013-11-26,09,22,31,32,34,33996950,679939,10814100
102000284,2013-11-27,04,15,27,37,39,38666100,773322,35713200
102000285,2013-11-28,01,08,10,19,37,34118100,682362,9809600
102000286,2013-11-29,16,21,22,30,39,35706950,714139,24710150
102000287,2013-11-30,14,16,18,21,26,33388050,667761,15651000
102000288,2013-12-02,08,30,34,35,36,39480200,789604,25041800
102000289,2013-12-03,05,06,18,19,29,35170300,703406,33868750
102000290,2013-12-04,18,26,32,33,37,39613250,792265,17240600
102000291,2013-12-05,04,09,21,24,34,36368500,727370,10463200
102000292,2013-12-06,04,20,29,31,32,37810400,756208,8294100
102000293,2013-12-07,18,19,22,24,28,35915400,718308,16819400
102000294,2013-12-09,05,11,15,24,33,42604400,852088,18845050
102000295,2013-12-10,04,12,26,29,30,35335600,706712,33525400
102000296,2013-12-11,04,06,18,25,38,40783400,815668,36096950
102000297,2013-12-12,03,16,20,21,30,38140550,762811,9873400
102000298,2013-12-13,15,18,19,29,32,36299050,725981,18286250
102000299,2013-12-14,20,31,32,33,39,33745700,674914,8321800
102000300,2013-12-16,17,32,33,35,38,42802250,856045,26628000
102000301,2013-12-17,06,14,20,26,35,30136150,602723,15438900
102000302,2013-12-18,02,04,15,27,34,40285850,805717,22325650
102000303,2013-12-19,15,18,20,32,39,39002750,780055,11308750
102000304,2013-12-20,07,13,22,28,32,34264900,685298,18238850
102000305,2013-12-21,03,05,19,29,37,34967800,699356,12563000
102000306,2013-12-23,18,20,27,31,35,46427150,928543,20029250
102000307,2013-12-24,08,12,15,16,27,34838900,696778,10286750
102000308,2013-12-25,03,04,17,33,39,41076900,821538,36214100
102000309,2013-12-26,12,20,26,27,31,36646300,732926,9426850
102000310,2013-12-27,09,11,16,17,35,35775650,715513,19955900
102000311,2013-12-28,05,08,13,20,26,35689850,713797,19070000
102000312,2013-12-30,01,05,12,16,33,42259250,845185,26853300
102000313,2013-12-31,16,19,30,36,38,41799150,835983,9891550
103000001,2014-01-01,05,13,24,26,34,47817100,956342,20518500
103000002,2014-01-02,08,14,19,27,30,37979950,759599,18084950
103000003,2014-01-03,10,27,28,32,37,38696950,773939,20119500
103000004,2014-01-04,05,14,19,25,39,40282700,805654,27371950
103000005,2014-01-06,13,16,17,31,38,43953700,879074,11262500
103000006,2014-01-07,05,06,10,19,23,38265500,765310,10337900
103000007,2014-01-08,04,06,17,28,33,44216950,884339,36511500
103000008,2014-01-09,06,15,17,27,33,37001400,740028,8868000
103000009,2014-01-10,08,13,16,26,39,40279800,805596,39251950
103000010,2014-01-11,06,08,10,19,32,43460650,869213,34998350
103000011,2014-01-13,10,11,13,35,38,44512300,890246,18957600
103000012,2014-01-14,09,16,17,21,34,36143900,722878,35386500
103000013,2014-01-15,03,18,30,31,36,45841600,916832,31694900
103000014,2014-01-16,05,08,09,14,23,40070550,801411,28461450
103000015,2014-01-17,22,24,31,32,37,40666850,813337,19923150
103000016,2014-01-18,02,07,15,21,38,41935900,838718,38317450
103000017,2014-01-20,14,21,31,34,38,45749350,914987,18936050
103000018,2014-01-21,04,07,11,21,27,37426800,748536,19418500
103000019,2014-01-22,19,24,25,29,31,45185300,903706,27073100
103000020,2014-01-23,05,08,16,21,30,39797650,795953,36334150
103000021,2014-01-24,03,21,34,37,38,40271950,805439,18723000
103000022,2014-01-25,02,20,30,31,38,42170550,843411,17298700
103000023,2014-01-27,26,27,28,30,38,44785300,895706,11003900
103000024,2014-01-28,02,05,10,15,19,39528800,790576,19862950
103000025,2014-01-29,17,19,25,37,38,47501900,950038,27759000
103000026,2014-01-30,17,21,23,24,34,43103600,862072,10816600
103000027,2014-01-31,08,19,23,24,35,43687950,873759,11035750
103000028,2014-02-01,21,28,29,31,37,43304500,866090,27432050
103000029,2014-02-03,03,08,16,22,33,50621300,1012426,39637650
103000030,2014-02-04,11,18,21,33,37,43284900,865698,11610700
103000031,2014-02-05,28,29,36,38,39,55007850,1100157,40630347
103000032,2014-02-06,02,07,20,30,36,44723050,894461,35765850
103000033,2014-02-07,05,13,19,32,38,43503550,870071,21977650
103000034,2014-02-08,02,10,21,22,33,48316000,966320,12815950
103000035,2014-02-10,06,09,11,14,28,44721950,894439,40531050
103000036,2014-02-11,11,13,20,21,28,37913400,758268,25117450
103000037,2014-02-12,11,13,15,16,29,47192300,943846,10857700
103000038,2014-02-13,04,05,06,32,33,40385850,807717,10441150
103000039,2014-02-14,03,08,11,21,37,40221350,804427,36769850
103000040,2014-02-15,04,07,14,21,22,43482400,869648,28616350
103000041,2014-02-17,01,06,10,16,34,47142000,942840,30499650
103000042,2014-02-18,13,16,30,32,38,37986900,759738,17557350
103000043,2014-02-19,02,05,08,17,34,39873700,797474,29585650
103000044,2014-02-20,04,05,15,16,19,41661700,833234,18905100
103000045,2014-02-21,06,07,08,10,37,40617600,812352,21722950
103000046,2014-02-22,13,17,27,37,38,41449000,828980,26683200
103000047,2014-02-24,12,13,27,33,39,45855600,917112,12166400
103000048,2014-02-25,03,04,07,12,22,37796450,755929,27785550
103000049,2014-02-26,06,17,21,35,38,44728350,894567,38184850
103000050,2014-02-27,03,30,31,37,38,40852650,817053,10288900
103000051,2014-02-28,03,20,23,24,26,35759800,715196,10168600
103000052,2014-03-01,05,12,16,30,36,40057350,801147,11124400
103000053,2014-03-03,19,25,26,30,38,44385200,887704,10653150
103000054,2014-03-04,01,02,07,17,25,35027000,700540,17333150
103000055,2014-03-05,01,04,12,13,36,43745700,874914,10421400
103000056,2014-03-06,15,16,22,31,35,37974850,759497,25796900
103000057,2014-03-07,05,16,22,23,38,36996300,739926,10273100
103000058,2014-03-08,09,17,18,22,23,35816350,716327,25249300
103000059,2014-03-10,02,13,22,34,35,46964900,939298,27322150
103000060,2014-03-11,13,23,25,31,38,37296250,745925,9505100
103000061,2014-03-12,14,19,29,31,38,44129600,882592,18258650
103000062,2014-03-13,06,17,24,27,33,38164800,763296,13096600
103000063,2014-03-14,01,14,15,36,38,39051700,781034,25065150
103000064,2014-03-15,06,07,23,25,31,39214350,784287,17908300
103000065,2014-03-17,01,04,10,23,39,42821800,856436,35819550
103000066,2014-03-18,12,14,16,18,35,36434200,728684,9372250
103000067,2014-03-19,02,07,11,12,37,42944800,858896,12829850
103000068,2014-03-20,01,07,17,24,34,35709150,714183,16803750
103000069,2014-03-21,03,08,09,14,39,36090850,721817,12201300
103000070,2014-03-22,08,21,23,26,38,36509750,730195,18186750
103000071,2014-03-24,05,17,27,36,39,40145000,802900,19612700
103000072,2014-03-25,02,06,11,35,38,34881750,697635,17765450
103000073,2014-03-26,02,17,24,34,37,40690800,813816,37096900
103000074,2014-03-27,01,02,07,08,14,35570100,711402,11867250
103000075,2014-03-28,01,02,09,11,39,35948500,718970,33964100
103000076,2014-03-29,11,24,26,29,35,33951800,679036,7627800
103000077,2014-03-31,02,22,23,34,35,38181100,763622,10146150
103000078,2014-04-01,01,10,14,17,34,33550350,671007,10183800
103000079,2014-04-02,04,07,11,20,38,40174850,803497,39286400
103000080,2014-04-03,01,03,12,28,31,35459350,709187,11072500
103000081,2014-04-04,06,09,20,24,34,33176750,663535,24530000
103000082,2014-04-05,04,12,21,25,30,33993350,679867,26095300
103000083,2014-04-07,05,09,11,31,39,38933350,778667,19467400
103000084,2014-04-08,16,19,20,34,35,35330800,706616,8534950
103000085,2014-04-09,07,09,12,16,31,41399200,827984,19131850
103000086,2014-04-10,07,17,20,24,31,35533400,710668,9367400
103000087,2014-04-11,08,11,13,16,21,36531350,730627,12023450
103000088,2014-04-12,14,18,25,34,38,36568100,731362,18394000
103000089,2014-04-14,05,06,15,24,37,40322850,806457,38099850
103000090,2014-04-15,06,09,14,15,36,35013600,700272,10041500
103000091,2014-04-16,01,03,12,29,33,40914250,818285,29156300
103000092,2014-04-17,04,14,18,28,29,35097500,701950,9105250
103000093,2014-04-18,19,27,29,37,38,35471250,709425,9962100
103000094,2014-04-19,04,13,35,36,37,35169650,703393,8035300
103000095,2014-04-21,19,20,27,29,33,38578200,771564,24082450
103000096,2014-04-22,04,09,25,30,39,32981050,659621,17257200
103000097,2014-04-23,07,14,16,26,33,39586250,791725,18055200
103000098,2014-04-24,04,07,16,17,35,33852100,677042,17677100
103000099,2014-04-25,05,07,33,38,39,34856450,697129,25199750
103000100,2014-04-26,08,15,23,24,33,33075050,661501,17443350
103000101,2014-04-28,03,17,19,22,38,37502150,750043,10447050
103000102,2014-04-29,03,08,21,25,33,33790350,675807,32744150
103000103,2014-04-30,05,06,23,26,29,37765600,755312,26588550
103000104,2014-05-01,10,17,22,34,39,30485450,609709,9229000
103000105,2014-05-02,01,08,11,14,38,35090750,701815,37165600
103000106,2014-05-03,03,13,14,23,37,34813300,696266,9996600
103000107,2014-05-05,04,08,13,21,37,38089700,761794,18173450
103000108,2014-05-06,05,06,23,24,39,32374350,647487,18693250
103000109,2014-05-07,12,19,21,36,39,37750600,755012,9184450
103000110,2014-05-08,01,09,27,28,36,34725300,694506,9308300
103000111,2014-05-09,05,25,34,36,39,33825400,676508,15998200
103000112,2014-05-10,01,08,17,36,37,36098750,721975,16875850
103000113,2014-05-12,06,09,11,14,24,37076050,741521,20340150
103000114,2014-05-13,05,06,12,16,31,33561350,671227,17546850
103000115,2014-05-14,03,14,18,28,38,38309700,766194,10846300
103000116,2014-05-15,06,13,21,34,35,30900000,618000,25207300
103000117,2014-05-16,07,09,28,31,33,33941300,678826,27314200
103000118,2014-05-17,03,13,17,25,37,34859150,697183,10444600
103000119,2014-05-19,07,08,18,19,27,35597300,711946,10790900
103000120,2014-05-20,12,19,30,32,35,31374400,627488,7740050
103000121,2014-05-21,05,07,11,20,29,34017200,680344,20584150
103000122,2014-05-22,10,13,29,31,32,32203950,644079,15355000
103000123,2014-05-23,05,16,18,20,21,32719550,654391,8730500
103000124,2014-05-24,02,16,27,37,38,32818700,656374,16296250
103000125,2014-05-26,02,05,12,19,38,37130800,742616,34313650
103000126,2014-05-27,13,27,31,35,39,31953650,639073,32620300
103000127,2014-05-28,02,08,12,20,27,36095450,721909,34728700
103000128,2014-05-29,07,22,23,25,28,31581850,631637,25492350
103000129,2014-05-30,01,07,15,18,31,34128900,682578,8741100
103000130,2014-05-31,09,12,16,26,31,33238350,664767,33429450
103000131,2014-06-02,11,13,26,34,36,36286550,725731,9512700
103000132,2014-06-03,01,03,26,38,39,30851850,617037,24303350
103000133,2014-06-04,04,10,13,29,32,36328800,726576,12145850
103000134,2014-06-05,12,18,24,28,38,35222600,704452,9252850
103000135,2014-06-06,05,07,18,30,34,33746000,674920,24523750
103000136,2014-06-07,04,18,26,27,30,32728000,654560,7725000
103000137,2014-06-09,01,07,16,17,32,39959250,799185,17857250
103000138,2014-06-10,14,15,16,29,31,32120650,642413,32404050
103000139,2014-06-11,01,11,13,17,31,38444750,768895,28071200
103000140,2014-06-12,04,12,14,34,35,36700050,734001,18768100
103000141,2014-06-13,12,19,35,37,38,33859000,677180,24362350
103000142,2014-06-14,11,20,23,37,38,35557350,711147,16755550
103000143,2014-06-16,02,14,16,36,39,37684150,753683,35604850
103000144,2014-06-17,05,12,13,22,36,32700250,654005,25472050
103000145,2014-06-18,04,12,17,23,25,38310250,766205,34951400
103000146,2014-06-19,01,19,30,34,39,33375350,667507,8533100
103000147,2014-06-20,04,10,16,24,25,33501800,670036,8922950
103000148,2014-06-21,02,04,18,20,29,33253800,665076,32514900
103000149,2014-06-23,05,12,19,34,36,37169850,743397,21903450
103000150,2014-06-24,02,15,27,28,38,34379150,687583,26830850
103000151,2014-06-25,04,13,14,30,31,39217650,784353,19620450
103000152,2014-06-26,02,10,11,12,30,35278450,705569,33847300
103000153,2014-06-27,25,32,35,36,39,35510600,710212,8763100
103000154,2014-06-28,02,06,10,20,30,34484700,689694,27487800
103000155,2014-06-30,06,13,30,34,39,36393850,727877,17212750
103000156,2014-07-01,13,23,28,29,31,33218850,664377,8484550
103000157,2014-07-02,08,10,26,34,37,38610150,772203,10923700
103000158,2014-07-03,02,16,19,23,28,33243200,664864,7726350
103000159,2014-07-04,04,09,22,32,35,34449300,688986,26740050
103000160,2014-07-05,09,13,17,18,33,35036850,700737,33778200
103000161,2014-07-07,02,13,15,29,35,37569650,751393,16671050
103000162,2014-07-08,09,11,13,19,30,33141550,662831,8187150
103000163,2014-07-09,01,15,16,17,35,38573550,771471,24810800
103000164,2014-07-10,03,13,20,27,32,33974800,679496,24858550
103000165,2014-07-11,03,23,25,34,37,34055700,681114,9062050
103000166,2014-07-12,05,21,32,33,35,34356850,687137,17304450
103000167,2014-07-14,05,10,15,17,26,36304400,726088,17947750
103000168,2014-07-15,14,19,25,27,28,32989500,659790,26632600
103000169,2014-07-16,14,18,21,26,32,38216350,764327,16947900
103000170,2014-07-17,03,09,11,14,34,34361450,687229,24743200
103000171,2014-07-18,05,09,25,34,36,35624650,712493,9136100
103000172,2014-07-19,03,15,18,27,35,34828150,696563,25811200
103000173,2014-07-21,01,07,13,19,37,37868300,757366,13053050
103000174,2014-07-22,06,27,28,35,38,33228100,664562,16910900
103000175,2014-07-23,02,07,11,12,34,28342600,566852,8770250
103000176,2014-07-24,03,10,13,25,39,34035050,680701,17456800
103000177,2014-07-25,02,10,17,20,29,33143950,662879,32306300
103000178,2014-07-26,02,05,12,17,33,34580500,691610,9050350
103000179,2014-07-28,07,11,25,26,28,36967750,739355,27697250
103000180,2014-07-29,02,04,26,32,35,33135100,662702,15953100
103000181,2014-07-30,12,23,28,37,39,37905150,758103,10582500
103000182,2014-07-31,01,06,20,24,33,33347000,666940,17086600
103000183,2014-08-01,05,09,16,18,31,33526700,670534,28119700
103000184,2014-08-02,05,15,24,26,29,33721950,674439,32376300
103000185,2014-08-04,10,12,20,23,27,36010150,720203,34480450
103000186,2014-08-05,01,11,16,32,39,32976550,659531,24346300
103000187,2014-08-06,06,08,11,15,38,39409700,788194,12207050
103000188,2014-08-07,10,17,18,37,39,33574400,671488,8456050
103000189,2014-08-08,08,18,27,31,34,35039600,700792,24940800
103000190,2014-08-09,13,20,25,28,30,33824000,676480,19057150
103000191,2014-08-11,05,18,20,28,38,37088750,741775,26901150
103000192,2014-08-12,03,14,23,24,37,31806600,636132,25535650
103000193,2014-08-13,12,16,23,30,32,38394650,767893,10393950
103000194,2014-08-14,19,21,29,32,34,33832550,676651,24680850
103000195,2014-08-15,03,07,12,20,39,34835150,696703,9778600
103000196,2014-08-16,06,10,16,22,26,34352400,687048,19362450
103000197,2014-08-18,09,18,19,20,35,35156150,703123,18251900
103000198,2014-08-19,12,15,32,34,38,31600650,632013,24666850
103000199,2014-08-20,09,15,26,37,39,38472800,769456,18359200
103000200,2014-08-21,10,23,29,34,36,33031250,660625,25039800
103000201,2014-08-22,03,04,18,37,38,34040450,680809,16771900
103000202,2014-08-23,08,09,11,17,30,34085050,681701,18721100
103000203,2014-08-25,03,10,13,23,34,37578400,751568,26513850
103000204,2014-08-26,15,19,28,36,39,32175950,643519,17145650
103000205,2014-08-27,10,17,18,23,34,37251350,745027,20454000
103000206,2014-08-28,05,10,22,24,36,33505650,670113,16484700
103000207,2014-08-29,04,05,11,16,20,33060150,661203,25079150
103000208,2014-08-30,20,23,25,26,37,33720600,674412,15652600
103000209,2014-09-01,02,11,15,25,33,36645100,732902,25777950
103000210,2014-09-02,16,19,24,31,38,31997500,639950,15646650
103000211,2014-09-03,10,17,25,33,34,37643900,752878,34468900
103000212,2014-09-04,13,14,15,27,30,33353950,667079,25775350
103000213,2014-09-05,13,15,20,32,37,45128500,902570,11020800
103000214,2014-09-06,14,18,31,34,38,44845250,896905,43085700
103000215,2014-09-08,04,17,20,30,39,48386100,967722,23288200
103000216,2014-09-09,02,07,19,25,39,40352000,807040,40253600
103000217,2014-09-10,03,10,11,16,17,46060500,921210,44477100
103000218,2014-09-11,18,20,23,32,35,41777450,835549,12646050
103000219,2014-09-12,03,13,17,20,31,41635000,832700,10409600
103000220,2014-09-13,08,24,27,31,37,40471850,809437,11612650
103000221,2014-09-15,05,13,14,16,18,43566350,871327,32584400
103000222,2014-09-16,13,17,23,35,36,38607300,772146,19785700
103000223,2014-09-17,01,10,15,26,38,44080250,881605,44897800
103000224,2014-09-18,01,15,22,23,38,41540750,830815,9640200
103000225,2014-09-19,07,10,12,18,36,36373400,727468,9967650
103000226,2014-09-20,03,13,15,27,36,35925100,718502,16732550
103000227,2014-09-22,03,04,05,07,37,38314100,766282,12127150
103000228,2014-09-23,05,07,08,09,17,33462200,669244,20845250
103000229,2014-09-24,17,28,29,30,38,39164150,783283,10078350
103000230,2014-09-25,13,14,27,28,39,35008450,700169,34359250
103000231,2014-09-26,04,26,28,38,39,35627400,712548,25390600
103000232,2014-09-27,05,12,14,15,23,35910450,718209,18601850
103000233,2014-09-29,02,03,16,22,27,38380600,767612,26550350
103000234,2014-09-30,05,08,14,27,28,34169350,683387,19164150
103000235,2014-10-01,12,17,22,37,38,40207350,804147,27478300
103000236,2014-10-02,04,17,36,37,39,35183400,703668,9143850
103000237,2014-10-03,04,05,23,35,36,36500700,730014,34633700
103000238,2014-10-04,05,14,16,22,33,37365500,747310,18545200
103000239,2014-10-06,20,21,25,27,36,40542650,810853,9044650
103000240,2014-10-07,04,05,19,20,22,35169900,703398,8918250
103000241,2014-10-08,02,05,06,17,32,41744500,834890,19426350
103000242,2014-10-09,09,13,18,23,32,35143300,702866,11299950
103000243,2014-10-10,11,19,31,35,36,32206450,644129,8168950
103000244,2014-10-11,05,06,09,10,22,35548800,710976,27745600
103000245,2014-10-13,04,14,21,27,35,40005400,800108,26745200
103000246,2014-10-14,05,14,21,33,35,35031950,700639,17478550
103000247,2014-10-15,06,09,18,29,30,41123300,822466,36180100
103000248,2014-10-16,01,12,26,29,32,36409300,728186,25400300
103000249,2014-10-17,18,19,24,35,37,35903300,718066,25297850
103000250,2014-10-18,09,14,23,31,36,36838350,736767,28087450
103000251,2014-10-20,04,09,23,32,33,39352600,787052,18679150
103000252,2014-10-21,02,06,19,22,33,34398500,687970,9176050
103000253,2014-10-22,15,19,28,29,39,39964200,799284,10968000
103000254,2014-10-23,03,05,14,18,19,35350400,707008,19105550
103000255,2014-10-24,07,12,25,33,37,36034100,720682,35353300
103000256,2014-10-25,05,10,27,31,39,36084750,721695,18332850
103000257,2014-10-27,02,03,05,23,37,38488100,769762,11225550
103000258,2014-10-28,05,10,27,29,30,33978150,679563,17068600
103000259,2014-10-29,07,15,18,20,34,39434700,788694,27086400
103000260,2014-10-30,08,09,14,31,34,34495300,689906,25350950
103000261,2014-10-31,06,11,18,27,38,35658300,713166,10103150
103000262,2014-11-01,11,17,34,36,37,36022400,720448,9841750
103000263,2014-11-03,05,12,28,29,34,37974050,759481,27008950
103000264,2014-11-04,09,11,16,36,37,33874500,677490,16441800
103000265,2014-11-05,03,08,29,34,38,40639850,812797,10863750
103000266,2014-11-06,05,13,26,27,28,35496600,709932,35007900
103000267,2014-11-07,13,17,27,34,36,36362150,727243,9418350
103000268,2014-11-08,16,20,24,26,38,36792150,735843,32805000
103000269,2014-11-10,11,19,25,37,39,39357500,787150,14610950
103000270,2014-11-11,08,13,20,30,34,36073350,721467,32749050
103000271,2014-11-12,05,06,09,12,20,40402750,808055,38826900
103000272,2014-11-13,08,21,27,30,37,34683550,693671,8636150
103000273,2014-11-14,01,04,19,22,33,35891800,717836,38913647
103000274,2014-11-15,16,21,25,27,37,37139800,742796,8678800
103000275,2014-11-17,08,16,18,19,31,36027400,720548,8595650
103000276,2014-11-18,14,19,23,25,26,34562250,691245,8884000
103000277,2014-11-19,23,27,29,32,36,40462800,809256,20060200
103000278,2014-11-20,07,11,25,30,38,35038150,700763,18023950
103000279,2014-11-21,02,24,36,37,38,36653050,733061,17188150
103000280,2014-11-22,05,09,10,22,25,36137950,722759,21861400
103000281,2014-11-24,10,18,25,26,39,38421400,768428,24770750
103000282,2014-11-25,03,08,14,32,37,34589100,691782,18499100
103000283,2014-11-26,04,05,07,15,36,39430800,788616,12954400
103000284,2014-11-27,02,14,19,20,35,34910200,698204,25674700
103000285,2014-11-28,23,26,30,34,39,35755850,715117,9114850
103000286,2014-11-29,02,16,18,23,30,34266800,685336,8329950
103000287,2014-12-01,10,12,20,27,37,37077600,741552,12275300
103000288,2014-12-02,17,19,22,24,37,32779200,655584,16663850
103000289,2014-12-03,09,20,21,23,35,39669950,793399,9964850
103000290,2014-12-04,11,16,18,19,28,32356450,647129,8421750
103000291,2014-12-05,14,16,20,25,36,35519250,710385,34007750
103000292,2014-12-06,01,14,18,32,37,36555900,731118,33089600
103000293,2014-12-08,02,08,24,27,35,38749350,774987,18826750
103000294,2014-12-09,04,09,13,21,32,33377050,667541,18212100
103000295,2014-12-10,03,11,30,33,39,41159150,823183,37125200
103000296,2014-12-11,11,13,32,33,37,35978850,719577,23813150
103000297,2014-12-12,03,17,24,36,38,34720400,694408,17792500
103000298,2014-12-13,17,22,25,35,37,35830100,716602,9360550
103000299,2014-12-15,17,20,23,26,35,43020950,860419,10926950
103000300,2014-12-16,04,21,22,24,34,33366750,667335,32456550
103000301,2014-12-17,02,04,25,26,36,37825750,756515,9699750
103000302,2014-12-18,04,05,16,23,32,36262350,725247,35340000
103000303,2014-12-19,10,15,17,22,27,34612300,692246,17536400
103000304,2014-12-20,04,15,17,21,22,36486350,729727,8494650
103000305,2014-12-22,06,08,17,27,29,40942400,818848,11242900
103000306,2014-12-23,11,18,21,30,38,33961050,679221,24565350
103000307,2014-12-24,08,19,24,33,36,40513050,810261,20199550
103000308,2014-12-25,16,21,26,28,29,36042450,720849,16676800
103000309,2014-12-26,07,27,31,33,34,34731400,694628,17841950
103000310,2014-12-27,11,16,28,32,34,34743750,694875,7929400
103000311,2014-12-29,07,19,20,26,39,43107250,862145,34959250
103000312,2014-12-30,04,05,21,24,26,34608300,692166,25011050
103000313,2014-12-31,05,19,26,30,33,42944200,858884,26609800
104000001,2015-01-01,10,11,21,26,32,38593500,771870,10326250
104000002,2015-01-02,07,09,18,28,30,33766750,675335,17136350
104000003,2015-01-03,09,14,28,31,32,36343500,726870,32799400
104000004,2015-01-05,09,10,16,24,28,49881600,997632,12542150
104000005,2015-01-06,16,19,20,26,36,36501900,730038,26139900
104000006,2015-01-07,12,13,14,36,37,42442400,848848,18799500
104000007,2015-01-08,12,15,21,26,29,44471800,889436,19909700
104000008,2015-01-09,01,08,09,11,17,38814700,776294,21664950
104000009,2015-01-10,04,12,26,31,37,42744250,854885,10590000
104000010,2015-01-12,07,15,24,34,37,42435800,848716,27578000
104000011,2015-01-13,12,13,26,33,39,36664700,733294,10477400
104000012,2015-01-14,05,12,19,30,35,42861100,857222,20621500
104000013,2015-01-15,09,11,12,17,34,38136850,762737,11341050
104000014,2015-01-16,05,09,16,28,33,37987800,759756,35774300
104000015,2015-01-17,04,13,23,32,39,38824600,776492,18922950
104000016,2015-01-19,10,12,29,37,38,41412650,828253,12122650
104000017,2015-01-20,02,14,17,28,32,36761400,735228,27448500
104000018,2015-01-21,02,16,18,32,35,42644300,852886,17822600
104000019,2015-01-22,01,11,15,24,32,36667300,733346,24457000
104000020,2015-01-23,06,07,08,10,16,36780050,735601,20363450
104000021,2015-01-24,05,07,12,13,15,38297500,765950,28287450
104000022,2015-01-26,01,02,09,10,21,41029800,820596,28763500
104000023,2015-01-27,09,16,17,21,28,35013100,700262,26566300
104000024,2015-01-28,01,05,17,27,30,42366850,847337,9970000
104000025,2015-01-29,02,06,09,10,26,36720300,734406,12343200
104000026,2015-01-30,05,13,28,29,36,36920950,738419,10850650
104000027,2015-01-31,04,06,16,35,37,38371100,767422,18903750
104000028,2015-02-02,13,17,23,29,39,41172300,823446,17830200
104000029,2015-02-03,09,17,22,23,29,34545800,690916,9277850
104000030,2015-02-04,01,13,28,35,36,42475700,849514,33627100
104000031,2015-02-05,07,10,20,23,36,35746400,714928,8530450
104000032,2015-02-06,02,14,25,30,31,36765850,735317,10797850
104000033,2015-02-07,04,06,16,21,31,40115050,802301,17631150
104000034,2015-02-09,12,25,26,28,39,40512150,810243,18345950
104000035,2015-02-10,07,15,17,22,25,36358650,727173,25263050
104000036,2015-02-11,05,06,15,23,29,43460900,869218,36126100
104000037,2015-02-12,02,07,20,25,32,37320950,746419,8983400
104000038,2015-02-13,01,04,16,23,33,38465150,769303,17818850
104000039,2015-02-14,04,05,08,20,33,42257950,845159,27205450
104000040,2015-02-16,02,14,20,27,31,44848100,896962,19261300
104000041,2015-02-17,01,04,17,22,29,40710050,814201,29084650
104000042,2015-02-18,07,12,17,25,30,45886550,917731,21655200
104000043,2015-02-19,03,12,21,26,30,44379150,887583,37616997
104000044,2015-02-20,09,10,15,19,24,46180150,923603,39513050
104000045,2015-02-21,02,15,18,26,31,44209550,884191,11038900
104000046,2015-02-23,04,23,24,25,38,51650250,1033005,14073100
104000047,2015-02-24,11,12,14,23,27,43888700,877774,11455900
104000048,2015-02-25,05,11,25,26,38,53258350,1065167,38794350
104000049,2015-02-26,08,18,29,36,39,44311850,886237,13419950
104000050,2015-02-27,01,12,16,30,33,40701750,814035,26459600
104000051,2015-02-28,08,09,11,23,28,44163650,883273,39800250
104000052,2015-03-02,10,15,19,23,27,46688600,933772,20789650
104000053,2015-03-03,23,32,33,35,36,39107950,782159,18549150
104000054,2015-03-04,03,11,20,29,35,44095400,881908,27224150
104000055,2015-03-05,09,20,26,31,38,40471350,809427,18228200
104000056,2015-03-06,01,02,10,11,26,39452450,789049,27688200
104000057,2015-03-07,03,16,17,31,33,41313750,826275,10032050
104000058,2015-03-09,12,16,20,28,38,43851500,877030,26639950
104000059,2015-03-10,17,26,34,36,37,35594350,711887,27892150
104000060,2015-03-11,10,15,29,33,37,39762850,795257,10321500
104000061,2015-03-12,03,13,18,21,31,38283250,765665,18793500
104000062,2015-03-13,29,30,31,32,33,38871800,777436,33827100
104000063,2015-03-14,06,11,15,38,39,39198600,783972,28180650
104000064,2015-03-16,03,15,18,19,35,43535300,870706,11067750
104000065,2015-03-17,03,16,34,37,38,36596650,731933,10127000
104000066,2015-03-18,06,21,26,27,32,42599800,851996,10485050
104000067,2015-03-19,13,31,34,35,36,37331450,746629,9398950
104000068,2015-03-20,06,10,17,22,27,37629250,752585,10146300
104000069,2015-03-21,01,05,08,10,28,39705850,794117,37884850
104000070,2015-03-23,03,07,13,16,30,38452050,769041,34701550
104000071,2015-03-24,01,03,19,26,35,35438400,708768,8265900
104000072,2015-03-25,05,07,19,32,36,37658600,753172,25205900
104000073,2015-03-26,05,11,16,23,25,35895700,717914,10153100
104000074,2015-03-27,05,09,12,27,29,36612350,732247,29851000
104000075,2015-03-28,06,11,18,21,33,37612000,752240,10551850
104000076,2015-03-30,03,12,22,26,34,41954200,839084,21388950
104000077,2015-03-31,12,20,23,30,33,34706900,694138,8347500
104000078,2015-04-01,01,02,05,07,36,40258650,805173,13091700
104000079,2015-04-02,01,18,24,28,35,37893850,757877,8641650
104000080,2015-04-03,11,12,13,33,38,32557400,651148,8588300
104000081,2015-04-04,02,09,12,18,35,34757650,695153,25140550
104000082,2015-04-06,10,12,18,21,27,38204950,764099,26686050
104000083,2015-04-07,12,23,25,26,30,33880300,677606,9616200
104000084,2015-04-08,05,11,13,22,37,39041850,780837,20468900
104000085,2015-04-09,15,20,22,30,37,38042750,760855,8325250
104000086,2015-04-10,03,09,14,18,30,34724850,694497,8826800
104000087,2015-04-11,08,17,25,33,37,32726850,654537,33340800
104000088,2015-04-13,01,03,10,12,34,46297600,925952,38258894
104000089,2015-04-14,02,09,13,34,36,33945300,678906,8687950
104000090,2015-04-15,06,17,32,33,38,41037250,820745,19197050
104000091,2015-04-16,06,07,12,14,24,40008550,800171,10611300
104000092,2015-04-17,04,12,24,36,39,35016900,700338,9622500
104000093,2015-04-18,07,18,21,30,32,35233150,704663,9214700
104000094,2015-04-20,01,05,07,14,17,47611400,952228,21265900
104000095,2015-04-21,01,05,07,13,39,32558800,651176,8279550
104000096,2015-04-22,12,16,21,34,35,37165550,743311,17667900
104000097,2015-04-23,05,09,22,31,35,42972700,859454,11691050
104000098,2015-04-24,02,17,19,29,33,35077700,701554,9937450
104000099,2015-04-25,27,29,31,37,38,33501800,670036,8473250
104000100,2015-04-27,12,13,17,22,32,38560950,771219,10249750
104000101,2015-04-28,02,12,13,16,39,32866850,657337,23747000
104000102,2015-04-29,01,07,24,29,38,36149800,722996,32459750
104000103,2015-04-30,01,05,06,15,28,34330850,686617,18683950
104000104,2015-05-01,04,05,11,13,18,31892400,637848,18024600
104000105,2015-05-02,18,21,23,35,37,31870850,637417,7959300
104000106,2015-05-04,06,11,21,25,28,36993450,739869,9406950
104000107,2015-05-05,12,17,28,30,33,31941850,638837,25743550
104000108,2015-05-06,03,15,17,23,27,37174650,743493,10892850
104000109,2015-05-07,13,17,21,23,31,34085650,681713,25559850
104000110,2015-05-08,01,14,16,33,35,34258250,685165,16462000
104000111,2015-05-09,03,10,24,26,38,32342400,646848,26327400
104000112,2015-05-11,09,12,17,18,24,37182400,743648,11242900
104000113,2015-05-12,20,26,27,38,39,33032950,660659,8513300
104000114,2015-05-13,07,09,20,23,33,35383700,707674,8812700
104000115,2015-05-14,16,17,31,36,37,32618850,652377,16918600
104000116,2015-05-15,06,16,23,28,32,33314400,666288,33586250
104000117,2015-05-16,03,04,27,31,34,31777400,635548,15842700
104000118,2015-05-18,04,16,25,26,35,35117800,702356,16270750
104000119,2015-05-19,01,02,14,16,23,31481800,629636,7688900
104000120,2015-05-20,05,06,07,12,27,29962450,599249,36919950
104000121,2015-05-21,02,05,22,24,26,31430100,628602,8073150
104000122,2015-05-22,16,17,18,27,30,31444350,628887,8008850
104000123,2015-05-23,03,23,24,27,33,28927600,578552,17156400
104000124,2015-05-25,11,12,23,28,30,35033000,700660,17958350
104000125,2015-05-26,09,21,22,35,37,30637450,612749,17925050
104000126,2015-05-27,04,06,11,36,37,34697300,693946,8934050
104000127,2015-05-28,09,16,18,26,34,31642400,632848,16723150
104000128,2015-05-29,08,10,27,35,36,32760950,655219,9680500
104000129,2015-05-30,04,17,19,24,37,30598000,611960,31991250
104000130,2015-06-01,02,10,20,28,39,34338900,686778,10648600
104000131,2015-06-02,02,05,23,32,37,31407750,628155,35076800
104000132,2015-06-03,13,18,22,29,32,34218650,684373,32592450
104000133,2015-06-04,07,10,18,19,20,31724550,634491,8024750
104000134,2015-06-05,05,17,24,29,37,33070450,661409,26862250
104000135,2015-06-06,02,06,22,26,39,31942250,638845,17808700
104000136,2015-06-08,05,23,28,31,32,35901750,718035,11765150
104000137,2015-06-09,21,26,35,38,39,31865550,637311,15088000
104000138,2015-06-10,05,29,30,32,34,34997850,699957,8182800
104000139,2015-06-11,01,17,20,26,27,32155200,643104,32348200
104000140,2015-06-12,10,16,28,30,31,32491150,649823,17082850
104000141,2015-06-13,03,04,10,14,18,30691500,613830,15968300
104000142,2015-06-15,04,27,35,37,39,34628850,692577,8134100
104000143,2015-06-16,01,21,30,38,39,31260250,625205,6934200
104000144,2015-06-17,08,13,14,16,30,33429250,668585,16157100
104000145,2015-06-18,01,14,23,30,31,31580600,631612,6942250
104000146,2015-06-19,11,12,23,24,26,31283000,625660,18738400
104000147,2015-06-20,03,13,23,32,33,31478850,629577,35912547
104000148,2015-06-22,06,12,14,29,30,33799800,675996,25078350
104000149,2015-06-23,10,14,20,26,27,28615900,572318,7669900
104000150,2015-06-24,08,14,24,29,39,32624500,652490,7732300
104000151,2015-06-25,06,08,19,26,29,31004650,620093,8015500
104000152,2015-06-26,01,04,10,33,39,31492350,629847,7520550
104000153,2015-06-27,09,12,20,30,39,30220200,604404,31958900
104000154,2015-06-29,17,22,25,31,35,32770150,655403,16874450
104000155,2015-06-30,07,10,16,26,34,29825650,596513,32611100
104000156,2015-07-01,02,03,11,28,38,32386850,647737,36336400
104000157,2015-07-02,05,11,18,19,30,30017750,600355,33109100
104000158,2015-07-03,09,14,17,25,33,31172250,623445,25978750
104000159,2015-07-04,18,23,29,33,36,29838900,596778,15027150
104000160,2015-07-06,03,14,24,33,39,33696200,673924,16289350
104000161,2015-07-07,05,23,25,28,36,29623950,592479,25210800
104000162,2015-07-08,10,12,13,34,38,31944450,638889,8472650
104000163,2015-07-09,05,23,27,29,32,30903100,618062,27133750
104000164,2015-07-10,01,02,14,15,25,27780000,555600,15677700
104000165,2015-07-11,03,06,11,16,23,31163050,623261,25617300
104000166,2015-07-13,01,14,16,24,29,34367850,687357,8114300
104000167,2015-07-14,08,15,32,33,37,30229250,604585,17180850
104000168,2015-07-15,20,26,28,34,39,33156750,663135,9166300
104000169,2015-07-16,09,21,26,37,39,31607000,632140,23800450
104000170,2015-07-17,03,08,15,23,26,31318600,626372,17634850
104000171,2015-07-18,16,21,27,36,38,29803250,596065,8297050
104000172,2015-07-20,10,31,35,37,38,34219250,684385,15965500
104000173,2015-07-21,03,11,15,18,39,30638100,612762,15792450
104000174,2015-07-22,04,14,19,20,37,32090900,641818,9470800
104000175,2015-07-23,19,29,30,31,39,30960900,619218,7094500
104000176,2015-07-24,05,19,27,28,31,31034550,620691,7351550
104000177,2015-07-25,02,09,14,17,26,30007400,600148,10539350
104000178,2015-07-27,03,05,09,13,30,34425300,688506,9599700
104000179,2015-07-28,11,12,14,29,32,28776300,575526,23827000
104000180,2015-07-29,08,21,32,33,35,32498550,649971,9368950
104000181,2015-07-30,10,18,25,28,29,31081050,621621,16317450
104000182,2015-07-31,14,16,32,36,38,31508200,630164,8024500
104000183,2015-08-01,09,10,22,27,32,29983250,599665,15021950
104000184,2015-08-03,01,15,20,21,24,35276900,705538,17457650
104000185,2015-08-04,05,10,17,29,37,29768400,595368,9614700
104000186,2015-08-05,05,10,27,30,31,32950100,659002,16610150
104000187,2015-08-06,01,09,18,27,39,33038750,660775,8908900
104000188,2015-08-07,02,04,23,25,36,30982350,619647,18649650
104000189,2015-08-08,06,10,11,20,39,18346850,366937,5161850
104000190,2015-08-10,05,24,26,27,30,37059750,741195,18627550
104000191,2015-08-11,05,07,09,13,35,30527600,610552,17714200
104000192,2015-08-12,09,11,23,26,32,32927250,658545,34821000
104000193,2015-08-13,08,12,13,31,38,31968300,639366,19802150
104000194,2015-08-14,04,06,16,17,33,31446000,628920,25108200
104000195,2015-08-15,03,10,15,19,31,30007800,600156,8490000
104000196,2015-08-17,06,15,28,30,31,37674800,753496,24992750
104000197,2015-08-18,04,13,17,30,34,29437300,588746,15549150
104000198,2015-08-19,01,04,35,36,39,32531150,650623,15526400
104000199,2015-08-20,03,12,15,24,25,34091650,681833,8797050
104000200,2015-08-21,17,19,25,28,38,31293900,625878,7326950
104000201,2015-08-22,05,11,22,25,28,29322450,586449,24909450
104000202,2015-08-24,08,22,25,28,33,37028650,740573,10554450
104000203,2015-08-25,04,06,07,30,35,29918800,598376,7248600
104000204,2015-08-26,10,17,22,24,30,30858350,617167,23255500
104000205,2015-08-27,10,20,22,30,33,31942950,638859,35012200
104000206,2015-08-28,04,06,18,20,29,29082700,581654,7600300
104000207,2015-08-29,06,26,27,29,36,27099600,541992,15026650
104000208,2015-08-31,02,11,33,34,36,37895700,757914,25134350
104000209,2015-09-01,17,23,28,29,31,29592950,591859,24183750
104000210,2015-09-02,02,12,27,28,31,33077750,661555,16198100
104000211,2015-09-03,02,04,06,14,18,36024800,720496,9426900
104000212,2015-09-04,07,12,13,24,32,32018550,640371,17341800
104000213,2015-09-05,15,16,19,23,36,30428450,608569,8027800
104000214,2015-09-07,20,21,23,25,36,40383900,807678,18570750
104000215,2015-09-08,08,13,18,34,39,31628150,632563,7908200
104000216,2015-09-09,08,13,21,24,38,34008900,680178,23637250
104000217,2015-09-10,06,13,18,34,39,37646500,752930,17176450
104000218,2015-09-11,03,13,27,34,39,32299450,645989,23812400
104000219,2015-09-12,01,10,28,30,34,30724100,614482,8953950
104000220,2015-09-14,01,05,07,14,24,42277000,845540,36388600
104000221,2015-09-15,02,08,22,25,36,31083500,621670,8805050
104000222,2015-09-16,02,03,25,26,39,33913100,678262,24354750
104000223,2015-09-17,09,18,25,27,38,32784150,655683,26491550
104000224,2015-09-18,01,02,23,27,30,32721250,654425,7902250
104000225,2015-09-19,06,18,22,33,37,31560400,631208,9156750
104000226,2015-09-21,01,10,18,27,31,36106650,722133,17059200
104000227,2015-09-22,02,04,11,22,30,31658150,633163,9745550
104000228,2015-09-23,08,09,16,31,33,34021150,680423,8647450
104000229,2015-09-24,04,15,18,37,39,32268500,645370,24210300
104000230,2015-09-25,02,21,23,35,37,35532050,710641,25499400
104000231,2015-09-26,03,08,29,33,38,39267900,785358,21573000
104000232,2015-09-28,01,03,25,29,32,27757750,555155,6397750
104000233,2015-09-29,05,12,15,29,32,32634200,652684,9781350
104000234,2015-09-30,09,19,21,22,36,36751100,735022,40294050
104000235,2015-10-01,02,07,19,21,39,36693850,733877,8777950
104000236,2015-10-02,01,04,13,20,35,36464300,729286,20634950
104000237,2015-10-03,02,13,25,26,31,34205400,684108,8573600
104000238,2015-10-05,07,08,14,17,34,40060900,801218,44273900
104000239,2015-10-06,03,14,17,19,24,35598900,711978,28902050
104000240,2015-10-07,07,11,28,36,38,40606950,812139,41965900
104000241,2015-10-08,10,15,33,34,39,37590950,751819,11043850
104000242,2015-10-09,07,10,12,26,39,36099800,721996,19671500
104000243,2015-10-10,19,27,28,30,39,33110100,662202,16457000
104000244,2015-10-12,10,20,25,37,39,37098400,741968,17647850
104000245,2015-10-13,08,14,22,31,39,32573900,651478,15439650
104000246,2015-10-14,02,04,10,22,36,34651850,693037,9433350
104000247,2015-10-15,10,12,20,23,31,33622550,672451,16173600
104000248,2015-10-16,22,31,32,33,39,33800700,676014,16861000
104000249,2015-10-17,03,19,25,37,39,31975900,639518,16670900
104000250,2015-10-19,10,22,24,34,37,36250900,725018,17499650
104000251,2015-10-20,01,07,23,25,28,31620800,632416,32669650
104000252,2015-10-21,01,06,19,23,25,33137600,662752,24010000
104000253,2015-10-22,14,15,22,30,33,32359350,647187,8094850
104000254,2015-10-23,08,11,19,23,39,32599550,651991,9610850
104000255,2015-10-24,06,15,18,21,37,31175700,623514,8651650
104000256,2015-10-26,01,06,15,16,36,36295300,725906,16653100
104000257,2015-10-27,09,13,21,28,32,31277550,625551,17968300
104000258,2015-10-28,08,12,14,21,39,33472650,669453,8866750
104000259,2015-10-29,07,20,24,26,27,31652750,633055,17193900
104000260,2015-10-30,04,25,28,29,35,32474150,649483,10367950
104000261,2015-10-31,01,04,09,16,31,30872150,617443,24397100
104000262,2015-11-02,03,07,22,33,34,35059650,701193,9987900
104000263,2015-11-03,04,27,37,38,39,30758950,615179,17680250
104000264,2015-11-04,18,19,25,31,37,33591200,671824,8320950
104000265,2015-11-05,06,11,23,32,38,32889700,657794,27480050
104000266,2015-11-06,03,18,22,27,35,33921050,678421,16741500
104000267,2015-11-07,03,13,14,25,37,31992750,639855,8939800
104000268,2015-11-09,01,11,17,20,38,36125250,722505,9414700
104000269,2015-11-10,02,03,11,31,39,32222800,644456,8434150
104000270,2015-11-11,01,06,15,22,33,34044800,680896,10065050
104000271,2015-11-12,08,10,11,13,21,32858750,657175,10187100
104000272,2015-11-13,09,11,13,26,30,33392450,667849,18115200
104000273,2015-11-14,01,05,07,21,29,31701650,634033,16949950
104000274,2015-11-16,01,08,15,25,31,35602250,712045,18090250
104000275,2015-11-17,10,11,13,23,25,31890600,637812,10352000
104000276,2015-11-18,02,11,12,16,31,34285550,685711,17451200
104000277,2015-11-19,08,13,27,33,39,32166500,643330,10098850
104000278,2015-11-20,03,04,17,32,34,31432700,628654,34219450
104000279,2015-11-21,09,12,15,22,35,29867600,597352,9081700
104000280,2015-11-23,04,13,22,25,34,35777050,715541,25280600
104000281,2015-11-24,03,09,10,35,37,31656200,633124,8237100
104000282,2015-11-25,02,06,09,19,22,33643950,672879,33515150
104000283,2015-11-26,02,03,10,20,27,31436950,628739,24950300
104000284,2015-11-27,13,20,21,30,39,31917000,638340,24357750
104000285,2015-11-28,03,10,12,28,37,30571800,611436,18939450
104000286,2015-11-30,06,13,15,19,34,35948000,718960,25359550
104000287,2015-12-01,04,14,19,20,23,31757050,635141,7997050
104000288,2015-12-02,06,08,16,33,37,34402600,688052,16678850
104000289,2015-12-03,05,10,12,21,24,31775500,635510,35853400
104000290,2015-12-04,06,10,19,28,34,32717050,654341,8449000
104000291,2015-12-05,11,12,14,36,38,31522550,630451,8401500
104000292,2015-12-07,10,21,30,34,38,36761200,735224,15748950
104000293,2015-12-08,14,24,27,36,39,31606350,632127,15516600
104000294,2015-12-09,02,16,21,22,23,33193500,663870,7888550
104000295,2015-12-10,05,08,32,36,38,32661200,653224,33439550
104000296,2015-12-11,10,23,24,26,37,33784350,675687,17596000
104000297,2015-12-12,04,07,08,28,39,31855400,637108,33278500
104000298,2015-12-14,01,05,17,26,34,36439950,728799,26739550
104000299,2015-12-15,07,28,30,36,38,31611250,632225,23737950
104000300,2015-12-16,13,18,21,30,36,33356750,667135,7016400
104000301,2015-12-17,01,15,26,34,37,30402650,608053,7659100
104000302,2015-12-18,04,07,18,30,34,32228900,644578,15560950
104000303,2015-12-19,01,13,20,22,32,31431400,628628,15039750
104000304,2015-12-21,07,10,14,15,23,35818950,716379,27007550
104000305,2015-12-22,04,08,16,31,34,31747650,634953,9883600
104000306,2015-12-23,01,03,11,23,39,34621800,692436,11058300
104000307,2015-12-24,09,14,21,26,28,32577100,651542,24921450
104000308,2015-12-25,16,22,26,30,32,32933400,658668,7187850
104000309,2015-12-26,01,08,19,20,24,31590450,631809,23892650
104000310,2015-12-28,03,05,23,34,37,35300850,706017,28341650
104000311,2015-12-29,10,17,22,38,39,31693100,633862,9505000
104000312,2015-12-30,09,14,26,34,35,33730800,674616,8645550
104000313,2015-12-31,07,18,22,35,38,35021150,700423,8844100
105000001,2016-01-01,01,02,14,15,16,30851750,617035,32770300
105000002,2016-01-02,09,17,25,28,29,30890450,617809,9475850
105000003,2016-01-04,03,06,07,12,15,36405800,728116,27270800
105000004,2016-01-05,19,20,24,36,37,32758400,655168,8847850
105000005,2016-01-06,03,05,25,31,36,34437550,688751,8054950
105000006,2016-01-07,02,04,08,09,23,34066500,681330,27924850
105000007,2016-01-08,06,10,25,28,31,34673100,693462,33773650
105000008,2016-01-09,05,07,16,18,29,34091000,681820,11339350
105000009,2016-01-11,09,14,24,25,38,34575500,691510,17158800
105000010,2016-01-12,04,17,23,31,39,33818000,676360,19032000
105000011,2016-01-13,02,13,20,24,39,36469150,729383,32827900
105000012,2016-01-14,06,11,23,24,35,34584150,691683,17213050
105000013,2016-01-15,01,04,05,08,37,32449950,648999,18462800
105000014,2016-01-16,05,20,26,31,36,34984100,699682,15871750
105000015,2016-01-18,04,12,16,18,23,37589750,751795,11350650
105000016,2016-01-19,04,05,08,21,34,32426750,648535,16650150
105000017,2016-01-20,12,16,18,21,24,36570600,731412,9226000
105000018,2016-01-21,01,08,16,21,37,32454150,649083,25443950
105000019,2016-01-22,03,18,27,31,35,32371500,647430,8723650
105000020,2016-01-23,06,09,10,18,37,28902600,578052,7990500
105000021,2016-01-25,11,16,23,29,30,34750850,695017,9217800
105000022,2016-01-26,07,09,18,19,33,32889850,657797,9315950
105000023,2016-01-27,04,09,10,19,36,36317350,726347,33237600
105000024,2016-01-28,05,07,13,27,29,31830650,636613,25438000
105000025,2016-01-29,06,08,20,29,32,31471350,629427,9158200
105000026,2016-01-30,04,05,20,21,29,37113450,742269,9354600
105000027,2016-02-01,15,17,21,23,35,36823650,736473,17230500
105000028,2016-02-02,02,06,15,20,38,33420000,668400,16821650
105000029,2016-02-03,06,07,17,35,39,37389800,747796,8672500
105000030,2016-02-04,17,18,26,29,36,34977350,699547,16222900
105000031,2016-02-05,15,31,32,34,35,36408450,728169,17617450
105000032,2016-02-06,01,13,20,37,39,37321050,746421,12171300
105000033,2016-02-08,08,21,24,28,33,41861400,837228,20374500
105000034,2016-02-09,02,10,34,35,38,36295650,725913,8497250
105000035,2016-02-10,07,08,12,35,36,35303400,706068,25419200
105000036,2016-02-11,11,17,27,30,33,33707500,674150,10126100
105000037,2016-02-12,10,14,17,30,39,37438500,748770,9181100
105000038,2016-02-13,01,02,15,17,25,34655750,693115,8955350
105000039,2016-02-15,05,06,30,33,39,42803950,856079,11209150
105000040,2016-02-16,25,30,33,34,35,35167650,703353,7677550
105000041,2016-02-17,06,16,20,34,37,37224050,744481,17675800
105000042,2016-02-18,18,22,27,36,38,36028750,720575,21034900
105000043,2016-02-19,02,03,08,25,32,35899150,717983,18576900
105000044,2016-02-20,01,03,04,27,38,36106150,722123,16916300
105000045,2016-02-22,14,17,33,34,36,40701100,814022,10357700
105000046,2016-02-23,02,17,27,28,31,32819050,656381,32616600
105000047,2016-02-24,10,12,20,23,35,34838700,696774,19771450
105000048,2016-02-25,14,20,34,36,37,33983650,679673,8116550
105000049,2016-02-26,03,10,15,25,28,33594950,671899,17602550
105000050,2016-02-27,05,06,09,18,20,32657600,653152,35724300
105000051,2016-02-29,02,04,09,26,36,36345550,726911,33620050
105000052,2016-03-01,13,18,21,22,30,32506200,650124,9161700
105000053,2016-03-02,01,09,13,27,31,35938450,718769,10280650
105000054,2016-03-03,05,14,18,22,23,33913450,678269,25760650
105000055,2016-03-04,06,08,15,29,37,34334650,686693,35903350
105000056,2016-03-05,01,10,16,22,39,33907150,678143,10605000
105000057,2016-03-07,03,06,14,20,26,38418700,768374,18422500
105000058,2016-03-08,03,29,30,32,38,32205300,644106,8592650
105000059,2016-03-09,05,13,36,38,39,32659200,653184,8552550
105000060,2016-03-10,22,27,30,31,34,29538250,590765,15613000
105000061,2016-03-11,02,16,25,28,33,31466450,629329,28052600
105000062,2016-03-12,23,26,30,35,37,31888500,637770,18604550
105000063,2016-03-14,11,15,25,28,33,37471500,749430,18175350
105000064,2016-03-15,15,26,32,38,39,29658750,593175,7361100
105000065,2016-03-16,28,30,32,33,38,35663800,713276,34817050
105000066,2016-03-17,06,27,28,32,37,34826150,696523,24553550
105000067,2016-03-18,06,10,20,23,35,32459550,649191,17721450
105000068,2016-03-19,06,07,22,29,39,32934200,658684,15956400
105000069,2016-03-21,03,06,08,14,18,35641000,712820,33999050
105000070,2016-03-22,02,12,14,29,32,33106150,662123,16031050
105000071,2016-03-23,02,07,17,19,27,30831300,616626,8238450
105000072,2016-03-24,01,07,10,35,37,29692050,593841,23876150
105000073,2016-03-25,12,14,18,22,30,30117050,602341,7381550
105000074,2016-03-26,05,08,09,15,17,32486500,649730,19571400
105000075,2016-03-28,03,10,19,28,32,36980100,739602,19332650
105000076,2016-03-29,02,03,09,20,30,32480800,649616,27327900
105000077,2016-03-30,02,04,05,27,33,35448100,708962,16785350
105000078,2016-03-31,11,12,25,33,36,34587200,691744,17384200
105000079,2016-04-01,02,19,20,24,25,34210650,684213,15780250
105000080,2016-04-02,07,12,15,21,22,32075000,641500,9546650
105000081,2016-04-04,05,18,32,38,39,33132200,662644,18745700
105000082,2016-04-05,20,21,22,23,34,30391350,607827,7523300
105000083,2016-04-06,04,06,09,11,35,35137500,702750,11974850
105000084,2016-04-07,04,13,23,25,29,33357050,667141,16321300
105000085,2016-04-08,01,13,18,19,21,33838350,676767,7330050
105000086,2016-04-09,08,10,16,35,38,33154700,663094,16985700
105000087,2016-04-11,01,06,18,24,32,36736200,734724,33135650
105000088,2016-04-12,02,15,16,19,31,33053600,661072,16405050
105000089,2016-04-13,03,05,17,18,24,31512600,630252,25887800
105000090,2016-04-14,11,15,31,32,39,30574700,611494,14223150
105000091,2016-04-15,05,14,15,22,36,32429400,648588,8512600
105000092,2016-04-16,07,08,11,25,38,33391950,667839,34243900
105000093,2016-04-18,06,07,09,20,33,35792400,715848,27077550
105000094,2016-04-19,01,13,17,21,25,32291800,645836,7627050
105000095,2016-04-20,09,16,19,28,34,34838950,696779,9753700
105000096,2016-04-21,02,07,10,20,23,32408000,648160,19198900
105000097,2016-04-22,05,06,08,23,33,33012900,660258,18253450
105000098,2016-04-23,05,21,28,37,38,31164100,623282,7926250
105000099,2016-04-25,01,22,27,29,30,36038250,720765,19395550
105000100,2016-04-26,01,03,19,28,37,31373550,627471,8286600
105000101,2016-04-27,03,05,11,14,34,33503300,670066,8803600
105000102,2016-04-28,09,10,20,22,28,32348550,646971,19042200
105000103,2016-04-29,07,15,21,22,38,33304050,666081,17635600
105000104,2016-04-30,10,13,22,29,30,31031200,620624,31774950
105000105,2016-05-02,08,13,16,21,36,35124850,702497,17133850
105000106,2016-05-03,01,05,07,09,11,31517600,630352,12650750
105000107,2016-05-04,08,13,17,31,32,33530000,670600,8827500
105000108,2016-05-05,02,11,29,34,38,31229950,624599,7656700
105000109,2016-05-06,19,22,35,36,38,32820350,656407,23703050
105000110,2016-05-07,04,20,24,25,35,32009800,640196,24024300
105000111,2016-05-09,01,04,17,18,24,35141150,702823,24809750
105000112,2016-05-10,13,28,33,36,39,30163650,603273,7833550
105000113,2016-05-11,02,07,27,33,38,34229350,684587,8768250
105000114,2016-05-12,08,12,21,27,33,32561950,651239,9675650
105000115,2016-05-13,03,05,21,26,29,32283350,645667,25282100
105000116,2016-05-14,14,15,18,23,34,31354550,627091,27989150
105000117,2016-05-16,14,17,27,28,34,34234700,684694,8982050
105000118,2016-05-17,07,08,09,27,33,31962150,639243,25251250
105000119,2016-05-18,09,16,19,25,26,33579450,671589,24882150
105000120,2016-05-19,07,21,24,34,39,32257800,645156,7037300
105000121,2016-05-20,04,09,23,31,36,34002850,680057,9304100
105000122,2016-05-21,10,22,26,35,38,29445450,588909,18159450
105000123,2016-05-23,14,17,27,32,36,34167450,683349,24729500
105000124,2016-05-24,15,17,25,33,34,31019050,620381,16365050
105000125,2016-05-25,01,04,13,32,33,33544250,670885,7252500
105000126,2016-05-26,04,11,21,24,28,30951850,619037,7991700
105000127,2016-05-27,02,05,08,10,22,30309650,606193,29401550
105000128,2016-05-28,15,25,31,35,36,29420900,588418,7586300
105000129,2016-05-30,03,09,17,26,27,33461600,669232,35413800
105000130,2016-05-31,01,04,10,17,38,30246550,604931,17157050
105000131,2016-06-01,15,16,21,23,39,31536800,630736,16291950
105000132,2016-06-02,02,05,08,09,24,29179650,583593,27492850
105000133,2016-06-03,07,25,27,28,35,31136350,622727,17256350
105000134,2016-06-04,09,11,16,20,28,31278750,625575,8204850
105000135,2016-06-06,04,05,13,15,37,33827100,676542,10129950
105000136,2016-06-07,15,20,25,29,35,40461650,809233,21490200
105000137,2016-06-08,07,15,23,31,34,43994800,879896,43364950
105000138,2016-06-09,06,11,17,33,36,40291250,805825,27163800
105000139,2016-06-10,18,21,26,30,33,40254950,805099,23138800
105000140,2016-06-11,01,25,29,31,35,37469450,749389,11161100
105000141,2016-06-13,02,05,06,09,10,40298800,805976,54586600
105000142,2016-06-14,02,06,17,21,23,36252750,725055,10119700
105000143,2016-06-15,05,16,31,35,38,39601250,792025,22994250
105000144,2016-06-16,01,03,14,16,25,36455200,729104,10373050
105000145,2016-06-17,07,12,18,22,33,38082450,761649,24729600
105000146,2016-06-18,15,20,23,36,38,36505550,730111,12341450
105000147,2016-06-20,17,18,25,28,37,43544300,870886,25975950
105000148,2016-06-21,06,14,21,32,34,31759200,635184,17982150
105000149,2016-06-22,04,11,16,31,32,34183350,683667,16554300
105000150,2016-06-23,09,10,11,12,15,31696150,633923,25910200
105000151,2016-06-24,05,10,11,16,23,32188000,643760,17437650
105000152,2016-06-25,10,16,18,28,29,31062200,621244,6946400
105000153,2016-06-27,13,26,29,31,33,34707950,694159,8403850
105000154,2016-06-28,03,05,07,20,29,29931900,598638,16136800
105000155,2016-06-29,04,10,13,31,38,32172850,643457,15173200
105000156,2016-06-30,04,15,18,32,38,31146700,622934,6954450
105000157,2016-07-01,07,14,25,27,36,31291300,625826,17907800
105000158,2016-07-02,03,15,20,28,37,30001150,600023,16931950
105000159,2016-07-04,09,28,32,36,37,33843000,676860,23690800
105000160,2016-07-05,09,10,17,19,25,30609900,612198,8833100
105000161,2016-07-06,08,11,31,32,34,33301050,666021,8389100
105000162,2016-07-07,09,17,19,25,27,31574650,631493,8480450
105000163,2016-07-08,24,25,26,29,32,24316650,486333,4923050
105000164,2016-07-09,10,12,17,21,27,29969850,599397,8979300
105000165,2016-07-11,08,09,11,20,35,33895750,677915,34734300
105000166,2016-07-12,05,22,30,37,39,30600850,612017,21324400
105000167,2016-07-13,01,02,05,17,25,33555150,671103,11521750
105000168,2016-07-14,01,25,29,34,39,31325850,626517,15021150
105000169,2016-07-15,07,16,25,32,33,31236250,624725,8702750
105000170,2016-07-16,09,10,17,34,39,30589600,611792,18607000
105000171,2016-07-18,06,19,25,28,38,33698200,673964,19168500
105000172,2016-07-19,11,12,21,23,38,29797650,595953,8052000
105000173,2016-07-20,01,11,15,27,33,32431150,648623,32018050
105000174,2016-07-21,02,22,30,33,36,31180650,623613,8249400
105000175,2016-07-22,02,04,10,18,30,30349350,606987,8252850
105000176,2016-07-23,02,07,09,10,12,30332300,606646,11393400
105000177,2016-07-25,08,14,22,25,27,33146100,662922,18793050
105000178,2016-07-26,01,09,10,27,39,29536400,590728,9192050
105000179,2016-07-27,02,14,21,32,34,31639200,632784,7565400
105000180,2016-07-28,02,03,09,26,31,29780050,595601,8433450
105000181,2016-07-29,03,27,32,35,39,30299000,605980,6946950
105000182,2016-07-30,11,17,19,23,29,29307050,586141,8551350
105000183,2016-08-01,05,09,22,23,38,32857500,657150,17332400
105000184,2016-08-02,05,10,22,23,31,28885050,577701,15248150
105000185,2016-08-03,11,22,25,32,36,31602750,632055,16673100
105000186,2016-08-04,12,16,19,25,31,29684150,593683,22878050
105000187,2016-08-05,03,11,24,35,36,31075050,621501,7497000
105000188,2016-08-06,01,02,03,11,34,29888900,597778,8148250
105000189,2016-08-08,03,12,30,36,37,34262050,685241,7960800
105000190,2016-08-09,05,11,19,27,29,29638400,592768,16570450
105000191,2016-08-10,14,15,28,29,30,31448300,628966,31840150
105000192,2016-08-11,02,11,14,21,34,30154700,603094,31463550
105000193,2016-08-12,04,09,18,26,34,30168800,603376,24602400
105000194,2016-08-13,04,06,12,16,39,29969400,599388,7624850
105000195,2016-08-15,16,24,29,30,36,33784800,675696,7597000
105000196,2016-08-16,02,04,20,28,32,28259300,565186,15273350
105000197,2016-08-17,11,13,18,19,39,30448650,608973,8018900
105000198,2016-08-18,20,21,24,28,39,29899900,597998,14369450
105000199,2016-08-19,04,11,13,20,35,29458750,589175,7168750
105000200,2016-08-20,01,05,17,28,32,29312650,586253,15984050
105000201,2016-08-22,04,09,15,22,27,32989200,659784,19269400
105000202,2016-08-23,05,21,24,25,27,28967250,579345,15258450
105000203,2016-08-24,01,13,35,38,39,30818650,616373,15876250
105000204,2016-08-25,01,12,13,22,29,29805100,596102,6834600
105000205,2016-08-26,07,10,18,35,36,30018500,600370,16136350
105000206,2016-08-27,02,25,28,34,35,29042600,580852,7637600
105000207,2016-08-29,10,13,17,28,36,33223900,664478,7937750
105000208,2016-08-30,08,15,16,21,26,29435600,588712,8463550
105000209,2016-08-31,08,09,17,21,37,31940400,638808,24931800
105000210,2016-09-01,05,07,11,16,26,30142850,602857,33013000
105000211,2016-09-02,04,05,06,19,30,28611200,572224,17256150
105000212,2016-09-03,08,14,18,23,30,29119500,582390,7306800
105000213,2016-09-05,08,11,28,30,33,32623900,652478,17434300
105000214,2016-09-06,04,20,30,32,35,28483550,569671,6880250
105000215,2016-09-07,02,14,15,27,37,30733250,614665,8246850
105000216,2016-09-08,02,07,26,32,37,29663850,593277,23268450
105000217,2016-09-09,11,16,18,23,30,28380500,567610,15903200
105000218,2016-09-10,11,17,25,31,37,30579700,611594,16180700
105000219,2016-09-12,06,12,21,26,29,32732500,654650,34431400
105000220,2016-09-13,04,10,26,31,32,30369050,607381,6320750
105000221,2016-09-14,11,15,16,29,38,27668300,553366,6587950
105000222,2016-09-15,07,19,21,25,35,30016000,600320,16041350
105000223,2016-09-16,06,08,12,13,29,30172100,603442,8877700
105000224,2016-09-17,02,04,12,17,22,26658350,533167,7363500
105000225,2016-09-19,07,16,18,24,35,33664100,673282,17049250
105000226,2016-09-20,04,21,25,37,39,30100100,602002,23991900
105000227,2016-09-21,05,09,11,20,29,31520750,630415,29153900
105000228,2016-09-22,04,10,17,25,31,29750200,595004,10985650
105000229,2016-09-23,05,08,09,20,24,32048200,640964,18730450
105000230,2016-09-24,04,20,25,27,33,29924700,598494,7451050
105000231,2016-09-26,10,14,20,31,32,32643950,652879,7315150
105000232,2016-09-27,07,11,12,18,38,14605150,292103,12599100
105000233,2016-09-28,10,11,14,27,38,27327100,546542,22678650
105000234,2016-09-29,06,10,12,16,23,28876400,577528,32664550
105000235,2016-09-30,18,20,32,34,35,31349850,626997,14829450
105000236,2016-10-01,03,10,12,15,19,30122200,602444,8441450
105000237,2016-10-03,04,17,19,24,30,36709050,734181,42013250
105000238,2016-10-04,12,21,28,35,39,35938150,718763,12147450
105000239,2016-10-05,09,15,22,27,32,37204300,744086,45392650
105000240,2016-10-06,01,17,25,26,35,35317650,706353,30625900
105000241,2016-10-07,06,08,15,16,19,39324250,786485,32712600
105000242,2016-10-08,07,15,22,27,37,34027850,680557,10796550
105000243,2016-10-10,16,20,31,35,38,37340600,746812,20607100
105000244,2016-10-11,08,13,26,35,36,37744300,754886,11832650
105000245,2016-10-12,02,07,21,22,35,36719750,734395,10877650
105000246,2016-10-13,04,11,17,22,24,35382700,707654,23428900
105000247,2016-10-14,02,12,15,21,22,37382900,747658,32963050
105000248,2016-10-15,07,21,22,31,32,34715050,694301,20492200
105000249,2016-10-17,09,11,27,34,39,38822400,776448,36265500
105000250,2016-10-18,07,17,22,35,39,35339450,706789,22527150
105000251,2016-10-19,03,15,17,22,27,37190100,743802,25785700
105000252,2016-10-20,05,19,25,33,37,35471650,709433,52595797
105000253,2016-10-21,03,15,28,33,34,37867200,757344,31963450
105000254,2016-10-22,13,16,31,36,37,36953850,739077,11553250
105000255,2016-10-24,08,10,19,27,31,35207000,704140,17246900
105000256,2016-10-25,03,09,12,26,29,30855700,617114,35148900
105000257,2016-10-26,01,10,25,32,34,33128350,662567,25565400
105000258,2016-10-27,16,23,27,33,39,31244650,624893,16813400
105000259,2016-10-28,12,20,28,30,32,31688950,633779,33244900
105000260,2016-10-29,11,15,19,21,28,30046650,600933,24305200
105000261,2016-10-31,01,03,13,17,31,34962750,699255,37621397
105000262,2016-11-01,02,15,22,27,32,30577300,611546,37877450
105000263,2016-11-02,17,28,29,36,38,33795850,675917,8247200
105000264,2016-11-03,03,06,09,14,39,31160750,623215,10667900
105000265,2016-11-04,31,32,34,37,38,32460250,649205,7940250
105000266,2016-11-05,03,15,18,22,38,31724250,634485,24551550
105000267,2016-11-07,10,22,30,32,34,35932300,718646,16552350
105000268,2016-11-08,04,13,17,26,36,30670600,613412,8480700
105000269,2016-11-09,01,07,12,26,32,34289000,685780,8116600
105000270,2016-11-10,03,05,09,17,35,31923000,638460,27056300
105000271,2016-11-11,05,08,13,15,20,34054600,681092,26426550
105000272,2016-11-12,10,12,15,29,32,33228650,664573,25004550
105000273,2016-11-14,02,16,19,25,29,37193350,743867,19819850
105000274,2016-11-15,13,19,28,32,37,32348650,646973,15586900
105000275,2016-11-16,05,12,23,29,33,34923300,698466,33594500
105000276,2016-11-17,06,16,23,25,26,32841400,656828,15805350
105000277,2016-11-18,01,13,20,24,33,33033000,660660,15616350
105000278,2016-11-19,05,12,16,20,37,32427600,648552,24748750
105000279,2016-11-21,08,16,17,22,30,35336800,706736,10228050
105000280,2016-11-22,04,05,20,25,34,30159150,603183,23830500
105000281,2016-11-23,02,08,16,20,29,31493900,629878,16602100
105000282,2016-11-24,10,16,20,25,38,31942350,638847,9125050
105000283,2016-11-25,07,12,17,22,31,33097600,661952,18623600
105000284,2016-11-26,01,12,24,34,37,31317750,626355,7929900
105000285,2016-11-28,08,09,18,19,36,34796400,695928,35899400
105000286,2016-11-29,05,12,17,19,34,31517050,630341,18457450
105000287,2016-11-30,04,14,22,25,33,34724100,694482,10390150
105000288,2016-12-01,01,04,07,14,30,31954850,639097,16428300
105000289,2016-12-02,16,17,32,33,36,32751500,655030,31520750
105000290,2016-12-03,07,09,16,20,22,31571050,631421,25548850
105000291,2016-12-05,07,08,13,21,39,37000250,740005,12101950
105000292,2016-12-06,06,12,21,24,32,32702700,654054,10627150
105000293,2016-12-07,07,12,17,18,31,35660950,713219,10702350
105000294,2016-12-08,01,07,09,13,16,33387850,667757,16899200
105000295,2016-12-09,05,22,24,32,33,34484700,689694,25120050
105000296,2016-12-10,01,08,26,37,38,32530000,650600,7887350
105000297,2016-12-12,02,08,18,22,39,37246850,744937,25163750
105000298,2016-12-13,02,06,17,20,38,32832550,656651,8476200
105000299,2016-12-14,08,15,34,36,37,34607350,692147,16362300
105000300,2016-12-15,17,19,20,25,35,31092900,621858,17622150
105000301,2016-12-16,02,10,13,20,39,32819600,656392,23472200
105000302,2016-12-17,01,06,08,15,20,32763050,655261,9087650
105000303,2016-12-19,02,12,17,23,33,36271000,725420,19267350
105000304,2016-12-20,11,15,18,28,34,32454850,649097,32994200
105000305,2016-12-21,02,03,08,19,27,35250200,705004,34565150
105000306,2016-12-22,07,18,22,24,30,32711950,654239,9237450
105000307,2016-12-23,06,08,20,32,37,33581800,671636,10019000
105000308,2016-12-24,09,11,15,17,18,33954200,679084,18141800
105000309,2016-12-26,03,06,07,29,30,36912450,738249,25779300
105000310,2016-12-27,16,19,28,30,31,31171250,623425,8340000
105000311,2016-12-28,09,12,18,20,26,31631100,632622,26191150
105000312,2016-12-29,15,25,30,37,39,32685250,653705,8463650
105000313,2016-12-30,11,13,29,36,38,34273400,685468,33948750
105000314,2016-12-31,14,18,21,26,34,35856400,717128,9148950
106000001,2017-01-02,06,10,14,15,22,36098600,721972,25743800
106000002,2017-01-03,02,08,13,21,29,32213350,644267,25151800
106000003,2017-01-04,07,09,11,22,37,35708900,714178,37028500
106000004,2017-01-05,24,25,26,27,33,34259450,685189,18163600
106000005,2017-01-06,02,06,11,12,38,35261100,705222,18270050
106000006,2017-01-07,08,12,14,18,35,34524450,690489,17430350
106000007,2017-01-09,09,16,24,27,30,38586250,771725,34276150
106000008,2017-01-10,04,09,20,31,33,34395350,687907,16672500
106000009,2017-01-11,07,09,10,15,24,36616000,732320,34965400
106000010,2017-01-12,11,20,22,31,34,34682300,693646,16821400
106000011,2017-01-13,04,18,22,24,34,33766250,675325,7274600
106000012,2017-01-14,05,06,07,14,27,34476850,689537,19456550
106000013,2017-01-16,04,05,23,30,33,38303750,766075,8830700
106000014,2017-01-17,16,18,19,28,33,33967800,679356,8332650
106000015,2017-01-18,09,20,21,36,37,37159600,743192,19834600
106000016,2017-01-19,02,11,17,26,29,35007050,700141,36878500
106000017,2017-01-20,08,11,26,35,36,34951400,699028,8126450
106000018,2017-01-21,08,15,17,21,33,34771700,695434,9406800
106000019,2017-01-23,04,13,26,30,37,38749800,774996,33745850
106000020,2017-01-24,26,28,31,33,34,33743800,674876,15819850
106000021,2017-01-25,07,08,18,26,29,37605150,752103,18932300
106000022,2017-01-26,05,23,29,31,36,37956400,759128,9190450
106000023,2017-01-27,01,03,06,12,37,41286700,825734,38001300
106000024,2017-01-28,07,08,10,29,39,42905550,858111,12884200
106000025,2017-01-30,04,08,11,22,37,50043350,1000867,31934950
106000026,2017-01-31,01,06,08,09,18,42836500,856730,38231750
106000027,2017-02-01,07,13,15,17,25,42724500,854490,38263900
106000028,2017-02-02,04,05,20,30,32,44376500,887530,29971150
106000029,2017-02-03,18,19,25,27,36,41409450,828189,27267150
106000030,2017-02-04,03,07,08,09,35,44385100,887702,23767800
106000031,2017-02-06,10,24,26,29,36,46833150,936663,12393100
106000032,2017-02-07,01,08,11,24,34,37295100,745902,10013100
106000033,2017-02-08,06,08,24,38,39,41846700,836934,11429350
106000034,2017-02-09,02,03,17,29,38,36467300,729346,17284300
106000035,2017-02-10,05,17,22,27,32,36771000,735420,11838400
106000036,2017-02-11,02,15,17,20,25,38613050,772261,38337350
106000037,2017-02-13,05,08,15,20,21,43288450,865769,20891950
106000038,2017-02-14,01,07,09,14,20,36814700,736294,10670850
106000039,2017-02-15,18,20,26,27,32,41149500,822990,8966950
106000040,2017-02-16,02,03,16,23,34,37923650,758473,19496950
106000041,2017-02-17,02,08,10,18,31,37793150,755863,18294500
106000042,2017-02-18,04,06,09,16,37,38597500,771950,28337150
106000043,2017-02-20,02,15,23,29,34,42299500,845990,18482650
106000044,2017-02-21,12,16,25,26,28,35241750,704835,18699900
106000045,2017-02-22,07,17,23,30,37,36279750,725595,18072250
106000046,2017-02-23,04,06,12,14,38,35020400,700408,24963550
106000047,2017-02-24,06,28,31,33,35,34172550,683451,8222100
106000048,2017-02-25,07,14,17,24,38,33887700,677754,23709600
106000049,2017-02-27,04,25,27,34,37,41690500,833810,31685700
106000050,2017-02-28,04,12,14,16,17,34456100,689122,17162600
106000051,2017-03-01,01,09,20,34,35,39352800,787056,17677000
106000052,2017-03-02,13,20,29,32,36,36062000,721240,17482150
106000053,2017-03-03,07,09,19,21,22,37221400,744428,27380100
106000054,2017-03-04,10,11,24,28,29,37103450,742069,34591550
106000055,2017-03-06,10,11,12,13,28,41014450,820289,19528350
106000056,2017-03-07,03,09,11,33,34,32812700,656254,24843150
106000057,2017-03-08,07,08,19,24,28,36183100,723662,19521650
106000058,2017-03-09,02,06,23,26,38,35573500,711470,36297000
106000059,2017-03-10,08,10,12,30,34,34734950,694699,18878100
106000060,2017-03-11,01,18,25,27,32,36699400,733988,21104350
106000061,2017-03-13,05,12,23,28,33,40515800,810316,13720300
106000062,2017-03-14,04,12,22,29,35,34728500,694570,18800700
106000063,2017-03-15,17,21,31,33,35,38145200,762904,8769600
106000064,2017-03-16,02,04,32,34,37,33776200,675524,25718800
106000065,2017-03-17,01,08,14,15,38,36568400,731368,11619200
106000066,2017-03-18,05,07,10,25,38,35736850,714737,11211750
106000067,2017-03-20,01,18,27,29,39,39935700,798714,27495050
106000068,2017-03-21,06,24,31,34,36,34210300,684206,9229400
106000069,2017-03-22,03,06,08,09,27,37470750,749415,12925900
106000070,2017-03-23,10,26,29,36,39,34625600,692512,10771300
106000071,2017-03-24,06,11,15,32,35,35700900,714018,25239250
106000072,2017-03-25,08,27,30,35,38,32074600,641492,7683300
106000073,2017-03-27,02,11,15,19,27,37799950,755999,17895400
106000074,2017-03-28,04,13,16,27,38,33643600,672872,32263000
106000075,2017-03-29,05,08,19,23,24,35559850,711197,26480150
106000076,2017-03-30,03,04,20,30,39,33436900,668738,28155300
106000077,2017-03-31,17,18,19,22,39,32331950,646639,32409850
106000078,2017-04-01,05,07,21,24,27,33212600,664252,25472450
106000079,2017-04-03,08,19,21,23,35,35830800,716616,17297700
106000080,2017-04-04,25,26,27,29,36,30688500,613770,24598150
106000081,2017-04-05,12,15,19,20,30,36371500,727430,34714000
106000082,2017-04-06,06,09,21,35,36,34849550,696991,17704750
106000083,2017-04-07,07,20,23,25,32,35463950,709279,17423150
106000084,2017-04-08,16,21,26,36,39,33998150,679963,24186800
106000085,2017-04-10,15,22,23,27,32,39049300,780986,22771700
106000086,2017-04-11,15,21,25,38,39,33793500,675870,15612850
106000087,2017-04-12,03,23,25,27,34,35847950,716959,24754600
106000088,2017-04-13,10,29,30,35,38,33340250,666805,16102650
106000089,2017-04-14,02,19,21,32,36,35478500,709570,17333950
106000090,2017-04-15,15,19,22,24,28,33749400,674988,25040950
106000091,2017-04-17,10,11,14,26,31,37430950,748619,9958000
106000092,2017-04-18,09,18,23,30,34,33117850,662357,18553300
106000093,2017-04-19,04,09,11,22,35,35049250,700985,17684650
106000094,2017-04-20,17,21,35,36,37,33631950,672639,17462050
106000095,2017-04-21,15,19,23,30,34,32404800,648096,35937900
106000096,2017-04-22,01,11,16,35,38,30388800,607776,7819300
106000097,2017-04-24,03,29,34,35,39,37438800,748776,7739650
106000098,2017-04-25,01,09,12,16,31,33210950,664219,16836200
106000099,2017-04-26,03,13,18,34,35,33771850,675437,8032050
106000100,2017-04-27,06,08,11,26,38,29197050,583941,8728700
106000101,2017-04-28,15,16,22,32,35,33691500,673830,17240350
106000102,2017-04-29,11,16,22,31,33,32035200,640704,17353650
106000103,2017-05-01,16,24,31,33,36,35220500,704410,23279700
106000104,2017-05-02,04,11,16,19,33,31630250,632605,8534150
106000105,2017-05-03,07,18,22,26,35,33617400,672348,26154500
106000106,2017-05-04,11,16,22,23,38,31648100,632962,12650550
106000107,2017-05-05,04,11,14,20,21,33611850,672237,8761150
106000108,2017-05-06,05,07,16,35,36,32372800,647456,25981250
106000109,2017-05-08,22,24,35,36,38,36469350,729387,25724950
106000110,2017-05-09,02,08,19,27,33,32781950,655639,26828000
106000111,2017-05-10,05,06,27,34,39,34951050,699021,16990300
106000112,2017-05-11,04,07,26,27,33,32065400,641308,8680850
106000113,2017-05-12,02,07,15,38,39,33003200,660064,7863200
106000114,2017-05-13,06,13,14,22,38,31845550,636911,32271250
106000115,2017-05-15,02,09,16,25,34,34302850,686057,26320800
106000116,2017-05-16,04,11,13,23,31,27887100,557742,7882150
106000117,2017-05-17,15,17,28,29,30,35726000,714520,31272800
106000118,2017-05-18,05,07,12,32,36,31887750,637755,37724400
106000119,2017-05-19,06,09,10,24,25,31643850,632877,27275650
106000120,2017-05-20,10,17,20,22,29,32310050,646201,16978900
106000121,2017-05-22,02,03,12,16,27,35889050,717781,34578550
106000122,2017-05-23,08,12,25,27,31,31915150,638303,24614750
106000123,2017-05-24,07,09,21,25,36,32159200,643184,32910000
106000124,2017-05-25,02,05,30,36,37,31915650,638313,7958950
106000125,2017-05-26,04,11,25,27,32,34963950,699279,18380250
106000126,2017-05-27,09,25,31,33,34,32543800,650876,32378050
106000127,2017-05-29,22,26,30,36,38,35506000,710120,9262050
106000128,2017-05-30,10,11,20,35,39,37830050,756601,12184050
106000129,2017-05-31,01,05,08,28,33,38560850,771217,24281300
106000130,2017-06-01,06,10,14,17,34,35351000,707020,10471800
106000131,2017-06-02,03,05,07,22,26,33238950,664779,9894050
106000132,2017-06-03,06,14,19,25,39,31331500,626630,37592250
106000133,2017-06-05,01,16,19,26,28,39943550,798871,38892200
106000134,2017-06-06,08,23,25,29,33,35640050,712801,9225750
106000135,2017-06-07,15,19,29,30,33,36467600,729352,17421950
106000136,2017-06-08,12,14,19,23,26,34520100,690402,17923450
106000137,2017-06-09,04,07,31,38,39,36418300,728366,8953000
106000138,2017-06-10,14,16,26,27,28,34911850,698237,39336300
106000139,2017-06-12,06,11,12,19,22,38115500,762310,23657900
106000140,2017-06-13,01,02,09,20,22,31637600,632752,26928200
106000141,2017-06-14,03,06,25,30,37,29060000,581200,7661800
106000142,2017-06-15,02,11,16,25,38,28120100,562402,16037300
106000143,2017-06-16,17,28,31,34,37,30987400,619748,25222100
106000144,2017-06-17,04,15,17,26,39,28389700,567794,16544650
106000145,2017-06-19,13,31,33,34,39,35755150,715103,16207800
106000146,2017-06-20,14,16,21,35,39,33734000,674680,7491650
106000147,2017-06-21,04,10,18,20,26,33677500,673550,17776250
106000148,2017-06-22,03,22,24,26,32,31728400,634568,8882950
106000149,2017-06-23,04,06,07,19,29,32083350,641667,9359950
106000150,2017-06-24,05,07,19,27,31,31052600,621052,8690000
106000151,2017-06-26,04,05,19,23,26,34291950,685839,9505350
106000152,2017-06-27,12,14,17,19,21,30146150,602923,7634400
106000153,2017-06-28,02,13,34,36,37,32972050,659441,17475000
106000154,2017-06-29,18,21,25,27,31,30426850,608537,31244700
106000155,2017-06-30,05,11,28,30,35,30639500,612790,35987600
106000156,2017-07-01,07,08,15,21,25,29658550,593171,18132500
106000157,2017-07-03,11,17,20,32,36,34063400,681268,17388050
106000158,2017-07-04,12,15,19,29,36,29066250,581325,23088450
106000159,2017-07-05,08,10,12,32,34,33916200,678324,16299800
106000160,2017-07-06,03,16,21,26,36,30881800,617636,8454450
106000161,2017-07-07,02,15,16,18,25,30655300,613106,15129850
106000162,2017-07-08,04,09,14,22,26,30736500,614730,10763150
106000163,2017-07-10,04,13,19,20,24,35483600,709672,24744500
106000164,2017-07-11,05,14,20,25,36,31596850,631937,8713650
106000165,2017-07-12,03,05,29,36,37,33525650,670513,7733950
106000166,2017-07-13,07,14,21,35,37,31046050,620921,18987100
106000167,2017-07-14,15,16,23,28,32,32046300,640926,18956300
106000168,2017-07-15,02,05,14,32,33,31163500,623270,15321050
106000169,2017-07-17,08,10,14,23,36,35025300,700506,17051150
106000170,2017-07-18,01,09,33,37,39,30179450,603589,17534950
106000171,2017-07-19,04,20,22,29,33,32393450,647869,16398400
106000172,2017-07-20,06,10,15,23,30,30755700,615114,9285550
106000173,2017-07-21,02,05,22,31,37,31292650,625853,16515450
106000174,2017-07-22,09,11,24,30,34,30367650,607353,8611650
106000175,2017-07-24,02,16,19,24,27,33725350,674507,8571200
106000176,2017-07-25,09,24,27,28,29,29848600,596972,15466850
106000177,2017-07-26,11,20,27,29,37,31251150,625023,15107850
106000178,2017-07-27,03,14,20,34,38,30065750,601315,6810150
106000179,2017-07-28,16,25,35,37,38,30490300,609806,7274250
106000180,2017-07-29,05,18,30,33,36,27543400,550868,9082500
106000181,2017-07-31,08,13,17,35,37,32150600,643012,16774150
106000182,2017-08-01,11,13,16,17,21,30137500,602750,7119450
106000183,2017-08-02,13,15,17,18,21,32610200,652204,17405850
106000184,2017-08-03,27,30,32,35,38,30880500,617610,7225150
106000185,2017-08-04,08,14,20,33,38,31497250,629945,16242300
106000186,2017-08-05,05,10,18,26,28,30788400,615768,10810950
106000187,2017-08-07,03,10,12,13,38,34963200,699264,16351650
106000188,2017-08-08,04,08,17,29,36,30935200,618704,17491800
106000189,2017-08-09,09,12,29,30,32,32438050,648761,8361650
106000190,2017-08-10,12,14,23,26,36,31713350,634267,24563450
106000191,2017-08-11,02,03,10,20,30,31639050,632781,37565040
106000192,2017-08-12,02,20,23,28,30,30845050,616901,7960300
106000193,2017-08-14,14,18,25,26,32,35278750,705575,10031850
106000194,2017-08-15,04,13,17,33,39,29239050,584781,23921500
106000195,2017-08-16,02,04,07,18,36,32539550,650791,16144450
106000196,2017-08-17,01,08,15,20,37,31619800,632396,36069250
106000197,2017-08-18,06,08,16,28,29,31316500,626330,9360100
106000198,2017-08-19,09,13,23,29,34,30154000,603080,15903000
106000199,2017-08-21,08,12,15,35,36,35372350,707447,26083600
106000200,2017-08-22,07,24,31,34,35,28860800,577216,15250900
106000201,2017-08-23,26,30,31,32,38,31425500,628510,7251950
106000202,2017-08-24,19,27,29,31,32,32455300,649106,16008600
106000203,2017-08-25,11,16,27,33,36,31586400,631728,17175700
106000204,2017-08-26,06,09,12,25,35,30349900,606998,8966300
106000205,2017-08-28,07,11,14,32,34,37135450,742709,10445100
106000206,2017-08-29,03,21,22,30,38,29775000,595500,16141100
106000207,2017-08-30,12,17,21,30,38,32413150,648263,8131400
106000208,2017-08-31,01,08,12,38,39,34774250,695485,17772850
106000209,2017-09-01,05,15,19,23,24,30972150,619443,19568050
106000210,2017-09-02,04,10,18,19,37,29969350,599387,32043700
106000211,2017-09-04,05,21,27,29,34,35568250,711365,25319950
106000212,2017-09-05,05,06,07,36,38,31930900,638618,17237400
106000213,2017-09-06,05,08,28,33,35,35068700,701374,19917400
106000214,2017-09-07,12,13,27,30,31,33268850,665377,18154800
106000215,2017-09-08,05,10,15,33,36,33610900,672218,32754950
106000216,2017-09-09,05,19,24,25,31,33489800,669796,7491200
106000217,2017-09-11,01,03,26,28,37,37772800,755456,10141650
106000218,2017-09-12,09,10,17,22,26,32312100,646242,25427450
106000219,2017-09-13,11,28,30,31,39,33933400,678668,24688900
106000220,2017-09-14,16,17,21,30,32,32833300,656666,7715850
106000221,2017-09-15,04,07,12,28,35,34021550,680431,11875900
106000222,2017-09-16,02,04,21,28,35,33160100,663202,23710250
106000223,2017-09-18,03,25,32,33,34,36236350,724727,24560000
106000224,2017-09-19,04,06,07,08,31,31809050,636181,25582650
106000225,2017-09-20,07,19,25,37,38,34370450,687409,25330800
106000226,2017-09-21,04,05,08,10,37,32553900,651078,10548600
106000227,2017-09-22,04,10,12,16,21,32706450,654129,8881600
106000228,2017-09-23,06,07,18,32,37,31480100,629602,31484500
106000229,2017-09-25,03,08,18,27,36,35065300,701306,26088000
106000230,2017-09-26,02,15,24,25,30,30992400,619848,8449550
106000231,2017-09-27,10,29,30,31,35,33132350,662647,32286950
106000232,2017-09-28,04,23,26,32,33,31365900,627318,25546650
106000233,2017-09-29,02,04,08,13,23,31744100,634882,7990650
106000234,2017-09-30,01,04,06,27,38,32332650,646653,16216500
106000235,2017-10-02,08,15,18,19,25,34603900,692078,27942200
106000236,2017-10-03,11,14,16,21,30,39499750,789995,21756100
106000237,2017-10-04,06,11,17,26,32,40747500,814950,20807850
106000238,2017-10-05,17,19,21,24,37,37911300,758226,8843300
106000239,2017-10-06,03,11,28,29,33,39113350,782267,11138050
106000240,2017-10-07,05,20,26,29,34,37108750,742175,11191950
106000241,2017-10-09,05,07,10,14,15,38654450,773089,42396897
106000242,2017-10-10,13,21,28,37,38,35051800,701036,18718950
106000243,2017-10-11,08,17,19,20,30,37258700,745174,12377050
106000244,2017-10-12,23,26,28,32,36,34754200,695084,41142350
106000245,2017-10-13,07,15,24,34,37,34105900,682118,29001200
106000246,2017-10-14,02,13,35,36,39,33580750,671615,18648800
106000247,2017-10-16,22,28,30,35,38,40933200,818664,10677150
106000248,2017-10-17,06,24,31,32,35,34816000,696320,23492550
106000249,2017-10-18,06,09,18,31,32,33976950,679539,8710800
106000250,2017-10-19,16,20,28,33,34,31593200,631864,16586950
106000251,2017-10-20,02,07,16,29,33,33173700,663474,15790550
106000252,2017-10-21,12,17,26,27,34,32292500,645850,26160700
106000253,2017-10-23,03,11,25,30,36,35961450,719229,37913600
106000254,2017-10-24,08,14,15,20,25,31878650,637573,8860200
106000255,2017-10-25,03,17,23,27,31,34265200,685304,16219500
106000256,2017-10-26,13,17,18,27,35,31931200,638624,23864800
106000257,2017-10-27,02,03,07,19,22,32990850,659817,17095750
106000258,2017-10-28,02,10,12,14,21,31631200,632624,17715900
106000259,2017-10-30,02,15,21,31,36,35054650,701093,7735650
106000260,2017-10-31,01,03,05,09,37,31838500,636770,21548850
106000261,2017-11-01,01,13,18,35,38,33744900,674898,32943600
106000262,2017-11-02,02,05,10,19,38,31560550,631211,8849250
106000263,2017-11-03,04,12,13,28,36,32539850,650797,25715300
106000264,2017-11-04,04,06,11,22,28,31876400,637528,35877050
106000265,2017-11-06,17,20,23,24,28,36719500,734390,24744350
106000266,2017-11-07,03,06,13,25,29,32493950,649879,17155250
106000267,2017-11-08,05,13,19,20,21,33983850,679677,9081050
106000268,2017-11-09,02,14,18,31,37,32624550,652491,9168300
106000269,2017-11-10,09,16,19,22,29,34262600,685252,9863750
106000270,2017-11-11,09,21,24,28,32,32953900,659078,15982450
106000271,2017-11-13,02,05,08,14,25,34699300,693986,27978650
106000272,2017-11-14,01,02,14,20,37,32194550,643891,8014900
106000273,2017-11-15,02,11,15,26,33,34505250,690105,11396600
106000274,2017-11-16,08,26,31,33,38,33027100,660542,23340600
106000275,2017-11-17,05,11,12,24,29,32909050,658181,10184400
106000276,2017-11-18,13,14,20,29,34,30889550,617791,7056100
106000277,2017-11-20,17,24,27,30,34,34884800,697696,17343150
106000278,2017-11-21,01,06,07,18,36,31451250,629025,25211200
106000279,2017-11-22,17,21,24,30,33,32590800,651816,6671500
106000280,2017-11-23,04,17,22,26,27,32338500,646770,32512700
106000281,2017-11-24,07,11,22,26,37,32828750,656575,17648700
106000282,2017-11-25,08,09,22,31,36,30660400,613208,7291300
106000283,2017-11-27,01,05,23,35,38,36187450,723749,20286350
106000284,2017-11-28,05,16,21,24,25,31804850,636097,7973100
106000285,2017-11-29,04,13,14,16,29,33913350,678267,17012150
106000286,2017-11-30,01,22,30,31,39,33266000,665320,16619000
106000287,2017-12-01,11,21,23,24,25,32406900,648138,16502500
106000288,2017-12-02,03,05,17,23,37,31597100,631942,25144700
106000289,2017-12-04,08,17,18,24,39,37522000,750440,18446850
106000290,2017-12-05,02,20,21,29,34,31636200,632724,8760700
106000291,2017-12-06,04,19,20,28,34,33698900,673978,17494600
106000292,2017-12-07,06,08,10,19,38,34014400,680288,11306600
106000293,2017-12-08,04,05,10,22,30,33069000,661380,18803850
106000294,2017-12-09,09,17,34,35,39,32280200,645604,8520700
106000295,2017-12-11,16,17,18,28,34,39338100,786762,9670950
106000296,2017-12-12,06,09,21,23,39,30733500,614670,15710850
106000297,2017-12-13,11,12,21,22,33,34871050,697421,39552689
106000298,2017-12-14,08,19,25,26,38,34448050,688961,35518400
106000299,2017-12-15,14,27,30,36,37,34844100,696882,27348600
106000300,2017-12-16,14,19,29,30,37,31739850,634797,6754900
106000301,2017-12-18,01,03,07,18,34,36547200,730944,21037650
106000302,2017-12-19,04,08,11,25,27,31519250,630385,36293800
106000303,2017-12-20,07,10,18,34,38,35128900,702578,8349550
106000304,2017-12-21,03,18,24,28,32,33022350,660447,16782750
106000305,2017-12-22,01,06,14,29,34,34468600,689372,16595750
106000306,2017-12-23,15,19,21,24,30,33691200,673824,17828350
106000307,2017-12-25,05,11,21,33,38,37429700,748594,26633400
106000308,2017-12-26,07,11,17,18,35,33134050,662681,8666500
106000309,2017-12-27,03,30,34,35,37,35561950,711239,8233050
106000310,2017-12-28,07,10,20,33,39,33438250,668765,33044250
106000311,2017-12-29,04,08,10,15,30,34928550,698571,19035500
106000312,2017-12-30,05,18,20,35,36,34410900,688218,25783100
107000001,2018-01-01,01,14,18,19,24,36997250,739945,10327800
107000002,2018-01-02,02,07,09,12,39,33995900,679918,19078750
107000003,2018-01-03,02,03,06,10,18,36484450,729689,27448600
107000004,2018-01-04,10,14,21,25,26,33792300,675846,7767850
107000005,2018-01-05,04,08,12,17,30,35685550,713711,29428050
107000006,2018-01-06,04,07,13,31,39,31952800,639056,33495650
107000007,2018-01-08,02,22,28,32,34,34970950,699419,18304700
107000008,2018-01-09,01,23,26,28,36,31187150,623743,7717250
107000009,2018-01-10,02,06,07,13,32,36756750,735135,7805550
107000010,2018-01-11,03,07,11,12,29,33893250,677865,34559950
107000011,2018-01-12,01,06,11,16,37,34790800,695816,16575550
107000012,2018-01-13,06,09,13,27,34,34239700,684794,27288600
107000013,2018-01-15,05,06,09,15,36,39493700,789874,36023700
107000014,2018-01-16,07,12,13,15,23,34745850,694917,9588850
107000015,2018-01-17,07,09,12,25,26,37373500,747470,27224750
107000016,2018-01-18,08,23,29,35,37,35686000,713720,25829400
107000017,2018-01-19,03,05,14,15,20,34923250,698465,25776250
107000018,2018-01-20,12,23,25,26,28,34793800,695876,18052800
107000019,2018-01-22,14,23,32,34,35,39039350,780787,26138150
107000020,2018-01-23,01,04,07,29,33,34087050,681741,26115250
107000021,2018-01-24,23,27,30,36,37,36524750,730495,32637400
107000022,2018-01-25,06,07,14,22,36,33976600,679532,16042450
107000023,2018-01-26,02,17,19,24,27,34083500,681670,38110450
107000024,2018-01-27,03,23,29,34,39,34581100,691622,17949200
107000025,2018-01-29,19,22,24,31,37,35417650,708353,8649750
107000026,2018-01-30,08,10,15,17,31,32206800,644136,24987000
107000027,2018-01-31,01,02,13,22,39,34756050,695121,8749350
107000028,2018-02-01,13,15,20,22,37,33297650,665953,15561650
107000029,2018-02-02,01,10,13,16,20,33505600,670112,16386750
107000030,2018-02-03,12,21,24,31,34,30894250,617885,32808200
107000031,2018-02-05,05,17,22,23,24,35559650,711193,34083550
107000032,2018-02-06,10,12,17,24,35,34374350,687487,16530500
107000033,2018-02-07,03,25,26,30,31,33615600,672312,16492900
107000034,2018-02-08,01,05,24,30,34,33916850,678337,7771350
107000035,2018-02-09,05,07,31,32,39,35526100,710522,7901950
107000036,2018-02-10,14,17,19,21,39,36242150,724843,16452050
107000037,2018-02-12,04,11,14,16,28,41719750,834395,39075150
107000038,2018-02-13,10,19,20,23,33,37392950,747859,18023050
107000039,2018-02-14,02,07,12,17,39,41505050,830101,36829850
107000040,2018-02-15,02,05,11,18,28,44039700,880794,37357700
107000041,2018-02-16,01,02,08,18,31,48730100,974602,29938500
107000042,2018-02-17,01,03,13,24,38,46531250,930625,21904800
107000043,2018-02-19,07,13,25,33,38,59598550,1191971,40728350
107000044,2018-02-20,02,06,08,23,36,50006300,1000126,23926550
107000045,2018-02-21,03,13,27,28,34,51687350,1033747,20968850
107000046,2018-02-22,01,06,14,18,24,38812500,776250,18838850
107000047,2018-02-23,02,05,15,17,31,43829050,876581,40498700
107000048,2018-02-24,04,09,25,26,32,45376250,907525,26011250
107000049,2018-02-26,07,12,33,35,37,47597050,951941,21452000
107000050,2018-02-27,09,12,14,17,32,40448950,808979,17826050
107000051,2018-02-28,02,14,25,31,36,39808550,796171,33183850
107000052,2018-03-01,04,08,20,31,39,39252600,785052,18113350
107000053,2018-03-02,10,22,25,27,37,40506550,810131,18803200
107000054,2018-03-03,05,14,16,27,36,39221800,784436,10135000
107000055,2018-03-05,15,24,27,30,35,42371300,847426,19103100
107000056,2018-03-06,11,14,24,27,32,36834150,736683,15743200
107000057,2018-03-07,01,08,15,32,39,39110250,782205,16627900
107000058,2018-03-08,10,15,24,29,38,32335050,646701,8085000
107000059,2018-03-09,01,13,18,25,29,36823400,736468,8959850
107000060,2018-03-10,06,07,11,14,27,36475400,729508,34945550
107000061,2018-03-12,01,02,08,33,35,41447250,828945,18703200
107000062,2018-03-13,04,06,09,33,36,35417900,708358,8979800
107000063,2018-03-14,02,21,25,30,31,37782550,755651,32552747
107000064,2018-03-15,02,04,22,30,32,32909150,658183,8789850
107000065,2018-03-16,02,15,16,28,37,35941600,718832,10320150
107000066,2018-03-17,08,14,26,36,39,35474900,709498,9680250
107000067,2018-03-19,07,16,19,36,37,39688800,793776,17111200
107000068,2018-03-20,07,08,25,29,32,31549100,630982,16501050
107000069,2018-03-21,05,08,22,26,36,35581950,711639,17750600
107000070,2018-03-22,04,06,11,31,36,33773000,675460,8204400
107000071,2018-03-23,06,21,33,34,38,34788600,695772,24460000
107000072,2018-03-24,02,14,17,23,24,33151950,663039,29326650
107000073,2018-03-26,02,07,23,32,39,38108350,762167,25994700
107000074,2018-03-27,01,06,14,35,38,33671550,673431,15558200
107000075,2018-03-28,15,23,25,30,36,35692550,713851,18231900
107000076,2018-03-29,13,19,23,28,31,33655750,673115,25105900
107000077,2018-03-30,09,14,21,32,33,34273400,685468,10621100
107000078,2018-03-31,04,09,19,27,28,35377600,707552,16899000
107000079,2018-04-02,08,14,18,23,32,37865000,757300,36899700
107000080,2018-04-03,06,08,10,21,32,34220250,684405,16458650
107000081,2018-04-04,07,20,23,26,38,33835250,676705,9331600
107000082,2018-04-05,12,16,27,31,37,31155500,623110,25499500
107000083,2018-04-06,01,15,21,35,38,31299050,625981,6561750
107000084,2018-04-07,05,06,07,10,20,32694450,653889,27739100
107000085,2018-04-09,12,27,32,34,36,38069550,761391,24966900
107000086,2018-04-10,07,13,25,28,32,33798150,675963,32840950
107000087,2018-04-11,08,16,27,29,30,35956550,719131,10454200
107000088,2018-04-12,03,10,14,20,23,32456950,649139,10250950
107000089,2018-04-13,02,08,22,27,39,34421700,688434,17330650
107000090,2018-04-14,09,22,32,34,39,33393400,667868,7609550
107000091,2018-04-16,05,07,08,21,22,37191500,743830,19517100
107000092,2018-04-17,01,07,13,30,32,32429150,648583,8061350
107000093,2018-04-18,12,16,29,30,39,35176050,703521,7974500
107000094,2018-04-19,01,06,18,21,39,32245350,644907,15324400
107000095,2018-04-20,12,23,24,25,39,33825650,676513,7957400
107000096,2018-04-21,04,12,13,15,37,32871500,657430,8169100
107000097,2018-04-23,04,10,16,36,38,30484550,609691,15227200
107000098,2018-04-24,03,05,11,18,19,28326350,566527,18902000
107000099,2018-04-25,04,07,10,15,26,31158300,623166,33297500
107000100,2018-04-26,03,04,06,36,39,29420550,588411,23580100
107000101,2018-04-27,10,17,29,31,37,30804350,616087,15677400
107000102,2018-04-28,01,05,13,22,28,29124250,582485,17881600
107000103,2018-04-30,01,15,21,26,32,33598900,671978,15912200
107000104,2018-05-01,02,15,35,36,38,28939550,578791,31371050
107000105,2018-05-02,05,19,27,35,38,30459850,609197,7504200
107000106,2018-05-03,12,19,25,28,33,28842550,576851,24703500
107000107,2018-05-04,02,03,04,24,39,31156650,623133,8682350
107000108,2018-05-05,08,15,20,21,35,29297150,585943,9029750
107000109,2018-05-07,02,07,16,18,37,32772450,655449,9363900
107000110,2018-05-08,11,26,32,34,39,29930550,598611,7819200
107000111,2018-05-09,02,14,19,20,29,30372550,607451,16035100
107000112,2018-05-10,03,16,19,20,25,29581350,591627,6404350
107000113,2018-05-11,04,22,25,31,32,31132250,622645,15267050
107000114,2018-05-12,13,26,33,34,38,29392500,587850,7625150
107000115,2018-05-14,12,20,23,33,39,31927550,638551,7910900
107000116,2018-05-15,04,06,18,24,31,29574250,591485,15911050
107000117,2018-05-16,15,17,27,28,30,29618350,592367,38579100
107000118,2018-05-17,05,15,24,28,35,28234300,564686,7343600
107000119,2018-05-18,09,12,16,29,35,30600000,612000,8688150
107000120,2018-05-19,17,24,25,34,36,28067800,561356,15580400
107000121,2018-05-21,20,21,23,29,30,31154650,623093,7406200
107000122,2018-05-22,05,08,18,29,31,29439650,588793,8628900
107000123,2018-05-23,08,14,24,30,35,29306500,586130,14547150
107000124,2018-05-24,03,08,16,19,21,27447700,548954,6962400
107000125,2018-05-25,03,04,13,23,30,30551750,611035,8176200
107000126,2018-05-26,05,16,23,24,33,26708350,534167,22999350
107000127,2018-05-28,03,05,07,16,37,29769600,595392,25305600
107000128,2018-05-29,15,20,25,27,30,28784200,575684,25234250
107000129,2018-05-30,05,16,25,29,34,29149400,582988,23611400
107000130,2018-05-31,15,19,24,25,39,28306900,566138,7036200
107000131,2018-06-01,11,16,21,34,38,30037950,600759,7342250
107000132,2018-06-02,09,10,24,34,38,28429850,568597,14294700
107000133,2018-06-04,06,18,23,31,37,31283900,625678,33342650
107000134,2018-06-05,02,10,15,23,24,28513100,570262,15207650
107000135,2018-06-06,04,15,22,30,34,30007150,600143,32293600
107000136,2018-06-07,02,05,11,14,22,28737800,574756,16985150
107000137,2018-06-08,20,22,26,31,36,30074950,601499,6677500
107000138,2018-06-09,05,16,18,30,33,28198350,563967,23759100
107000139,2018-06-11,01,10,20,36,37,31898000,637960,8576000
107000140,2018-06-12,18,21,23,31,36,28652950,573059,6723550
107000141,2018-06-13,02,05,19,22,26,30383750,607675,25058800
107000142,2018-06-14,01,14,17,27,29,27067400,541348,8093400
107000143,2018-06-15,09,10,16,27,37,29026950,580539,7345550
107000144,2018-06-16,19,20,26,31,34,28711750,574235,22941450
107000145,2018-06-18,04,08,16,33,36,29232350,584647,7942200
107000146,2018-06-19,04,10,12,28,30,26578550,531571,7683650
107000147,2018-06-20,01,16,28,31,33,29818750,596375,6713250
107000148,2018-06-21,10,13,24,26,37,27860550,557211,16156450
107000149,2018-06-22,09,13,14,17,20,29052950,581059,14928650
107000150,2018-06-23,06,19,20,29,37,28317950,566359,6416550
107000151,2018-06-25,06,22,30,37,38,30750550,615011,7010050
107000152,2018-06-26,03,04,19,25,30,27618700,552374,15130650
107000153,2018-06-27,08,16,17,21,37,29281100,585622,15905100
107000154,2018-06-28,12,17,24,25,37,27651800,553036,7089700
107000155,2018-06-29,05,07,25,34,36,28788750,575775,25777600
107000156,2018-06-30,12,33,36,38,39,27955750,559115,22861900
107000157,2018-07-02,11,16,21,24,34,29933100,598662,8413850
107000158,2018-07-03,09,16,19,20,37,27220450,544409,7784050
107000159,2018-07-04,19,21,22,23,34,28713150,574263,6835600
107000160,2018-07-05,08,14,18,27,33,28822750,576455,16617600
107000161,2018-07-06,13,16,17,20,25,29718100,594362,15508600
107000162,2018-07-07,06,11,12,29,34,27417200,548344,16117700
107000163,2018-07-09,15,17,18,22,23,31904700,638094,8540450
107000164,2018-07-10,04,07,09,10,20,28052300,561046,37180450
107000165,2018-07-11,04,10,12,14,20,29490500,589810,8195200
107000166,2018-07-12,02,12,29,35,38,28852250,577045,16212200
107000167,2018-07-13,12,16,19,24,32,29560450,591209,7728650
107000168,2018-07-14,11,17,28,33,37,28128100,562562,25301100
107000169,2018-07-16,09,13,30,32,34,32562900,651258,8735900
107000170,2018-07-17,20,22,27,31,32,28363650,567273,15478550
107000171,2018-07-18,05,08,15,19,23,29920650,598413,20981500
107000172,2018-07-19,15,22,26,32,33,27501900,550038,22529700
107000173,2018-07-20,05,08,12,26,31,29063150,581263,25291550
107000174,2018-07-21,02,03,08,18,34,27789150,555783,6873950
107000175,2018-07-23,01,07,18,33,34,31379500,627590,15240050
107000176,2018-07-24,02,03,23,25,35,27016400,540328,6905000
107000177,2018-07-25,08,11,12,24,30,28960000,579200,17341050
107000178,2018-07-26,01,05,16,28,38,27619800,552396,15970850
107000179,2018-07-27,07,15,26,33,39,28473200,569464,33103900
107000180,2018-07-28,10,12,23,28,37,27413550,548271,23957300
107000181,2018-07-30,04,14,18,27,28,30466450,609329,16717650
107000182,2018-07-31,05,18,21,35,37,27831850,556637,22806950
107000183,2018-08-01,05,17,18,26,29,28994600,579892,14970200
107000184,2018-08-02,18,26,29,36,37,27108300,542166,6207700
107000185,2018-08-03,05,07,09,15,37,28358700,567174,8218600
107000186,2018-08-04,01,31,32,35,38,27846250,556925,6361500
107000187,2018-08-06,13,14,16,34,37,30878350,617567,24112850
107000188,2018-08-07,02,12,23,28,31,28023150,560463,32645700
107000189,2018-08-08,02,10,23,27,33,30898900,617978,15237000
107000190,2018-08-09,09,10,17,21,23,28189150,563783,23204250
107000191,2018-08-10,06,07,08,19,27,29848350,596967,11123000
107000192,2018-08-11,11,14,22,24,34,29001350,580027,34573800
107000193,2018-08-13,05,12,25,28,32,31173200,623464,28651900
107000194,2018-08-14,13,17,23,26,37,26951550,539031,33720100
107000195,2018-08-15,07,14,16,17,39,30716900,614338,7785650
107000196,2018-08-16,03,08,09,22,23,28995750,579915,24882150
107000197,2018-08-17,03,07,13,21,22,29875350,597507,7225100
107000198,2018-08-18,14,16,20,22,26,28252150,565043,6479550
107000199,2018-08-20,03,10,15,22,28,30834600,616692,32626750
107000200,2018-08-21,09,14,20,34,38,27833150,556663,22329400
107000201,2018-08-22,01,12,31,32,36,28903150,578063,7640650
107000202,2018-08-23,04,08,11,36,38,25150250,503005,14284350
107000203,2018-08-24,15,17,21,27,29,26308000,526160,15931100
107000204,2018-08-25,12,13,15,29,36,27241700,544834,14076150
107000205,2018-08-27,06,15,21,26,29,28670850,573417,6742350
107000206,2018-08-28,03,11,26,33,36,25264950,505299,14303550
107000207,2018-08-29,05,15,16,34,38,27454050,549081,7082500
107000208,2018-08-30,01,13,21,24,36,26510600,530212,5538200
107000209,2018-08-31,02,04,06,14,18,29144150,582883,24717100
107000210,2018-09-01,04,10,20,26,34,28229300,564586,7780750
107000211,2018-09-03,08,28,33,35,36,31544950,630899,33213250
107000212,2018-09-04,07,13,17,28,38,28226850,564537,7938750
107000213,2018-09-05,01,05,31,37,39,30329350,606587,26580850
107000214,2018-09-06,02,10,11,25,37,28036350,560727,24384950
107000215,2018-09-07,19,23,27,31,32,28968650,579373,11411900
107000216,2018-09-08,02,19,21,25,31,27116700,542334,13990900
107000217,2018-09-10,02,21,24,25,37,30196950,603939,7321550
107000218,2018-09-11,13,20,28,29,37,28538900,570778,6539700
107000219,2018-09-12,04,15,28,33,38,29636650,592733,33169950
107000220,2018-09-13,01,09,21,25,35,27974250,559485,6765050
107000221,2018-09-14,02,03,12,20,39,29179700,583594,16583750
107000222,2018-09-15,05,20,22,24,27,26946450,538929,15664000
107000223,2018-09-17,08,11,22,23,26,30704050,614081,18903600
107000224,2018-09-18,07,09,15,24,25,28322500,566450,17096350
107000225,2018-09-19,01,04,24,26,32,29536250,590725,6435000
107000226,2018-09-20,14,24,28,31,39,28331350,566627,6479500
107000227,2018-09-21,01,02,12,27,34,29825900,596518,16125350
107000228,2018-09-22,04,09,25,31,34,29031700,580634,16018000
107000229,2018-09-24,09,21,22,28,38,30378350,607567,7476150
107000230,2018-09-25,05,07,20,38,39,27499800,549996,7814500
107000231,2018-09-26,02,26,32,34,38,28253500,565070,22675350
107000232,2018-09-27,14,16,19,23,27,27383550,547671,17274050
107000233,2018-09-28,11,19,21,24,25,28048850,560977,8999100
107000234,2018-09-29,09,12,25,28,37,28745800,574916,36774400
107000235,2018-10-01,04,11,23,25,36,33023550,660471,16647550
107000236,2018-10-02,09,21,27,33,34,28188650,563773,15920400
107000237,2018-10-03,03,15,26,30,38,30158800,603176,34475300
107000238,2018-10-04,14,17,23,28,30,27320600,546412,15574400
107000239,2018-10-05,15,18,20,28,29,30402950,608059,7998350
107000240,2018-10-06,01,07,08,13,28,29726150,594523,9704950
107000241,2018-10-08,07,25,29,32,36,32299700,645994,23442200
107000242,2018-10-09,04,09,14,15,21,28774150,575483,9040400
107000243,2018-10-10,02,09,14,22,37,29463350,589267,7468350
107000244,2018-10-11,14,16,27,32,35,28478550,569571,30588850
107000245,2018-10-12,24,25,26,35,38,28051900,561038,23222100
107000246,2018-10-13,11,16,22,27,36,29323450,586469,31343250
107000247,2018-10-15,19,28,34,38,39,33495550,669911,9988250
107000248,2018-10-16,01,05,19,29,39,28341400,566828,24065800
107000249,2018-10-17,01,23,30,37,39,29194550,583891,6305500
107000250,2018-10-18,01,05,07,13,34,30897550,617951,7519750
107000251,2018-10-19,02,06,14,25,26,29014650,580293,10085000
107000252,2018-10-20,06,18,30,36,37,28675150,573503,31039750
107000253,2018-10-22,08,17,21,24,28,34346450,686929,37330300
107000254,2018-10-23,01,03,18,22,35,27716000,554320,14346750
107000255,2018-10-24,06,29,31,32,39,29910150,598203,14707600
107000256,2018-10-25,08,15,19,27,36,30532250,610645,34163400
107000257,2018-10-26,07,21,22,36,38,29131700,582634,23556750
107000258,2018-10-27,06,18,19,31,32,28028150,560563,6739950
107000259,2018-10-29,14,17,20,34,38,35202750,704055,10168700
107000260,2018-10-30,06,12,20,25,35,28018750,560375,15460100
107000261,2018-10-31,12,13,15,25,28,28429800,568596,7666850
107000262,2018-11-01,14,26,28,31,37,31004400,620088,16670000
107000263,2018-11-02,01,23,25,26,34,27549900,550998,6379050
107000264,2018-11-03,10,12,19,24,32,28311800,566236,8268950
107000265,2018-11-05,01,17,26,33,37,38032350,760647,25498850
107000266,2018-11-06,05,18,21,30,31,29152200,583044,25112100
107000267,2018-11-07,06,10,13,19,31,32100600,642012,24869250
107000268,2018-11-08,04,07,16,31,35,30010500,600210,16290650
107000269,2018-11-09,10,27,30,33,35,30294950,605899,14964900
107000270,2018-11-10,04,09,18,32,38,30358400,607168,7824750
107000271,2018-11-12,03,06,18,25,38,33279700,665594,8476500
107000272,2018-11-13,06,11,12,25,37,29096950,581939,17681150
107000273,2018-11-14,16,25,29,32,35,31402500,628050,22636050
107000274,2018-11-15,04,10,14,18,22,29342100,586842,32953150
107000275,2018-11-16,01,13,17,33,38,30283550,605671,7799750
107000276,2018-11-17,02,04,13,14,16,28994400,579888,15206400
107000277,2018-11-19,02,08,10,19,36,32489750,649795,33718100
107000278,2018-11-20,15,27,28,30,31,29145900,582918,18105300
107000279,2018-11-21,19,24,27,31,39,31264050,625281,15125600
107000280,2018-11-22,02,06,08,13,25,28612450,572249,16550200
107000281,2018-11-23,08,17,18,33,34,29578800,591576,15593300
107000282,2018-11-24,01,02,07,31,39,27074950,541499,6696200
107000283,2018-11-26,04,13,17,19,35,30373750,607475,16153250
107000284,2018-11-27,08,16,25,33,36,28519700,570394,16417200
107000285,2018-11-28,04,06,20,23,37,30126300,602526,24696050
107000286,2018-11-29,03,05,12,26,29,29287850,585757,43865694
107000287,2018-11-30,04,07,12,37,39,30779450,615589,7514500
107000288,2018-12-01,01,04,08,12,14,30055600,601112,9844700
107000289,2018-12-03,12,18,19,28,29,33160500,663210,16127050
107000290,2018-12-04,02,14,25,33,39,28888900,577778,24260550
107000291,2018-12-05,04,10,16,17,31,31493750,629875,26097850
107000292,2018-12-06,09,18,22,24,38,30055400,601108,20132050
107000293,2018-12-07,12,14,15,29,32,30609450,612189,8039300
107000294,2018-12-08,02,22,23,27,38,29554350,591087,14854350
107000295,2018-12-10,09,16,20,31,34,33143650,662873,25191500
107000296,2018-12-11,03,05,22,29,34,29577800,591556,15184550
107000297,2018-12-12,12,14,21,22,25,31374750,627495,34081800
107000298,2018-12-13,02,15,17,27,35,29784500,595690,16710750
107000299,2018-12-14,19,27,33,35,36,31171050,623421,7049400
107000300,2018-12-15,01,12,24,26,38,30263900,605278,16464700
107000301,2018-12-17,04,05,07,25,36,33557450,671149,10624100
107000302,2018-12-18,04,16,18,23,34,29715050,594301,7736800
107000303,2018-12-19,08,20,23,28,36,32471850,649437,25036250
107000304,2018-12-20,06,07,10,16,32,30873200,617464,16542800
107000305,2018-12-21,03,04,12,30,33,31943800,638876,9985500
107000306,2018-12-22,06,10,14,18,38,33929100,678582,24883250
107000307,2018-12-24,09,10,20,27,39,33823300,676466,25003350
107000308,2018-12-25,03,04,08,34,39,30853200,617064,15708400
107000309,2018-12-26,12,14,22,23,26,32455800,649116,19870250
107000310,2018-12-27,11,29,30,32,34,31139150,622783,8155600
107000311,2018-12-28,10,12,14,34,37,31934550,638691,16981200
107000312,2018-12-29,01,10,29,34,38,31404250,628085,15874750
107000313,2018-12-31,07,11,21,27,30,34798700,695974,17616500
108000001,2019-01-01,12,30,33,36,38,29818000,596360,7012700
108000002,2019-01-02,04,05,09,18,39,31523350,630467,34557250
108000003,2019-01-03,05,19,21,24,28,30523000,610460,25400750
108000004,2019-01-04,06,08,21,29,37,33013400,660268,9773550
108000005,2019-01-05,09,10,14,23,36,32987850,659757,17836250
108000006,2019-01-07,04,08,20,33,34,37122650,742453,26729050
108000007,2019-01-08,06,11,13,26,37,31887750,637755,24840450
108000008,2019-01-09,02,21,27,34,35,33963150,679263,8815900
108000009,2019-01-10,01,06,26,27,30,32444600,648892,7089250
108000010,2019-01-11,04,08,18,38,39,33656850,673137,10594000
108000011,2019-01-12,05,15,17,22,37,33781250,675625,22620650
108000012,2019-01-14,01,08,13,16,36,36595350,731907,9553350
108000013,2019-01-15,06,13,22,30,38,31949850,638997,15596700
108000014,2019-01-16,14,18,21,25,39,30658950,613179,16406350
108000015,2019-01-17,08,12,20,21,27,31755650,635113,18788700
108000016,2019-01-18,12,18,22,24,35,32976100,659522,24359500
108000017,2019-01-19,11,12,19,36,37,34118700,682374,32965550
108000018,2019-01-21,06,09,12,20,21,36391250,727825,36591200
108000019,2019-01-22,14,16,22,28,31,31304600,626092,17462900
108000020,2019-01-23,01,08,14,26,34,34382300,687646,9601450
108000021,2019-01-24,05,09,14,23,35,32314100,646282,16801000
108000022,2019-01-25,02,06,25,30,31,33374800,667496,8405350
108000023,2019-01-26,01,02,09,20,30,32797950,655959,33851000
108000024,2019-01-28,01,13,20,24,29,37366800,747336,16830500
108000025,2019-01-29,04,26,29,33,34,32267350,645347,8313100
108000026,2019-01-30,03,08,13,17,38,35381900,707638,10898250
108000027,2019-01-31,02,09,25,26,39,33688100,673762,9425100
108000028,2019-02-01,18,29,33,34,35,35295950,705919,8107700
108000029,2019-02-02,24,25,26,34,37,33705500,674110,32267950
108000030,2019-02-04,03,07,19,24,26,44379250,887585,20085850
108000031,2019-02-05,07,09,11,15,26,40825050,816501,20678050
108000032,2019-02-06,01,04,12,22,23,38978650,779573,21449800
108000033,2019-02-07,04,06,27,32,37,37894800,757896,18223850
108000034,2019-02-08,12,28,29,31,34,40310650,806213,26623100
108000035,2019-02-09,01,03,06,33,34,38125400,762508,17044900
108000036,2019-02-11,11,13,21,22,29,46887950,937759,14515400
108000037,2019-02-12,21,29,30,33,35,35736450,714729,15694500
108000038,2019-02-13,04,05,12,26,30,39268700,785374,35658600
108000039,2019-02-14,14,15,26,32,38,35378400,707568,25464850
108000040,2019-02-15,01,09,10,28,31,35587100,711742,11295050
108000041,2019-02-16,14,16,17,28,38,36579450,731589,16309350
108000042,2019-02-18,01,28,32,37,39,39369650,787393,9521850
108000043,2019-02-19,12,16,25,30,37,34364450,687289,8866750
108000044,2019-02-20,14,15,18,21,35,36609000,732180,17522350
108000045,2019-02-21,04,10,14,26,35,33167100,663342,15895750
108000046,2019-02-22,09,29,33,34,36,32495100,649902,11790050
108000047,2019-02-23,04,14,19,26,35,34835600,696712,26429850
108000048,2019-02-25,02,19,27,33,37,36751700,735034,24869500
108000049,2019-02-26,12,14,22,35,38,32413450,648269,9477100
108000050,2019-02-27,05,08,13,25,34,36490300,729806,14874800
108000051,2019-02-28,02,07,10,21,33,31278300,625566,8396950
108000052,2019-03-01,11,13,17,25,30,32433350,648667,16205950
108000053,2019-03-02,03,06,11,19,26,33819800,676396,33466200
108000054,2019-03-04,09,11,13,24,39,37141100,742822,9829500
108000055,2019-03-05,05,17,25,32,35,32209300,644186,8287700
108000056,2019-03-06,16,20,23,33,38,33421650,668433,27337400
108000057,2019-03-07,07,18,20,33,35,27650000,553000,5611200
108000058,2019-03-08,07,08,17,28,33,33102300,662046,16952700
108000059,2019-03-09,16,20,21,33,37,29051950,581039,6131600
108000060,2019-03-11,06,08,16,26,30,37235800,744716,9643100
108000061,2019-03-12,05,13,24,25,32,32346400,646928,25545500
108000062,2019-03-13,07,12,20,30,39,34648350,692967,9269150
108000063,2019-03-14,03,05,09,17,38,32166800,643336,17737400
108000064,2019-03-15,15,26,27,32,33,32779500,655590,32181450
108000065,2019-03-16,11,13,15,31,34,31893550,637871,15896800
108000066,2019-03-18,04,31,32,33,38,36103850,722077,8499450
108000067,2019-03-19,02,06,18,34,39,31045250,620905,7725250
108000068,2019-03-20,01,07,19,24,32,33178250,663565,32674150
108000069,2019-03-21,21,22,28,29,31,30869100,617382,9628900
108000070,2019-03-22,10,16,18,32,33,31222850,624457,14850700
108000071,2019-03-23,11,18,21,26,32,30166700,603334,6704450
108000072,2019-03-25,06,13,20,26,32,32802250,656045,15649500
108000073,2019-03-26,04,29,30,32,34,30276700,605534,15964300
108000074,2019-03-27,22,23,27,30,39,32311400,646228,7698250
108000075,2019-03-28,03,06,15,17,18,29936200,598724,23790100
108000076,2019-03-29,03,19,25,33,38,31164000,623280,8908100
108000077,2019-03-30,15,23,32,33,35,30487150,609743,8051150
108000078,2019-04-01,06,14,22,23,30,33383950,667679,8390500
108000079,2019-04-02,08,12,17,24,30,30500250,610005,9513350
108000080,2019-04-03,03,14,27,34,39,33072700,661454,8331000
108000081,2019-04-04,05,13,14,24,31,29299750,585995,15749850
108000082,2019-04-05,02,06,21,23,28,28678800,573576,7570900
108000083,2019-04-06,04,10,21,24,37,30493800,609876,8016800
108000084,2019-04-08,06,16,20,33,38,34242300,684846,10882900
108000085,2019-04-09,03,18,22,28,35,30541150,610823,17324700
108000086,2019-04-10,07,27,28,31,35,32554800,651096,31517150
108000087,2019-04-11,13,15,21,26,35,29489400,589788,7302850
108000088,2019-04-12,01,20,23,30,31,32218700,644374,31788400
108000089,2019-04-13,14,16,18,27,38,30290300,605806,7639400
108000090,2019-04-15,03,17,24,32,34,34497400,689948,12065800
108000091,2019-04-16,08,14,26,27,37,28568850,571377,8006350
108000092,2019-04-17,17,25,28,36,38,33128200,662564,12801600
108000093,2019-04-18,07,14,20,27,30,32293850,645877,24605250
108000094,2019-04-19,06,10,15,16,21,30458750,609175,16903600
108000095,2019-04-20,18,21,24,33,34,31170800,623416,8314500
108000096,2019-04-22,01,06,15,25,36,33281050,665621,23557650
108000097,2019-04-23,17,22,30,34,39,29380350,587607,6986500
108000098,2019-04-24,06,13,22,23,34,30747700,614954,7147500
108000099,2019-04-25,06,12,17,32,34,28341300,566826,23214900
108000100,2019-04-26,01,05,09,13,23,29603300,592066,24645100
108000101,2019-04-27,13,15,17,24,25,29446100,588922,15516150
108000102,2019-04-29,11,21,26,31,33,33121750,662435,18075900
108000103,2019-04-30,06,08,25,28,31,29711650,594233,7877300
108000104,2019-05-01,10,23,28,38,39,31005050,620101,23455750
108000105,2019-05-02,03,04,13,33,36,26046000,520920,6778900
108000106,2019-05-03,07,24,31,32,38,31028800,620576,15238300
108000107,2019-05-04,01,03,12,20,24,32021450,640429,16337750
108000108,2019-05-06,20,24,25,35,37,29831250,596625,6803700
108000109,2019-05-07,05,21,23,25,34,29177050,583541,16559000
108000110,2019-05-08,01,03,05,11,39,33537250,670745,17306900
108000111,2019-05-09,17,19,23,27,36,27685900,553718,7078250
108000112,2019-05-10,02,09,11,13,14,31697450,633949,33932550
108000113,2019-05-11,02,09,11,25,33,33614350,672287,8674400
108000114,2019-05-13,19,28,33,34,35,33554850,671097,31979800
108000115,2019-05-14,05,07,14,35,38,29538350,590767,17311650
108000116,2019-05-15,14,15,22,23,27,33196100,663922,8892050
108000117,2019-05-16,08,13,15,17,39,29714600,594292,24316000
108000118,2019-05-17,08,09,13,22,30,29587750,591755,15421300
108000119,2019-05-18,01,07,11,17,29,31208350,624167,17007200
108000120,2019-05-20,02,20,22,25,32,30133900,602678,8577500
108000121,2019-05-21,01,23,29,34,36,29446250,588925,6573000
108000122,2019-05-22,01,25,31,34,37,32303600,646072,7371200
108000123,2019-05-23,15,16,26,30,32,28288700,565774,15477000
108000124,2019-05-24,19,26,29,33,39,29710950,594219,7204750
108000125,2019-05-25,08,23,28,36,38,30202300,604046,26794550
108000126,2019-05-27,09,10,21,33,39,31460300,629206,7881750
108000127,2019-05-28,07,17,21,22,29,27358900,547178,22590900
108000128,2019-05-29,07,12,14,16,31,31904250,638085,9014100
108000129,2019-05-30,12,16,28,33,37,28183700,563674,14797900
108000130,2019-05-31,05,07,20,25,32,29156450,583129,9374350
108000131,2019-06-01,14,17,18,19,28,29632050,592641,15898400
108000132,2019-06-03,16,19,21,36,38,31435600,628712,7270650
108000133,2019-06-04,02,05,19,27,35,27459950,549199,7161950
108000134,2019-06-05,09,12,31,36,38,31988300,639766,7506950
108000135,2019-06-06,07,08,14,19,34,29142400,582848,7946700
108000136,2019-06-07,05,09,16,30,33,28925450,578509,8914500
108000137,2019-06-08,01,06,13,18,22,30896150,617923,19825250
108000138,2019-06-10,07,09,19,20,35,30684350,613687,8744750
108000139,2019-06-11,05,07,09,31,36,25919250,518385,15252600
108000140,2019-06-12,03,13,17,23,29,29779450,595589,25606350
108000141,2019-06-13,19,21,27,33,35,27421350,548427,15906550
108000142,2019-06-14,14,18,20,24,33,29566600,591332,15484900
108000143,2019-06-15,03,09,17,20,23,30557350,611147,15693500
108000144,2019-06-17,18,22,24,29,33,31570550,631411,8256350
108000145,2019-06-18,05,06,08,20,32,27901400,558028,16877950
108000146,2019-06-19,01,04,08,31,34,30763500,615270,8133600
108000147,2019-06-20,01,12,27,35,36,27654500,553090,6859950
108000148,2019-06-21,04,06,28,35,36,28197250,563945,6392750
108000149,2019-06-22,14,15,21,25,27,29707050,594141,16020250
108000150,2019-06-24,09,18,21,33,37,29716500,594330,8798550
108000151,2019-06-25,04,11,13,21,28,26219000,524380,6829900
108000152,2019-06-26,01,24,25,27,36,30249450,604989,6706150
108000153,2019-06-27,02,06,21,27,33,27595550,551911,31642050
108000154,2019-06-28,08,17,19,25,34,28207400,564148,8646650
108000155,2019-06-29,02,20,22,24,35,29037150,580743,7319550
108000156,2019-07-01,01,02,10,23,25,30410950,608219,17232950
108000157,2019-07-02,02,09,11,12,16,25302200,506044,8401450
108000158,2019-07-03,04,06,25,28,34,30058500,601170,8894600
108000159,2019-07-04,11,20,32,38,39,28125500,562510,7105400
108000160,2019-07-05,01,11,33,38,39,28773650,575473,9103700
108000161,2019-07-06,09,19,28,29,32,29633000,592660,15997100
108000162,2019-07-08,04,18,21,23,24,31295900,625918,17217800
108000163,2019-07-09,05,08,17,24,39,27688800,553776,23984800
108000164,2019-07-10,03,27,29,30,32,30584300,611686,16445750
108000165,2019-07-11,15,25,26,28,39,28818900,576378,15865500
108000166,2019-07-12,15,17,22,24,25,28762800,575256,15347100
108000167,2019-07-13,14,18,19,22,30,29943100,598862,18010950
108000168,2019-07-15,13,18,22,23,24,32319950,646399,16779450
108000169,2019-07-16,05,09,19,26,39,27870050,557401,15885600
108000170,2019-07-17,08,17,23,26,27,30661050,613221,25005500
108000171,2019-07-18,16,18,22,33,38,28593750,571875,8805850
108000172,2019-07-19,09,16,17,26,34,28545900,570918,7689200
108000173,2019-07-20,01,07,14,16,28,29534100,590682,8502150
108000174,2019-07-22,19,20,25,32,34,32262350,645247,8254300
108000175,2019-07-23,04,10,12,23,25,26967300,539346,25798200
108000176,2019-07-24,13,14,28,29,32,30698400,613968,15429000
108000177,2019-07-25,14,17,24,36,37,29922600,598452,8249150
108000178,2019-07-26,02,03,21,28,37,28142950,562859,23182750
108000179,2019-07-27,07,09,24,34,38,27830800,556616,7626800
108000180,2019-07-29,05,07,09,19,30,32987050,659741,19133250
108000181,2019-07-30,09,10,16,19,25,27164700,543294,15565450
108000182,2019-07-31,19,32,35,38,39,30827350,616547,15812050
108000183,2019-08-01,01,02,03,10,17,30225000,604500,10270250
108000184,2019-08-02,04,23,31,33,39,27740300,554806,7100200
108000185,2019-08-03,19,21,23,34,36,29343100,586862,7282350
108000186,2019-08-05,01,05,11,16,22,34766550,695331,26310700
108000187,2019-08-06,04,05,11,15,28,27839500,556790,15847600
108000188,2019-08-07,07,22,23,32,37,31245400,624908,16779950
108000189,2019-08-08,12,26,32,35,36,31501850,630037,7485950
108000190,2019-08-09,13,19,25,26,33,26455100,529102,15811750
108000191,2019-08-10,14,17,30,33,38,30996900,619938,9401100
108000192,2019-08-12,08,20,35,36,39,37729950,754599,9925300
108000193,2019-08-13,10,16,18,22,24,28330500,566610,17144150
108000194,2019-08-14,06,10,32,37,38,33617300,672346,7324750
108000195,2019-08-15,01,12,23,38,39,29248150,584963,16948550
108000196,2019-08-16,07,13,19,31,37,29541750,590835,7781900
108000197,2019-08-17,05,11,12,16,28,30415650,608313,17986000
108000198,2019-08-19,01,09,17,21,31,32133550,642671,9387550
108000199,2019-08-20,01,11,20,32,38,28702200,574044,15057300
108000200,2019-08-21,01,09,17,20,26,32240950,644819,15319050
108000201,2019-08-22,03,12,29,34,38,29357050,587141,16049300
108000202,2019-08-23,09,14,21,26,28,29514600,590292,8091100
108000203,2019-08-24,03,15,19,21,39,27908600,558172,6216000
108000204,2019-08-26,05,11,15,34,35,32067900,641358,32025150
108000205,2019-08-27,01,08,13,17,19,28011600,560232,15874400
108000206,2019-08-28,04,11,15,22,33,31618200,632364,20232100
108000207,2019-08-29,02,11,16,31,35,28376700,567534,6569250
108000208,2019-08-30,09,10,26,30,32,27780550,555611,8880500
108000209,2019-08-31,03,10,26,35,36,29734600,594692,30417250
108000210,2019-09-02,01,02,11,12,15,30502300,610046,18415000
108000211,2019-09-03,02,03,24,25,32,27407500,548150,6590400
108000212,2019-09-04,06,09,11,13,15,29577100,591542,9046050
108000213,2019-09-05,17,24,26,28,39,27713600,554272,15699850
108000214,2019-09-06,03,06,15,18,26,29083150,581663,7676250
108000215,2019-09-07,01,02,29,34,35,30033400,600668,15124000
108000216,2019-09-09,01,03,09,10,31,31308000,626160,19495600
108000217,2019-09-10,12,15,23,31,36,28925900,578518,23307100
108000218,2019-09-11,06,08,10,21,25,32326850,646537,9489250
108000219,2019-09-12,12,23,27,30,37,29618950,592379,16306000
108000220,2019-09-13,04,14,16,31,35,29394100,587882,7301500
108000221,2019-09-14,02,04,24,35,37,30285400,605708,7051000
108000222,2019-09-16,10,20,24,38,39,31412300,628246,17101100
108000223,2019-09-17,08,10,15,25,37,28303450,566069,8385450
108000224,2019-09-18,04,16,22,23,32,31549200,630984,17408200
108000225,2019-09-19,07,25,28,32,35,28376750,567535,8468150
108000226,2019-09-20,20,23,24,27,38,27996650,559933,15433350
108000227,2019-09-21,07,12,21,29,39,29819000,596380,9094100
108000228,2019-09-23,18,28,30,33,34,31469300,629386,9501100
108000229,2019-09-24,11,15,18,24,37,28446550,568931,7373150
108000230,2019-09-25,03,06,20,29,36,31714150,634283,24701050
108000231,2019-09-26,02,12,18,22,38,27560850,551217,23708550
108000232,2019-09-27,08,11,26,32,38,28777300,575546,8073850
108000233,2019-09-28,02,14,23,27,38,29143400,582868,14975000
108000234,2019-09-30,04,15,16,26,34,27107100,542142,23462400
108000235,2019-10-01,05,25,28,37,39,28678050,573561,36479050
108000236,2019-10-02,03,11,24,27,29,31817300,636346,17885000
108000237,2019-10-03,07,24,28,31,36,28030400,560608,7134250
108000238,2019-10-04,01,02,13,22,36,29784650,595693,15344000
108000239,2019-10-05,08,11,12,13,15,32814350,656287,17916000
108000240,2019-10-07,01,13,16,18,26,32447650,648953,15021450
108000241,2019-10-08,01,02,12,29,32,29204300,584086,7597950
108000242,2019-10-09,01,08,19,20,36,33402150,668043,8316850
108000243,2019-10-10,17,26,29,31,35,27825500,556510,14149200
108000244,2019-10-11,01,15,24,28,35,28175950,563519,15547900
108000245,2019-10-12,06,11,15,26,39,30590300,611806,8669800
108000246,2019-10-14,10,14,17,27,28,31668300,633366,17938450
108000247,2019-10-15,06,19,23,25,26,29619950,592399,7755400
108000248,2019-10-16,01,02,11,33,34,32134800,642696,18371400
108000249,2019-10-17,05,18,21,31,37,28859750,577195,18671250
108000250,2019-10-18,03,04,11,26,28,30990700,619814,9437500
108000251,2019-10-19,09,11,12,25,37,31455650,629113,18615550
108000252,2019-10-21,24,25,27,32,39,33032550,660651,8459550
108000253,2019-10-22,05,22,24,25,38,29366800,587336,15922050
108000254,2019-10-23,12,18,26,30,34,33362300,667246,17329250
108000255,2019-10-24,03,13,16,25,29,29554850,591097,8589800
108000256,2019-10-25,05,23,26,31,32,30683200,613664,16953500
108000257,2019-10-26,03,15,20,25,35,31619750,632395,16099750
108000258,2019-10-28,02,03,23,26,31,33597550,671951,24053750
108000259,2019-10-29,01,03,23,28,36,28816600,576332,15232900
108000260,2019-10-30,01,07,10,25,26,33625200,672504,18236400
108000261,2019-10-31,02,23,30,32,37,30290600,605812,23947400
108000262,2019-11-01,04,16,26,27,29,31274800,625496,24637050
108000263,2019-11-02,09,10,12,25,32,32143800,642876,17811450
108000264,2019-11-04,14,23,28,32,34,34043750,680875,10455500
108000265,2019-11-05,02,14,22,30,34,30866400,617328,6529050
108000266,2019-11-06,01,04,06,27,38,34352050,687041,24923250
108000267,2019-11-07,10,11,17,22,32,30134550,602691,16486950
108000268,2019-11-08,07,19,20,22,31,31056600,621132,23583100
108000269,2019-11-09,01,18,19,21,33,32675400,653508,9469850
108000270,2019-11-11,22,23,27,29,39,34833300,696666,16931900
108000271,2019-11-12,02,08,18,19,28,30485700,609714,8582000
108000272,2019-11-13,06,16,26,35,38,34134100,682682,11159250
108000273,2019-11-14,03,06,12,14,31,30223250,604465,7495700
108000274,2019-11-15,16,19,26,27,29,31115250,622305,7825050
108000275,2019-11-16,03,11,23,24,29,31878200,637564,9207200
108000276,2019-11-18,03,05,10,11,32,32589400,651788,8959000
108000277,2019-11-19,05,18,33,36,38,28882450,577649,23127550
108000278,2019-11-20,01,04,22,32,34,33047250,660945,9501950
108000279,2019-11-21,01,03,15,26,39,29017800,580356,7713950
108000280,2019-11-22,13,14,21,24,36,30012250,600245,8130500
108000281,2019-11-23,04,08,11,12,22,31932300,638646,12340650
108000282,2019-11-25,11,16,19,20,25,32329550,646591,26922750
108000283,2019-11-26,10,14,28,35,37,29792900,595858,9186750
108000284,2019-11-27,05,20,21,24,34,32978250,659565,31985600
108000285,2019-11-28,07,13,14,21,39,28378350,567567,6385100
108000286,2019-11-29,01,04,08,17,29,30543050,610861,18367500
108000287,2019-11-30,01,13,17,29,34,31840850,636817,22672200
108000288,2019-12-02,02,06,20,25,26,32386950,647739,26795700
108000289,2019-12-03,04,11,16,22,23,28981000,579620,26582850
108000290,2019-12-04,04,09,20,23,24,31886900,637738,24517350
108000291,2019-12-05,03,23,27,29,34,24629200,492584,23289100
108000292,2019-12-06,06,09,17,27,39,26694950,533899,14904100
108000293,2019-12-07,11,16,27,34,35,31115900,622318,6625700
108000294,2019-12-09,12,20,23,32,39,34491600,689832,33846550
108000295,2019-12-10,09,11,29,37,38,31072400,621448,16640550
108000296,2019-12-11,06,18,27,34,37,34667800,693356,17380500
108000297,2019-12-12,01,05,20,26,28,30849950,616999,24249500
108000298,2019-12-13,08,11,25,32,34,31883700,637674,26618550
108000299,2019-12-14,09,20,23,26,39,32990400,659808,36229350
108000300,2019-12-16,10,22,25,32,37,35304450,706089,17293250
108000301,2019-12-17,03,22,28,33,39,31129650,622593,23051700
108000302,2019-12-18,02,15,19,30,33,33948250,678965,12236300
108000303,2019-12-19,01,10,28,36,37,30307550,606151,23973500
108000304,2019-12-20,01,25,28,31,32,30896800,617936,24288450
108000305,2019-12-21,01,19,23,31,32,33234750,664695,7990200
108000306,2019-12-23,06,13,16,22,34,34391850,687837,9755000
108000307,2019-12-24,22,23,28,36,38,30724700,614494,24696200
108000308,2019-12-25,07,09,13,14,37,35402100,708042,17424100
108000309,2019-12-26,02,14,21,27,38,31642700,632854,8857600
108000310,2019-12-27,07,13,32,33,38,31461650,629233,14738300
108000311,2019-12-28,06,22,30,36,39,32731550,654631,16135950
108000312,2019-12-30,08,10,14,16,20,31001050,620021,16202950
108000313,2019-12-31,01,14,25,26,32,32401250,648025,19400250
109000001,2020-01-01,01,22,26,27,39,34280600,685612,25234600
109000002,2020-01-02,01,06,11,23,27,31208300,624166,9497400
109000003,2020-01-03,01,03,08,18,31,33056550,661131,25224050
109000004,2020-01-04,23,25,29,30,32,35283950,705679,25720200
109000005,2020-01-06,14,16,27,28,34,36856300,737126,37038100
109000006,2020-01-07,10,11,28,37,38,32528000,650560,17274800
109000007,2020-01-08,04,06,10,12,26,36307750,726155,20310300
109000008,2020-01-09,04,13,20,30,36,32752000,655040,8108350
109000009,2020-01-10,02,05,10,21,29,33990750,679815,9392300
109000010,2020-01-11,03,14,16,25,34,35692350,713847,11232550
109000011,2020-01-13,11,13,24,28,35,35665950,713319,19143150
109000012,2020-01-14,10,27,36,37,39,32305500,646110,32568200
109000013,2020-01-15,10,17,19,35,39,36818150,736363,7696250
109000014,2020-01-16,03,04,05,10,33,33020350,660407,8552050
109000015,2020-01-17,04,17,18,22,32,32773200,655464,17198500
109000016,2020-01-18,06,14,22,28,37,36386150,727723,10463300
109000017,2020-01-20,04,21,28,35,38,39557200,791144,17207950
109000018,2020-01-21,10,17,27,29,32,34735900,694718,17764400
109000019,2020-01-22,04,11,22,33,36,40314450,806289,32013900
109000020,2020-01-23,01,17,23,33,39,35091050,701821,18361350
109000021,2020-01-24,03,07,27,35,39,41276650,825533,9982300
109000022,2020-01-25,05,12,13,20,26,43156850,863137,38480250
109000023,2020-01-27,01,09,14,27,39,47909300,958186,38038300
109000024,2020-01-28,01,02,18,33,39,39199300,783986,17965150
109000025,2020-01-29,10,15,19,28,30,39379350,787587,29231000
109000026,2020-01-30,08,10,16,24,34,36280050,725601,43391750
109000027,2020-01-31,08,11,17,27,31,37568950,751379,11140150
109000028,2020-02-01,04,07,13,20,24,35599000,711980,17154300
109000029,2020-02-03,01,03,21,24,34,41992850,839857,10376400
109000030,2020-02-04,12,29,35,37,38,33011250,660225,36463300
109000031,2020-02-05,02,04,23,31,38,39073850,781477,17381200
109000032,2020-02-06,01,03,07,23,39,35054150,701083,34773850
109000033,2020-02-07,08,13,20,25,29,35288900,705778,10338600
109000034,2020-02-08,12,23,26,27,33,40700100,814002,36079250
109000035,2020-02-10,08,23,24,31,39,41305250,826105,26427050
109000036,2020-02-11,05,12,19,27,28,35582750,711655,21047850
109000037,2020-02-12,17,19,23,33,35,40382650,807653,25407550
109000038,2020-02-13,01,17,28,35,38,35438400,708768,7896700
109000039,2020-02-14,04,13,25,26,36,35739250,714785,10639250
109000040,2020-02-15,05,08,18,29,33,39633750,792675,26653950
109000041,2020-02-17,02,18,30,35,36,37112750,742255,16122700
109000042,2020-02-18,01,05,06,09,31,32533700,650674,25582150
109000043,2020-02-19,02,06,20,24,34,37435650,748713,25695050
109000044,2020-02-20,05,10,20,27,36,33712550,674251,16706600
109000045,2020-02-21,04,08,20,23,27,34151050,683021,9732000
109000046,2020-02-22,13,18,19,36,37,36518350,730367,16286300
109000047,2020-02-24,01,02,23,29,30,38870650,777413,19108450
109000048,2020-02-25,05,09,10,11,22,33564900,671298,38108950
109000049,2020-02-26,02,05,15,19,26,37229550,744591,10203050
109000050,2020-02-27,17,19,28,35,36,33973400,679468,26033400
109000051,2020-02-28,04,10,12,17,21,32354350,647087,18043250
109000052,2020-02-29,07,17,20,27,39,35777500,715550,18393700
109000053,2020-03-02,05,06,10,26,27,37602900,752058,26489900
109000054,2020-03-03,03,07,15,16,29,33403550,668071,10063150
109000055,2020-03-04,02,07,09,17,27,36447600,728952,27387150
109000056,2020-03-05,10,20,23,28,31,33259450,665189,17887500
109000057,2020-03-06,08,11,13,15,29,35125450,702509,12048850
109000058,2020-03-07,09,10,12,17,20,37451900,749038,38415000
109000059,2020-03-09,06,11,18,27,28,39314050,786281,19759450
109000060,2020-03-10,16,26,27,33,34,33283050,665661,16186700
109000061,2020-03-11,07,09,12,14,16,38405950,768119,26510450
109000062,2020-03-12,01,18,20,24,37,34565300,691306,16246550
109000063,2020-03-13,03,05,10,13,29,33707250,674145,36492600
109000064,2020-03-14,02,06,17,20,30,36152950,723059,11832250
109000065,2020-03-16,01,09,11,21,32,38912100,778242,26934050
109000066,2020-03-17,07,16,22,29,37,33986700,679734,17045750
109000067,2020-03-18,05,09,20,30,38,36571900,731438,10241950
109000068,2020-03-19,03,11,30,32,34,31933400,638668,15204200
109000069,2020-03-20,10,16,20,33,39,34140800,682816,34186150
109000070,2020-03-21,03,07,16,22,31,35696400,713928,8487750
109000071,2020-03-23,05,06,16,27,31,36397750,727955,9290000
109000072,2020-03-24,09,12,25,26,30,32464900,649298,18501100
109000073,2020-03-25,05,08,23,29,32,35563700,711274,31494800
109000074,2020-03-26,03,19,27,28,30,32540250,650805,26405750
109000075,2020-03-27,13,19,22,30,38,33163650,663273,7145550
109000076,2020-03-28,04,07,18,27,29,33119750,662395,9953800
109000077,2020-03-30,01,02,07,24,35,35383650,707673,11160700
109000078,2020-03-31,06,09,24,27,37,32663550,653271,16147200
109000079,2020-04-01,07,20,23,31,35,36703350,734067,9144750
109000080,2020-04-02,10,11,27,28,29,31217750,624355,36127850
109000081,2020-04-03,03,08,15,17,38,32215500,644310,28861150
109000082,2020-04-04,04,13,21,27,32,34168450,683369,18596650
109000083,2020-04-06,03,06,16,29,30,35068300,701366,18473550
109000084,2020-04-07,02,12,13,23,28,34071850,681437,9876750
109000085,2020-04-08,12,26,27,28,34,37335750,746715,9538850
109000086,2020-04-09,01,06,19,24,27,33371750,667435,24414550
109000087,2020-04-10,06,08,11,23,39,34819700,696394,18005650
109000088,2020-04-11,14,15,18,21,36,35314250,706285,37428800
109000089,2020-04-13,03,23,25,35,36,36598050,731961,24774050
109000090,2020-04-14,08,29,33,37,38,34214050,684281,18827800
109000091,2020-04-15,04,07,10,22,28,36747700,734954,41034300
109000092,2020-04-16,09,17,28,33,36,33530100,670602,24629650
109000093,2020-04-17,15,16,25,33,36,34644600,692892,23294200
109000094,2020-04-18,20,26,30,31,32,34858750,697175,46138047
109000095,2020-04-20,03,08,11,23,32,36944700,738894,38759850
109000096,2020-04-21,01,17,20,32,38,34306250,686125,31547350
109000097,2020-04-22,05,06,09,30,31,35484800,709696,10720350
109000098,2020-04-23,03,15,18,26,33,31961900,639238,24405550
109000099,2020-04-24,03,04,21,28,30,35192250,703845,9223700
109000100,2020-04-25,02,07,11,14,32,35695050,713901,26861350
109000101,2020-04-27,08,23,24,34,36,37127900,742558,19704000
109000102,2020-04-28,01,07,09,21,23,35397500,707950,17358650
109000103,2020-04-29,05,10,29,32,33,35448900,708978,21132500
109000104,2020-04-30,03,17,18,23,31,34514900,690298,35076600
109000105,2020-05-01,02,09,13,14,27,35964650,719293,11805100
109000106,2020-05-02,17,23,26,27,36,35425800,708516,25373350
109000107,2020-05-04,05,13,30,35,39,36322550,726451,16311800
109000108,2020-05-05,14,16,24,26,29,37170800,743416,16989300
109000109,2020-05-06,02,04,25,29,39,36845500,736910,15702250
109000110,2020-05-07,09,14,16,25,34,33900100,678002,15918200
109000111,2020-05-08,04,05,08,22,36,34647550,692951,26704500
109000112,2020-05-09,07,09,13,25,33,35602900,712058,26151500
109000113,2020-05-11,05,18,25,26,38,37919400,758388,34003750
109000114,2020-05-12,08,13,21,32,36,33525400,670508,16742250
109000115,2020-05-13,02,03,12,18,22,37769050,755381,34249900
109000116,2020-05-14,02,08,11,16,17,33680400,673608,8683350
109000117,2020-05-15,05,12,20,27,30,34433500,688670,21513100
109000118,2020-05-16,04,07,09,24,30,34230950,684619,17493800
109000119,2020-05-18,05,07,08,36,38,36112100,722242,35747150
109000120,2020-05-19,01,02,05,21,25,30818800,616376,8165500
109000121,2020-05-20,08,22,23,28,29,37087350,741747,35747450
109000122,2020-05-21,02,25,27,35,39,29917600,598352,23325650
109000123,2020-05-22,05,12,15,22,30,27649000,552980,34088500
109000124,2020-05-23,17,20,26,35,38,35562750,711255,8731500
109000125,2020-05-25,03,07,09,18,37,38313200,766264,22618100
109000126,2020-05-26,06,14,20,21,26,32416250,648325,16291500
109000127,2020-05-27,05,10,25,26,38,34676600,693532,19320200
109000128,2020-05-28,05,08,17,26,34,32291650,645833,10446800
109000129,2020-05-29,08,13,23,25,37,33828050,676561,8930800
109000130,2020-05-30,08,16,17,21,27,35770850,715417,9075600
109000131,2020-06-01,12,13,15,18,24,42775250,855505,33222050
109000132,2020-06-02,10,14,17,24,26,38141400,762828,40524150
109000133,2020-06-03,03,20,28,34,36,41746450,834929,20940600
109000134,2020-06-04,14,18,22,27,33,38920550,778411,30589100
109000135,2020-06-05,04,08,12,34,37,40007750,800155,32269900
109000136,2020-06-06,19,29,31,35,39,40260300,805206,51988300
109000137,2020-06-08,04,07,22,29,39,42014100,840282,19667600
109000138,2020-06-09,03,19,25,32,36,39102700,782054,9972650
109000139,2020-06-10,02,22,29,34,38,43749650,874993,10990650
109000140,2020-06-11,05,06,14,19,30,41182150,823643,22288350
109000141,2020-06-12,10,16,17,24,27,40904750,818095,42876650
109000142,2020-06-13,09,11,23,30,38,44081850,881637,26365800
109000143,2020-06-15,10,16,18,26,32,41006450,820129,10446000
109000144,2020-06-16,10,20,21,24,30,36138600,722772,25532350
109000145,2020-06-17,06,22,23,25,26,38019300,760386,35077750
109000146,2020-06-18,12,17,26,38,39,36393050,727861,8715600
109000147,2020-06-19,05,09,10,21,37,35178000,703560,18725000
109000148,2020-06-20,04,08,19,24,36,38124100,762482,22800900
109000149,2020-06-22,18,19,22,26,30,40480000,809600,35014600
109000150,2020-06-23,22,23,24,33,38,34587900,691758,8730650
109000151,2020-06-24,01,11,14,15,30,38476800,769536,19069450
109000152,2020-06-25,19,24,27,29,33,34851100,697022,16634800
109000153,2020-06-26,14,16,20,26,38,32123600,642472,7979650
109000154,2020-06-27,18,24,30,34,38,35471700,709434,9181350
109000155,2020-06-29,07,18,22,27,31,39491100,789822,9667250
109000156,2020-06-30,01,11,13,17,31,33154500,663090,33671050
109000157,2020-07-01,01,05,08,29,30,35415700,708314,11191050
109000158,2020-07-02,01,02,06,09,35,34313650,686273,11586400
109000159,2020-07-03,06,18,19,21,39,34434500,688690,16282650
109000160,2020-07-04,05,10,26,30,34,35635750,712715,36110150
109000161,2020-07-06,05,11,14,17,23,41137200,822744,29139500
109000162,2020-07-07,04,05,08,19,29,33785700,675714,27544350
109000163,2020-07-08,01,13,21,27,34,37406300,748126,25245450
109000164,2020-07-09,02,09,11,14,35,37187600,743752,26806700
109000165,2020-07-10,01,05,21,29,35,34677600,693552,7327200
109000166,2020-07-11,06,09,33,35,37,35872600,717452,8315250
109000167,2020-07-13,02,07,13,16,37,41835150,836703,34285700
109000168,2020-07-14,07,24,32,36,39,32736250,654725,7894050
109000169,2020-07-15,03,07,20,23,31,35566850,711337,35274250
109000170,2020-07-16,05,07,10,23,37,38708800,774176,19347450
109000171,2020-07-17,04,05,10,21,27,33852150,677043,10221650
109000172,2020-07-18,01,11,19,31,34,35739150,714783,33989200
109000173,2020-07-20,02,22,23,32,39,45013450,900269,29123300
109000174,2020-07-21,02,13,19,32,38,34131700,682634,15032450
109000175,2020-07-22,05,20,30,35,37,37548050,750961,11892950
109000176,2020-07-23,01,10,17,33,37,43638350,872767,27427600
109000177,2020-07-24,04,11,28,32,39,34622600,692452,10144650
109000178,2020-07-25,08,23,24,28,30,35958850,719177,25742950
109000179,2020-07-27,09,18,25,33,37,51179150,1023583,14554400
109000180,2020-07-28,05,13,22,25,28,34865850,697317,17644250
109000181,2020-07-29,06,15,24,28,31,41232700,824654,11049300
109000182,2020-07-30,05,16,30,37,38,37354650,747093,18445750
109000183,2020-07-31,14,17,19,20,24,39358900,787178,43402150
109000184,2020-08-01,08,10,16,21,36,39730100,794602,20464750
109000185,2020-08-03,02,06,21,27,29,38688500,773770,17442000
109000186,2020-08-04,04,11,13,25,33,35660600,713212,28821200
109000187,2020-08-05,16,33,34,35,38,42149100,842982,8891350
109000188,2020-08-06,07,09,17,26,37,37107200,742144,41894900
109000189,2020-08-07,05,06,29,30,39,39091800,781836,22354000
109000190,2020-08-08,04,15,18,25,26,41641900,832838,27158150
109000191,2020-08-10,23,24,29,36,39,40303550,806071,33400400
109000192,2020-08-11,01,04,19,23,37,36259450,725189,9497850
109000193,2020-08-12,01,13,20,25,32,41355250,827105,25766450
109000194,2020-08-13,15,17,18,31,33,38084450,761689,33431150
109000195,2020-08-14,04,10,12,17,25,38137600,762752,11673750
109000196,2020-08-15,13,17,18,21,31,38416050,768321,32091250
109000197,2020-08-17,12,18,26,28,30,41682750,833655,11674100
109000198,2020-08-18,04,15,29,33,37,36589300,731786,36496650
109000199,2020-08-19,01,02,04,23,28,41316150,826323,19738750
109000200,2020-08-20,08,14,20,21,30,37390600,747812,10382150
109000201,2020-08-21,03,07,17,30,31,36843750,736875,25766250
109000202,2020-08-22,06,21,26,27,34,37132800,742656,25996550
109000203,2020-08-24,13,14,28,31,35,40904650,818093,18580450
109000204,2020-08-25,11,23,33,36,37,35634650,712693,11880500
109000205,2020-08-26,14,16,21,29,32,37962900,759258,33412450
109000206,2020-08-27,17,24,29,34,39,32277250,645545,8247400
109000207,2020-08-28,02,03,17,28,31,36286000,725720,25033550
109000208,2020-08-29,01,10,16,27,28,37814200,756284,18731900
109000209,2020-08-31,02,06,26,29,36,39071250,781425,17569700
109000210,2020-09-01,15,16,17,23,32,34661000,693220,9212700
109000211,2020-09-02,11,13,20,23,39,38437650,768753,17150900
109000212,2020-09-03,04,07,12,20,33,34489600,689792,11304350
109000213,2020-09-04,04,09,21,23,24,36246650,724933,18183800
109000214,2020-09-05,01,26,31,32,38,38148200,762964,16969650
109000215,2020-09-07,06,11,13,15,29,40018350,800367,36038100
109000216,2020-09-08,01,06,07,12,15,35643750,712875,33577150
109000217,2020-09-09,04,05,20,24,29,38131600,762632,18056200
109000218,2020-09-10,16,27,30,35,38,35327950,706559,9601600
109000219,2020-09-11,03,07,08,33,35,36268050,725361,9272450
109000220,2020-09-12,02,15,19,27,39,36177200,723544,17127250
109000221,2020-09-14,18,19,20,30,38,38687950,773759,9823400
109000222,2020-09-15,01,04,11,25,31,33652150,673043,11274650
109000223,2020-09-16,06,13,15,22,27,38220650,764413,11646650
109000224,2020-09-17,05,14,24,33,39,34837050,696741,10601600
109000225,2020-09-18,06,18,24,27,29,34572850,691457,16170300
109000226,2020-09-19,10,18,19,37,39,35873450,717469,8115650
109000227,2020-09-21,05,10,17,19,34,38419800,768396,11846900
109000228,2020-09-22,17,20,23,24,39,34648000,692960,8262650
109000229,2020-09-23,06,12,17,32,36,37993750,759875,9913050
109000230,2020-09-24,05,10,15,24,27,32445600,648912,19989600
109000231,2020-09-25,01,09,14,17,18,34977100,699542,25952000
109000232,2020-09-26,22,24,27,29,34,37661100,753222,27986050
109000233,2020-09-28,07,20,26,27,30,36095500,721910,20098250
109000234,2020-09-29,06,20,22,30,36,35288050,705761,15545000
109000235,2020-09-30,21,27,28,34,37,39318450,786369,17654400
109000236,2020-10-01,01,06,21,35,36,34049350,680987,6941700
109000237,2020-10-02,17,18,20,24,34,32404600,648092,24987450
109000238,2020-10-03,07,15,20,30,37,36034150,720683,26282850
109000239,2020-10-05,06,20,22,27,35,38640900,772818,30581450
109000240,2020-10-06,06,20,25,32,37,36282050,725641,9055800
109000241,2020-10-07,05,09,13,21,34,39813400,796268,12164550
109000242,2020-10-08,03,08,11,19,38,35858950,717179,46343000
109000243,2020-10-09,13,16,25,26,31,34564800,691296,8662950
109000244,2020-10-10,04,08,23,24,34,37911050,758221,12575750
109000245,2020-10-12,06,22,24,29,33,39783450,795669,36314550
109000246,2020-10-13,04,08,17,26,30,34787100,695742,9728300
109000247,2020-10-14,01,09,33,34,39,38469850,769397,17525650
109000248,2020-10-15,08,14,18,20,23,34791550,695831,9447600
109000249,2020-10-16,22,26,32,33,38,35349650,706993,9666650
109000250,2020-10-17,18,20,21,24,25,37656800,753136,34075350
109000251,2020-10-19,04,06,16,23,36,39750000,795000,26203350
109000252,2020-10-20,01,10,23,27,36,35168200,703364,16326450
109000253,2020-10-21,02,14,20,22,29,37480700,749614,35971050
109000254,2020-10-22,01,09,11,27,31,33327650,666553,33867650
109000255,2020-10-23,02,03,20,21,34,34502650,690053,16789300
109000256,2020-10-24,09,10,15,27,32,37661500,753230,9993350
109000257,2020-10-26,03,09,14,26,33,39761100,795222,18714650
109000258,2020-10-27,08,18,23,24,31,35043750,700875,13054850
109000259,2020-10-28,13,20,26,37,38,38167350,763347,17809600
109000260,2020-10-29,04,23,25,35,38,34496200,689924,8586300
109000261,2020-10-30,03,09,24,35,38,35582100,711642,15468200
109000262,2020-10-31,06,07,09,21,32,37182550,743651,18090850
109000263,2020-11-02,12,29,31,36,39,38298100,765962,18890600
109000264,2020-11-03,04,17,24,25,28,33927600,678552,34191747
109000265,2020-11-04,02,12,17,34,38,37993700,759874,24346800
109000266,2020-11-05,19,20,25,30,37,34437450,688749,10308950
109000267,2020-11-06,01,04,07,08,39,34287950,685759,25925550
109000268,2020-11-07,04,08,21,24,26,36074950,721499,9205750
109000269,2020-11-09,06,08,17,24,38,38082600,761652,35560100
109000270,2020-11-10,05,19,26,28,29,34356750,687135,18385550
109000271,2020-11-11,22,31,35,38,39,39172950,783459,17573050
109000272,2020-11-12,04,18,27,29,39,34963950,699279,9467150
109000273,2020-11-13,01,07,11,24,39,33834250,676685,9434500
109000274,2020-11-14,02,03,07,30,36,37733500,754670,9237200
109000275,2020-11-16,10,11,13,23,38,39258000,785160,11613500
109000276,2020-11-17,11,14,17,19,24,34779650,695593,18303400
109000277,2020-11-18,01,07,15,17,18,38132900,762658,25642350
109000278,2020-11-19,06,10,13,16,27,34605200,692104,11551350
109000279,2020-11-20,06,11,27,37,38,35943400,718868,8854350
109000280,2020-11-21,08,11,13,14,26,36656050,733121,17258250
109000281,2020-11-23,02,04,13,23,28,38721000,774420,10062700
109000282,2020-11-24,04,08,17,18,26,34452150,689043,27240700
109000283,2020-11-25,06,16,25,28,36,37963650,759273,35490100
109000284,2020-11-26,12,17,21,28,35,34756050,695121,17035250
109000285,2020-11-27,15,24,25,26,32,34733700,694674,24720450
109000286,2020-11-28,01,02,04,17,20,35561200,711224,10209350
109000287,2020-11-30,09,17,25,28,36,37980250,759605,18316750
109000288,2020-12-01,01,11,19,26,32,32958900,659178,33209200
109000289,2020-12-02,03,10,16,24,37,37293000,745860,26599000
109000290,2020-12-03,01,03,19,20,37,32429700,648594,22949850
109000291,2020-12-04,02,07,22,31,37,34500550,690011,8538350
109000292,2020-12-05,08,18,20,29,35,36671250,733425,33647450
109000293,2020-12-07,09,12,22,30,35,38413550,768271,18107450
109000294,2020-12-08,01,21,24,28,34,33677900,673558,16608050
109000295,2020-12-09,12,13,15,28,33,35603300,712066,8607350
109000296,2020-12-10,06,10,11,26,27,35047100,700942,42226000
109000297,2020-12-11,05,06,12,19,33,37108900,742178,26763700
109000298,2020-12-12,08,14,15,24,27,38485400,769708,19801250
109000299,2020-12-14,05,14,17,19,20,40020450,800409,35982400
109000300,2020-12-15,01,11,23,25,35,34340400,686808,11355900
109000301,2020-12-16,08,15,17,34,36,37452400,749048,17340700
109000302,2020-12-17,07,11,15,16,20,35758900,715178,17000800
109000303,2020-12-18,02,12,15,22,35,35937200,718744,8696350
109000304,2020-12-19,09,14,18,29,36,36990950,739819,18985500
109000305,2020-12-21,02,08,15,17,24,39046350,780927,38216500
109000306,2020-12-22,02,15,23,29,38,35996750,719935,7629100
109000307,2020-12-23,07,24,28,32,38,36446900,728938,16248950
109000308,2020-12-24,01,19,23,30,36,35667900,713358,8241900
109000309,2020-12-25,01,05,19,32,37,36447100,728942,15957850
109000310,2020-12-26,05,09,15,20,24,37918050,758361,37499950
109000311,2020-12-28,11,15,25,32,35,40221100,804422,19223000
109000312,2020-12-29,09,16,21,28,38,36363200,727264,9833250
109000313,2020-12-30,03,05,21,34,36,36725450,734509,15878050
109000314,2020-12-31,01,10,14,20,34,36070300,721406,33115450
110000001,2021-01-01,18,24,26,35,37,34601200,692024,16947750
110000002,2021-01-02,04,06,11,17,34,37728300,754566,20040700
110000003,2021-01-04,02,03,16,22,32,40004750,800095,9430300
110000004,2021-01-05,01,11,20,28,36,35289750,705795,35995300
110000005,2021-01-06,10,12,29,32,36,39700200,794004,17037300
110000006,2021-01-07,07,13,22,23,30,33673050,673461,21364250
110000007,2021-01-08,09,13,26,34,36,34049550,680991,15720850
110000008,2021-01-09,10,13,24,36,37,37324300,746486,16401450
110000009,2021-01-11,03,07,14,26,38,37738700,754774,18909300
110000010,2021-01-12,09,11,19,36,39,35189250,703785,10733750
110000011,2021-01-13,06,09,17,24,38,39493900,789878,19065050
110000012,2021-01-14,16,20,21,30,31,35955500,719110,10607550
110000013,2021-01-15,06,08,16,19,23,36654800,733096,9988350
110000014,2021-01-16,03,10,23,26,37,39094500,781890,25652200
110000015,2021-01-18,01,03,16,17,39,39597900,791958,17752150
110000016,2021-01-19,05,09,16,21,35,35234200,704684,16761400
110000017,2021-01-20,03,10,11,13,19,38707200,774144,26615400
110000018,2021-01-21,01,06,07,21,23,35707300,714146,35121350
110000019,2021-01-22,15,17,19,28,29,35466200,709324,26324750
110000020,2021-01-23,23,26,34,35,36,39112050,782241,26965200
110000021,2021-01-25,13,16,23,37,39,40371100,807422,18995200
110000022,2021-01-26,12,20,23,31,37,35832750,716655,8479050
110000023,2021-01-27,01,02,17,18,35,39024850,780497,9777600
110000024,2021-01-28,14,16,20,30,37,34674950,693499,8237850
110000025,2021-01-29,16,20,21,22,26,36002000,720040,8162950
110000026,2021-01-30,05,13,23,26,27,38850650,777013,18558800
110000027,2021-02-01,06,12,17,28,36,40888250,817765,39863100
110000028,2021-02-02,04,24,25,34,37,36717050,734341,38424400
110000029,2021-02-03,01,05,12,18,30,40545500,810910,35711550
110000030,2021-02-04,01,05,12,15,26,36661150,733223,9317600
110000031,2021-02-05,20,23,26,27,38,38148500,762970,26608100
110000032,2021-02-06,03,07,14,20,34,42166150,843323,25751550
110000033,2021-02-08,01,02,20,23,26,43807650,876153,31305500
110000034,2021-02-09,03,12,14,18,34,40918650,818373,18808600
110000035,2021-02-10,16,18,23,32,38,41108200,822164,26482250
110000036,2021-02-11,01,08,09,17,22,44845250,896905,22664500
110000037,2021-02-12,03,13,20,27,28,50914500,1018290,22478950
110000038,2021-02-13,05,18,21,22,27,49533550,990671,36664600
110000039,2021-02-15,06,07,19,20,26,61315150,1226303,44323650
110000040,2021-02-16,10,19,22,24,26,49983100,999662,28243200
110000041,2021-02-17,01,17,20,27,30,46204800,924096,42862300
110000042,2021-02-18,01,14,19,27,28,44630450,892609,34731400
110000043,2021-02-19,09,19,35,37,38,44427200,888544,27429100
110000044,2021-02-20,05,08,10,23,30,43069550,861391,40069950
110000045,2021-02-22,04,16,21,32,33,49999200,999984,40252350
110000046,2021-02-23,01,07,26,29,34,39596150,791923,12140500
110000047,2021-02-24,06,14,19,24,37,45661050,913221,22695150
110000048,2021-02-25,09,10,14,22,38,42011650,840233,18959700
110000049,2021-02-26,01,08,09,18,27,42000950,840019,37732250
110000050,2021-02-27,21,25,27,32,39,43848900,876978,10529600
110000051,2021-03-01,13,32,34,36,38,44687350,893747,9966050
110000052,2021-03-02,05,10,23,25,39,36503100,730062,10127350
110000053,2021-03-03,05,10,15,16,21,42819450,856389,10480350
110000054,2021-03-04,07,10,16,19,24,39972950,799459,26235400
110000055,2021-03-05,04,06,31,36,37,39966500,799330,25219350
110000056,2021-03-06,05,10,11,12,26,40851100,817022,22263400
110000057,2021-03-08,13,17,18,24,28,45632400,912648,30178200
110000058,2021-03-09,01,04,11,23,32,39554950,791099,21992400
110000059,2021-03-10,01,05,19,22,26,44442750,888855,38710850
110000060,2021-03-11,04,09,13,27,28,40967150,819343,36127100
110000061,2021-03-12,07,25,33,35,37,40399400,807988,19458050
110000062,2021-03-13,21,31,32,35,36,42965250,859305,17600850
110000063,2021-03-15,07,11,13,25,39,44734250,894685,11436750
110000064,2021-03-16,03,08,14,18,32,37953600,759072,27666550
110000065,2021-03-17,01,07,10,23,29,42103700,842074,23448650
110000066,2021-03-18,11,21,30,32,38,38285850,765717,17138600
110000067,2021-03-19,04,10,17,27,36,38204750,764095,26645100
110000068,2021-03-20,11,18,22,28,35,40311600,806232,19538150
110000069,2021-03-22,01,11,17,29,34,38701550,774031,35900950
110000070,2021-03-23,10,14,19,20,35,36386650,727733,10102650
110000071,2021-03-24,03,08,13,23,26,38465450,769309,38908800
110000072,2021-03-25,08,12,22,33,35,36971900,739438,16875650
110000073,2021-03-26,07,09,11,22,32,36983250,739665,12773500
110000074,2021-03-27,01,05,10,30,31,39913750,798275,44394700
110000075,2021-03-29,10,12,15,32,35,41865150,837303,24940700
110000076,2021-03-30,10,14,15,36,38,35999300,719986,7336600
110000077,2021-03-31,10,12,23,34,38,41077500,821550,25689450
110000078,2021-04-01,02,09,20,25,35,37622300,752446,35432950
110000079,2021-04-02,24,28,31,33,36,34783900,695678,32027800
110000080,2021-04-03,06,08,12,23,25,37449150,748983,11946150
110000081,2021-04-05,01,17,25,36,38,38028800,760576,16210400
110000082,2021-04-06,10,12,17,29,35,35278300,705566,18047300
110000083,2021-04-07,01,10,24,35,38,40162900,803258,20853850
110000084,2021-04-08,02,07,09,29,35,35949500,718990,9200050
110000085,2021-04-09,06,16,20,25,34,36976950,739539,17632900
110000086,2021-04-10,02,04,18,20,34,40131550,802631,16883700
110000087,2021-04-12,17,22,34,37,39,42124700,842494,26943150
110000088,2021-04-13,06,11,13,22,23,35952000,719040,28101950
110000089,2021-04-14,03,08,12,20,33,40475750,809515,41443700
110000090,2021-04-15,06,07,17,25,37,36984750,739695,9584600
110000091,2021-04-16,02,07,21,22,28,37043950,740879,8876700
110000092,2021-04-17,07,08,23,25,31,38919500,778390,26292500
110000093,2021-04-19,01,04,09,29,39,41289600,825792,39669950
110000094,2021-04-20,16,20,23,24,35,35917700,718354,17667800
110000095,2021-04-21,04,19,29,37,39,39435500,788710,16364400
110000096,2021-04-22,05,07,08,25,26,35638150,712763,20685550
110000097,2021-04-23,02,08,16,22,28,36286650,725733,34946900
110000098,2021-04-24,05,06,10,11,13,38391500,767830,38681000
110000099,2021-04-26,01,05,16,17,21,41422900,828458,12501950
110000100,2021-04-27,12,22,24,31,35,36304650,726093,10612200
110000101,2021-04-28,07,12,16,22,23,37557650,751153,10043300
110000102,2021-04-29,08,10,23,32,35,36466300,729326,21453250
110000103,2021-04-30,07,17,21,32,35,37070250,741405,8214100
110000104,2021-05-01,12,13,19,20,31,38495350,769907,25111000
110000105,2021-05-03,04,13,15,29,32,40064700,801294,32580700
110000106,2021-05-04,20,21,23,36,39,35493500,709870,16036100
110000107,2021-05-05,08,19,27,29,39,38822850,776457,18798000
110000108,2021-05-06,03,07,13,21,22,36052950,721059,33471000
110000109,2021-05-07,06,07,08,17,33,36496300,729926,35122300
110000110,2021-05-08,19,23,26,31,34,38321250,766425,9776250
110000111,2021-05-10,14,15,17,28,37,39939550,798791,27670900
110000112,2021-05-11,11,15,17,31,36,35222000,704440,7347000
110000113,2021-05-12,08,14,17,21,30,37751550,755031,16864550
110000114,2021-05-13,13,16,17,25,37,32561750,651235,9003450
110000115,2021-05-14,10,28,29,31,36,34573150,691463,7583800
110000116,2021-05-15,02,07,28,31,39,34637100,692742,7070350
110000117,2021-05-17,03,15,27,33,36,32759950,655199,8852950
110000118,2021-05-18,09,12,18,27,37,29518700,590374,17150850
110000119,2021-05-19,05,08,17,27,36,30846900,616938,11065250
110000120,2021-05-20,13,30,31,35,37,28892450,577849,15246800
110000121,2021-05-21,04,09,33,34,38,28549050,570981,15884650
110000122,2021-05-22,06,14,22,23,31,29578050,591561,8601850
110000123,2021-05-24,12,14,23,24,36,29367400,587348,15235900
110000124,2021-05-25,03,14,25,33,37,27844150,556883,24191600
110000125,2021-05-26,06,07,30,32,36,29907350,598147,6958250
110000126,2021-05-27,21,24,26,29,32,27059700,541194,6146000
110000127,2021-05-28,23,24,32,35,38,27769250,555385,31308850
110000128,2021-05-29,01,11,19,27,38,28522750,570455,9712500
110000129,2021-05-31,18,23,31,32,35,26949250,538985,6757350
110000130,2021-06-01,04,06,30,32,35,27004650,540093,5826950
110000131,2021-06-02,04,19,29,33,37,29359250,587185,6922850
110000132,2021-06-03,01,11,14,29,36,27195100,543902,31215200
110000133,2021-06-04,06,12,13,15,39,27441200,548824,7836700
110000134,2021-06-05,01,03,10,17,24,26878650,537573,17576500
110000135,2021-06-07,06,12,15,20,39,30335650,606713,23918900
110000136,2021-06-08,03,08,19,22,38,28052050,561041,9237000
110000137,2021-06-09,03,05,07,11,16,30756300,615126,11267200
110000138,2021-06-10,01,13,14,22,33,29179550,583591,7809350
110000139,2021-06-11,03,18,22,27,33,29892600,597852,6832700
110000140,2021-06-12,03,04,13,17,25,30666600,613332,15918700
110000141,2021-06-14,17,25,27,33,35,30171950,603439,7507450
110000142,2021-06-15,14,17,27,32,36,28841850,576837,23771300
110000143,2021-06-16,07,17,18,21,27,31374250,627485,9053850
110000144,2021-06-17,08,28,31,36,39,29208500,584170,31419950
110000145,2021-06-18,11,13,20,29,33,30142850,602857,16105800
110000146,2021-06-19,01,12,33,36,39,31560250,631205,8113400
110000147,2021-06-21,04,10,12,36,37,31022600,620452,15508350
110000148,2021-06-22,03,11,31,32,39,26063400,521268,22067350
110000149,2021-06-23,06,12,14,28,35,30585150,611703,25777950
110000150,2021-06-24,05,29,31,35,36,28921350,578427,6541850
110000151,2021-06-25,04,12,17,20,23,29585950,591719,25416550
110000152,2021-06-26,17,26,31,32,35,32221750,644435,8778900
110000153,2021-06-28,06,17,29,33,39,31605200,632104,25384000
110000154,2021-06-29,06,09,15,17,24,29503050,590061,25913700
110000155,2021-06-30,04,06,26,28,39,33333300,666666,24727350
110000156,2021-07-01,19,20,28,31,38,30487600,609752,6539100
110000157,2021-07-02,02,05,07,26,32,30979750,619595,17224800
110000158,2021-07-03,08,20,23,27,29,32414600,648292,27727250
110000159,2021-07-05,01,20,24,32,35,33879000,677580,16493550
110000160,2021-07-06,10,11,19,21,39,30475600,609512,8849900
110000161,2021-07-07,01,11,17,25,29,33287300,665746,18092250
110000162,2021-07-08,22,23,27,35,37,31652450,633049,31981500
110000163,2021-07-09,12,13,15,30,37,31890000,637800,8270800
110000164,2021-07-10,09,26,28,35,38,34112250,682245,18052600
110000165,2021-07-12,04,07,17,29,37,34288300,685766,19169500
110000166,2021-07-13,10,15,18,24,25,30121050,602421,7776050
110000167,2021-07-14,01,12,14,18,26,33251300,665026,16489900
110000168,2021-07-15,07,15,23,25,31,32767800,655356,17336600
110000169,2021-07-16,02,07,17,18,26,31659750,633195,17170450
110000170,2021-07-17,02,16,21,31,37,34063200,681264,7418150
110000171,2021-07-19,06,07,08,09,30,35316550,706331,28643050
110000172,2021-07-20,09,14,22,36,38,29518150,590363,22906150
110000173,2021-07-21,09,16,24,32,38,32602000,652040,31624450
110000174,2021-07-22,01,09,16,32,38,31264150,625283,26432500
110000175,2021-07-23,10,17,18,20,28,30524650,610493,26296200
110000176,2021-07-24,01,08,12,17,31,33515750,670315,19064100
110000177,2021-07-26,01,05,08,16,38,38141400,762828,26459650
110000178,2021-07-27,03,05,27,30,35,30619950,612399,16882900
110000179,2021-07-28,06,12,17,18,24,33066000,661320,10712150
110000180,2021-07-29,13,20,21,23,25,34109350,682187,18432350
110000181,2021-07-30,06,09,17,27,30,31539750,630795,17047000
110000182,2021-07-31,04,05,17,33,35,31978250,639565,15592600
110000183,2021-08-02,04,24,25,28,33,37929250,758585,16557200
110000184,2021-08-03,05,09,24,25,36,29977250,599545,31551800
110000185,2021-08-04,10,20,32,34,39,32992500,659850,25895800
110000186,2021-08-05,04,06,25,27,29,35112000,702240,9546350
110000187,2021-08-06,04,07,11,18,19,29482200,589644,9822600
110000188,2021-08-07,02,04,08,11,22,30580200,611604,35739250
110000189,2021-08-09,09,12,18,22,38,42696700,853934,20053600
110000190,2021-08-10,08,22,23,29,31,32862400,657248,8486850
110000191,2021-08-11,17,20,28,30,38,36620100,732402,10672050
110000192,2021-08-12,01,03,07,19,30,39682500,793650,27385950
110000193,2021-08-13,05,25,27,35,37,33016300,660326,36734750
110000194,2021-08-14,03,08,18,30,37,35183400,703668,16019550
110000195,2021-08-16,07,10,16,24,34,47424350,948487,14262650
110000196,2021-08-17,03,17,19,35,37,34026700,680534,17041750
110000197,2021-08-18,10,11,15,16,36,38525300,770506,16999000
110000198,2021-08-19,08,12,19,26,38,43456900,869138,40627550
110000199,2021-08-20,01,05,10,31,38,35956850,719137,27138200
110000200,2021-08-21,18,24,29,31,33,37371900,747438,15637000
110000201,2021-08-23,06,11,24,29,37,51966600,1039332,37457300
110000202,2021-08-24,08,17,20,24,27,35646750,712935,14474750
110000203,2021-08-25,14,15,26,31,34,39620100,792402,16847250
110000204,2021-08-26,03,11,32,36,39,34940150,698803,7951250
110000205,2021-08-27,03,18,23,32,33,37297950,745959,34666750
110000206,2021-08-28,02,05,12,32,37,38582900,771658,17723300
110000207,2021-08-30,02,14,24,36,39,39388150,787763,7916100
110000208,2021-08-31,04,15,28,29,35,34578350,691567,34668600
110000209,2021-09-01,07,12,18,19,39,38435900,768718,18332600
110000210,2021-09-02,04,20,27,29,35,34696150,693923,16541250
110000211,2021-09-03,02,08,28,37,38,34793050,695861,18582000
110000212,2021-09-04,08,15,27,33,35,35754250,715085,32638950
110000213,2021-09-06,04,09,22,26,39,37951400,759028,18217000
110000214,2021-09-07,01,07,15,17,38,34058250,681165,34521800
110000215,2021-09-08,04,07,12,28,37,37565100,751302,19446900
110000216,2021-09-09,04,12,20,23,27,34209350,684187,17508950
110000217,2021-09-10,03,08,17,25,39,35486650,709733,27232200
110000218,2021-09-11,04,06,12,14,25,38763100,775262,18177200
110000219,2021-09-13,03,06,09,32,39,36741400,734828,17062650
110000220,2021-09-14,02,06,17,19,38,34021200,680424,32953550
110000221,2021-09-15,01,03,06,19,32,36875350,737507,16202450
110000222,2021-09-16,07,12,16,19,33,33550750,671015,9174350
110000223,2021-09-17,01,17,23,30,34,35820150,716403,18013900
110000224,2021-09-18,01,05,12,22,34,36931550,738631,17104550
110000225,2021-09-20,10,11,31,35,39,35930050,718601,12150500
110000226,2021-09-21,10,18,29,31,34,34355600,687112,23142050
110000227,2021-09-22,15,18,19,20,35,35567100,711342,8433800
110000228,2021-09-23,05,12,22,32,36,32312600,646252,17229500
110000229,2021-09-24,02,03,30,33,34,34064300,681286,31904900
110000230,2021-09-25,04,15,16,23,30,35208200,704164,8978400
110000231,2021-09-27,01,14,28,29,30,36358200,727164,33542400
110000232,2021-09-28,03,09,28,32,35,32792850,655857,25573750
110000233,2021-09-29,02,03,11,19,38,35873750,717475,34154850
110000234,2021-09-30,06,07,19,23,35,33298750,665975,33778150
110000235,2021-10-01,01,10,19,28,37,34489300,689786,35516733
110000236,2021-10-02,09,15,19,20,25,36008000,720160,17366800
110000237,2021-10-04,22,26,30,31,37,41497200,829944,19046900
110000238,2021-10-05,05,24,25,30,39,37915250,758305,29217000
110000239,2021-10-06,04,08,13,18,22,40716300,814326,33885200
110000240,2021-10-07,15,16,26,28,38,37384900,747698,19402450
110000241,2021-10-08,21,23,27,36,37,39638500,792770,33019500
110000242,2021-10-09,06,13,20,30,36,41369150,827383,20233900
110000243,2021-10-11,06,18,24,26,30,37387300,747746,39951400
110000244,2021-10-12,02,16,22,24,29,36268800,725376,28231650
110000245,2021-10-13,01,05,11,17,31,38899050,777981,37764000
110000246,2021-10-14,04,05,11,16,33,37574250,751485,18936500
110000247,2021-10-15,01,29,35,38,39,39077900,781558,40201850
110000248,2021-10-16,11,12,25,28,30,38197100,763942,31570150
110000249,2021-10-18,02,08,09,18,28,41710650,834213,23357050
110000250,2021-10-19,10,11,20,22,34,37439450,748789,33921250
110000251,2021-10-20,11,21,24,31,32,40728050,814561,31721000
110000252,2021-10-21,01,04,11,34,36,36166000,723320,18371850
110000253,2021-10-22,06,21,25,29,36,37545050,750901,8485750
110000254,2021-10-23,04,13,22,24,34,40838300,816766,20481800
110000255,2021-10-25,02,14,27,31,36,38036150,760723,25307200
110000256,2021-10-26,06,10,32,34,39,34213150,684263,8263150
110000257,2021-10-27,13,20,23,30,33,37287000,745740,38051200
110000258,2021-10-28,14,18,20,23,39,34621200,692424,14976000
110000259,2021-10-29,03,09,21,33,35,35200050,704001,25094100
110000260,2021-10-30,17,26,27,33,34,36503400,730068,32712600
110000261,2021-11-01,07,12,18,25,33,38203000,764060,27146250
110000262,2021-11-02,02,19,22,35,38,34062600,681252,27147300
110000263,2021-11-03,01,12,21,25,32,37103750,742075,18511800
110000264,2021-11-04,05,15,21,32,34,34114950,682299,7413150
110000265,2021-11-05,09,11,14,28,30,35885800,717716,27906050
110000266,2021-11-06,02,13,24,25,32,36872500,737450,17824000
110000267,2021-11-08,06,13,15,18,26,37014900,740298,9603150
110000268,2021-11-09,13,23,25,27,34,33305300,666106,8813050
110000269,2021-11-10,05,09,17,24,26,36872900,737458,20007750
110000270,2021-11-11,13,15,17,18,35,34179300,683586,16433550
110000271,2021-11-12,02,19,25,32,34,34330900,686618,19091000
110000272,2021-11-13,01,02,08,26,37,35026450,700529,18372550
110000273,2021-11-15,02,20,25,32,35,38015750,760315,34488750
110000274,2021-11-16,01,04,07,20,32,33788300,675766,16704450
110000275,2021-11-17,04,12,17,22,24,36931300,738626,10895900
110000276,2021-11-18,03,15,22,32,38,32910150,658203,15446350
110000277,2021-11-19,21,24,25,26,36,34584950,691699,8108650
110000278,2021-11-20,08,11,23,32,36,35046900,700938,12810600
110000279,2021-11-22,03,05,19,20,30,35802350,716047,11469700
110000280,2021-11-23,23,27,28,35,36,31848400,636968,15837850
110000281,2021-11-24,04,10,17,24,26,35270750,705415,21530400
110000282,2021-11-25,10,14,16,20,24,33032900,660658,8382750
110000283,2021-11-26,08,19,20,24,34,32437900,648758,16138050
110000284,2021-11-27,14,15,16,25,28,33593650,671873,24415800
110000285,2021-11-29,03,05,07,15,17,36468650,729373,35144550
110000286,2021-11-30,01,05,06,07,24,33057900,661158,9671600
110000287,2021-12-01,01,07,17,29,36,35632450,712649,24996350
110000288,2021-12-02,02,17,20,23,39,32635250,652705,33773050
110000289,2021-12-03,02,15,24,26,31,34043750,680875,7851700
110000290,2021-12-04,13,14,32,34,36,35522200,710444,34913050
110000291,2021-12-06,15,16,21,27,29,37115700,742314,8544800
110000292,2021-12-07,05,09,23,30,38,33745450,674909,26629750
110000293,2021-12-08,09,13,25,28,29,37107100,742142,17376150
110000294,2021-12-09,08,10,11,18,28,33366950,667339,37585700
110000295,2021-12-10,03,05,21,27,30,35638450,712769,17647150
110000296,2021-12-11,03,13,16,31,33,36897050,737941,17423450
110000297,2021-12-13,03,19,34,35,36,37267250,745345,24842950
110000298,2021-12-14,11,13,33,34,35,33893050,677861,15965850
110000299,2021-12-15,01,06,10,19,25,37070650,741413,35475900
110000300,2021-12-16,04,13,20,28,35,33924550,678491,17163900
110000301,2021-12-17,12,18,23,25,36,34018400,680368,18458200
110000302,2021-12-18,14,15,21,26,33,35452550,709051,34769250
110000303,2021-12-20,05,09,18,28,33,36658350,733167,9814550
110000304,2021-12-21,21,23,32,34,38,29721600,594432,8209000
110000305,2021-12-22,03,05,13,16,29,35938900,718778,10247550
110000306,2021-12-23,06,07,16,18,25,34006250,680125,16843000
110000307,2021-12-24,08,15,19,29,39,34733650,694673,34500050
110000308,2021-12-25,07,10,20,31,37,35495700,709914,10653900
110000309,2021-12-27,04,07,10,13,31,35815850,716317,16728400
110000310,2021-12-28,14,23,34,35,36,33468300,669366,10586950
110000311,2021-12-29,02,03,18,23,30,38022050,760441,11140100
110000312,2021-12-30,08,10,18,20,27,35182250,703645,11026800
110000313,2021-12-31,05,11,17,27,39,36747600,734952,11557400
111000001,2022-01-01,04,06,07,23,36,39712650,794253,18284050
111000002,2022-01-03,03,07,09,36,38,39629750,792595,10671850
111000003,2022-01-04,02,05,11,27,30,34400150,688003,17959250
111000004,2022-01-05,06,15,18,27,38,39171000,783420,17650150
111000005,2022-01-06,01,16,22,35,39,33196000,663920,27773300
111000006,2022-01-07,12,13,25,26,39,35826400,716528,26826450
111000007,2022-01-08,02,04,18,30,39,38699950,773999,8292350
111000008,2022-01-10,03,09,10,14,37,39817950,796359,12933150
111000009,2022-01-11,02,11,17,20,36,35047350,700947,35765250
111000010,2022-01-12,03,07,13,16,28,37824900,756498,18470150
111000011,2022-01-13,01,05,26,28,39,34147100,682942,16892400
111000012,2022-01-14,04,06,08,09,17,35779050,715581,21458150
111000013,2022-01-15,14,21,27,32,33,38603950,772079,11982700
111000014,2022-01-17,01,22,24,33,36,38574200,771484,17242200
111000015,2022-01-18,01,16,19,26,38,35400050,708001,8472850
111000016,2022-01-19,09,15,17,26,38,38964900,779298,26101050
111000017,2022-01-20,03,31,33,35,38,35799950,715999,8189400
111000018,2022-01-21,13,17,18,35,39,33867450,677349,8367500
111000019,2022-01-22,06,27,29,32,38,35896450,717929,25174700
111000020,2022-01-24,05,11,24,30,38,39922500,798450,11408050
111000021,2022-01-25,08,19,20,24,37,36497100,729942,18835650
111000022,2022-01-26,12,22,29,30,36,40013750,800275,25778300
111000023,2022-01-27,03,09,24,34,35,37204700,744094,17708100
111000024,2022-01-28,01,16,20,30,31,38091600,761832,17739500
111000025,2022-01-29,08,12,18,23,38,38085500,761710,35886600
111000026,2022-01-31,05,16,17,33,38,52501950,1050039,22853950
111000027,2022-02-01,17,20,22,38,39,45581750,911635,11172050
111000028,2022-02-02,14,15,19,22,25,48525600,970512,12166550
111000029,2022-02-03,09,12,25,35,39,43950000,879000,35758850
111000030,2022-02-04,06,15,19,23,39,51116900,1022338,28376950
111000031,2022-02-05,01,02,12,19,34,48392200,967844,36201400
111000032,2022-02-07,10,20,31,34,38,53285400,1065708,37273800
111000033,2022-02-08,08,11,19,23,34,42584600,851692,20337650
111000034,2022-02-09,02,11,17,18,38,41460750,829215,34555150
111000035,2022-02-10,12,14,35,37,38,41270250,825405,18248250
111000036,2022-02-11,14,29,35,38,39,42878600,857572,10914800
111000037,2022-02-12,04,07,11,21,22,45270600,905412,41201750
111000038,2022-02-14,09,14,21,28,34,46433900,928678,29067050
111000039,2022-02-15,05,09,15,29,33,40230650,804613,12021500
111000040,2022-02-16,05,16,22,23,30,44809500,896190,21420200
111000041,2022-02-17,04,07,15,32,37,39672400,793448,17684100
111000042,2022-02-18,03,08,15,17,26,37822650,756453,30647100
111000043,2022-02-19,23,27,31,34,35,38705400,774108,9534700
111000044,2022-02-21,01,06,15,22,36,36892650,737853,25993950
111000045,2022-02-22,08,13,23,25,37,35467500,709350,10571200
111000046,2022-02-23,02,11,16,28,38,34253150,685063,21681200
111000047,2022-02-24,10,11,28,30,33,37859600,757192,11468750
111000048,2022-02-25,05,17,22,35,39,38169000,763380,39544950
111000049,2022-02-26,13,17,24,34,35,40839350,816787,17777400
111000050,2022-02-28,07,17,18,34,37,40494550,809891,27064300
111000051,2022-03-01,10,15,17,28,32,36077050,721541,17189450
111000052,2022-03-02,06,15,16,21,23,40193250,803865,34020950
111000053,2022-03-03,05,11,16,24,27,35158600,703172,18228900
111000054,2022-03-04,03,13,14,16,26,39138200,782764,10478050
111000055,2022-03-05,10,12,18,30,34,40524250,810485,29127100
111000056,2022-03-07,10,11,24,32,38,38019200,760384,9916350
111000057,2022-03-08,09,10,11,25,35,36508050,730161,18956600
111000058,2022-03-09,01,05,21,24,28,39913000,798260,18386700
111000059,2022-03-10,12,14,19,33,34,36980150,739603,16905550
111000060,2022-03-11,04,06,11,20,29,37345550,746911,30808000
111000061,2022-03-12,07,10,14,17,20,39368400,787368,20219000
111000062,2022-03-14,10,16,17,19,23,40741300,814826,11113100
111000063,2022-03-15,02,04,07,30,38,36077300,721546,8874600
111000064,2022-03-16,10,18,19,33,35,38978800,779576,8865150
111000065,2022-03-17,18,19,26,34,37,35288100,705762,15881050
111000066,2022-03-18,03,14,23,29,30,35541900,710838,17211450
111000067,2022-03-19,02,10,25,26,35,37088900,741778,8975600
111000068,2022-03-21,03,06,07,21,24,38364050,767281,35241750
111000069,2022-03-22,09,27,29,34,35,33264900,665298,15884800
111000070,2022-03-23,12,13,20,27,30,32525400,650508,8951200
111000071,2022-03-24,01,12,13,19,31,33469450,669389,32368250
111000072,2022-03-25,08,12,13,14,18,34688200,693764,18061750
111000073,2022-03-26,03,12,22,33,39,35356950,707139,25137350
111000074,2022-03-28,06,17,21,25,29,33544250,670885,9416350
111000075,2022-03-29,03,16,26,27,36,33785550,675711,32981400
111000076,2022-03-30,01,21,28,29,34,36932700,738654,15969000
111000077,2022-03-31,05,08,12,17,19,33621700,672434,21020050
111000078,2022-04-01,05,07,17,25,37,34962650,699253,28202200
111000079,2022-04-02,03,13,23,26,32,31824650,636493,19562350
111000080,2022-04-04,04,17,29,32,37,38437600,768752,25894250
111000081,2022-04-05,07,09,31,37,39,32268150,645363,7833800
111000082,2022-04-06,02,03,09,29,33,37919250,758385,25043800
111000083,2022-04-07,03,07,25,36,37,35857400,717148,16570900
111000084,2022-04-08,02,05,20,21,23,35409400,708188,17650600
111000085,2022-04-09,02,20,26,27,37,37610400,752208,7744450
111000086,2022-04-11,09,20,29,36,39,39838100,796762,17500300
111000087,2022-04-12,19,23,32,34,36,33735050,674701,8704400
111000088,2022-04-13,15,18,20,22,23,37168300,743366,25272450
111000089,2022-04-14,11,13,17,18,29,35144100,702882,18272300
111000090,2022-04-15,07,15,19,25,27,34815750,696315,10358450
111000091,2022-04-16,06,07,13,20,30,37552700,751054,9830600
111000092,2022-04-18,11,18,20,35,38,39371950,787439,34931700
111000093,2022-04-19,10,24,25,29,32,31279050,625581,8086400
111000094,2022-04-20,02,06,26,29,37,36719950,734399,16324350
111000095,2022-04-21,01,05,15,19,36,34941800,698836,34582850
111000096,2022-04-22,03,07,11,20,27,33821500,676430,35846050
111000097,2022-04-23,10,23,26,33,39,36104300,722086,35129950
111000098,2022-04-25,02,07,09,19,21,38507950,770159,18599400
111000099,2022-04-26,08,20,21,25,38,31917750,638355,24562350
111000100,2022-04-27,03,14,25,29,30,35472250,709445,8234550
111000101,2022-04-28,10,14,16,24,36,32666750,653335,7644200
111000102,2022-04-29,07,14,31,32,38,33303450,666069,6759500
111000103,2022-04-30,04,13,29,32,37,35205600,704112,26610200
111000104,2022-05-02,03,09,10,12,34,30353050,607061,26163900
111000105,2022-05-03,08,12,14,22,28,32095800,641916,17805250
111000106,2022-05-04,02,03,11,23,27,35545950,710919,12201950
111000107,2022-05-05,09,18,29,31,33,33244450,664889,16685250
111000108,2022-05-06,02,07,11,13,31,33476200,669524,8576400
111000109,2022-05-07,01,04,14,37,38,35366800,707336,9957750
111000110,2022-05-09,11,12,15,21,38,35402050,708041,16570550
111000111,2022-05-10,04,10,14,19,20,31569550,631391,17985100
111000112,2022-05-11,04,05,06,10,33,34332400,686648,17528450
111000113,2022-05-12,03,09,22,33,37,29463600,589272,15676000
111000114,2022-05-13,03,15,16,19,31,32263000,645260,7243250
111000115,2022-05-14,01,12,19,22,31,30501900,610038,15215600
111000116,2022-05-16,17,20,23,25,36,29407050,588141,12652750
111000117,2022-05-17,24,27,31,34,37,32009800,640196,32946050
111000118,2022-05-18,06,09,18,24,37,34019700,680394,32716350
111000119,2022-05-19,05,15,22,35,36,30813450,616269,8763200
111000120,2022-05-20,11,13,24,37,39,32675400,653508,8084200
111000121,2022-05-21,01,15,24,27,36,34090200,681804,8028100
111000122,2022-05-23,09,12,18,25,38,33645400,672908,20540900
111000123,2022-05-24,01,09,11,14,30,28407650,568153,15594850
111000124,2022-05-25,02,11,13,18,37,29269900,585398,6806000
111000125,2022-05-26,09,15,27,28,30,27153200,543064,31193700
111000126,2022-05-27,08,13,28,30,36,29578100,591562,14543100
111000127,2022-05-28,07,23,28,30,35,32674650,653493,25974550
111000128,2022-05-30,01,04,21,25,31,33458850,669177,8059400
111000129,2022-05-31,03,04,12,21,22,29485450,589709,32198000
111000130,2022-06-01,01,08,09,12,28,33297650,665953,19032700
111000131,2022-06-02,05,22,25,27,34,31589800,631796,8232900
111000132,2022-06-03,17,23,30,34,39,31810500,636210,24108350
111000133,2022-06-04,07,10,32,34,37,32803650,656073,11128350
111000134,2022-06-06,04,06,29,36,37,33182000,663640,33745550
111000135,2022-06-07,16,17,18,19,21,27879550,557591,32390850
111000136,2022-06-08,06,17,23,29,38,29585700,591714,15605100
111000137,2022-06-09,01,04,12,33,34,30962050,619241,7873000
111000138,2022-06-10,06,15,24,36,37,32505850,650117,16451750
111000139,2022-06-11,04,09,13,32,33,33413650,668273,24471100
111000140,2022-06-13,02,04,07,12,16,35327150,706543,17742700
111000141,2022-06-14,01,03,13,26,27,30947450,618949,16993750
111000142,2022-06-15,05,11,27,32,36,32613200,652264,24510350
111000143,2022-06-16,02,06,11,13,19,31006100,620122,15324950
111000144,2022-06-17,05,14,21,35,39,31884900,637698,8927400
111000145,2022-06-18,07,17,19,28,29,33149500,662990,35376800
111000146,2022-06-20,01,10,16,35,37,35372250,707445,8545950
111000147,2022-06-21,01,16,23,31,39,30652100,613042,30684900
111000148,2022-06-22,11,17,27,33,38,32685550,653711,34279250
111000149,2022-06-23,04,12,19,20,33,31074100,621482,16969400
111000150,2022-06-24,08,15,25,31,38,30171650,603433,8390800
111000151,2022-06-25,01,08,12,31,38,32454750,649095,8056500
111000152,2022-06-27,01,03,26,31,35,34465800,689316,7929550
111000153,2022-06-28,08,11,17,21,38,30588100,611762,18887850
111000154,2022-06-29,06,21,28,36,37,32888750,657775,8923250
111000155,2022-06-30,08,10,16,24,34,31541150,630823,33969450
111000156,2022-07-01,01,02,08,22,33,31989700,639794,16938550
111000157,2022-07-02,03,11,20,21,28,33168700,663374,9107800
111000158,2022-07-04,05,11,17,31,38,33271950,665439,40814550
111000159,2022-07-05,13,16,21,22,26,31578400,631568,14735250
111000160,2022-07-06,13,14,18,27,30,34946650,698933,36255950
111000161,2022-07-07,09,14,18,23,35,32414500,648290,9820250
111000162,2022-07-08,01,20,25,30,39,33418850,668377,9739050
111000163,2022-07-09,08,12,21,24,38,35133150,702663,29458050
111000164,2022-07-11,07,15,16,19,37,36495600,729912,16597450
111000165,2022-07-12,01,03,05,27,31,33140150,662803,25779050
111000166,2022-07-13,04,14,27,34,35,36053150,721063,17480050
111000167,2022-07-14,05,16,21,25,26,32631900,652638,32468450
111000168,2022-07-15,03,22,24,33,36,33626700,672534,9349150
111000169,2022-07-16,10,14,25,30,35,34455750,689115,17077100
111000170,2022-07-18,04,10,22,32,35,35966100,719322,7184750
111000171,2022-07-19,02,11,16,25,38,31873300,637466,9855000
111000172,2022-07-20,04,08,16,29,34,34711850,694237,7989250
111000173,2022-07-21,04,10,12,26,36,32010550,640211,32925050
111000174,2022-07-22,09,11,24,26,28,32810400,656208,10055850
111000175,2022-07-23,05,27,32,33,38,34400400,688008,9675800
111000176,2022-07-25,24,25,35,36,37,35086300,701726,34491450
111000177,2022-07-26,02,13,19,25,29,31548550,630971,7301250
111000178,2022-07-27,04,05,14,29,30,34213400,684268,8206250
111000179,2022-07-28,04,09,25,28,34,31686200,633724,8544750
111000180,2022-07-29,03,29,34,38,39,33197550,663951,8611250
111000181,2022-07-30,05,07,12,34,38,34573900,691478,9389700
111000182,2022-08-01,02,03,08,18,27,35973450,719469,26462650
111000183,2022-08-02,06,11,18,22,26,31378350,627567,9970750
111000184,2022-08-03,15,19,26,29,34,34422600,688452,23228050
111000185,2022-08-04,02,26,28,32,37,30941450,618829,7660000
111000186,2022-08-05,07,09,12,16,21,33392750,667855,37400200
111000187,2022-08-06,06,11,18,21,35,35408100,708162,8855050
111000188,2022-08-08,17,19,33,34,39,37247300,744946,25344150
111000189,2022-08-09,09,11,31,36,39,32491250,649825,7433350
111000190,2022-08-10,03,08,16,23,36,35966750,719335,26811000
111000191,2022-08-11,08,09,16,21,29,33009800,660196,24656600
111000192,2022-08-12,01,06,13,24,36,33394400,667888,9617750
111000193,2022-08-13,02,17,22,35,36,36067250,721345,8116850
111000194,2022-08-15,03,11,13,14,17,36268200,725364,17786800
111000195,2022-08-16,07,10,19,26,34,32392800,647856,26746900
111000196,2022-08-17,16,21,26,30,36,34136150,682723,24694250
111000197,2022-08-18,04,15,20,35,36,32223100,644462,8994650
111000198,2022-08-19,26,28,31,37,39,33410150,668203,8115650
111000199,2022-08-20,11,13,29,31,35,35070250,701405,8714200
111000200,2022-08-22,06,13,14,25,38,35898750,717975,18454350
111000201,2022-08-23,05,08,12,15,24,32309950,646199,41812250
111000202,2022-08-24,04,07,26,33,34,34923850,698477,20249850
111000203,2022-08-25,03,10,25,28,36,31976650,639533,11386000
111000204,2022-08-26,12,23,25,28,34,34037500,680750,9092100
111000205,2022-08-27,12,17,19,26,36,34567100,691342,24419550
111000206,2022-08-29,16,19,23,33,37,34528650,690573,24372400
111000207,2022-08-30,08,29,32,36,38,31551700,631034,16834350
111000208,2022-08-31,15,17,21,25,36,34896500,697930,8492300
111000209,2022-09-01,02,06,08,15,17,31598250,631965,8458600
111000210,2022-09-02,02,19,24,25,38,30489100,609782,6759050
111000211,2022-09-03,09,10,20,27,39,31398850,627977,33081200
111000212,2022-09-05,07,10,16,20,21,36455550,729111,26009350
111000213,2022-09-06,04,11,17,26,36,33017350,660347,37233950
111000214,2022-09-07,04,08,10,27,35,36715750,734315,8903000
111000215,2022-09-08,05,14,17,34,36,34644950,692899,18137550
111000216,2022-09-09,20,22,28,36,37,35086100,701722,8641950
111000217,2022-09-10,06,08,25,35,37,39517250,790345,10161800
111000218,2022-09-12,06,14,24,37,38,36221100,724422,8422800
111000219,2022-09-13,13,14,20,33,35,32952100,659042,7079150
111000220,2022-09-14,08,16,22,27,29,36572100,731442,10425850
111000221,2022-09-15,04,05,18,30,35,34677900,693558,9840150
111000222,2022-09-16,10,15,28,33,36,34249450,684989,25662000
111000223,2022-09-17,10,18,19,25,29,36414500,728290,8705900
111000224,2022-09-19,04,12,15,17,19,37226850,744537,10294750
111000225,2022-09-20,07,09,11,16,39,33410950,668219,31823500
111000226,2022-09-21,01,14,23,24,39,37183950,743679,10053400
111000227,2022-09-22,10,14,20,24,31,33313350,666267,16392250
111000228,2022-09-23,01,12,25,38,39,34382950,687659,8858300
111000229,2022-09-24,17,28,34,35,38,34475450,689509,10135400
111000230,2022-09-26,02,07,10,11,23,36515500,730310,27631850
111000231,2022-09-27,03,27,36,37,39,32372950,647459,10024900
111000232,2022-09-28,07,14,28,31,38,35351450,707029,25350900
111000233,2022-09-29,03,17,22,23,25,32431600,648632,24448700
111000234,2022-09-30,18,21,25,33,35,33714300,674286,9132350
111000235,2022-10-01,03,05,14,15,25,35560850,711217,32992500
111000236,2022-10-03,24,29,31,32,37,36208300,724166,8902950
111000237,2022-10-04,06,12,17,31,35,32736300,654726,16179350
111000238,2022-10-05,01,07,20,22,37,35350500,707010,16841900
111000239,2022-10-06,10,11,13,22,38,32588350,651767,10354200
111000240,2022-10-07,02,08,12,29,36,34336050,686721,11135250
111000241,2022-10-08,06,18,21,23,35,35888400,717768,27239500
111000242,2022-10-10,01,08,13,21,34,35461600,709232,16631950
111000243,2022-10-11,04,07,10,15,39,32817300,656346,10883000
111000244,2022-10-12,01,08,10,14,20,35449050,708981,11547450
111000245,2022-10-13,09,12,15,23,29,32798500,655970,9464550
111000246,2022-10-14,01,06,12,22,24,33981250,679625,9496050
111000247,2022-10-15,07,08,23,30,36,33392050,667841,16712300
111000248,2022-10-17,02,05,16,21,39,33958550,679171,8875150
111000249,2022-10-18,07,14,16,25,27,31838050,636761,8708300
111000250,2022-10-19,01,04,05,11,12,35476400,709528,28408350
111000251,2022-10-20,03,04,06,11,36,32474900,649498,24288250
111000252,2022-10-21,03,08,24,28,35,33087550,661751,33979200
111000253,2022-10-22,01,03,07,10,23,33843400,676868,37212950
111000254,2022-10-24,09,17,33,35,36,35955100,719102,25754550
111000255,2022-10-25,09,19,20,22,26,32809000,656180,27140600
111000256,2022-10-26,05,09,13,18,39,35603300,712066,18392650
111000257,2022-10-27,09,22,29,30,39,32349150,646983,8774800
111000258,2022-10-28,01,18,22,28,36,33684700,673694,7703950
111000259,2022-10-29,08,16,20,25,34,34556450,691129,19170600
111000260,2022-10-31,09,21,23,24,27,31899250,637985,8724550
111000261,2022-11-01,14,17,18,26,33,33409350,668187,26018250
111000262,2022-11-02,04,13,18,24,34,35716600,714332,16485200
111000263,2022-11-03,03,18,27,31,35,32590150,651803,32416050
111000264,2022-11-04,02,03,10,22,31,35337900,706758,32867900
111000265,2022-11-05,01,06,17,28,32,35295450,705909,28376150
111000266,2022-11-07,11,12,19,28,37,38055350,761107,29943650
111000267,2022-11-08,03,14,16,19,22,35788550,715771,16151200
111000268,2022-11-09,04,08,20,30,35,37069400,741388,19865450
111000269,2022-11-10,13,19,23,27,31,34775200,695504,8534950
111000270,2022-11-11,02,04,12,21,22,37433700,748674,12193850
111000271,2022-11-12,05,13,19,31,33,36805000,736100,9067550
111000272,2022-11-14,05,19,27,35,36,38059850,761197,24762050
111000273,2022-11-15,02,04,15,18,33,34297000,685940,15450300
111000274,2022-11-16,01,06,07,15,35,36196600,723932,8588400
111000275,2022-11-17,03,13,22,27,30,33660300,673206,24600950
111000276,2022-11-18,01,04,05,07,09,34681900,693638,37950850
111000277,2022-11-19,17,21,22,31,35,35949500,718990,24866350
111000278,2022-11-21,01,08,21,28,38,37359250,747185,27828100
111000279,2022-11-22,06,10,16,19,30,34151050,683021,27380950
111000280,2022-11-23,02,22,27,30,37,35133700,702674,16506500
111000281,2022-11-24,04,17,27,33,37,31745500,634910,32510950
111000282,2022-11-25,08,18,25,28,36,34630850,692617,37577300
111000283,2022-11-26,11,18,20,24,26,35853650,717073,29359550
111000284,2022-11-28,07,09,17,27,39,37586500,751730,37799850
111000285,2022-11-29,08,11,14,25,29,34630550,692611,27550950
111000286,2022-11-30,09,13,16,24,37,37493500,749870,25474600
111000287,2022-12-01,14,16,24,26,30,34141900,682838,7255050
111000288,2022-12-02,01,03,04,13,18,35789850,715797,17764350
111000289,2022-12-03,11,13,21,28,29,37357650,747153,8523250
111000290,2022-12-05,05,14,16,18,24,38732450,774649,26416000
111000291,2022-12-06,12,13,16,18,25,35175500,703510,32309900
111000292,2022-12-07,01,10,25,34,36,38017900,760358,25506550
111000293,2022-12-08,16,19,21,22,23,35148000,702960,25489600
111000294,2022-12-09,12,13,17,35,37,35568650,711373,17593150
111000295,2022-12-10,08,10,18,29,39,37609700,752194,18931900
111000296,2022-12-12,13,16,23,27,28,38450950,769019,26704650
111000297,2022-12-13,01,09,12,27,28,33678250,673565,25496100
111000298,2022-12-14,10,12,16,31,36,36821100,736422,24738200
111000299,2022-12-15,01,06,14,18,24,33913700,678274,18093400
111000300,2022-12-16,03,14,15,19,34,34791250,695825,8552750
111000301,2022-12-17,03,10,11,12,24,32838500,656770,10760350
111000302,2022-12-19,06,09,13,21,35,38421350,768427,20110000
111000303,2022-12-20,06,09,13,25,29,35112100,702242,8421850
111000304,2022-12-21,12,13,20,24,32,37036650,740733,17444050
111000305,2022-12-22,03,07,09,18,33,34989050,699781,17379050
111000306,2022-12-23,23,27,29,30,35,35016150,700323,33298300
111000307,2022-12-24,01,03,04,31,34,36726650,734533,9436050
111000308,2022-12-26,02,06,12,13,28,37784100,755682,36893600
111000309,2022-12-27,08,20,31,35,38,34432950,688659,9397550
111000310,2022-12-28,06,16,18,24,27,37051200,741024,38083550
111000311,2022-12-29,01,08,18,25,38,34131300,682626,33469900
111000312,2022-12-30,04,05,08,10,29,37144400,742888,20922400
111000313,2022-12-31,01,10,15,20,26,41373200,827464,12274050
112000001,2023-01-02,06,08,10,12,25,38744900,774898,23344050
112000002,2023-01-03,12,14,25,30,34,35765250,715305,16325200
112000003,2023-01-04,08,18,29,31,36,38950150,779003,9348000
112000004,2023-01-05,17,26,29,36,39,36950850,739017,17297750
112000005,2023-01-06,10,30,35,38,39,36971050,739421,9293750
112000006,2023-01-07,03,06,08,23,30,41809150,836183,35847950
112000007,2023-01-09,06,13,30,31,34,43233650,864673,10951850
112000008,2023-01-10,02,08,18,22,29,37512400,750248,19177250
112000009,2023-01-11,23,26,31,34,35,41652150,833043,16652850
112000010,2023-01-12,03,14,26,29,37,39265900,785318,17372850
112000011,2023-01-13,04,09,26,29,31,38741800,774836,17656300
112000012,2023-01-14,04,08,12,23,29,40898350,817967,37800200
112000013,2023-01-16,04,07,11,12,29,43739650,874793,24139350
112000014,2023-01-17,04,06,26,28,39,38317500,766350,25985500
112000015,2023-01-18,06,12,18,34,39,42950300,859006,10926500
112000016,2023-01-19,01,03,12,28,34,41063250,821265,19064650
112000017,2023-01-20,05,06,15,19,25,41635600,832712,13338250
112000018,2023-01-21,08,12,14,28,35,45247500,904950,32053400
112000019,2023-01-23,04,12,13,14,22,59424850,1188497,17040150
112000020,2023-01-24,06,08,16,19,31,44406500,888130,28394650
112000021,2023-01-25,01,05,15,19,20,48123200,962464,30261200
112000022,2023-01-26,06,10,12,33,36,46899050,937981,14591100
112000023,2023-01-27,02,16,19,24,27,45860150,917203,36801300
112000024,2023-01-28,09,18,29,32,38,43994900,879898,41360300
112000025,2023-01-30,08,17,18,25,36,52803050,1056061,44532700
112000026,2023-01-31,02,03,06,23,38,42681550,853631,11208150
112000027,2023-02-01,16,19,23,36,38,41365700,827314,10375400
112000028,2023-02-02,11,12,27,30,38,38898600,777972,26337100
112000029,2023-02-03,01,07,19,21,31,41228450,824569,30148200
112000030,2023-02-04,13,15,18,22,24,41560750,831215,29370550
112000031,2023-02-06,03,15,16,28,31,46852600,937052,28432450
112000032,2023-02-07,01,13,25,26,27,38885400,777708,17748450
112000033,2023-02-08,13,15,17,28,37,43269600,865392,26752000
112000034,2023-02-09,22,32,35,38,39,39853500,797070,26048800
112000035,2023-02-10,04,17,25,26,34,38694850,773897,10535400
112000036,2023-02-11,07,27,30,31,39,42459600,849192,9641350
112000037,2023-02-13,05,06,16,31,34,44413550,888271,34185600
112000038,2023-02-14,09,12,16,28,37,36163050,723261,26667200
112000039,2023-02-15,04,23,24,32,37,40171600,803432,9752900
112000040,2023-02-16,05,17,25,35,39,37990300,759806,35755800
112000041,2023-02-17,09,22,25,27,31,37894450,757889,33195050
112000042,2023-02-18,08,12,18,20,32,41717900,834358,39427700
112000043,2023-02-20,14,24,30,32,38,44648150,892963,17415050
112000044,2023-02-21,02,17,25,29,37,37120800,742416,11618100
112000045,2023-02-22,02,11,16,17,37,40395900,807918,25285700
112000046,2023-02-23,07,11,13,17,27,39379350,787587,20904150
112000047,2023-02-24,08,11,12,16,30,38429300,768586,27085500
112000048,2023-02-25,04,06,27,38,39,39492650,789853,25159800
112000049,2023-02-27,05,21,31,33,38,42372600,847452,10475200
112000050,2023-02-28,06,08,23,27,33,35337500,706750,25329150
112000051,2023-03-01,26,30,32,36,37,40674150,813483,33967650
112000052,2023-03-02,01,04,09,24,37,40225100,804502,10280400
112000053,2023-03-03,08,16,17,34,35,38137350,762747,28073050
112000054,2023-03-04,04,09,25,32,39,40297350,805947,11025150
112000055,2023-03-06,01,08,19,21,37,46924200,938484,18888050
112000056,2023-03-07,05,09,10,17,19,37155000,743100,12345800
112000057,2023-03-08,15,19,22,24,39,42323750,846475,17804100
112000058,2023-03-09,11,26,30,38,39,37332700,746654,8732050
112000059,2023-03-10,08,15,33,35,39,38324300,766486,8170350
112000060,2023-03-11,04,07,14,22,24,40233850,804677,35781600
112000061,2023-03-13,02,10,23,30,35,41108750,822175,26643650
112000062,2023-03-14,15,18,22,24,30,36096150,721923,16228600
112000063,2023-03-15,09,15,25,26,33,40178750,803575,10581900
112000064,2023-03-16,10,21,25,37,38,36290550,725811,15962750
112000065,2023-03-17,05,11,17,27,32,36652150,733043,22614200
112000066,2023-03-18,03,07,22,30,37,38822400,776448,18739150
112000067,2023-03-20,05,10,18,20,37,40674200,813484,10814250
112000068,2023-03-21,03,12,16,22,38,35862400,717248,25521850
112000069,2023-03-22,02,05,17,27,37,38777250,775545,30820400
112000070,2023-03-23,05,12,33,36,38,35831850,716637,15755550
112000071,2023-03-24,08,19,27,34,37,35687400,713748,26495950
112000072,2023-03-25,06,10,24,33,35,37162600,743252,9347050
112000073,2023-03-27,06,10,11,32,39,37530150,750603,8984950
112000074,2023-03-28,02,05,09,10,32,33750600,675012,16780450
112000075,2023-03-29,16,32,36,37,39,36561700,731234,31279750
112000076,2023-03-30,07,13,18,25,39,34060350,681207,17346900
112000077,2023-03-31,02,21,26,27,35,35545850,710917,15491400
112000078,2023-04-01,09,10,16,21,26,34931100,698622,8177300
112000079,2023-04-03,06,07,22,23,33,38105300,762106,25694100
112000080,2023-04-04,02,13,27,31,38,33363100,667262,23960950
112000081,2023-04-05,03,06,21,31,38,35190600,703812,7477650
112000082,2023-04-06,09,11,24,37,39,35154800,703096,11791550
112000083,2023-04-07,10,16,31,36,39,36009100,720182,31680500
112000084,2023-04-08,08,18,20,27,31,38527250,770545,26652300
112000085,2023-04-10,06,25,30,34,36,40514700,810294,26031600
112000086,2023-04-11,01,05,06,37,38,35417600,708352,35200800
112000087,2023-04-12,04,10,11,17,38,38481450,769629,14812800
112000088,2023-04-13,13,14,18,26,29,35906750,718135,18196050
112000089,2023-04-14,03,05,17,31,36,36254550,725091,17437150
112000090,2023-04-15,01,09,17,31,37,37029400,740588,34309550
112000091,2023-04-17,04,09,16,32,33,39584550,791691,17111300
112000092,2023-04-18,11,17,21,31,33,34925750,698515,9542700
112000093,2023-04-19,15,20,33,34,39,34456100,689122,7212850
112000094,2023-04-20,04,19,22,29,37,33136700,662734,18232400
112000095,2023-04-21,02,07,26,28,32,35678650,713573,35712000
112000096,2023-04-22,10,14,21,27,29,37160450,743209,33964550
112000097,2023-04-24,01,10,16,21,24,38052600,761052,17706150
112000098,2023-04-25,01,05,12,34,36,34195750,683915,10162750
112000099,2023-04-26,02,20,21,29,33,36819800,736396,15757200
112000100,2023-04-27,03,13,22,32,39,33607050,672141,34898800
112000101,2023-04-28,07,10,11,36,39,35443800,708876,25755700
112000102,2023-04-29,06,08,22,32,38,36278250,725565,9604450
112000103,2023-05-01,10,14,20,28,31,38223300,764466,17269700
112000104,2023-05-02,01,03,05,27,29,33878850,677577,10743450
112000105,2023-05-03,05,07,26,34,35,36921850,738437,8834800
112000106,2023-05-04,14,23,25,26,34,33930350,678607,7929400
112000107,2023-05-05,01,07,24,30,32,35714150,714283,16311050
112000108,2023-05-06,04,05,26,28,32,35959350,719187,33213250
112000109,2023-05-08,03,07,27,29,34,36545250,730905,39527050
112000110,2023-05-09,02,04,13,23,36,35696500,713930,10280100
112000111,2023-05-10,11,12,25,31,37,37799950,755999,37478200
112000112,2023-05-11,04,05,09,27,34,34910550,698211,27478900
112000113,2023-05-12,14,20,21,23,25,37236800,744736,9088150
112000114,2023-05-13,03,12,15,27,35,36855200,737104,10818750
112000115,2023-05-15,05,06,07,08,24,38573850,771477,40798300
112000116,2023-05-16,13,25,27,36,38,34465300,689306,18161450
112000117,2023-05-17,05,11,14,30,38,37638700,752774,17327300
112000118,2023-05-18,08,20,32,34,36,33952000,679040,15460000
112000119,2023-05-19,16,27,33,34,36,32788800,655776,7801350
112000120,2023-05-20,01,10,24,28,34,36071800,721436,17257750
112000121,2023-05-22,10,15,25,31,39,37588350,751767,17107850
112000122,2023-05-23,10,14,34,35,38,33060700,661214,15775450
112000123,2023-05-24,08,10,16,21,34,35861000,717220,9653000
112000124,2023-05-25,14,16,18,20,33,33518600,670372,15484450
112000125,2023-05-26,06,07,13,22,29,33799550,675991,10856300
112000126,2023-05-27,01,18,24,25,39,35381600,707632,32251300
112000127,2023-05-29,01,10,14,27,37,35894750,717895,18526350
112000128,2023-05-30,05,12,15,20,21,32601650,652033,10939000
112000129,2023-05-31,05,06,07,34,36,34276550,685531,26526850
112000130,2023-06-01,08,18,25,27,34,32889800,657796,20619300
112000131,2023-06-02,04,08,09,22,37,34907500,698150,10123450
112000132,2023-06-03,03,07,13,23,34,34493750,689875,18865600
112000133,2023-06-05,01,05,16,20,29,37586650,751733,10920800
112000134,2023-06-06,11,18,26,29,37,33558600,671172,16378500
112000135,2023-06-07,03,07,08,11,29,35527900,710558,27216100
112000136,2023-06-08,01,12,15,23,38,33628250,672565,9759800
112000137,2023-06-09,02,13,15,17,29,33914950,678299,24671650
112000138,2023-06-10,01,08,09,19,28,34985050,699701,18755950
112000139,2023-06-12,08,13,19,22,26,36395300,727906,8176900
112000140,2023-06-13,24,29,34,36,37,32617900,652358,16118000
112000141,2023-06-14,01,06,21,32,34,35719600,714392,8686650
112000142,2023-06-15,02,11,15,18,21,32809500,656190,16339750
112000143,2023-06-16,09,12,24,28,39,32657400,653148,9743050
112000144,2023-06-17,02,09,20,29,36,36029900,720598,16840650
112000145,2023-06-19,01,13,33,36,39,36875800,737516,32977700
112000146,2023-06-20,11,25,27,34,37,32210700,644214,28923750
112000147,2023-06-21,02,09,23,30,38,36913000,738260,18989600
112000148,2023-06-22,06,10,33,34,39,33918600,678372,16342200
112000149,2023-06-23,11,13,20,24,30,31420600,628412,24674850
112000150,2023-06-24,07,10,13,14,22,34085450,681709,25019900
112000151,2023-06-26,05,14,15,20,26,36238750,724775,10113000
112000152,2023-06-27,04,12,14,28,39,32536350,650727,23948650
112000153,2023-06-28,05,08,21,32,33,35308000,706160,9199550
112000154,2023-06-29,02,10,14,17,27,31187650,623753,17019200
112000155,2023-06-30,03,11,20,30,36,32470250,649405,19242800
112000156,2023-07-01,07,08,12,22,39,34969700,699394,34735750
112000157,2023-07-03,13,28,33,34,39,36396800,727936,25096550
112000158,2023-07-04,14,26,27,29,35,32491850,649837,19336900
112000159,2023-07-05,05,07,08,25,30,36134550,722691,38800050
112000160,2023-07-06,02,14,17,21,33,33230950,664619,16138950
112000161,2023-07-07,12,16,25,28,30,33933850,678677,17358900
112000162,2023-07-08,01,04,18,24,33,35045750,700915,17563050
112000163,2023-07-10,01,04,15,19,37,36806950,736139,33250950
112000164,2023-07-11,24,25,35,36,38,32667050,653341,8091500
112000165,2023-07-12,01,02,09,10,32,35078900,701578,19464450
112000166,2023-07-13,04,06,10,19,32,32761150,655223,7702600
112000167,2023-07-14,12,14,20,25,37,33694500,673890,25445950
112000168,2023-07-15,08,16,19,21,22,34788900,695778,19531750
112000169,2023-07-17,01,18,22,29,30,35177100,703542,9357250
112000170,2023-07-18,12,15,23,29,38,31290000,625800,7843500
112000171,2023-07-19,02,12,20,22,35,34225300,684506,8521750
112000172,2023-07-20,13,18,20,23,31,31050950,621019,15584250
112000173,2023-07-21,09,26,27,31,39,33166850,663337,10706800
112000174,2023-07-22,04,09,15,24,32,34266900,685338,8653700
112000175,2023-07-24,02,13,31,34,37,35578300,711566,16345950
112000176,2023-07-25,15,18,19,26,32,31573450,631469,6802200
112000177,2023-07-26,06,13,33,37,38,31283050,625661,24268550
112000178,2023-07-27,10,13,18,37,39,29285600,585712,6590200
112000179,2023-07-28,01,07,13,20,26,29258350,585167,15794550
112000180,2023-07-29,15,18,20,30,37,33496300,669926,8606950
112000181,2023-07-31,03,13,19,21,35,35289300,705786,33575300
112000182,2023-08-01,01,03,10,15,30,31607050,632141,11155500
112000183,2023-08-02,03,10,11,25,29,34615250,692305,18217000
112000184,2023-08-03,03,09,12,30,33,29876850,597537,32613300
112000185,2023-08-04,07,16,20,35,38,33872050,677441,15880150
112000186,2023-08-05,04,09,10,15,34,34704200,694084,17370900
112000187,2023-08-07,08,14,29,32,34,36695850,733917,18570750
112000188,2023-08-08,07,10,19,28,29,34099350,681987,8337450
112000189,2023-08-09,03,12,15,30,39,35694650,713893,19965250
112000190,2023-08-10,01,13,14,30,38,30587600,611752,24066450
112000191,2023-08-11,06,23,24,38,39,33053750,661075,8178800
112000192,2023-08-12,08,23,27,31,32,35454050,709081,17930200
112000193,2023-08-14,17,18,26,28,33,36160000,723200,21791600
112000194,2023-08-15,14,23,26,33,37,33067700,661354,7556150
112000195,2023-08-16,02,07,09,19,28,34996950,699939,11540300
112000196,2023-08-17,04,15,18,27,34,32280250,645605,18270800
112000197,2023-08-18,06,14,23,34,38,33804900,676098,33550450
112000198,2023-08-19,09,14,15,23,28,34968150,699363,17944300
112000199,2023-08-21,06,07,24,25,36,37135500,742710,10188150
112000200,2023-08-22,09,11,12,27,36,32937100,658742,9284000
112000201,2023-08-23,02,07,19,23,28,35061400,701228,28514450
112000202,2023-08-24,05,14,23,29,34,33192000,663840,35859900
112000203,2023-08-25,05,11,23,30,32,33990850,679817,17722250
112000204,2023-08-26,06,07,09,24,27,34469250,689385,28689250
112000205,2023-08-28,01,13,17,26,31,36641950,732839,38141100
112000206,2023-08-29,02,04,10,13,37,32552700,651054,33260150
112000207,2023-08-30,13,16,33,35,36,35738050,714761,7860200
112000208,2023-08-31,11,14,19,30,39,32973750,659475,9078850
112000209,2023-09-01,01,17,19,31,34,33665600,673312,8485700
112000210,2023-09-02,11,15,22,25,34,35319750,706395,8818850
112000211,2023-09-04,06,17,18,20,37,32760900,655218,9037950
112000212,2023-09-05,12,16,20,21,34,30493800,609876,8121000
112000213,2023-09-06,04,10,23,28,29,33305000,666100,34876500
112000214,2023-09-07,10,24,27,36,37,34128500,682570,8189100
112000215,2023-09-08,06,08,14,23,31,32469500,649390,9990750
112000216,2023-09-09,11,13,31,35,39,34588500,691770,9355200
112000217,2023-09-11,06,12,31,33,39,38611750,772235,24274900
112000218,2023-09-12,02,16,17,21,31,33028200,660564,15484500
112000219,2023-09-13,03,09,18,21,39,35935600,718712,10202700
112000220,2023-09-14,05,08,10,17,28,34810650,696213,36799850
112000221,2023-09-15,01,09,12,18,20,33471300,669426,11396650
112000222,2023-09-16,04,14,23,25,38,35816400,716328,29637550
112000223,2023-09-18,03,14,21,23,36,39006550,780131,16827900
112000224,2023-09-19,10,24,26,36,39,33464550,669291,8139500
112000225,2023-09-20,06,11,17,20,21,36102050,722041,10090900
112000226,2023-09-21,01,04,16,25,37,35332650,706653,34683600
112000227,2023-09-22,01,12,18,26,32,33662350,673247,8296300
112000228,2023-09-23,20,26,32,35,39,36281100,725622,7105600
112000229,2023-09-25,04,06,10,25,38,37981450,759629,36417000
112000230,2023-09-26,01,03,05,28,39,32883550,657671,33636750
112000231,2023-09-27,14,15,19,24,34,35680500,713610,26600150
112000232,2023-09-28,04,11,14,17,19,36664650,733293,10834850
112000233,2023-09-29,10,12,27,30,39,34015750,680315,17725650
112000234,2023-09-30,03,14,19,20,21,35697800,713956,17289950
112000235,2023-10-02,01,02,08,13,37,37341450,746829,37588300
112000236,2023-10-03,01,02,12,13,30,32905700,658114,15897750
112000237,2023-10-04,09,19,21,33,38,33406050,668121,15796200
112000238,2023-10-05,09,12,18,26,37,30969750,619395,8934200
112000239,2023-10-06,03,04,19,26,29,34451050,689021,8365500
112000240,2023-10-07,03,18,26,34,35,36842950,736859,7998700
112000241,2023-10-09,08,13,16,23,29,37025400,740508,35144800
112000242,2023-10-10,03,05,08,18,34,32907750,658155,17393850
112000243,2023-10-11,29,31,32,35,39,37496100,749922,8826900
112000244,2023-10-12,24,27,33,38,39,34156250,683125,16806650
112000245,2023-10-13,02,04,05,18,22,35253250,705065,25752750
112000246,2023-10-14,01,04,08,16,26,36693050,733861,10466650
112000247,2023-10-16,03,09,10,18,31,38340400,766808,36338500
112000248,2023-10-17,06,10,13,14,38,34317200,686344,18079100
112000249,2023-10-18,02,03,11,27,28,37097900,741958,18274600
112000250,2023-10-19,06,07,09,11,26,33758500,675170,35534750
112000251,2023-10-20,08,10,22,23,36,34034350,680687,28417450
112000252,2023-10-21,04,16,22,30,34,37174150,743483,16771800
112000253,2023-10-23,01,04,15,29,35,38758850,775177,34020200
112000254,2023-10-24,03,28,33,36,39,34246500,684930,26784550
112000255,2023-10-25,05,13,19,33,38,37057050,741141,10650550
112000256,2023-10-26,10,15,16,26,37,34434700,688694,17749800
112000257,2023-10-27,01,03,05,09,25,35471900,709438,13114350
112000258,2023-10-28,01,05,10,31,36,35966950,719339,9587550
112000259,2023-10-30,15,22,27,30,38,38393350,767867,26035600
112000260,2023-10-31,03,09,29,36,39,33950150,679003,18604050
112000261,2023-11-01,11,23,26,33,35,37588900,751778,27575650
112000262,2023-11-02,03,06,07,33,37,34659500,693190,33868700
112000263,2023-11-03,04,16,17,18,19,35221300,704426,20887900
112000264,2023-11-04,05,12,24,27,37,37020800,740416,30317750
112000265,2023-11-06,04,05,26,37,39,39678050,793561,9695250
112000266,2023-11-07,03,04,17,25,35,34490400,689808,9340600
112000267,2023-11-08,03,19,23,27,31,38179450,763589,9824600
112000268,2023-11-09,02,12,30,35,36,35300650,706013,24202350
112000269,2023-11-10,06,19,25,37,39,35179050,703581,24302950
112000270,2023-11-11,17,31,33,34,35,36640800,732816,33934900
112000271,2023-11-13,13,17,36,37,38,38836300,776726,10958150
112000272,2023-11-14,01,14,19,27,37,33976200,679524,24486750
112000273,2023-11-15,01,21,24,27,38,37359150,747183,15674100
112000274,2023-11-16,01,02,06,13,18,34196400,683928,8343850
112000275,2023-11-17,12,20,21,25,30,33864950,677299,26509550
112000276,2023-11-18,02,17,22,30,36,34924100,698482,15519800
112000277,2023-11-20,08,16,19,21,37,39638400,792768,36317800
112000278,2023-11-21,24,26,28,37,39,33752900,675058,16348200
112000279,2023-11-22,02,25,28,32,34,37488950,749779,16851600
112000280,2023-11-23,03,08,13,17,37,33493650,669873,9479500
112000281,2023-11-24,09,15,27,37,38,34623300,692466,35608900
112000282,2023-11-25,04,11,16,20,22,35955500,719110,11856250
112000283,2023-11-27,02,05,22,32,35,37622150,752443,9585350
112000284,2023-11-28,15,17,28,35,38,33520700,670414,24704400
112000285,2023-11-29,09,11,14,30,35,37009000,740180,17468800
112000286,2023-11-30,04,12,20,22,34,33120350,662407,16898850
112000287,2023-12-01,04,09,15,18,29,34416600,688332,9015700
112000288,2023-12-02,22,23,31,33,36,35845150,716903,10806150
112000289,2023-12-04,11,12,16,22,29,34696200,693924,25431350
112000290,2023-12-05,01,07,11,14,29,34002850,680057,25662500
112000291,2023-12-06,04,20,23,32,38,35820250,716405,17135700
112000292,2023-12-07,03,06,07,11,22,34700350,694007,19394950
112000293,2023-12-08,03,05,11,16,23,35730350,714607,34264950
112000294,2023-12-09,07,08,19,20,31,37651650,753033,35472400
112000295,2023-12-11,02,05,13,25,33,39045150,780903,36698650
112000296,2023-12-12,05,10,22,32,38,34572850,691457,16445400
112000297,2023-12-13,05,06,07,20,22,37999650,759993,27222550
112000298,2023-12-14,06,08,13,35,36,34503050,690061,17068300
112000299,2023-12-15,06,07,14,30,35,35588650,711773,8168500
112000300,2023-12-16,08,14,16,32,38,35624450,712489,24782800
112000301,2023-12-18,10,11,14,26,32,38185000,763700,15974100
112000302,2023-12-19,02,16,17,26,33,33105800,662116,7705250
112000303,2023-12-20,19,21,26,31,37,34739400,694788,8353600
112000304,2023-12-21,03,04,05,09,10,31041800,620836,28451650
112000305,2023-12-22,06,11,24,32,37,32973950,659479,32692250
112000306,2023-12-23,13,17,21,25,28,34430300,688606,33477250
112000307,2023-12-25,02,19,29,30,39,37524650,750493,26408300
112000308,2023-12-26,11,18,23,27,37,33657550,673151,10629250
112000309,2023-12-27,10,21,33,35,38,37070200,741404,35830250
112000310,2023-12-28,18,20,28,30,37,35183550,703671,8977650
112000311,2023-12-29,09,14,22,27,39,38062100,761242,19334700
112000312,2023-12-30,04,11,17,20,32,44029400,880588,22089750
113000001,2024-01-01,03,09,27,30,33,40180500,803610,27478350
113000002,2024-01-02,21,22,25,30,37,35993200,719864,16842250
113000003,2024-01-03,01,05,21,32,37,37871300,757426,9014400
113000004,2024-01-04,11,27,28,29,37,35592750,711855,9251800
113000005,2024-01-05,10,11,14,21,33,37451450,749029,18292000
113000006,2024-01-06,01,16,33,37,39,40929550,818591,18056700
113000007,2024-01-08,07,22,35,38,39,41688100,833762,35879150
113000008,2024-01-09,09,17,19,23,27,36255150,725103,20062200
113000009,2024-01-10,03,06,15,19,24,40505800,810116,28102750
113000010,2024-01-11,15,23,34,36,37,36990950,739819,9477550
113000011,2024-01-12,01,03,12,23,31,38101850,762037,12834600
113000012,2024-01-13,14,20,27,33,38,40477650,809553,35458100
113000013,2024-01-15,01,03,10,11,35,40581900,811638,21494500
113000014,2024-01-16,02,05,09,27,29,35906100,718122,36050250
113000015,2024-01-17,10,17,32,38,39,40023050,800461,10374350
113000016,2024-01-18,10,27,31,32,33,36434500,728690,7943900
113000017,2024-01-19,02,03,13,17,35,37780050,755601,17211950
113000018,2024-01-20,15,20,28,36,37,40028000,800560,12243950
113000019,2024-01-22,03,15,17,25,36,39367350,787347,33488700
113000020,2024-01-23,08,16,18,19,35,30548250,610965,9258750
113000021,2024-01-24,04,12,29,33,36,38409850,768197,10137850
113000022,2024-01-25,01,14,32,34,36,34164350,683287,7785750
113000023,2024-01-26,06,09,12,22,31,36919100,738382,10948750
113000024,2024-01-27,01,08,09,30,35,39154050,783081,17511350
113000025,2024-01-29,01,03,18,22,28,40930400,818608,18132800
113000026,2024-01-30,03,11,21,23,36,35447400,708948,18153450
113000027,2024-01-31,06,10,21,32,38,40204800,804096,10755450
113000028,2024-02-01,10,17,19,29,37,36524950,730499,18574950
113000029,2024-02-02,10,22,26,32,33,37729050,754581,16530000
113000030,2024-02-03,14,20,21,23,34,40577650,811553,34502700
113000031,2024-02-05,12,15,16,23,28,42758700,855174,35612450
113000032,2024-02-06,06,13,16,32,39,38398700,767974,16838850
113000033,2024-02-07,06,11,15,28,31,37736750,754735,24617350
113000034,2024-02-08,20,25,31,35,38,39146700,782934,9008250
113000035,2024-02-09,06,20,22,36,37,44689300,893786,10996250
113000036,2024-02-10,03,18,19,21,22,48442750,968855,12056800
113000037,2024-02-12,06,08,22,29,38,58115300,1162306,31685850
113000038,2024-02-13,23,24,28,30,31,47887850,957757,28953850
113000039,2024-02-14,04,16,27,30,37,46546350,930927,11906450
113000040,2024-02-15,02,04,15,17,30,43108900,862178,19522350
113000041,2024-02-16,07,11,16,34,36,42927700,858554,11911450
113000042,2024-02-17,12,18,31,38,39,42683650,853673,34930250
113000043,2024-02-19,05,09,17,24,25,46297350,925947,31617650
113000044,2024-02-20,21,26,29,30,34,38849950,776999,16711750
113000045,2024-02-21,01,03,04,35,37,37996000,759920,14304100
113000046,2024-02-22,03,05,12,15,33,36946200,738924,18333600
113000047,2024-02-23,01,03,15,18,35,38371950,767439,17041350
113000048,2024-02-24,02,07,10,15,33,39966600,799332,18394750
113000049,2024-02-26,23,25,29,31,32,43668600,873372,28540450
113000050,2024-02-27,11,27,30,31,38,36597900,731958,18668250
113000051,2024-02-28,07,14,28,29,38,41970100,839402,11542350
113000052,2024-02-29,07,15,22,26,37,39266400,785328,27160450
113000053,2024-03-01,05,12,13,21,36,35723050,714461,28944350
113000054,2024-03-02,17,19,29,36,37,38590100,771802,25651350
113000055,2024-03-04,01,03,05,19,38,45088850,901777,14151050
113000056,2024-03-05,26,34,36,37,39,38627200,772544,17842350
113000057,2024-03-06,09,19,23,36,38,40483350,809667,17193300
113000058,2024-03-07,02,06,20,23,36,37633900,752678,10079750
113000059,2024-03-08,08,11,15,20,36,39028350,780567,10046200
113000060,2024-03-09,05,10,27,37,38,40778800,815576,38000350
113000061,2024-03-11,02,08,16,18,36,42438150,848763,27361400
113000062,2024-03-12,12,21,23,38,39,37877050,757541,26966850
113000063,2024-03-13,08,12,22,35,36,42761450,855229,19446100
113000064,2024-03-14,18,19,22,26,28,39703600,794072,17566100
113000065,2024-03-15,07,08,09,14,34,39686800,793736,19630750
113000066,2024-03-16,02,06,16,27,39,42164500,843290,11425550
113000067,2024-03-18,11,16,18,19,25,44367650,887353,18614950
113000068,2024-03-19,10,16,26,38,39,37035650,740713,17761050
113000069,2024-03-20,05,24,29,34,35,42495250,849905,34426900
113000070,2024-03-21,01,02,04,13,27,38157050,763141,20855750
113000071,2024-03-22,07,11,12,24,38,38531300,770626,11418750
113000072,2024-03-23,07,17,27,28,33,39990100,799802,11750000
113000073,2024-03-25,04,11,20,34,36,41931100,838622,34053750
113000074,2024-03-26,05,07,30,35,38,35650050,713001,18411700
113000075,2024-03-27,10,21,23,27,30,39936400,798728,26793500
113000076,2024-03-28,01,10,16,26,29,36561250,731225,9858600
113000077,2024-03-29,11,12,18,23,24,36993400,739868,18177450
113000078,2024-03-30,02,12,15,24,35,38858050,777161,17369400
113000079,2024-04-01,05,09,14,20,33,39821850,796437,20832750
113000080,2024-04-02,04,10,12,23,26,35778700,715574,34954050
113000081,2024-04-03,01,03,06,21,27,40330650,806613,22382050
113000082,2024-04-04,08,14,22,27,35,34175200,683504,8960850
113000083,2024-04-05,01,13,31,34,35,35135600,702712,7941300
113000084,2024-04-06,04,07,15,22,30,38076800,761536,11129600
113000085,2024-04-08,03,09,21,27,36,41082400,821648,21308850
113000086,2024-04-09,12,21,24,25,39,36793500,735870,17985850
113000087,2024-04-10,02,03,21,26,30,41226550,824531,25837750
113000088,2024-04-11,13,15,18,19,33,37191850,743837,10024650
113000089,2024-04-12,01,03,10,14,31,38301800,766036,20917700
113000090,2024-04-13,01,02,09,19,31,39894000,797880,9686350
113000091,2024-04-15,03,09,10,13,17,41170350,823407,19402400
113000092,2024-04-16,06,17,21,26,28,36005650,720113,17064400
113000093,2024-04-17,15,28,35,36,39,39276800,785536,24608600
113000094,2024-04-18,06,13,15,25,28,35307600,706152,7934100
113000095,2024-04-19,02,10,21,22,38,36650750,733015,16950500
113000096,2024-04-20,03,12,20,34,35,38157350,763147,12530450
113000097,2024-04-22,06,14,20,28,35,39998650,799973,9200450
113000098,2024-04-23,17,18,32,35,37,35663950,713279,17064200
113000099,2024-04-24,03,06,10,17,28,34590900,691818,36123844
113000100,2024-04-25,16,20,21,22,25,31759150,635183,23854950
113000101,2024-04-26,10,14,25,31,36,33925950,678519,7738300
113000102,2024-04-27,09,15,22,34,36,37890350,757807,8947500
113000103,2024-04-29,04,10,12,21,27,39659950,793199,37906900
113000104,2024-04-30,03,07,12,17,37,34575450,691509,19351400
113000105,2024-05-01,09,24,32,36,39,38360450,767209,8083150
113000106,2024-05-02,03,06,13,28,35,35672550,713451,39984850
113000107,2024-05-03,05,06,11,16,37,37630350,752607,34721300
113000108,2024-05-04,02,07,13,18,28,38878900,777578,33735250
113000109,2024-05-06,12,28,31,35,39,40991700,819834,9752350
113000110,2024-05-07,04,09,18,25,39,35865350,717307,9406000
113000111,2024-05-08,12,13,16,26,37,38948400,778968,16975100
113000112,2024-05-09,05,06,11,31,35,35925600,718512,18229700
113000113,2024-05-10,01,12,31,38,39,37289350,745787,10336650
113000114,2024-05-11,01,07,11,15,29,38997000,779940,19942700
113000115,2024-05-13,04,14,33,36,37,39501200,790024,26618500
113000116,2024-05-14,07,11,18,20,22,35920550,718411,11274850
113000117,2024-05-15,04,06,14,26,33,39644150,792883,18085700
113000118,2024-05-16,09,10,21,33,35,35762850,715257,10004550
113000119,2024-05-17,14,19,27,30,38,36852150,737043,27125600
113000120,2024-05-18,05,10,11,32,37,38136000,762720,34900650
113000121,2024-05-20,03,05,28,32,34,40517850,810357,10591250
113000122,2024-05-21,01,03,16,24,31,33881650,677633,9426950
113000123,2024-05-22,11,13,15,23,29,37457250,749145,20340700
113000124,2024-05-23,14,23,26,27,34,34542700,690854,8529500
113000125,2024-05-24,05,16,22,26,39,35220150,704403,16305150
113000126,2024-05-25,01,15,32,34,38,37165400,743308,23793100
113000127,2024-05-27,05,13,14,17,24,37776500,755530,26074250
113000128,2024-05-28,16,23,29,36,39,32540800,650816,8223100
113000129,2024-05-29,01,07,09,20,32,37321450,746429,10002450
113000130,2024-05-30,02,09,32,36,37,34151300,683026,6818450
113000131,2024-05-31,08,12,13,23,36,35071800,701436,19192750
113000132,2024-06-01,04,20,24,28,38,35964000,719280,9673050
113000133,2024-06-03,06,10,21,24,31,37406800,748136,35551050
113000134,2024-06-04,07,11,17,23,25,33750200,675004,20554900
113000135,2024-06-05,03,04,06,14,20,35907800,718156,10481900
113000136,2024-06-06,03,11,20,21,36,33997350,679947,15695800
113000137,2024-06-07,01,04,27,34,35,36707500,734150,26540250
113000138,2024-06-08,11,19,24,31,32,38640250,772805,16955950
113000139,2024-06-10,18,19,30,33,38,39412050,788241,37436500
113000140,2024-06-11,03,13,26,32,34,34209700,684194,8431800
113000141,2024-06-12,14,19,20,29,32,37425000,748500,15862650
113000142,2024-06-13,03,12,17,30,38,34037650,680753,17118550
113000143,2024-06-14,01,02,17,20,37,34781350,695627,16754350
113000144,2024-06-15,05,08,35,36,37,37576800,751536,29228450
113000145,2024-06-17,02,08,26,32,34,38569900,771398,8665600
113000146,2024-06-18,02,09,15,29,38,33332550,666651,8314200
113000147,2024-06-19,02,10,11,14,22,36352550,727051,27096700
113000148,2024-06-20,12,13,16,20,32,33564700,671294,21385600
113000149,2024-06-21,10,12,15,16,23,34979500,699590,25325150
113000150,2024-06-22,01,21,22,25,27,36126100,722522,11809750
113000151,2024-06-24,03,13,17,32,39,36398250,727965,18076700
113000152,2024-06-25,25,26,32,36,37,32378400,647568,23719850
113000153,2024-06-26,02,21,37,38,39,36289300,725786,17124600
113000154,2024-06-27,15,18,27,28,31,33293200,665864,9345750
113000155,2024-06-28,12,16,25,27,39,34336450,686729,16163850
113000156,2024-06-29,02,17,26,33,35,35737850,714757,11083450
113000157,2024-07-01,08,11,17,19,23,37384150,747683,12179300
113000158,2024-07-02,03,15,16,20,22,33458750,669175,9083450
113000159,2024-07-03,04,20,25,33,34,36580300,731606,8690350
113000160,2024-07-04,09,12,15,26,33,33182300,663646,15826500
113000161,2024-07-05,17,18,23,24,28,34715300,694306,9836200
113000162,2024-07-06,04,21,24,33,35,36466750,729335,16006050
113000163,2024-07-08,11,17,20,22,29,36899400,737988,11427750
113000164,2024-07-09,02,13,31,33,36,33265550,665311,8582650
113000165,2024-07-10,01,09,14,31,33,36920650,738413,7828450
113000166,2024-07-11,01,02,13,23,37,35245250,704905,16945550
113000167,2024-07-12,08,17,18,19,36,34947450,698949,25676200
113000168,2024-07-13,16,21,23,29,30,36617800,732356,32909700
113000169,2024-07-15,01,19,22,25,37,37425950,748519,32520700
113000170,2024-07-16,07,24,26,34,36,33173100,663462,9595150
113000171,2024-07-17,08,10,26,28,37,35885300,717706,17264250
113000172,2024-07-18,05,17,24,33,34,32748500,654970,32297300
113000173,2024-07-19,14,19,24,30,36,34271650,685433,16053450
113000174,2024-07-20,01,11,27,29,31,35867800,717356,11962700
113000175,2024-07-22,06,20,26,30,34,37539150,750783,25062900
113000176,2024-07-23,07,11,12,37,38,32084550,641691,25856200
113000177,2024-07-24,02,03,21,23,34,23770050,475401,23439100
113000178,2024-07-25,01,09,17,18,39,21356650,427133,7288500
113000179,2024-07-26,11,12,18,20,36,29992900,599858,15777950
113000180,2024-07-27,01,11,15,18,37,36782950,735659,24721450
113000181,2024-07-29,01,12,14,24,30,37907150,758143,10030050
113000182,2024-07-30,02,04,16,29,38,32379500,647590,25225150
113000183,2024-07-31,12,18,36,37,38,35509450,710189,17249550
113000184,2024-08-01,12,24,27,30,35,34011850,680237,8423300
113000185,2024-08-02,01,19,22,24,38,34701950,694039,7680650
113000186,2024-08-03,11,12,26,27,32,36576800,731536,9978600
113000187,2024-08-05,06,07,11,17,36,38771200,775424,11506500
113000188,2024-08-06,01,06,12,29,37,33909550,678191,19316250
113000189,2024-08-07,04,05,16,19,30,38372550,767451,9941200
113000190,2024-08-08,02,09,13,19,28,35609400,712188,26347450
113000191,2024-08-09,02,07,08,10,12,34942300,698846,38581550
113000192,2024-08-10,01,21,28,38,39,37491250,749825,35674050
113000193,2024-08-12,08,12,24,28,34,39334450,786689,11188600
113000194,2024-08-13,09,15,20,28,32,34468100,689362,16969850
113000195,2024-08-14,06,09,24,30,34,36627400,732548,16333800
113000196,2024-08-15,07,14,20,27,39,33386450,667729,8820150
113000197,2024-08-16,09,17,18,32,35,34562550,691251,8575450
113000198,2024-08-17,06,14,32,33,36,36915950,738319,24073900
113000199,2024-08-19,02,09,12,16,36,36764350,735287,17669050
113000200,2024-08-20,07,28,30,34,39,32551500,651030,8037650
113000201,2024-08-21,01,02,12,13,22,37118100,742362,20008250
113000202,2024-08-22,02,08,16,34,37,34049950,680999,16470850
113000203,2024-08-23,09,11,30,34,39,34456850,689137,33151400
113000204,2024-08-24,25,26,28,29,37,36264650,725293,26747400
113000205,2024-08-26,05,09,11,23,33,38184050,763681,11277000
113000206,2024-08-27,05,13,21,34,35,33707200,674144,7407850
113000207,2024-08-28,06,16,34,35,36,36414850,728297,24252100
113000208,2024-08-29,04,21,26,29,36,32902750,658055,7531300
113000209,2024-08-30,03,05,14,22,36,34052950,681059,7954600
113000210,2024-08-31,09,15,21,36,37,35452400,709048,17109200
113000211,2024-09-02,16,20,24,31,37,36480150,729603,17090700
113000212,2024-09-03,11,14,19,23,24,33242000,664840,8212600
113000213,2024-09-04,09,26,27,31,35,35407550,708151,24929650
113000214,2024-09-05,10,13,27,32,37,32424500,648490,8162600
113000215,2024-09-06,14,27,31,36,39,33672050,673441,16253400
113000216,2024-09-07,05,09,28,36,38,35456350,709127,21048050
113000217,2024-09-09,05,16,17,36,37,37103700,742074,35952750
113000218,2024-09-10,06,34,35,36,39,34584300,691686,41822050
113000219,2024-09-11,05,08,14,20,26,38052850,761057,26537400
113000220,2024-09-12,03,08,13,27,33,34554250,691085,9946050
113000221,2024-09-13,06,08,25,37,39,35797150,715943,32835950
113000222,2024-09-14,03,29,34,35,37,35415050,708301,8171550
113000223,2024-09-16,12,15,18,19,26,40285650,805713,30315100
113000224,2024-09-17,07,09,31,38,39,35856450,717129,18242300
113000225,2024-09-18,02,09,16,18,23,35595350,711907,11330050
113000226,2024-09-19,16,19,22,26,37,33507200,670144,8148000
113000227,2024-09-20,04,07,30,32,38,35654850,713097,8667400
113000228,2024-09-21,09,22,25,35,39,33005650,660113,7843350
113000229,2024-09-23,04,12,14,17,35,35750750,715015,16782250
113000230,2024-09-24,04,10,19,30,31,34244950,684899,15723850
113000231,2024-09-25,02,05,10,12,37,36456400,729128,26917550
113000232,2024-09-26,04,06,14,16,20,33548100,670962,34506100
113000233,2024-09-27,03,27,34,37,39,34771800,695436,25809600
113000234,2024-09-28,10,20,24,35,39,36474100,729482,8402550
113000235,2024-09-30,07,10,24,27,31,37764500,755290,26117850
113000236,2024-10-01,20,23,30,31,35,33343000,666860,6942250
113000237,2024-10-02,07,08,13,22,34,29771850,595437,7640450
113000238,2024-10-03,01,06,15,19,39,25210200,504204,6463500
113000239,2024-10-04,05,11,27,38,39,33696800,673936,27563400
113000240,2024-10-05,02,05,08,14,32,37400300,748006,17824750
113000241,2024-10-07,02,10,17,21,39,38339100,766782,9621850
113000242,2024-10-08,01,11,13,25,37,33052750,661055,26741950
113000243,2024-10-09,12,17,25,31,34,38506200,770124,9530050
113000244,2024-10-10,03,25,29,35,38,34600350,692007,24466200
113000245,2024-10-11,14,15,16,24,29,36640050,732801,15987000
113000246,2024-10-12,14,21,22,23,35,37339850,746797,16600900
113000247,2024-10-14,04,14,19,25,32,38290750,765815,17914500
113000248,2024-10-15,02,19,27,33,35,33553050,671061,16090300
113000249,2024-10-16,15,20,27,30,31,36024250,720485,8329250
113000250,2024-10-17,01,18,21,36,37,34410050,688201,19699200
113000251,2024-10-18,04,11,26,34,38,34874000,697480,11861350
113000252,2024-10-19,11,15,24,36,37,36350800,727016,8667600
113000253,2024-10-21,01,09,17,31,35,38925300,778506,11879850
113000254,2024-10-22,07,16,25,32,34,33519950,670399,35560500
113000255,2024-10-23,10,18,19,26,37,35901600,718032,26529100
113000256,2024-10-24,01,04,08,20,22,32509650,650193,18149500
113000257,2024-10-25,06,08,15,28,39,34491250,689825,12557500
113000258,2024-10-26,13,15,18,26,28,36271550,725431,8896750
113000259,2024-10-28,01,06,13,22,39,37774200,755484,24726250
113000260,2024-10-29,09,12,25,29,35,32808500,656170,26969200
113000261,2024-10-30,10,11,17,24,33,35746300,714926,20990450
113000262,2024-10-31,08,13,25,36,38,20776100,415522,6564500
113000263,2024-11-01,04,08,11,19,31,34479800,689596,17795900
113000264,2024-11-02,06,07,16,37,38,38087800,761756,11970700
113000265,2024-11-04,03,07,10,26,35,39157000,783140,10219800
113000266,2024-11-05,01,08,18,27,30,34257450,685149,18924350
113000267,2024-11-06,06,11,14,18,22,37537300,750746,19166350
113000268,2024-11-07,06,10,20,25,32,34231000,684620,24375350
113000269,2024-11-08,01,09,13,31,32,35430100,708602,17234450
113000270,2024-11-09,02,03,10,21,36,37249550,744991,10446600
113000271,2024-11-11,07,14,20,24,26,38965050,779301,26041300
113000272,2024-11-12,05,08,17,24,28,33210000,664200,21050600
113000273,2024-11-13,03,11,18,21,35,38064050,761281,18877050
113000274,2024-11-14,05,11,17,25,30,34808200,696164,26138750
113000275,2024-11-15,02,18,27,29,39,35763400,715268,9058050
113000276,2024-11-16,04,24,29,33,37,36493650,729873,17273800
113000277,2024-11-18,03,05,23,26,27,36765650,735313,10959450
113000278,2024-11-19,10,14,21,32,33,33062050,661241,15644150
113000279,2024-11-20,13,20,30,31,33,36565200,731304,20258000
113000280,2024-11-21,04,12,13,23,25,32646050,652921,9183450
113000281,2024-11-22,03,07,08,17,30,35159050,703181,34188050
113000282,2024-11-23,03,13,28,29,38,36670200,733404,8978750
113000283,2024-11-25,03,06,19,20,38,39709750,794195,8583600
113000284,2024-11-26,01,05,11,27,29,32821000,656420,27777150
113000285,2024-11-27,07,13,14,21,35,36566050,731321,20444900
113000286,2024-11-28,05,09,20,29,34,33767700,675354,25609400
113000287,2024-11-29,03,11,18,25,35,35023250,700465,18362950
113000288,2024-11-30,04,11,16,17,24,37503500,750070,20003550
113000289,2024-12-02,05,13,23,29,38,39800500,796010,38091850
113000290,2024-12-03,07,12,15,16,18,34962500,699250,18069850
113000291,2024-12-04,12,27,33,35,38,38207450,764149,10304350
113000292,2024-12-05,05,19,23,28,39,35954200,719084,34594100
113000293,2024-12-06,02,15,20,33,38,37098500,741970,8992350
113000294,2024-12-07,06,24,31,32,33,37950100,759002,24580600
113000295,2024-12-09,08,09,20,28,32,39717450,794349,10865550
113000296,2024-12-10,07,12,13,21,24,35645400,712908,19089350
113000297,2024-12-11,04,22,32,34,37,38974350,779487,28848100
113000298,2024-12-12,02,11,16,23,29,35459300,709186,35988900
113000299,2024-12-13,02,09,20,34,38,35720300,714406,8334450
113000300,2024-12-14,03,07,08,12,35,37371350,747427,20580650
113000301,2024-12-16,05,11,21,23,26,39325550,786511,20001900
113000302,2024-12-17,03,05,07,16,31,35109650,702193,9248050
113000303,2024-12-18,03,24,27,33,37,37493250,749865,17429800
113000304,2024-12-19,07,08,11,27,33,32966500,659330,9150800
113000305,2024-12-20,03,09,16,19,26,35743050,714861,9808250
113000306,2024-12-21,12,13,14,18,32,38077900,761558,18408350
113000307,2024-12-23,02,06,13,18,22,35229250,704585,8714400
113000308,2024-12-24,01,14,15,28,39,33845550,676911,12827700
113000309,2024-12-25,06,18,21,29,38,39658750,793175,17665250
113000310,2024-12-26,05,07,12,20,38,36477300,729546,21809650
113000311,2024-12-27,07,15,19,20,38,36350900,727018,15910400
113000312,2024-12-28,17,18,24,26,30,37424650,748493,18417450
113000313,2024-12-30,03,20,23,27,31,40554050,811081,29335050
113000314,2024-12-31,11,15,32,33,34,39576800,791536,10294150
114000001,2025-01-01,02,07,08,10,14,38067300,761346,13061450
114000002,2025-01-02,12,26,30,32,33,35607250,712145,23921700
114000003,2025-01-03,05,06,08,11,14,36570750,731415,28155900
114000004,2025-01-04,08,09,12,21,23,39956000,799120,36628150
114000005,2025-01-06,07,21,22,27,35,42485850,849717,27186500
114000006,2025-01-07,13,23,27,31,37,36877300,737546,25738950
114000007,2025-01-08,12,18,20,24,31,40172500,803450,10521300
114000008,2025-01-09,02,08,19,21,29,36613600,732272,18797950
114000009,2025-01-10,09,11,15,18,20,37475650,749513,37021600
114000010,2025-01-11,05,12,13,19,34,40435150,808703,27963500
114000011,2025-01-13,04,12,28,35,38,42802050,856041,12408350
114000012,2025-01-14,10,22,31,35,36,37117050,742341,16696050
114000013,2025-01-15,03,21,22,26,39,38671150,773423,33607700
114000014,2025-01-16,09,13,23,29,34,36551200,731024,27632850
114000015,2025-01-17,04,07,08,24,26,38185700,763714,19972350
114000016,2025-01-18,07,12,18,35,39,41159400,823188,35096500
114000017,2025-01-20,03,12,19,32,34,43505000,870100,18254700
114000018,2025-01-21,01,14,18,19,22,37794950,755899,16897850
114000019,2025-01-22,06,19,23,26,30,41183650,823673,9778600
114000020,2025-01-23,04,07,17,22,35,38322900,766458,18176950
114000021,2025-01-24,05,09,12,14,31,40236500,804730,36370100
114000022,2025-01-25,01,07,32,36,37,39843300,796866,17603100
114000023,2025-01-26,07,08,09,17,20,27378000,547560,8681150
114000024,2025-01-27,01,06,16,26,31,39350700,787014,9974300
114000025,2025-01-28,13,22,23,24,35,44243650,884873,11898600
114000026,2025-01-29,04,11,25,31,32,48694350,973887,23500450
114000027,2025-01-30,09,11,14,18,27,47458650,949173,38188950
114000028,2025-01-31,01,05,09,14,26,45929950,918599,37198100
114000029,2025-02-01,01,10,23,32,37,47089400,941788,38904000
114000030,2025-02-02,09,16,29,32,39,39829750,796595,17554550
114000031,2025-02-03,04,16,21,23,37,41128050,822561,17792050
114000032,2025-02-04,01,08,16,19,31,41924650,838493,10019950
114000033,2025-02-05,06,07,08,14,39,41703000,834060,19334250
114000034,2025-02-06,03,07,22,29,34,41732800,834656,27039700
114000035,2025-02-07,16,21,26,29,37,40532550,810651,16423000
114000036,2025-02-08,08,24,28,37,38,37738550,754771,19356400
114000037,2025-02-09,04,05,27,35,37,28702100,574042,7990700
114000038,2025-02-10,12,22,26,28,35,40588250,811765,18473300
114000039,2025-02-11,10,18,19,27,28,40881250,817625,9703050
114000040,2025-02-12,02,06,19,28,29,40149950,802999,9592550
114000041,2025-02-13,02,07,11,20,30,38961650,779233,31837700
114000042,2025-02-14,11,17,29,34,39,41840400,836808,34067400
114000043,2025-02-15,06,08,10,21,26,43777900,875558,28416850
114000044,2025-02-17,09,15,29,30,39,49282600,985652,29542350
114000045,2025-02-18,10,12,13,19,33,38360050,767201,10140650
114000046,2025-02-19,03,27,28,33,38,43864100,877282,19458400
114000047,2025-02-20,03,07,17,24,27,44686950,893739,21164150
114000048,2025-02-21,11,13,18,30,35,39697450,793949,18432650
114000049,2025-02-22,04,07,11,19,22,42267600,845352,38608150
114000050,2025-02-24,08,17,18,24,36,51256050,1025121,14988050
114000051,2025-02-25,05,11,26,33,35,40267300,805346,35390850
114000052,2025-02-26,03,11,24,27,36,45459000,909180,37564500
114000053,2025-02-27,11,12,20,28,29,42813250,856265,28993700
114000054,2025-02-28,05,27,31,38,39,40850500,817010,18366750
114000055,2025-03-01,04,16,29,31,34,47633350,952667,11242100
114000056,2025-03-03,08,09,12,22,27,46401600,928032,31625700
114000057,2025-03-04,11,18,21,23,36,34594350,691887,10713250
114000058,2025-03-05,15,23,29,36,39,42618500,852370,17006450
114000059,2025-03-06,08,12,15,18,34,37468800,749376,10012500
114000060,2025-03-07,09,10,19,33,35,39159600,783192,19727750
114000061,2025-03-08,17,23,24,27,35,42593600,851872,27183450
114000062,2025-03-10,02,04,07,25,37,46271250,925425,42575550
114000063,2025-03-11,02,21,24,27,31,38737050,774741,24879300
114000064,2025-03-12,06,14,27,30,33,42271650,845433,11012850
114000065,2025-03-13,03,04,07,11,30,35771400,715428,20123500
114000066,2025-03-14,06,08,18,19,28,38488400,769768,21686750
114000067,2025-03-15,08,15,25,26,34,38826450,776529,9776050
114000068,2025-03-17,07,11,13,26,30,41576250,831525,12129100
114000069,2025-03-18,03,13,15,19,25,36124450,722489,16961500
114000070,2025-03-19,11,15,25,29,34,40124200,802484,8652200
114000071,2025-03-20,02,16,17,27,32,37722900,754458,10423150
114000072,2025-03-21,05,09,15,20,26,37882700,757654,12069450
114000073,2025-03-22,05,13,16,24,28,40199050,803981,17228550
114000074,2025-03-24,07,25,32,34,35,41815900,836318,10435850
114000075,2025-03-25,04,20,24,27,38,36076550,721531,9676600
114000076,2025-03-26,01,10,12,32,35,38922750,778455,27715600
114000077,2025-03-27,05,25,33,36,37,35490600,709812,33565000
114000078,2025-03-28,13,24,25,36,39,35833050,716661,7630000
114000079,2025-03-29,04,09,12,17,27,37535150,750703,20817300
114000080,2025-03-31,07,10,13,23,26,36675400,733508,27123900
114000081,2025-04-01,05,13,17,19,31,34779000,695580,16964800
114000082,2025-04-02,04,08,29,32,34,40351000,807020,13519050
114000083,2025-04-03,05,16,23,31,39,35725050,714501,8241950
114000084,2025-04-04,03,06,07,36,38,34533850,690677,18992700
114000085,2025-04-05,12,13,14,15,24,36684100,733682,10855150
114000086,2025-04-07,01,06,19,26,33,41911500,838230,18053000
114000087,2025-04-08,06,17,18,19,32,36074150,721483,8085000
114000088,2025-04-09,04,06,14,24,35,39487750,789755,25939100
114000089,2025-04-10,14,19,22,26,28,35366150,707323,16038300
114000090,2025-04-11,15,17,26,27,35,36904600,738092,9923050
114000091,2025-04-12,09,11,15,25,31,40323950,806479,12482100
114000092,2025-04-14,09,10,22,30,33,40994100,819882,14838800
114000093,2025-04-15,02,03,16,27,39,35800700,716014,18238700
114000094,2025-04-16,07,22,25,29,38,38491200,769824,18497350
114000095,2025-04-17,03,06,23,24,37,35298700,705974,12351650
114000096,2025-04-18,07,24,28,31,36,36004300,720086,24969600
114000097,2025-04-19,14,19,21,26,36,37782400,755648,9801900
114000098,2025-04-21,02,06,12,14,24,39287500,785750,26748700
114000099,2025-04-22,08,19,23,27,31,33857900,677158,19093850
114000100,2025-04-23,01,16,19,27,33,36975900,739518,16210050
114000101,2025-04-24,04,06,25,29,35,33475650,669513,10668800
114000102,2025-04-25,01,05,24,33,36,34531100,690622,32903700
114000103,2025-04-26,20,23,32,35,38,36306950,726139,34558200
114000104,2025-04-28,06,12,17,38,39,38312000,766240,9702700
114000105,2025-04-29,01,07,13,18,35,34274200,685484,33666750
114000106,2025-04-30,22,26,30,31,38,38632700,772654,9661300
114000107,2025-05-01,08,19,25,27,39,34969200,699384,19229050
114000108,2025-05-02,05,12,20,24,28,35534650,710693,22758800
114000109,2025-05-03,01,10,19,27,31,37564600,751292,26890350
114000110,2025-05-05,04,05,08,10,11,39700100,794002,42952100
114000111,2025-05-06,06,11,18,37,39,34564650,691293,25251100
114000112,2025-05-07,07,09,21,28,38,35330750,706615,43108500
114000113,2025-05-08,07,10,26,28,33,36492650,729853,16343600
114000114,2025-05-09,04,11,19,21,34,35701150,714023,17334050
114000115,2025-05-10,06,09,20,27,36,36443150,728863,18828750
114000116,2025-05-12,08,10,26,27,38,39601850,792037,20852100
114000117,2025-05-13,04,10,20,23,29,35387450,707749,17064350
114000118,2025-05-14,01,14,18,24,38,37811300,756226,33514150
114000119,2025-05-15,02,04,15,25,36,35213650,704273,18818650
114000120,2025-05-16,02,13,24,27,39,35444250,708885,33055000
114000121,2025-05-17,03,09,24,30,39,35626050,712521,17828100
114000122,2025-05-19,04,07,14,25,35,38518700,770374,28300100
114000123,2025-05-20,10,22,23,26,38,33520850,670417,9616750
114000124,2025-05-21,10,16,31,34,38,36283200,725664,23891850
114000125,2025-05-22,01,08,17,21,35,33482200,669644,27398650
114000126,2025-05-23,13,16,24,27,32,33708200,674164,8553350
114000127,2025-05-24,14,18,29,35,36,33689800,673796,9341350
114000128,2025-05-26,08,15,21,24,34,37097250,741945,17502850
114000129,2025-05-27,04,08,23,33,38,33212750,664255,17297350
114000130,2025-05-28,09,13,15,24,33,35714150,714283,16245600
114000131,2025-05-29,04,18,28,30,31,31843200,636864,7653000
114000132,2025-05-30,14,20,21,34,35,34154900,683098,8713100
114000133,2025-05-31,14,18,20,29,35,37609700,752194,7885900
114000134,2025-06-02,02,07,11,16,21,37903300,758066,20118850
114000135,2025-06-03,07,20,21,25,34,30527050,610541,6582550
114000136,2025-06-04,20,30,33,36,38,34550150,691003,6919550
114000137,2025-06-05,07,14,19,35,39,34741400,694828,25920050
114000138,2025-06-06,02,12,14,25,30,34636300,692726,8044800
114000139,2025-06-07,04,16,22,23,32,35599450,711989,18509100
114000140,2025-06-09,08,20,27,29,30,39986800,799736,11152250
114000141,2025-06-10,07,12,16,29,38,33775000,675500,17090850
114000142,2025-06-11,04,17,19,21,31,36893550,737871,18127950
114000143,2025-06-12,11,14,15,19,32,35281300,705626,7963150
114000144,2025-06-13,04,05,10,12,38,31349700,626994,33887000
114000145,2025-06-14,02,15,17,23,37,36765850,735317,26181350
114000146,2025-06-16,06,08,09,33,36,40179500,803590,30563250
114000147,2025-06-17,02,12,14,26,37,33159950,663199,16211800
114000148,2025-06-18,07,12,23,26,36,36122050,722441,9390550
114000149,2025-06-19,12,14,15,17,24,36486750,729735,17632600
114000150,2025-06-20,02,05,08,17,24,33571050,671421,10587750
114000151,2025-06-21,03,08,15,24,39,35585750,711715,17369300
114000152,2025-06-23,03,14,22,31,38,40696100,813922,9923400
114000153,2025-06-24,01,10,12,20,31,32390450,647809,26214100
114000154,2025-06-25,02,11,28,30,37,35657500,713150,11259250
114000155,2025-06-26,01,06,13,24,29,37249550,744991,27386900
114000156,2025-06-27,03,04,10,19,37,33146900,662938,8201550
114000157,2025-06-28,12,22,29,33,34,36430700,728614,17311550
114000158,2025-06-30,07,08,11,23,31,37859350,757187,22736650
114000159,2025-07-01,06,08,11,19,38,33561250,671225,17930400
114000160,2025-07-02,06,13,21,24,38,36159300,723186,9169500
114000161,2025-07-03,10,21,22,26,27,33214800,664296,8117400
114000162,2025-07-04,05,24,31,36,39,33718950,674379,7962300
114000163,2025-07-05,08,14,22,24,35,35660150,713203,18942700
114000164,2025-07-07,14,25,27,35,38,34115350,682307,9788400
114000165,2025-07-08,03,04,24,27,33,33058950,661179,8469100
114000166,2025-07-09,13,18,27,28,37,32554450,651089,9082300
114000167,2025-07-10,02,03,04,34,36,31987700,639754,7106100
114000168,2025-07-11,09,26,37,38,39,34676250,693525,10758600
114000169,2025-07-12,03,19,20,21,26,35829100,716582,7938150
114000170,2025-07-14,08,11,12,29,36,37409800,748196,21536050
114000171,2025-07-15,09,16,21,22,38,33342400,666848,25618250
114000172,2025-07-16,15,18,24,31,32,35631900,712638,36470250
114000173,2025-07-17,04,06,11,29,37,33612950,672259,25718200
114000174,2025-07-18,12,21,22,38,39,34525600,690512,18883100
114000175,2025-07-19,07,11,14,26,27,34465400,689308,21235450
114000176,2025-07-21,01,06,11,22,34,35721150,714423,9130100
114000177,2025-07-22,19,21,27,32,39,34840450,696809,23489400
114000178,2025-07-23,16,18,23,36,39,36124100,722482,25182500
114000179,2025-07-24,02,06,09,29,32,32585850,651717,32377400
114000180,2025-07-25,05,07,10,26,30,32997550,659951,40039600
114000181,2025-07-26,14,15,18,23,29,35285900,705718,8064550
114000182,2025-07-28,04,16,22,23,30,34758150,695163,24567450
114000183,2025-07-29,01,06,10,13,27,32478500,649570,9557800
114000184,2025-07-30,17,22,24,30,32,35263150,705263,23905250
114000185,2025-07-31,11,12,17,34,36,32895550,657911,9132300
114000186,2025-08-01,02,13,18,33,34,33866600,677332,15307700
114000187,2025-08-02,03,14,22,25,31,34071000,681420,20348800
114000188,2025-08-04,03,21,23,25,26,36167600,723352,7974000
114000189,2025-08-05,13,20,21,32,37,34366500,687330,15596700
114000190,2025-08-06,06,10,24,28,38,37647400,752948,13479300
114000191,2025-08-07,10,20,28,30,37,36067850,721357,33634450
114000192,2025-08-08,11,25,27,30,34,36911750,738235,17213150
114000193,2025-08-09,01,09,27,29,30,38021100,760422,9819550
114000194,2025-08-11,01,14,22,26,28,39099100,781982,33873650
114000195,2025-08-12,01,09,17,25,30,34891000,697820,16716150
114000196,2025-08-13,11,23,26,32,34,32764350,655287,17829150
114000197,2025-08-14,10,12,14,31,35,34447350,688947,18769400
114000198,2025-08-15,01,05,16,18,26,35988900,719778,25397300
114000199,2025-08-16,15,18,22,24,31,37156600,743132,9317500
114000200,2025-08-18,09,12,18,27,29,37888300,757766,28158650
114000201,2025-08-19,06,07,18,31,35,33898950,677979,7769900
114000202,2025-08-20,15,18,29,31,39,35920950,718419,7647600
114000203,2025-08-21,16,27,28,29,33,33988100,679762,15845100
114000204,2025-08-22,06,07,21,37,38,34551150,691023,10717650
114000205,2025-08-23,04,05,08,27,39,36506200,730124,12308000
114000206,2025-08-25,06,12,15,23,26,37913100,758262,11777750
114000207,2025-08-26,02,05,24,38,39,32700800,654016,8237300
114000208,2025-08-27,03,05,28,30,32,36564000,731280,33422650
114000209,2025-08-28,05,07,21,23,29,33703600,674072,33360450
114000210,2025-08-29,07,20,21,30,38,35186750,703735,8450350
114000211,2025-08-30,04,05,07,13,14,36467450,729349,26296850
114000212,2025-09-01,21,24,28,29,35,37801050,756021,7827150
114000213,2025-09-02,05,08,10,23,25,33237650,664753,36472650
114000214,2025-09-03,14,15,20,21,23,36813900,736278,8810350
114000215,2025-09-04,06,07,24,27,34,33678400,673568,35044000
114000216,2025-09-05,07,09,29,32,38,35836600,716732,9642850
114000217,2025-09-06,08,14,25,28,31,37519400,750388,35793850
114000218,2025-09-08,07,11,20,28,38,38497500,769950,27877500
114000219,2025-09-09,08,20,23,25,26,34997800,699956,17534700
114000220,2025-09-10,12,14,16,28,39,37870150,757403,17102850
114000221,2025-09-11,06,18,26,28,36,34796950,695939,25480050
114000222,2025-09-12,09,12,16,26,34,35751700,715034,26117650
114000223,2025-09-13,02,25,32,35,36,37735750,754715,16333900
114000224,2025-09-15,07,09,10,12,28,38222550,764451,38363300
114000225,2025-09-16,02,09,19,21,33,34695950,693919,25524300
114000226,2025-09-17,04,06,07,12,38,36882250,737645,28563450
114000227,2025-09-18,05,12,14,23,33,33720100,674402,25063250
114000228,2025-09-19,02,11,22,24,31,34183000,683660,10885550
114000229,2025-09-20,05,08,11,13,22,37132750,742655,28373550
114000230,2025-09-22,07,09,12,14,33,37600400,752008,44695097
114000231,2025-09-23,06,19,20,33,37,31723350,634467,7185750
114000232,2025-09-24,04,22,23,35,39,36702850,734057,25054800
114000233,2025-09-25,02,10,13,28,32,33987250,679745,17173200
114000234,2025-09-26,03,07,14,25,34,35340300,706806,28698000
114000235,2025-09-27,03,11,13,28,37,36732600,734652,16624000
114000236,2025-09-29,03,15,21,29,37,36859550,737191,16112450
114000237,2025-09-30,14,20,21,28,33,34214700,684294,24308700
114000238,2025-10-01,03,05,12,22,27,37134850,742697,12555850
114000239,2025-10-02,10,19,25,36,39,34640600,692812,8608550
114000240,2025-10-03,10,16,19,21,28,36582650,731653,32864900
114000241,2025-10-04,03,04,10,18,39,38063300,761266,9155000
114000242,2025-10-06,03,05,06,12,13,40623650,812473,20536100
114000243,2025-10-07,01,16,20,28,34,35512250,710245,8323650
114000244,2025-10-08,03,09,26,38,39,38126400,762528,12196850
114000245,2025-10-09,02,04,12,15,29,36057200,721144,26275500
114000246,2025-10-10,03,06,24,31,36,35748450,714969,17573150
114000247,2025-10-11,04,09,19,22,34,37597200,751944,25387950
114000248,2025-10-13,08,13,14,22,36,39275900,785518,35061350
114000249,2025-10-14,04,05,09,18,24,35196800,703936,10684750
114000250,2025-10-15,04,07,19,33,39,37903200,758064,8912300
114000251,2025-10-16,04,18,21,30,37,34597200,691944,7536350
114000252,2025-10-17,01,21,31,32,34,35545200,710904,15710850
114000253,2025-10-18,02,17,32,35,38,36872700,737454,28586650
114000254,2025-10-20,06,13,22,23,27,34632750,692655,10533200
114000255,2025-10-21,13,22,30,37,38,31624300,632486,6436100
114000256,2025-10-22,03,04,20,25,28,34002850,680057,13178250
114000257,2025-10-23,08,15,27,37,38,33279150,665583,16288850
114000258,2025-10-24,08,11,13,37,38,33122450,662449,8918150
114000259,2025-10-25,03,04,11,21,34,35970000,719400,34603900
114000260,2025-10-27,03,20,26,31,37,37431200,748624,24880900
114000261,2025-10-28,18,20,25,29,31,32522550,650451,6884700
114000262,2025-10-29,26,32,33,36,39,36962050,739241,9312450
114000263,2025-10-30,05,27,28,31,37,33368700,667374,8928450
114000264,2025-10-31,11,18,25,26,33,35884900,717698,33473350
114000265,2025-11-01,08,12,19,27,28,37560100,751202,29366650
114000266,2025-11-03,24,25,34,36,37,37880650,757613,33780700
114000267,2025-11-04,01,07,12,29,39,34298700,685974,10124300
114000268,2025-11-05,11,14,15,27,39,37695700,753914,16989500
114000269,2025-11-06,07,24,28,31,32,34862750,697255,23909200
114000270,2025-11-07,22,27,30,32,37,36594600,731892,8157900
114000271,2025-11-08,07,08,09,26,34,37328500,746570,12332650
114000272,2025-11-10,07,14,15,17,30,36977300,739546,33213800
114000273,2025-11-11,05,19,31,34,39,33633750,672675,23530500
114000274,2025-11-12,01,04,09,14,22,35705200,714104,17757850
114000275,2025-11-13,13,18,20,23,36,33590050,671801,28167150
114000276,2025-11-14,02,11,15,37,38,38764650,775293,12201550
114000277,2025-11-15,12,20,25,28,29,39964200,799284,36925400
114000278,2025-11-17,04,07,16,26,29,40484400,809688,19512150
114000279,2025-11-18,14,24,31,36,37,35233350,704667,25246850
114000280,2025-11-19,03,11,20,28,31,39251000,785020,26931750
114000281,2025-11-20,01,05,33,36,38,36864950,737299,17563050
114000282,2025-11-21,05,10,17,28,35,37611700,752234,20106500
114000283,2025-11-22,10,13,32,33,37,40177800,803556,17133700
114000284,2025-11-24,02,04,05,17,31,41626200,832524,17940300
114000285,2025-11-25,09,30,36,38,39,36284350,725687,18454900
114000286,2025-11-26,07,13,26,28,34,39610450,792209,38836400
114000287,2025-11-27,07,19,22,25,28,36051450,721029,25290700
114000288,2025-11-28,08,13,14,22,28,37404300,748086,18559250
114000289,2025-11-29,08,27,30,33,36,39963500,799270,26114000
114000290,2025-12-01,02,03,04,20,24,41495650,829913,20357700
114000291,2025-12-02,02,05,08,13,29,36555400,731108,10971400
114000292,2025-12-03,05,09,14,33,35,39166500,783330,26631150
114000293,2025-12-04,01,07,20,25,37,36601700,732034,9980600
114000294,2025-12-05,02,03,16,17,29,37895550,757911,32653150
114000295,2025-12-06,06,22,23,24,32,40190600,803812,13654550
114000296,2025-12-08,05,23,27,28,31,42175600,843512,36979000
114000297,2025-12-09,07,08,15,30,39,37076200,741524,19394050
114000298,2025-12-10,04,07,11,16,26,42001050,840021,37179150
114000299,2025-12-11,02,06,17,25,26,38481450,769629,18236900
114000300,2025-12-12,10,24,26,28,35,38548350,770967,9955850
114000301,2025-12-13,02,09,21,31,38,39218200,784364,11064700
114000302,2025-12-15,03,17,27,29,38,41253100,825062,26701050
114000303,2025-12-16,02,10,14,33,35,36857950,737159,8093700
114000304,2025-12-17,05,06,07,19,32,40331450,806629,21652050
114000305,2025-12-18,04,09,32,33,36,37567550,751351,8760750
114000306,2025-12-19,12,16,23,27,30,37843450,756869,11914800
114000307,2025-12-20,01,05,16,35,38,39446450,788929,17833700
114000308,2025-12-22,02,22,24,27,38,43266400,865328,11203700
114000309,2025-12-23,09,22,24,30,35,38186950,763739,24699750
114000310,2025-12-24,02,03,14,25,30,40496950,809939,9855200
114000311,2025-12-25,14,18,28,36,39,34665350,693307,8752500
114000312,2025-12-26,01,10,20,27,36,35874650,717493,17590550
114000313,2025-12-27,01,15,19,28,38,38387550,767751,9564350
114000314,2025-12-29,05,10,13,29,37,40914100,818282,40006650
114000315,2025-12-30,11,12,24,27,33,36326150,726523,11620500
114000316,2025-12-31,08,10,11,26,35,42771800,855436,28459650
115000001,2026-01-01,15,16,18,29,36,37033400,740668,8490100
115000002,2026-01-02,17,18,25,36,39,36947700,738954,17390550
115000003,2026-01-03,22,23,31,32,38,40023850,800477,37617100
115000004,2026-01-05,10,16,18,34,39,43097200,861944,9448050
115000005,2026-01-06,01,02,06,11,33,35902800,718056,36855600
115000006,2026-01-07,05,10,14,15,28,39383450,787669,27866650
115000007,2026-01-08,03,08,10,21,30,36144650,722893,12251600
115000008,2026-01-09,01,12,14,22,34,38281150,765623,9910050
115000009,2026-01-10,11,25,26,34,38,41356700,827134,10103500
115000010,2026-01-12,03,13,18,24,30,43429500,868590,19551700
115000011,2026-01-13,06,16,17,19,31,37673450,753469,11154700
115000012,2026-01-14,01,02,16,33,35,41354750,827095,9602350
115000013,2026-01-15,01,02,03,19,36,38353950,767079,25894000
115000014,2026-01-16,18,19,22,27,29,39021100,780422,9754900
115000015,2026-01-17,02,10,11,24,37,41458750,829175,19679700
115000016,2026-01-19,12,16,23,24,29,43128450,862569,18611150
115000017,2026-01-20,16,19,23,25,34,36314200,726284,7819350
115000018,2026-01-21,04,15,23,27,38,38080550,761611,10826250
115000019,2026-01-22,03,06,11,30,34,35611700,712234,9718250
115000020,2026-01-23,03,11,12,21,31,38135150,762703,10984850
115000021,2026-01-24,06,07,15,35,37,40415450,808309,18253550
115000022,2026-01-26,06,15,23,26,30,44211650,884233,10781450
115000023,2026-01-27,05,17,18,23,32,35612750,712255,11989100
115000024,2026-01-28,10,11,23,24,29,40813800,816276,36469250
115000025,2026-01-29,06,11,28,36,37,39544350,790887,9799100
115000026,2026-01-30,16,17,29,30,36,39535650,790713,17056500
115000027,2026-01-31,05,12,16,21,32,40841700,816834,10169450
115000028,2026-02-02,06,08,31,37,38,46145350,922907,19681950
115000029,2026-02-03,03,05,11,15,23,40581950,811639,40137900
115000030,2026-02-04,08,17,22,27,28,45847900,916958,14235600
115000031,2026-02-05,08,09,13,32,35,43727300,874546,35560950
115000032,2026-02-06,01,06,29,32,34,41727850,834557,9920150
115000033,2026-02-07,03,08,22,27,32,43953350,879067,19232400
115000034,2026-02-09,16,21,25,31,35,51106200,1022124,36384900
115000035,2026-02-10,10,11,17,22,36,42184250,843685,20491250
115000036,2026-02-11,11,15,18,29,33,46635700,932714,29117150
115000037,2026-02-12,01,12,21,35,37,58129000,1162580,45468900
115000038,2026-02-13,04,28,31,33,34,58293700,1165874,34025250
115000039,2026-02-14,01,03,13,31,36,58735300,1174706,36695950
115000040,2026-02-15,11,13,18,22,34,53953450,1079069,14151750
115000041,2026-02-16,05,07,15,18,34,68107450,1362149,37126750
115000042,2026-02-17,06,08,11,20,21,75479650,1509593,42972950
115000043,2026-02-18,08,10,12,32,33,74832100,1496642,51058500
115000044,2026-02-19,08,15,19,25,27,72896600,1457932,29415050
115000045,2026-02-20,04,11,22,23,27,75361250,1507225,33674450
115000046,2026-02-21,01,08,19,20,25,75055250,1501105,49896700
115000047,2026-02-22,08,13,16,24,25,63074900,1261498,16349600
115000048,2026-02-23,03,10,12,27,36,62761250,1255225,48078350
115000049,2026-02-24,16,23,25,32,36,60982200,1219644,24682300
115000050,2026-02-25,05,22,28,35,36,60288200,1205764,46480200
115000051,2026-02-26,03,06,09,31,39,57747650,1154953,28758900
115000052,2026-02-27,01,22,23,37,39,56458000,1129160,43698000
115000053,2026-02-28,02,04,13,26,27,54422450,1088449,47837900
115000054,2026-03-01,02,08,15,29,31,47866050,957321,43140250
115000055,2026-03-02,03,12,20,21,27,56219550,1124391,38115550
115000056,2026-03-03,02,19,21,32,35,63167550,1263351,24408950
115000057,2026-03-04,04,08,12,16,17,45436900,908738,30224350
115000058,2026-03-05,01,04,08,12,36,43087600,861752,11715550
115000059,2026-03-06,19,24,29,32,34,43006850,860137,16938750
115000060,2026-03-07,15,17,18,34,36,45136350,902727,10344400
115000061,2026-03-09,07,12,15,32,38,46860900,937218,11713450
115000062,2026-03-10,11,12,14,17,32,39034550,780691,19610400
115000063,2026-03-11,05,15,26,37,38,45962650,919253,28188350
115000064,2026-03-12,04,05,07,23,35,40955150,819103,11259550
115000065,2026-03-13,02,05,11,12,15,41652750,833055,37499850
115000066,2026-03-14,08,10,18,20,34,44241650,884833,14978900
115000067,2026-03-16,17,19,21,29,34,47529750,950595,20368400
115000068,2026-03-17,11,13,19,22,27,39643050,792861,27604700
115000069,2026-03-18,21,22,31,32,35,43761450,875229,26067050
115000070,2026-03-19,05,23,25,30,37,39520050,790401,20386650
115000071,2026-03-20,03,11,15,33,39,44138200,882764,39882550
115000072,2026-03-21,07,14,15,19,22,42802950,856059,10715800
115000073,2026-03-23,07,12,24,29,35,44174650,883493,29019100
115000074,2026-03-24,10,20,28,29,36,38335100,766702,25942650
115000075,2026-03-25,03,13,31,33,36,41241100,824822,28224650
115000076,2026-03-26,14,17,20,24,37,38028450,760569,9014000
115000077,2026-03-27,08,18,24,34,35,37491400,749828,33568200
115000078,2026-03-28,06,09,11,16,17,40508400,810168,15331450
115000079,2026-03-30,06,08,20,22,32,43179800,863596,11029900
115000080,2026-03-31,09,16,23,35,39,37387550,747751,25831250
115000081,2026-04-01,03,10,11,13,23,40032550,800651,36596250
115000082,2026-04-02,01,09,13,18,21,39237900,784758,17391000
115000083,2026-04-03,06,08,09,25,35,36430600,728612,10161550
115000084,2026-04-04,04,17,25,31,36,35272850,705457,10134000
115000085,2026-04-06,07,11,17,31,34,40001250,800025,26953050
115000086,2026-04-07,04,08,21,27,29,33474400,669488,9944050
115000087,2026-04-08,02,04,05,06,29,41089700,821794,18881150
115000088,2026-04-09,02,15,25,31,38,37334550,746691,16724750
115000089,2026-04-10,09,21,25,27,30,38634250,772685,16932250
115000090,2026-04-11,07,12,17,24,31,40170300,803406,21711200
115000091,2026-04-13,18,30,31,37,38,42377450,847549,16854550
115000092,2026-04-14,09,14,27,29,33,36235700,724714,26846050
115000093,2026-04-15,02,09,11,29,30,39045350,780907,10697750
115000094,2026-04-16,06,08,12,21,30,35989900,719798,36711600
115000095,2026-04-17,01,02,07,16,26,37991400,759828,10512850
115000096,2026-04-18,07,25,26,29,31,39537350,790747,34220900
115000097,2026-04-20,03,04,05,20,36,41539450,830789,40344450
115000098,2026-04-21,01,06,14,26,28,36285400,725708,17065650
115000099,2026-04-22,05,07,24,38,39,39257000,785140,11678400
115000100,2026-04-23,02,10,17,25,35,34703050,694061,18714400
115000101,2026-04-24,16,21,25,29,34,34303900,686078,8960100
115000102,2026-04-25,03,20,21,22,33,37852850,757057,18155100
115000103,2026-04-27,08,18,20,23,27,41444050,828881,24335400
115000104,2026-04-28,07,08,21,35,38,36455600,729112,9618100
115000105,2026-04-29,02,06,22,32,36,37516400,750328,19476850
115000106,2026-04-30,06,15,27,30,31,35425850,708517,8678550
115000107,2026-05-01,02,03,14,16,20,37001250,740025,25295000
115000108,2026-05-02,08,09,17,25,38,38674850,773497,41921200
115000109,2026-05-04,08,22,26,36,39,39961600,799232,33295200
115000110,2026-05-05,08,16,24,27,37,32307200,646144,17836200
115000111,2026-05-06,04,10,11,34,39,40277850,805557,28513100
115000112,2026-05-07,01,06,18,25,36,37192550,743851,35111600
115000113,2026-05-08,18,19,23,26,28,37745100,754902,19831950
115000114,2026-05-09,11,18,21,22,25,40104650,802093,10226900
115000115,2026-05-11,02,13,21,36,37,42308100,846162,9583350
115000116,2026-05-12,01,04,12,22,26,36279500,725590,26896850
115000117,2026-05-13,02,06,07,09,23,36790400,735808,19371950
115000118,2026-05-14,08,18,28,35,39,34588400,691768,26379800
115000119,2026-05-15,01,13,23,25,36,37059400,741188,33784350
115000120,2026-05-16,02,11,28,32,33,38615150,772303,9815250
115000121,2026-05-18,08,15,20,32,33,40957400,819148,25966300
115000122,2026-05-19,04,06,24,31,32,34850950,697019,23329700
115000123,2026-05-20,01,20,21,23,35,38485100,769702,9117600
115000124,2026-05-21,09,25,28,34,36,35422050,708441,19150750
115000125,2026-05-22,04,08,15,16,37,35765250,715305,26098650
115000126,2026-05-23,06,15,16,24,38,37016350,740327,17511850
115000127,2026-05-25,05,06,12,36,37,39130450,782609,19222050
115000128,2026-05-26,02,07,11,14,37,33626800,672536,34692550
115000129,2026-05-27,02,03,18,19,21,36470750,729415,25740300
115000130,2026-05-28,06,09,12,19,31,34357750,687155,17882800
115000131,2026-05-29,12,15,20,34,35,34293400,685868,7820400
115000132,2026-05-30,02,03,04,13,39,36485050,729701,8993300
115000133,2026-06-01,05,14,19,20,28,39795200,795904,26995250
115000134,2026-06-02,07,12,22,26,30,33557100,671142,26939750
115000135,2026-06-03,02,08,17,25,38,36098300,721966,40150197
115000136,2026-06-04,02,08,24,29,35,32125250,642505,8027750
115000137,2026-06-05,07,21,26,27,31,32961450,659229,16548150
115000138,2026-06-06,13,27,30,37,38,38121400,762428,8613700
115000139,2026-06-08,08,14,17,18,28,37037950,740759,28112600
115000140,2026-06-09,10,17,20,25,28,29974350,599487,16475450
115000141,2026-06-10,01,04,32,35,39,36682250,733645,35154750
115000142,2026-06-11,08,15,20,29,31,34647050,692941,25563750
115000143,2026-06-12,06,08,18,29,31,33571100,671422,25521700
115000144,2026-06-13,04,05,06,34,36,37880700,757614,18421450
115000145,2026-06-15,12,16,24,28,36,37252100,745042,10359900
115000146,2026-06-16,05,17,23,25,29,33914050,678281,18346250
115000147,2026-06-17,08,10,15,16,37,37900800,758016,18615550
115000148,2026-06-18,09,20,27,28,30,36799550,735991,26711900
115000149,2026-06-19,01,05,07,13,25,35715500,714310,35604300
115000150,2026-06-20,04,11,24,25,31,37720850,754417,11181100
115000151,2026-06-22,01,07,28,29,34,39569550,791391,9914750
115000152,2026-06-23,02,14,25,29,36,34961950,699239,9515000
115000153,2026-06-24,03,17,21,32,33,36613150,732263,40174550
115000154,2026-06-25,06,13,21,29,34,30871000,617420,15477400
115000155,2026-06-26,08,10,14,26,36,32352850,647057,9422350
115000156,2026-06-27,04,14,21,31,32,35275300,705506,15513650
115000157,2026-06-29,11,15,30,34,36,38045350,760907,8631000
115000158,2026-06-30,03,11,23,26,37,35260300,705206,9956950
115000159,2026-07-01,01,03,12,14,34,36419100,728382,16877450
115000160,2026-07-02,01,06,08,13,30,32884250,657685,25159200
115000161,2026-07-03,07,11,31,36,37,35326050,706521,10921850
115000162,2026-07-04,02,10,15,31,37,36259550,725191,16312700
115000163,2026-07-06,01,10,12,14,38,37107750,742155,18692200
115000164,2026-07-07,09,21,24,27,34,34677800,693556,10588500
115000165,2026-07-08,01,11,23,30,34,36113050,722261,8930700
115000166,2026-07-09,18,22,28,35,37,33876150,677523,11932450
115000167,2026-07-10,05,13,15,21,26,33953300,679066,17669500
115000168,2026-07-11,10,25,27,35,38,25290200,505804,14171150
115000169,2026-07-13,03,04,05,34,35,36211300,724226,33521950
115000170,2026-07-14,01,06,13,15,37,34281750,685635,26138450
115000171,2026-07-15,06,16,19,21,30,36200400,724008,16793050
115000172,2026-07-16,13,25,28,30,31,32751450,655029,7036500
115000173,2026-07-17,10,12,28,29,35,36066800,721336,9773100
115000174,2026-07-18,18,29,33,34,37,35454150,709083,17120450
115000175,2026-07-20,10,12,13,20,24,36660850,733217,9543850
115000176,2026-07-21,12,19,27,37,39,34130700,682614,8074650
115000177,2026-07-22,03,14,19,21,31,34959700,699194,17149700
115000178,2026-07-23,12,14,19,25,26,32711000,654220,15734000
115000179,2026-07-24,05,17,27,29,36,35720100,714402,19296450
115000180,2026-07-25,08,12,16,23,39,34034450,680689,19587850
115000181,2026-07-27,07,16,19,24,32,35369650,707393,17730650
115000182,2026-07-28,05,08,13,23,31,35369600,707392,27498500
115000183,2026-07-29,05,14,32,33,36,35711450,714229,16154350
115000184,2026-07-30,04,07,08,16,38,33097650,661953,9290400
115000185,2026-07-31,01,09,12,25,26,34709650,694193,28321950
115000186,2026-08-01,06,11,18,22,29,36780950,735619,45718800
115000187,2026-08-03,07,21,23,28,35,39517050,790341,18382800
115000188,2026-08-04,09,32,35,37,39,34725650,694513,8091900
115000189,2026-08-05,02,04,22,25,29,37660750,753215,9447850
115000190,2026-08-06,03,09,16,24,35,34976850,699537,32564250
115000191,2026-08-07,06,11,12,13,19,35570950,711419,36985200
115000192,2026-08-08,05,11,24,31,32,37807350,756147,16902850
115000193,2026-08-10,01,07,16,23,35,38506800,770136,21803750
115000194,2026-08-11,07,17,19,23,30,35872050,717441,9206950
115000195,2026-08-12,07,12,17,20,32,37969850,759397,9732450
115000196,2026-08-13,05,11,12,17,18,34924900,698498,10258900
115000197,2026-08-14,07,19,21,25,34,35406950,708139,26043100
115000198,2026-08-15,12,14,21,35,37,36512950,730259,10531900
115000199,2026-08-17,19,22,27,28,38,38673950,773479,34468200
115000200,2026-08-18,05,06,10,28,39,34726700,694534,34331150
115000201,2026-08-19,02,06,07,32,38,34092150,681843,15199000
115000202,2026-08-20,04,14,27,32,34,32472700,649454,7365200
115000203,2026-08-21,11,12,18,20,29,32258050,645161,25250900
115000204,2026-08-22,09,10,29,30,34,33300450,666009,15910900
115000205,2026-08-24,09,10,19,23,26,32850300,657006,24838800
115000206,2026-08-25,08,21,23,30,35,30287250,605745,15804700
115000207,2026-08-26,13,19,23,35,38,36726550,734531,7982950
115000208,2026-08-27,02,03,07,25,33,33292050,665841,26400100
115000209,2026-08-28,02,04,09,12,36,34648300,692966,17945500
115000210,2026-08-29,03,06,17,23,33,34797150,695943,9563650
115000211,2026-08-31,05,10,12,33,39,35617900,712358,9653900
115000212,2026-09-01,02,04,22,30,38,29985050,,7065500
115000213,2026-09-02,07,08,13,16,18,35966200,,34728200
115000214,2026-09-03,18,19,22,23,34,30336050,,14854900
115000215,2026-09-04,02,04,15,17,24,33183300,,18310650
115000216,2026-09-05,03,08,10,28,38,36708500,,12049700
115000217,2026-09-07,19,25,26,31,35,38724650,,17156600
115000218,2026-09-08,03,07,25,29,30,34129950,,8755050
115000219,2026-09-09,05,06,08,28,29,37136700,,37114850
115000220,2026-09-10,04,14,30,35,38,35183000,,8439400
115000221,2026-09-11,12,15,23,25,27,35502200,,27518950
115000222,2026-09-12,06,17,24,25,30,37182450,,25779600
115000223,2026-09-14,01,15,32,34,39,37192400,,25764450
115000224,2026-09-15,04,12,23,26,31,33776700,,18769600
115000225,2026-09-16,07,08,12,13,19,36677500,,12847350
115000226,2026-09-17,02,08,11,12,34,33845200,,17784600
