draw_no,draw_date,number_1,number_2,number_3,number_4,number_5,number_6,special_number,sales_amount,sales_count,total_prize
97000001,2008-01-24,03,04,16,18,36,37,02,113596500,1135965,56798250
97000002,2008-01-28,02,14,15,16,28,29,08,85451400,854514,78993928
97000003,2008-01-31,06,09,11,13,19,23,02,82512400,825124,103547186
97000004,2008-02-04,02,06,10,18,23,26,05,90771400,907714,113152430
97000005,2008-02-07,06,20,26,33,34,35,05,345717400,3457174,468664347
97000006,2008-02-11,02,04,11,22,23,25,08,434712900,4347129,623715092
97000007,2008-02-14,07,13,28,33,35,38,06,347621000,3476210,648760380
97000008,2008-02-18,05,07,15,28,35,37,06,338073300,3380733,724391750
97000009,2008-02-21,01,20,22,23,29,38,03,369666900,3696669,822146000
97000010,2008-02-25,09,15,16,34,36,37,05,352631600,3526316,926170604
97000011,2008-02-28,06,13,16,29,33,36,04,308317600,3083176,1015962766
97000012,2008-03-03,13,14,24,25,26,35,03,312085300,3120853,1037124610
97000013,2008-03-06,08,11,22,26,34,36,08,336802500,3368025,1147117769
97000014,2008-03-10,06,07,11,19,22,25,06,93157700,931577,46578850
97000015,2008-03-13,02,05,11,15,23,24,05,97466600,974666,77704061
97000016,2008-03-17,06,10,18,19,22,24,08,90644900,906449,104473186
97000017,2008-03-20,03,14,21,25,32,36,06,99115400,991154,116396320
97000018,2008-03-24,01,02,07,11,26,36,05,93613800,936138,144363011
97000019,2008-03-27,01,05,16,22,31,36,05,91193100,911931,172122672
97000020,2008-03-31,09,18,19,25,27,32,06,78698700,786987,195368818
97000021,2008-04-03,03,08,09,10,17,28,05,86810500,868105,224246004
97000022,2008-04-07,16,19,20,24,32,37,04,87020700,870207,251891570
97000023,2008-04-10,24,25,26,33,36,37,02,90004400,900044,281069799
97000024,2008-04-14,05,17,18,28,32,37,03,87391200,873912,320260686
97000025,2008-04-17,01,04,06,14,20,35,07,69880800,698808,89208179
97000026,2008-04-21,16,22,26,27,36,37,02,66012200,660122,108385760
97000027,2008-04-24,01,03,10,20,30,31,05,71435000,714350,132303604
97000028,2008-04-28,15,17,19,23,24,29,07,65514000,655140,81766920
97000029,2008-05-01,02,06,13,14,23,38,02,62864100,628641,101538999
97000030,2008-05-05,02,04,18,29,33,34,03,58372800,583728,119014948
97000031,2008-05-08,03,05,07,16,21,22,08,62183700,621837,139452692
97000032,2008-05-12,07,11,13,14,23,24,07,62111900,621119,158139515
97000033,2008-05-15,10,12,18,21,24,35,02,63058000,630580,178586253
97000034,2008-05-19,12,17,20,22,30,33,04,59290100,592901,196134723
97000035,2008-05-22,03,13,22,26,33,38,03,61033600,610336,215936729
97000036,2008-05-26,03,26,32,34,37,38,03,59142300,591423,234060810
97000037,2008-05-29,04,07,10,11,18,28,04,58220700,582207,253143938
97000038,2008-06-02,03,04,07,11,25,28,01,56859000,568590,271102545
97000039,2008-06-05,03,08,19,21,22,30,02,64385700,643857,292337930
97000040,2008-06-09,02,05,24,28,30,31,08,138338300,1383383,549263823
97000041,2008-06-12,03,07,18,27,34,38,07,110476300,1104763,578754422
97000042,2008-06-16,01,11,21,24,27,29,07,95989400,959894,531448410
97000043,2008-06-19,04,09,10,24,34,36,06,106624200,1066242,568116960
97000044,2008-06-23,12,20,23,26,28,37,07,151862800,1518628,607458370
97000045,2008-06-26,05,13,19,23,24,31,07,48843500,488435,36162667
97000046,2008-06-30,03,08,14,30,33,37,03,49064100,490641,52140709
97000047,2008-07-03,03,04,15,16,18,25,08,55933700,559337,70810619
97000048,2008-07-07,05,06,07,11,23,25,06,54892800,548928,87797398
97000049,2008-07-10,07,14,19,21,22,35,07,58899500,588995,106245704
97000050,2008-07-14,01,14,16,17,34,35,06,59105500,591055,124652174
97000051,2008-07-17,11,22,27,28,36,37,02,54787400,547874,141450872
97000052,2008-07-21,08,09,26,28,31,36,07,57418100,574181,160024483
97000053,2008-07-24,07,13,24,25,36,38,01,59682300,596823,179333337
97000054,2008-07-28,09,10,21,26,30,33,06,38060600,380606,187507648
97000055,2008-07-31,01,06,08,10,36,38,07,60274500,602745,210604823
97000056,2008-08-04,10,24,26,33,34,38,04,61180100,611801,229564597
97000057,2008-08-07,07,10,11,20,29,30,04,64367700,643677,250527498
97000058,2008-08-11,05,07,08,10,11,17,02,64879400,648794,271841943
97000059,2008-08-14,02,05,08,18,28,32,05,65488600,654886,292681803
97000060,2008-08-18,07,17,20,23,28,30,05,63717500,637175,311083076
97000061,2008-08-21,05,12,15,19,20,38,04,64525300,645253,331797994
97000062,2008-08-25,05,08,15,24,31,38,03,62095900,620959,265376390
97000063,2008-08-28,07,26,27,29,32,34,05,64446900,644469,285366727
97000064,2008-09-01,05,06,08,10,21,24,06,63674300,636743,305640862
97000065,2008-09-04,03,05,11,20,22,34,05,71074700,710747,328747372
97000066,2008-09-08,08,18,20,21,23,24,01,70209200,702092,350621496
97000067,2008-09-11,12,20,27,28,29,36,07,210789100,2107891,643420205
97000068,2008-09-15,14,16,19,21,22,26,03,176837700,1768377,651009140
97000069,2008-09-18,02,10,26,31,33,37,03,267365800,2673658,751844199
97000070,2008-09-22,10,15,30,32,33,38,07,271618400,2716184,805483920
97000071,2008-09-25,06,10,11,13,34,35,07,261839500,2618395,865596370
97000072,2008-09-29,01,16,22,24,30,35,02,248713000,2487130,921888730
97000073,2008-10-02,06,10,13,15,19,30,06,357752300,3577523,1054338009
97000074,2008-10-06,09,11,19,22,26,37,03,450596000,4505960,1167100260
97000075,2008-10-09,20,25,26,32,36,37,07,494008400,4940084,1329765607
97000076,2008-10-13,02,09,10,14,15,26,04,537565600,5375656,1505693826
97000077,2008-10-16,02,03,18,33,36,37,05,538926300,5389263,1562962250
97000078,2008-10-20,07,10,17,28,32,36,03,558658300,5586583,1699873780
97000079,2008-10-23,01,06,14,17,26,38,03,542627500,5426275,1824463510
97000080,2008-10-27,04,05,09,22,28,30,04,547663300,5476633,1958884060
97000081,2008-10-30,08,11,16,22,28,35,06,643137500,6431375,2137597710
97000082,2008-11-03,04,08,09,18,23,36,04,66545900,665459,33272950
97000083,2008-11-06,01,05,12,27,34,38,03,73154300,731543,58285757
97000084,2008-11-10,18,22,25,29,32,38,06,67593600,675936,67768560
97000085,2008-11-13,05,10,24,28,33,38,06,72197100,721971,91804316
97000086,2008-11-17,01,09,14,24,30,37,04,72934100,729341,115502424
97000087,2008-11-20,05,14,17,19,35,36,01,69124600,691246,136860132
97000088,2008-11-24,10,15,20,22,24,25,02,67449400,674494,158437439
97000089,2008-11-27,03,14,26,30,35,37,07,67915800,679158,179556422
97000090,2008-12-01,07,10,23,26,28,34,04,66410200,664102,199623756
97000091,2008-12-04,05,11,14,16,18,30,03,66322600,663226,220301340
97000092,2008-12-08,08,12,13,16,20,32,06,64645000,646450,239417387
97000093,2008-12-11,17,18,24,26,30,31,02,70954700,709547,215723350
97000094,2008-12-15,06,08,10,13,18,36,06,65993600,659936,236046900
97000095,2008-12-18,03,08,11,26,34,38,08,65069500,650695,245962640
97000096,2008-12-22,22,25,30,32,33,35,02,60810100,608101,263249362
97000097,2008-12-25,06,07,11,14,33,37,06,63462500,634625,284094131
97000098,2008-12-29,02,10,15,19,28,31,01,65164300,651643,304674688
98000001,2009-01-01,01,11,25,28,35,36,07,58244300,582443,322082182
98000002,2009-01-05,05,24,27,28,29,32,04,68279800,682798,344890376
98000003,2009-01-08,04,05,12,18,24,28,01,139977800,1399778,601468581
98000004,2009-01-12,09,13,14,23,29,36,08,122886700,1228867,598894870
98000005,2009-01-15,03,15,17,28,29,37,04,122556100,1225561,637562138
98000006,2009-01-19,01,03,04,12,21,31,08,64800900,648009,32400450
98000007,2009-01-22,07,10,11,23,24,35,08,72749300,727493,57343343
98000008,2009-01-26,02,06,17,18,29,34,05,86758200,867582,87933045
98000009,2009-01-29,04,07,15,16,23,28,07,82882700,828827,112617031
98000010,2009-02-02,06,18,20,24,31,32,06,83471400,834714,138688883
98000011,2009-02-05,08,20,23,24,34,37,01,69600800,696008,157273032
98000012,2009-02-09,03,10,11,15,20,33,03,69927000,699270,179962034
98000013,2009-02-12,04,12,24,29,35,37,07,65910700,659107,198619889
98000014,2009-02-16,02,20,21,22,25,38,03,67486700,674867,220040042
98000015,2009-02-19,01,02,08,17,21,31,01,66983100,669831,241403155
98000016,2009-02-23,13,18,30,33,35,38,03,69691700,696917,264489130
98000017,2009-02-26,04,05,07,13,15,38,04,69823900,698239,286722195
98000018,2009-03-02,03,04,21,23,24,27,06,131204000,1312040,496177302
98000019,2009-03-05,01,05,13,19,28,37,03,96361200,963612,122579332
98000020,2009-03-09,06,08,16,23,31,38,03,87966500,879665,152692143
98000021,2009-03-12,01,03,16,23,32,34,03,100612000,1006120,190496942
98000022,2009-03-16,16,18,23,28,36,37,06,92109100,921091,451750875
98000023,2009-03-19,05,08,20,24,28,36,05,88285600,882856,50681214
98000024,2009-03-23,03,04,09,25,34,37,05,85470200,854702,76236168
98000025,2009-03-26,09,10,25,26,32,34,02,88651400,886514,109227452
98000026,2009-03-30,14,20,31,35,36,37,03,90921000,909210,140067176
98000027,2009-04-02,07,14,21,27,32,34,03,95081500,950815,482356019
98000028,2009-04-06,07,09,10,11,19,32,02,84680100,846801,70397770
98000029,2009-04-09,03,08,10,14,29,30,03,84226300,842263,100185576
98000030,2009-04-13,02,14,16,19,27,35,05,82417800,824178,127448520
98000031,2009-04-16,06,10,14,15,16,17,02,80735300,807353,155795951
98000032,2009-04-20,05,20,24,26,31,36,01,77125700,771257,183800142
98000033,2009-04-23,05,06,07,17,33,35,03,82583200,825832,213592521
98000034,2009-04-27,01,03,10,20,24,32,04,83964300,839643,242700577
98000035,2009-04-30,12,13,29,33,37,38,08,94367200,943672,222339021
98000036,2009-05-04,03,24,25,27,35,36,08,89376200,893762,249263925
98000037,2009-05-07,03,04,07,09,27,28,08,103419100,1034191,289023151
98000038,2009-05-11,02,08,09,17,37,38,04,118064700,1180647,333922717
98000039,2009-05-14,08,13,20,23,31,35,05,117463300,1174633,374197648
98000040,2009-05-18,06,07,09,10,13,26,07,100792100,1007921,381084516
98000041,2009-05-21,05,09,17,29,34,35,07,109027700,1090277,419075057
98000042,2009-05-25,04,16,17,22,29,38,03,98625200,986252,442321828
98000043,2009-05-28,01,07,15,16,25,31,04,101387300,1013873,477684159
98000044,2009-06-01,06,14,16,17,26,35,07,102982300,1029823,515806065
98000045,2009-06-04,12,18,19,20,24,34,07,100266700,1002667,551398581
98000046,2009-06-08,06,07,18,26,27,31,02,123938400,1239384,599278840
98000047,2009-06-11,01,04,16,18,20,32,07,147518300,1475183,655115946
98000048,2009-06-15,03,10,17,19,23,25,04,127996100,1279961,699544197
98000049,2009-06-18,05,16,17,24,34,38,08,158669600,1586696,760032336
98000050,2009-06-22,04,13,14,16,21,29,07,138356800,1383568,804718355
98000051,2009-06-25,06,10,25,31,35,38,07,169130000,1691300,815802440
98000052,2009-06-29,01,14,20,21,25,26,05,210153600,2101536,886667839
98000053,2009-07-02,06,15,16,27,34,37,06,299426100,2994261,998664079
98000054,2009-07-06,03,04,05,09,24,33,05,62997000,629970,33073425
98000055,2009-07-09,04,08,12,23,25,33,02,81490700,814907,64473241
98000056,2009-07-13,06,23,26,34,36,38,04,72484600,724846,87276255
98000057,2009-07-16,09,10,23,26,31,34,01,91377400,913774,122876889
98000058,2009-07-20,02,15,19,22,29,33,04,80355400,803554,149102373
98000059,2009-07-23,13,26,32,33,36,37,07,84910900,849109,180367694
98000060,2009-07-27,12,13,16,25,31,36,04,77533700,775337,182804192
98000061,2009-07-30,11,13,15,18,24,25,04,88769300,887693,216843573
98000062,2009-08-03,04,15,17,24,26,38,08,78540000,785400,236153591
98000063,2009-08-06,03,04,05,13,32,35,08,82069800,820698,265109136
98000064,2009-08-10,06,11,15,18,23,30,03,76641600,766416,527631762
98000065,2009-08-13,03,05,08,23,24,31,08,59062900,590629,42085883
98000066,2009-08-17,09,21,25,27,29,36,08,63089100,630891,64172059
98000067,2009-08-20,08,22,25,26,33,38,04,69562800,695628,89845728
98000068,2009-08-24,13,15,24,26,28,36,05,68696900,686969,92552622
98000069,2009-08-27,01,04,07,16,18,30,02,78178100,781781,119344823
98000070,2009-08-31,04,08,18,25,30,33,08,73668200,736682,143041827
98000071,2009-09-03,01,07,10,11,16,28,03,87297200,872972,176754056
98000072,2009-09-07,01,10,13,18,19,24,03,83340200,833402,202588760
98000073,2009-09-10,01,11,13,18,23,24,03,91908500,919085,237557021
98000074,2009-09-14,03,06,08,15,24,31,08,86459400,864594,243142027
98000075,2009-09-17,03,06,22,24,31,32,06,102700800,1027008,278638046
98000076,2009-09-21,04,07,09,10,16,33,07,94301400,943014,310411180
98000077,2009-09-24,02,06,14,30,33,34,02,100146700,1001467,342928496
98000078,2009-09-28,07,08,12,13,16,22,07,90907300,909073,374638127
98000079,2009-10-01,06,18,19,21,27,38,04,99137800,991378,411333071
98000080,2009-10-05,04,08,16,19,22,33,01,87191500,871915,438481807
98000081,2009-10-08,01,13,20,21,26,32,07,105664000,1056640,554685830
98000082,2009-10-12,04,10,16,22,34,38,02,64079200,640792,70593410
98000083,2009-10-15,07,10,14,25,28,31,01,74567000,745670,97130184
98000084,2009-10-19,02,04,12,21,25,30,07,75085800,750858,124091828
98000085,2009-10-22,05,07,18,19,30,35,08,73997300,739973,102278740
98000086,2009-10-26,03,04,09,12,24,32,05,76430100,764301,130158841
98000087,2009-10-29,11,12,16,19,20,27,04,81847000,818470,157060215
98000088,2009-11-02,08,10,11,14,20,23,06,77692600,776926,182999329
98000089,2009-11-05,03,05,21,23,31,36,06,93306100,933061,217217530
98000090,2009-11-09,01,18,24,29,32,38,05,91758500,917585,250374641
98000091,2009-11-12,03,06,19,22,28,35,03,100785800,1007858,286411285
98000092,2009-11-16,10,15,18,23,30,34,07,116698400,1166984,324552844
98000093,2009-11-19,05,10,21,22,26,35,06,112741400,1127414,361063878
98000094,2009-11-23,01,02,15,16,26,29,04,106938700,1069387,359105526
98000095,2009-11-26,13,20,21,24,30,36,03,112556500,1125565,399885087
98000096,2009-11-30,01,06,10,17,19,28,01,106581300,1065813,435149268
98000097,2009-12-03,17,18,22,24,25,30,05,107348800,1073488,471506987
98000098,2009-12-07,04,05,12,25,34,38,01,110431000,1104310,490515940
98000099,2009-12-10,11,12,19,22,23,28,04,117522800,1175228,534852909
98000100,2009-12-14,04,05,10,16,17,20,06,114230800,1142308,562351387
98000101,2009-12-17,16,19,20,23,26,28,01,131842900,1318429,610799508
98000102,2009-12-21,03,15,17,20,23,29,08,174912700,1749127,670349734
98000103,2009-12-24,14,18,20,32,35,37,07,225758100,2257581,758163135
98000104,2009-12-28,10,12,15,17,25,34,05,260737800,2607378,833655046
98000105,2009-12-31,14,22,25,27,29,32,01,491349600,4913496,1029446777
99000001,2010-01-04,13,20,25,27,30,32,07,74429000,744290,39075225
99000002,2010-01-07,01,20,26,33,36,37,05,83521500,835215,70070411
99000003,2010-01-11,15,21,23,25,26,34,03,87096900,870969,103091682
99000004,2010-01-14,01,02,07,22,27,32,04,93893600,938936,135015021
99000005,2010-01-18,09,11,24,25,26,38,04,92021600,920216,166488960
99000006,2010-01-21,04,10,16,17,29,36,08,108392300,1083923,186124707
99000007,2010-01-25,07,10,14,24,27,34,02,95460500,954605,215931468
99000008,2010-01-28,03,06,16,17,27,35,02,110222600,1102226,245508355
99000009,2010-02-01,03,05,19,29,31,38,07,105051100,1050511,277895390
99000010,2010-02-04,10,16,17,20,25,38,04,114991800,1149918,319388784
99000011,2010-02-08,07,12,16,17,19,21,06,138156400,1381564,358371397
99000012,2010-02-11,06,13,16,18,19,34,01,150408900,1504089,411251368
99000013,2010-02-15,02,12,23,26,28,29,05,184551200,1845512,482529647
99000014,2010-02-18,02,04,11,14,24,36,06,233527900,2335279,568270493
99000015,2010-02-22,03,11,17,23,24,34,05,279280700,2792807,672474559
99000016,2010-02-25,09,26,32,33,37,38,01,343644100,3436441,765792824
99000017,2010-03-01,03,10,12,14,19,37,04,348798400,3487984,877368662
99000018,2010-03-04,10,16,18,24,34,38,05,101765800,1017658,53427045
99000019,2010-03-08,03,05,09,27,30,33,06,99123300,991233,435641408
99000020,2010-03-11,14,16,17,19,35,37,08,97323400,973234,58516492
99000021,2010-03-15,12,13,18,30,32,36,05,97135100,971351,91730318
99000022,2010-03-18,07,11,18,20,26,32,05,111475400,1114754,133558902
99000023,2010-03-22,02,04,11,14,35,36,01,99257700,992577,149242485
99000024,2010-03-25,19,23,26,27,33,37,03,104945700,1049457,184683773
99000025,2010-03-29,11,23,28,31,36,37,03,97717700,977177,211579825
99000026,2010-04-01,14,16,23,24,27,31,07,105146300,1051463,246755233
99000027,2010-04-05,02,18,19,20,26,37,08,85730300,857303,271809939
99000028,2010-04-08,02,07,20,23,25,36,03,103769100,1037691,508391611
99000029,2010-04-12,08,11,12,30,33,34,02,85326900,853269,56259532
99000030,2010-04-15,01,06,19,24,30,37,01,84378800,843788,83676501
99000031,2010-04-19,01,03,06,13,29,38,03,89120700,891207,116686467
99000032,2010-04-22,08,16,21,29,30,37,02,104860200,1048602,473211472
99000033,2010-04-26,03,08,21,33,35,38,01,82039700,820397,68422313
99000034,2010-04-29,10,12,16,21,28,29,03,86570700,865707,101149029
99000035,2010-05-03,01,04,09,16,27,33,05,82548400,825484,95155097
99000036,2010-05-06,03,11,13,23,30,32,06,95950800,959508,457401307
99000037,2010-05-10,17,18,23,26,28,29,01,77414500,774145,46931518
99000038,2010-05-13,07,11,14,23,31,34,04,81334000,813340,430609705
99000039,2010-05-17,01,02,03,29,33,35,05,72714700,727147,38175217
99000040,2010-05-20,12,13,14,19,35,38,02,74263500,742635,64797653
99000041,2010-05-24,01,03,12,16,24,29,07,73195000,731950,92167927
99000042,2010-05-27,06,07,08,16,20,36,01,82264500,822645,120340988
99000043,2010-05-31,01,04,08,17,30,34,04,82108400,821084,138850786
99000044,2010-06-03,04,09,21,30,33,34,02,78510300,785103,165062092
99000045,2010-06-07,03,14,21,22,24,28,05,86932200,869322,197501296
99000046,2010-06-10,09,17,20,27,28,38,06,86590800,865908,227908865
99000047,2010-06-14,03,07,15,16,24,33,03,86157000,861570,256605889
99000048,2010-06-17,01,05,06,13,22,27,08,92315000,923150,527735250
99000049,2010-06-21,01,09,22,27,30,38,01,66435300,664353,53846081
99000050,2010-06-24,12,14,19,32,34,36,03,72340500,723405,81061042
99000051,2010-06-28,03,07,10,22,27,34,01,74863700,748637,107100883
99000052,2010-07-01,03,04,06,11,14,19,06,80482200,804822,136157937
99000053,2010-07-05,01,03,18,25,35,37,05,76251800,762518,131407328
99000054,2010-07-08,06,22,23,24,25,29,03,84677300,846773,160542009
99000055,2010-07-12,01,03,17,20,25,27,01,86450900,864509,191906930
99000056,2010-07-15,02,11,14,22,23,29,07,88505600,885056,222656069
99000057,2010-07-19,12,15,16,19,26,38,06,88105000,881050,251340393
99000058,2010-07-22,05,08,14,16,35,37,03,99196500,991965,287073154
99000059,2010-07-26,05,14,27,31,34,36,04,104442300,1044423,323978160
99000060,2010-07-29,08,14,18,21,36,38,08,104829500,1048295,359096046
99000061,2010-08-02,03,05,17,21,22,24,07,103253200,1032532,393696875
99000062,2010-08-05,14,22,24,27,29,37,06,117741900,1177419,437513371
99000063,2010-08-09,04,07,14,18,31,35,07,117398100,1173981,477598472
99000064,2010-08-12,03,04,08,15,35,38,03,120889300,1208893,482199094
99000065,2010-08-16,03,14,20,22,31,36,08,121264600,1212646,522273208
99000066,2010-08-19,02,04,20,22,25,34,01,158998500,1589985,585329119
99000067,2010-08-23,09,13,15,18,22,27,02,222981700,2229817,676010410
99000068,2010-08-26,01,08,13,15,22,38,08,211120600,2111206,744695224
99000069,2010-08-30,01,13,21,22,23,29,01,248212500,2482125,839313485
99000070,2010-09-02,09,14,15,17,28,33,04,354935900,3549359,983603631
99000071,2010-09-06,05,07,30,32,34,36,06,853998800,8539988,1310370842
99000072,2010-09-09,04,16,17,22,24,34,02,65143500,651435,35828925
99000073,2010-09-13,07,08,12,18,24,33,07,72644400,726444,61426944
99000074,2010-09-16,04,10,13,20,26,35,02,72959000,729590,85829393
99000075,2010-09-20,06,09,13,19,28,36,06,65318500,653185,107360767
99000076,2010-09-23,03,07,12,15,32,34,07,71195500,711955,131533991
99000077,2010-09-27,08,20,22,24,33,36,02,71871200,718712,143534909
99000078,2010-09-30,09,11,14,31,32,35,07,68943000,689430,165194658
99000079,2010-10-04,04,10,18,20,32,35,01,73066600,730666,192517287
99000080,2010-10-07,01,05,06,17,28,32,02,76715400,767154,220972456
99000081,2010-10-11,08,10,11,21,22,34,06,77968200,779682,249303565
99000082,2010-10-14,05,20,25,29,35,37,02,80407100,804071,261945681
99000083,2010-10-18,04,11,21,23,28,38,05,76151400,761514,285456524
99000084,2010-10-21,11,14,18,19,29,38,05,75666800,756668,305353629
99000085,2010-10-25,10,11,16,23,33,37,03,86157900,861579,338596673
99000086,2010-10-28,15,20,23,25,26,32,07,66740000,667400,42679414
99000087,2010-11-01,02,10,12,13,18,29,04,71228500,712285,68429289
99000088,2010-11-04,01,03,20,28,33,36,05,68691300,686913,90276103
99000089,2010-11-08,05,10,28,33,36,38,06,72219300,722193,114615617
99000090,2010-11-11,04,17,22,24,28,36,06,74910900,749109,139165411
99000091,2010-11-15,07,08,11,22,25,37,07,70711900,707119,164003055
99000092,2010-11-18,05,14,17,23,28,38,02,71782000,717820,164514191
99000093,2010-11-22,08,21,23,24,27,28,02,74343900,743439,186143591
99000094,2010-11-25,05,07,18,25,36,38,07,73806800,738068,213187630
99000095,2010-11-29,20,25,27,29,30,33,02,73744200,737442,231203831
99000096,2010-12-02,03,15,19,22,28,32,06,77722400,777224,260537050
99000097,2010-12-06,01,07,18,19,20,28,08,81080700,810807,286570434
99000098,2010-12-09,01,03,04,11,12,19,08,80196800,801968,312572873
99000099,2010-12-13,07,09,10,12,27,36,04,85505100,855051,342913977
99000100,2010-12-16,04,07,18,25,28,32,05,76999100,769991,366766581
99000101,2010-12-20,01,02,07,20,29,38,07,91620800,916208,399362820
99000102,2010-12-23,01,04,07,10,19,31,05,105422000,1054220,438982419
99000103,2010-12-27,03,16,23,28,31,32,08,67335400,673354,37034470
99000104,2010-12-30,01,24,29,31,33,38,03,70753200,707532,62353229
100000001,2011-01-03,02,06,12,20,36,38,06,68737600,687376,84590908
100000002,2011-01-06,03,11,20,22,26,27,03,69920200,699202,99663020
100000003,2011-01-10,17,28,29,33,35,36,08,70080700,700807,122968804
100000004,2011-01-13,01,06,07,18,28,34,06,71337700,713377,147995438
100000005,2011-01-17,01,02,19,25,30,31,04,70544800,705448,225261112
100000006,2011-01-20,01,04,10,22,25,31,08,67266900,672669,47599206
100000007,2011-01-24,10,14,18,21,32,33,07,69212500,692125,72949380
100000008,2011-01-27,02,03,11,19,24,35,02,71903500,719035,98374004
100000009,2011-01-31,04,10,21,28,31,32,07,88606600,886066,130768033
100000010,2011-02-03,08,10,16,23,29,37,02,95361000,953610,165251382
100000011,2011-02-07,04,06,15,20,32,38,03,90341300,903413,169299062
100000012,2011-02-10,10,13,30,32,36,37,02,77659300,776593,193151376
100000013,2011-02-14,08,11,19,23,25,38,05,64221500,642215,214497900
100000014,2011-02-17,04,11,12,20,26,38,07,66656900,666569,227645795
100000015,2011-02-21,09,19,23,28,35,38,01,66013200,660132,249774954
100000016,2011-02-24,03,08,13,14,16,26,05,64492100,644921,269298108
100000017,2011-02-28,05,13,14,18,26,29,07,61254000,612540,290641807
100000018,2011-03-03,01,15,17,23,27,35,07,69027400,690274,316667277
100000019,2011-03-07,02,10,16,30,33,37,04,72400700,724007,344059561
100000020,2011-03-10,04,05,19,24,31,37,08,73076600,730766,367928590
100000021,2011-03-14,04,05,06,11,18,26,04,76529000,765290,376302252
100000022,2011-03-17,01,03,11,14,32,36,02,78250400,782504,401006281
100000023,2011-03-21,08,17,18,20,33,37,02,94357600,943576,435834860
100000024,2011-03-24,04,19,27,29,35,37,04,97882600,978826,471640289
100000025,2011-03-28,03,07,16,24,27,34,08,101298200,1012982,508534298
100000026,2011-03-31,17,19,31,32,36,38,04,135707200,1357072,547455290
100000027,2011-04-04,02,25,28,32,33,37,08,178039600,1780396,613313004
100000028,2011-04-07,06,12,14,20,30,31,01,55712700,557127,37558485
100000029,2011-04-11,15,16,21,29,31,33,04,58939300,589393,58329399
100000030,2011-04-14,15,17,18,24,25,27,06,59854300,598543,80191263
100000031,2011-04-18,05,06,07,17,23,26,07,60386800,603868,100966902
100000032,2011-04-21,01,10,26,32,34,36,08,60005400,600054,120691871
100000033,2011-04-25,02,03,12,17,22,26,01,59837800,598378,141940860
100000034,2011-04-28,03,09,29,31,32,34,05,58910400,589104,162126579
100000035,2011-05-02,07,17,19,21,22,36,03,57678700,576787,181158463
100000036,2011-05-05,05,06,13,14,26,38,05,60277400,602774,200048232
100000037,2011-05-09,03,15,25,31,35,36,03,59610400,596104,219131651
100000038,2011-05-12,10,19,24,25,30,31,07,59269800,592698,239846640
100000039,2011-05-16,03,08,17,21,29,37,08,56191400,561914,258909109
100000040,2011-05-19,02,06,16,19,35,38,08,63531000,635310,280360158
100000041,2011-05-23,08,11,13,16,24,26,04,61041300,610413,302221172
100000042,2011-05-26,06,08,12,19,21,30,08,65935200,659352,323701631
100000043,2011-05-30,02,10,22,30,32,37,04,68612500,686125,348080205
100000044,2011-06-02,01,04,19,22,30,33,04,78389300,783893,377707119
100000045,2011-06-06,10,16,22,36,37,38,04,103350500,1033505,420327493
100000046,2011-06-09,03,12,13,15,36,37,03,55247700,552477,80758876
100000047,2011-06-13,07,09,11,18,31,36,01,56372400,563724,100380295
100000048,2011-06-16,08,15,25,29,33,38,01,56982500,569825,119934769
100000049,2011-06-20,04,06,10,22,27,34,02,57026100,570261,140152823
100000050,2011-06-23,03,20,26,28,30,36,05,55200000,552000,96915786
100000051,2011-06-27,04,06,15,23,33,35,03,53588700,535887,113239571
100000052,2011-06-30,15,17,19,30,35,38,01,55174000,551740,132143570
100000053,2011-07-04,01,05,12,17,31,37,06,54491500,544915,152414595
100000054,2011-07-07,02,07,19,22,33,37,01,57889600,578896,171548474
100000055,2011-07-11,02,04,12,14,28,32,02,57956200,579562,192443383
100000056,2011-07-14,02,10,12,31,33,37,01,59368300,593683,201058525
100000057,2011-07-18,03,13,29,30,32,37,06,59972400,599724,223094044
100000058,2011-07-21,01,07,19,20,21,26,07,63951800,639518,245979533
100000059,2011-07-25,05,08,18,20,22,23,01,64662000,646620,258747311
100000060,2011-07-28,01,06,19,25,34,35,08,67722900,677229,283541006
100000061,2011-08-01,14,19,22,27,31,34,07,70596100,705961,307029660
100000062,2011-08-04,06,14,17,23,24,33,01,83803200,838032,339708119
100000063,2011-08-08,07,08,27,34,37,38,01,96425300,964253,375331433
100000064,2011-08-11,01,06,08,18,25,29,05,109120200,1091202,414880042
100000065,2011-08-15,02,11,14,15,30,35,07,157141800,1571418,478480231
100000066,2011-08-18,05,06,07,08,32,37,03,206837300,2068373,559124045
100000067,2011-08-22,02,03,12,21,25,37,04,305758700,3057587,650270307
100000068,2011-08-25,01,08,13,14,16,36,07,54763100,547631,30119705
100000069,2011-08-29,06,10,15,22,29,35,01,49568700,495687,45960089
100000070,2011-09-01,02,10,11,13,27,29,02,53360400,533604,59526063
100000071,2011-09-05,07,16,26,27,33,36,04,55865900,558659,78861707
100000072,2011-09-08,04,06,08,12,15,21,07,56854900,568549,99083501
100000073,2011-09-12,04,06,07,17,32,36,07,57309400,573094,117470570
100000074,2011-09-15,01,03,17,18,21,34,07,56740000,567400,220961315
100000075,2011-09-19,07,11,24,25,37,38,03,49322700,493227,27127485
100000076,2011-09-22,11,20,22,23,27,38,02,50158700,501587,43294669
100000077,2011-09-26,05,15,18,19,24,37,06,49763200,497632,60396028
100000078,2011-09-29,01,15,33,34,36,37,08,53702300,537023,79395192
100000079,2011-10-03,01,04,13,16,27,35,08,53157700,531577,89390671
100000080,2011-10-06,12,14,18,20,24,27,02,61604000,616040,113004370
100000081,2011-10-10,08,09,19,20,25,34,02,187004800,1870048,404196610
100000082,2011-10-13,06,17,18,25,27,34,06,144995300,1449953,434791882
100000083,2011-10-17,10,19,29,33,36,37,01,171325200,1713252,498988041
100000084,2011-10-20,05,20,22,26,30,38,04,191022600,1910226,567769070
100000085,2011-10-24,02,12,15,25,30,31,06,227782500,2277825,632023743
100000086,2011-10-27,05,10,12,16,23,28,07,56009600,560096,39474597
100000087,2011-10-31,06,08,14,20,23,27,03,57770600,577706,57950026
100000088,2011-11-03,13,22,26,27,36,37,05,56987400,569874,76482495
100000089,2011-11-07,01,08,23,26,27,34,03,53864700,538647,92557979
100000090,2011-11-10,08,19,23,27,32,35,08,55955500,559555,113091103
100000091,2011-11-14,11,18,20,21,24,34,05,63951000,639510,136396152
100000092,2011-11-17,01,03,13,14,24,30,06,61509500,615095,157012976
100000093,2011-11-21,11,12,13,14,25,32,08,63160600,631606,179934605
100000094,2011-11-24,04,05,13,16,32,37,07,62249200,622492,202166964
100000095,2011-11-28,04,09,18,20,33,35,04,60970800,609708,194427473
100000096,2011-12-01,03,16,19,26,31,35,03,59787500,597875,214018997
100000097,2011-12-05,04,06,09,21,32,33,02,57583900,575839,233228541
100000098,2011-12-08,02,05,08,21,35,37,08,66234700,662347,256490225
100000099,2011-12-12,07,10,19,21,27,31,05,65429400,654294,279320894
100000100,2011-12-15,01,07,09,27,28,29,02,69174800,691748,303419933
100000101,2011-12-19,06,10,14,25,29,35,03,72867500,728675,329227757
100000102,2011-12-22,04,11,13,20,22,23,02,75474800,754748,339115817
100000103,2011-12-26,01,09,17,19,24,35,05,97696700,976967,373797403
100000104,2011-12-29,03,04,07,10,15,19,05,135087400,1350874,427699272
101000001,2012-01-02,06,10,11,26,27,30,04,169997700,1699977,495576006
101000002,2012-01-05,10,15,18,28,31,32,04,164719400,1647194,550876575
101000003,2012-01-09,02,09,25,27,30,34,05,223056300,2230563,619714793
101000004,2012-01-12,03,15,21,23,30,32,07,253556100,2535561,714593047
101000005,2012-01-16,07,11,18,33,36,37,06,385998600,3859986,854143016
101000006,2012-01-19,03,07,08,11,13,18,06,621314900,6213149,1111389810
101000007,2012-01-23,06,08,23,24,29,36,08,145276500,1452765,79902075
101000008,2012-01-26,02,04,09,16,19,38,01,132289200,1322892,114601052
101000009,2012-01-30,11,17,18,20,27,38,05,102726400,1027264,135579254
101000010,2012-02-02,01,03,04,08,14,29,07,75731800,757318,151725334
101000011,2012-02-06,04,07,14,20,23,38,03,74285400,742854,176134403
101000012,2012-02-09,06,12,20,25,28,37,08,64793300,647933,195928217
101000013,2012-02-13,04,09,15,24,29,35,08,68154800,681548,219553656
101000014,2012-02-16,07,16,23,24,29,34,05,68292800,682928,242908995
101000015,2012-02-20,01,02,09,12,14,22,02,74376900,743769,269891489
101000016,2012-02-23,08,13,19,30,35,37,07,71810200,718102,291967198
101000017,2012-02-27,03,04,10,12,20,23,04,67696800,676968,313902537
101000018,2012-03-01,01,04,07,09,15,16,06,86898000,868980,344178236
101000019,2012-03-05,06,11,15,21,26,27,03,88885800,888858,349851324
101000020,2012-03-08,09,11,12,23,28,37,04,94558600,945586,376794875
101000021,2012-03-12,03,09,13,22,23,37,01,51885000,518850,28536750
101000022,2012-03-15,04,12,17,20,29,37,03,54636500,546365,48060024
101000023,2012-03-19,09,17,18,21,26,34,01,52481000,524810,65089573
101000024,2012-03-22,10,12,14,15,34,35,06,53454300,534543,84906537
101000025,2012-03-26,01,03,12,21,23,25,02,53374900,533749,104041131
101000026,2012-03-29,08,15,17,22,26,32,01,53817300,538173,122061645
101000027,2012-04-02,01,11,15,18,29,38,01,54142000,541420,141695144
101000028,2012-04-05,08,09,23,32,35,36,07,51282600,512826,228321338
101000029,2012-04-09,01,10,19,21,24,31,05,47751800,477518,42486527
101000030,2012-04-12,06,26,27,30,32,35,02,48933100,489331,58123031
101000031,2012-04-16,03,04,13,18,25,27,01,46217100,462171,73825635
101000032,2012-04-19,05,10,12,26,35,38,02,49468200,494682,92013044
101000033,2012-04-23,01,11,16,17,19,35,05,49696700,496967,108641528
101000034,2012-04-26,02,03,04,14,17,35,01,47363400,473634,125312997
101000035,2012-04-30,03,05,18,22,27,37,01,51206500,512065,144493771
101000036,2012-05-03,04,09,10,15,17,34,03,51020300,510203,162490935
101000037,2012-05-07,02,13,18,22,23,25,04,54080100,540801,180444689
101000038,2012-05-10,14,20,21,25,32,37,03,52954900,529549,198533183
101000039,2012-05-14,04,05,06,16,18,28,01,53721600,537216,218533962
101000040,2012-05-17,06,15,21,25,28,29,04,50854800,508548,235768901
101000041,2012-05-21,11,13,19,23,31,38,03,54468200,544682,256362010
101000042,2012-05-24,01,06,10,12,29,36,04,54008700,540087,233181993
101000043,2012-05-28,07,16,17,22,31,35,02,54574700,545747,251689877
101000044,2012-05-31,03,07,15,17,21,34,08,58906100,589061,272931831
101000045,2012-06-04,04,15,18,29,34,38,04,61258500,612585,293174005
101000046,2012-06-07,08,12,20,27,29,30,01,65843500,658435,308050339
101000047,2012-06-11,07,17,22,26,29,33,07,78523200,785232,337190798
101000048,2012-06-14,03,14,15,16,20,36,05,73378900,733789,357454192
101000049,2012-06-18,08,13,14,21,24,34,06,91149600,911496,391362571
101000050,2012-06-21,04,16,26,28,37,38,01,82865500,828655,416404195
101000051,2012-06-25,01,15,16,24,26,30,05,113464300,1134643,462430759
101000052,2012-06-28,15,16,25,31,35,37,04,124148900,1241489,490378742
101000053,2012-07-02,03,07,21,35,37,38,03,145377600,1453776,545597921
101000054,2012-07-05,02,04,06,17,29,38,08,155375000,1553750,598139770
101000055,2012-07-09,01,06,08,30,32,35,06,174906800,1749068,660626409
101000056,2012-07-12,10,15,20,22,34,36,05,235247900,2352479,754488853
101000057,2012-07-16,12,19,23,36,37,38,06,258453900,2584539,814309888
101000058,2012-07-19,14,23,25,26,30,31,03,322374900,3223749,939672482
101000059,2012-07-23,05,12,18,33,34,37,02,476049700,4760497,1114018949
101000060,2012-07-26,02,07,10,11,19,33,01,771354600,7713546,1418437866
101000061,2012-07-30,03,10,18,24,29,37,07,1211697700,12116977,1891014845
101000062,2012-08-02,18,21,27,29,30,37,04,41400900,414009,22770495
101000063,2012-08-06,09,12,17,18,27,33,04,62619900,626199,48522239
101000064,2012-08-09,02,03,23,25,27,33,01,60410300,604103,69270003
101000065,2012-08-13,05,10,17,22,35,37,05,61417400,614174,223956516
101000066,2012-08-16,11,13,14,16,36,38,05,57877200,578772,40252075
101000067,2012-08-20,05,14,17,20,23,30,06,56764900,567649,59933869
101000068,2012-08-23,01,05,11,16,21,31,08,56136600,561366,79217398
101000069,2012-08-27,03,06,16,23,25,37,07,53808100,538081,95173552
101000070,2012-08-30,01,02,08,09,22,36,05,51772100,517721,111220406
101000071,2012-09-03,01,12,14,17,24,27,03,53941100,539411,130510510
101000072,2012-09-06,07,13,23,32,34,36,03,53883400,538834,147871679
101000073,2012-09-10,02,09,17,20,35,38,07,54566200,545662,144697135
101000074,2012-09-13,01,04,05,14,17,26,08,53939000,539390,163155584
101000075,2012-09-17,01,06,07,10,21,27,05,54429400,544294,182442353
101000076,2012-09-20,04,11,14,18,21,34,02,54335700,543357,193593899
101000077,2012-09-24,04,07,19,20,24,30,01,52208500,522085,209674273
101000078,2012-09-27,11,13,15,27,29,32,03,54640600,546406,228079602
101000079,2012-10-01,07,11,14,16,19,34,05,56555200,565552,246534261
101000080,2012-10-04,02,16,17,19,24,28,05,59102400,591024,267771980
101000081,2012-10-08,07,29,31,32,35,36,07,63421700,634217,291796514
101000082,2012-10-11,01,06,12,23,28,34,02,71560400,715604,318348833
101000083,2012-10-15,09,12,16,18,28,29,07,72031300,720313,327729051
101000084,2012-10-18,02,08,15,19,22,29,04,81380800,813808,358167190
101000085,2012-10-22,05,10,14,19,21,24,05,82657500,826575,383271414
101000086,2012-10-25,03,04,07,19,28,30,08,92055400,920554,415568483
101000087,2012-10-29,12,13,26,30,36,38,08,94736800,947368,448332222
101000088,2012-11-01,06,07,12,15,24,38,03,112233300,1122333,491959136
101000089,2012-11-05,01,10,12,15,30,33,06,129606600,1296066,539404465
101000090,2012-11-08,08,10,18,22,25,33,07,154786200,1547862,570930006
101000091,2012-11-12,01,08,21,24,31,33,08,166302300,1663023,622586496
101000092,2012-11-15,03,11,12,27,32,35,02,183653800,1836538,691690185
101000093,2012-11-19,02,06,28,29,32,37,04,262033200,2620332,792024344
101000094,2012-11-22,08,22,26,27,36,38,08,273942400,2739424,864576229
101000095,2012-11-26,04,05,08,18,23,29,02,385639400,3856394,1007860760
101000096,2012-11-29,03,06,11,16,21,35,02,570576000,5705760,1228181357
101000097,2012-12-03,05,09,11,14,22,30,08,870687100,8706871,1568691544
101000098,2012-12-06,01,05,10,12,21,24,08,1699147200,16991472,2281163003
101000099,2012-12-10,04,06,15,20,22,38,07,58652200,586522,216229090
101000100,2012-12-13,06,08,14,27,28,33,01,65448900,654489,37978084
101000101,2012-12-17,03,12,24,27,32,34,04,62189800,621898,57135773
101000102,2012-12-20,01,24,26,29,32,38,07,63054000,630540,71689268
101000103,2012-12-24,01,07,10,14,29,30,04,60692400,606924,93736488
101000104,2012-12-27,15,16,27,30,35,36,02,63430200,634302,116827097
101000105,2012-12-31,15,22,24,28,29,36,02,60082700,600827,138343581
102000001,2013-01-03,03,04,06,17,29,35,07,61145600,611456,161026160
102000002,2013-01-07,01,10,17,22,24,26,07,66887900,668879,185824504
102000003,2013-01-10,02,04,13,16,18,29,05,66617800,666178,208887993
102000004,2013-01-14,03,05,10,23,29,30,02,64016100,640161,211829098
102000005,2013-01-17,03,08,09,15,16,25,05,65520800,655208,233841837
102000006,2013-01-21,01,05,11,14,22,36,01,67622300,676223,253361610
102000007,2013-01-24,05,08,10,22,26,38,02,57117200,571172,33777476
102000008,2013-01-28,03,08,22,26,27,29,05,58658900,586589,49675654
102000009,2013-01-31,03,15,22,28,31,37,08,63423200,634232,72691713
102000010,2013-02-04,06,10,12,19,30,32,05,66203500,662035,91288091
102000011,2013-02-07,03,09,15,23,26,37,02,72063300,720633,117530905
102000012,2013-02-11,01,09,19,29,32,36,05,71287300,712873,142175419
102000013,2013-02-14,13,14,16,22,31,32,03,82237500,822375,173229043
102000014,2013-02-18,02,03,19,31,32,35,01,75381800,753818,186186977
102000015,2013-02-21,21,24,32,35,37,38,05,68180300,681803,210329841
102000016,2013-02-25,01,06,14,20,32,35,05,67700600,677006,235005970
102000017,2013-02-28,10,12,16,19,26,32,05,62670100,626701,257812524
102000018,2013-03-04,02,05,16,24,28,37,02,67275700,672757,283494258
102000019,2013-03-07,12,15,20,29,32,35,05,71221000,712210,307915407
102000020,2013-03-11,03,09,12,14,22,25,02,74525700,745257,331868641
102000021,2013-03-14,02,08,11,15,26,34,06,90273900,902739,364503485
102000022,2013-03-18,03,04,10,14,16,31,04,97678100,976781,396277339
102000023,2013-03-21,09,16,24,34,35,37,05,102529400,1025294,429515808
102000024,2013-03-25,02,11,15,17,30,36,01,107300000,1073000,468024907
102000025,2013-03-28,01,06,10,15,19,34,07,119238000,1192380,512642707
102000026,2013-04-01,01,04,06,12,35,37,06,173398000,1733980,580003007
102000027,2013-04-04,01,07,30,31,33,38,05,182721200,1827212,645184467
102000028,2013-04-08,07,09,10,30,33,34,08,302028400,3020284,722891678
102000029,2013-04-11,02,07,19,27,28,36,07,353625400,3536254,842306988
102000030,2013-04-15,11,13,19,20,28,29,06,611393200,6113932,1091220833
102000031,2013-04-18,03,15,22,23,25,30,05,770319600,7703196,1388517912
102000032,2013-04-22,13,16,22,24,29,36,05,1079447200,10794472,1752264500
102000033,2013-04-25,07,09,18,21,24,37,06,53990500,539905,29694775
102000034,2013-04-29,14,16,20,23,27,30,08,58261400,582614,50902244
102000035,2013-05-02,04,10,21,26,29,37,03,58119500,581195,67089881
102000036,2013-05-06,05,07,11,12,24,28,08,58087600,580876,84962460
102000037,2013-05-09,03,06,09,15,21,30,05,57961100,579611,102171764
102000038,2013-05-13,05,06,12,27,29,33,01,58451500,584515,118565588
102000039,2013-05-16,07,08,14,24,31,34,08,56124000,561240,137855387
102000040,2013-05-20,08,12,16,27,33,36,03,56885200,568852,157513847
102000041,2013-05-23,10,21,27,31,33,35,07,57415500,574155,176419871
102000042,2013-05-27,04,07,17,32,33,37,07,56893700,568937,196920405
102000043,2013-05-30,07,13,22,23,31,33,01,55504200,555042,216676414
102000044,2013-06-03,06,26,34,35,36,37,03,56177400,561774,237436083
102000045,2013-06-06,08,09,17,22,34,37,08,64668300,646683,261516747
102000046,2013-06-10,03,09,16,30,32,37,05,131003300,1310033,520960461
102000047,2013-06-13,14,21,32,34,37,38,03,154721600,1547216,546696141
102000048,2013-06-17,19,22,23,25,29,38,01,189325200,1893252,621648900
102000049,2013-06-20,01,02,07,11,13,24,03,194977000,1949770,679380253
102000050,2013-06-24,12,15,22,24,33,37,06,217542600,2175426,755441482
102000051,2013-06-27,04,07,08,14,35,36,03,246050100,2460501,841438436
102000052,2013-07-01,04,07,11,15,24,37,07,347815300,3478153,958164358
102000053,2013-07-04,06,07,09,13,25,26,04,493630700,4936307,1148309642
102000054,2013-07-08,04,15,19,21,32,38,06,624989000,6249890,1353711345
102000055,2013-07-11,01,09,21,28,30,35,07,814982800,8149828,1656511015
102000056,2013-07-15,01,05,08,20,23,25,08,1174387900,11743879,2101036302
102000057,2013-07-18,01,02,06,12,30,36,03,1882347600,18823476,2836789806
102000058,2013-07-22,03,19,24,33,34,36,01,59697600,596976,32833680
102000059,2013-07-25,08,11,20,22,23,37,06,60653100,606531,54633784
102000060,2013-07-29,02,06,13,18,22,25,06,62034100,620341,75098538
102000061,2013-08-01,06,15,19,20,31,34,02,63077900,630779,98258282
102000062,2013-08-05,12,14,18,27,28,34,05,62507100,625071,118862286
102000063,2013-08-08,02,04,07,08,16,27,06,64803300,648033,139530000
102000064,2013-08-12,05,19,20,22,23,30,02,63208200,632082,158087309
102000065,2013-08-15,03,07,17,20,28,29,05,60717600,607176,179795588
102000066,2013-08-19,05,08,09,18,26,34,08,61934000,619340,200409187
102000067,2013-08-22,01,04,14,17,28,34,05,55178200,551782,215603597
102000068,2013-08-26,02,04,09,17,35,38,05,61209700,612097,238526431
102000069,2013-08-29,03,05,06,28,31,37,06,53100500,531005,256331605
102000070,2013-09-02,02,08,13,20,21,29,08,62310200,623102,251677148
102000071,2013-09-05,07,10,15,22,32,38,02,66311200,663112,274970007
102000072,2013-09-09,02,10,21,26,31,32,08,67576600,675766,297138936
102000073,2013-09-12,02,03,08,18,30,37,07,79129300,791293,328788050
102000074,2013-09-16,01,05,06,07,22,26,07,98406500,984065,365897824
102000075,2013-09-19,06,18,21,22,33,38,04,282817100,2828171,700493728
102000076,2013-09-23,12,18,19,24,25,28,05,200747100,2007471,726412124
102000077,2013-09-26,04,05,07,18,30,37,01,253035500,2530355,814699377
102000078,2013-09-30,02,04,07,16,21,38,07,278644400,2786444,916247496
102000079,2013-10-03,04,08,15,25,29,32,01,365064900,3650649,1059083790
102000080,2013-10-07,01,06,23,24,25,36,04,443497100,4434971,1197593065
102000081,2013-10-10,07,12,25,31,34,36,05,545973300,5459733,1407475579
102000082,2013-10-14,02,14,25,27,29,38,03,61433500,614335,33788425
102000083,2013-10-17,02,03,07,17,26,31,08,63487100,634871,55021429
102000084,2013-10-21,06,10,16,23,24,30,08,63729400,637294,76187598
102000085,2013-10-24,11,13,15,30,33,36,03,62478900,624789,98431092
102000086,2013-10-28,04,10,13,14,29,30,07,62731200,627312,120739251
102000087,2013-10-31,01,04,06,16,32,38,03,62413600,624136,142233630
102000088,2013-11-04,05,07,22,28,31,36,03,63636500,636365,164803804
102000089,2013-11-07,01,09,11,13,19,27,05,64645700,646457,170067516
102000090,2013-11-11,08,11,13,16,22,24,07,64197300,641973,191431030
102000091,2013-11-14,12,18,21,28,36,38,01,64688400,646884,213768249
102000092,2013-11-18,03,06,10,31,35,37,01,64840000,648400,229460991
102000093,2013-11-21,05,15,21,23,27,35,07,67981300,679813,254089106
102000094,2013-11-25,04,12,25,30,33,35,02,71171900,711719,279908550
102000095,2013-11-28,16,17,18,28,35,37,04,204191200,2041912,676688609
102000096,2013-12-02,03,05,28,31,32,35,01,229638200,2296382,746680624
102000097,2013-12-05,05,08,20,22,31,35,07,250026600,2500266,841226053
102000098,2013-12-09,05,07,14,15,34,38,01,347010800,3470108,959363272
102000099,2013-12-12,01,08,25,28,34,38,06,428016600,4280166,1113056218
102000100,2013-12-16,04,14,21,22,26,32,07,521336500,5213365,1293316578
102000101,2013-12-19,04,06,13,26,36,38,08,599405000,5994050,1497845923
102000102,2013-12-23,08,10,12,21,30,33,01,860867000,8608670,1841687772
102000103,2013-12-26,02,12,13,21,22,26,04,61874700,618747,34031085
102000104,2013-12-30,06,31,32,34,35,37,04,106910700,1069107,20281000
103000001,2014-01-02,08,10,19,27,28,37,03,71747300,717473,39461015
103000002,2014-01-06,07,08,12,18,23,31,02,72476700,724767,64673299
103000003,2014-01-09,04,22,23,31,34,35,01,68661200,686612,86249358
103000004,2014-01-13,03,04,23,24,26,30,02,75417200,754172,106117631
103000005,2014-01-16,13,14,23,34,37,38,07,72969700,729697,131726365
103000006,2014-01-20,04,09,21,23,36,37,03,75780000,757800,159255064
103000007,2014-01-23,12,26,28,29,31,32,06,72271700,722717,183711199
103000008,2014-01-27,08,20,26,28,36,38,08,78223700,782237,211614933
103000009,2014-01-30,06,10,11,14,16,30,01,93766200,937662,244726742
103000010,2014-02-03,17,19,21,24,28,37,06,108072000,1080720,283265141
103000011,2014-02-06,02,08,25,29,35,36,02,320602200,3206022,638274851
103000012,2014-02-10,13,20,25,27,28,33,01,216148400,2161484,691141970
103000013,2014-02-13,06,08,16,20,35,36,08,218425200,2184252,769388129
103000014,2014-02-17,08,12,14,17,33,37,05,265520200,2655202,820509634
103000015,2014-02-20,01,03,10,13,18,30,01,274985500,2749855,900044530
103000016,2014-02-24,10,15,23,27,29,36,05,331844100,3318441,1014054119
103000017,2014-02-27,04,08,20,21,23,26,05,381069900,3810699,1157825063
103000018,2014-03-03,01,05,09,13,28,37,05,433221900,4332219,1292504860
103000019,2014-03-06,08,13,15,20,27,28,04,456819300,4568193,1436347913
103000020,2014-03-10,11,18,22,27,28,29,04,595689700,5956897,1649912047
103000021,2014-03-13,11,15,19,21,27,30,04,67373300,673733,59961905
103000022,2014-03-17,02,12,15,22,27,28,05,72660300,726603,87166069
103000023,2014-03-20,01,08,18,25,35,37,05,68685800,686858,109787558
103000024,2014-03-24,06,14,24,31,35,37,01,70507600,705076,134071437
103000025,2014-03-27,04,15,19,22,37,38,05,64806900,648069,122511665
103000026,2014-03-31,02,08,15,16,17,30,06,64067700,640677,144404999
103000027,2014-04-03,02,13,22,25,27,33,08,62863900,628639,166278543
103000028,2014-04-07,05,21,25,28,32,38,05,65124100,651241,182085503
103000029,2014-04-10,06,10,14,15,18,24,07,65007800,650078,204287592
103000030,2014-04-14,06,22,31,32,33,38,04,66491600,664916,225791971
103000031,2014-04-17,01,06,17,19,27,30,06,66863200,668632,250172030
103000032,2014-04-21,09,12,13,24,25,34,05,70463400,704634,265165090
103000033,2014-04-24,08,14,19,21,30,31,02,70420500,704205,285893242
103000034,2014-04-28,01,04,18,26,30,36,01,74687500,746875,313148766
103000035,2014-05-01,02,04,05,11,32,33,08,70852900,708529,331064046
103000036,2014-05-05,16,24,25,31,32,33,05,85411900,854119,363831590
103000037,2014-05-08,09,10,14,19,28,29,08,90021100,900211,394966794
103000038,2014-05-12,01,02,05,08,09,29,01,100271100,1002711,422332772
103000039,2014-05-15,07,09,21,28,33,35,08,96347800,963478,454116661
103000040,2014-05-19,01,16,22,31,33,36,04,118031400,1180314,499992330
103000041,2014-05-22,09,12,20,34,36,37,03,120606200,1206062,544214139
103000042,2014-05-26,02,09,10,19,22,32,05,217613000,2176130,819582965
103000043,2014-05-29,18,19,22,27,32,35,02,219668800,2196688,883762278
103000044,2014-06-02,07,11,14,20,31,34,07,322141700,3221417,1010264198
103000045,2014-06-05,08,10,12,19,20,37,01,344110400,3441104,1128869417
103000046,2014-06-09,04,05,14,18,21,33,02,431527400,4315274,1269085951
103000047,2014-06-12,04,14,19,22,27,30,05,474402800,4744028,1426709226
103000048,2014-06-16,03,11,24,27,29,37,01,57087300,570873,31398015
103000049,2014-06-19,10,11,16,24,29,30,01,57045300,570453,52231229
103000050,2014-06-23,04,14,18,19,26,34,03,58222600,582226,74132858
103000051,2014-06-26,04,12,19,24,27,30,07,60141400,601414,95136127
103000052,2014-06-30,04,14,21,25,28,29,02,59951900,599519,105742195
103000053,2014-07-03,08,10,14,22,31,36,04,59328900,593289,126821689
103000054,2014-07-07,04,10,14,30,32,33,08,61038700,610387,147256473
103000055,2014-07-10,01,02,10,21,22,31,08,61339600,613396,168037252
103000056,2014-07-14,01,18,25,26,37,38,06,60905800,609058,180632128
103000057,2014-07-17,16,20,21,27,29,37,03,61546600,615466,200600557
103000058,2014-07-21,01,03,04,10,13,37,01,62908700,629087,223663541
103000059,2014-07-24,06,17,25,29,35,36,01,61119400,611194,244113010
103000060,2014-07-28,05,11,15,16,23,35,01,68431100,684311,271293814
103000061,2014-07-31,01,15,17,31,33,38,02,70779800,707798,297080003
103000062,2014-08-04,05,10,18,26,28,33,02,76017200,760172,325764062
103000063,2014-08-07,17,18,23,25,26,36,05,82233200,822332,356519221
103000064,2014-08-11,14,16,25,27,29,36,07,87187500,871875,365358113
103000065,2014-08-14,04,11,12,16,19,23,06,90604800,906048,393467552
103000066,2014-08-18,10,12,18,31,34,37,05,104957600,1049576,432017731
103000067,2014-08-21,18,22,23,25,32,36,06,108327900,1083279,469230275
103000068,2014-08-25,03,05,10,20,26,30,06,145698100,1456981,528405329
103000069,2014-08-28,01,15,23,24,26,29,05,152397100,1523971,565786745
103000070,2014-09-01,05,14,22,23,26,32,08,169942000,1699420,627255144
103000071,2014-09-04,01,08,10,14,24,26,01,62907700,629077,46547831
103000072,2014-09-08,05,18,19,21,31,37,08,121107200,1211072,300443790
103000073,2014-09-11,05,07,15,25,29,37,08,93035000,930350,326914439
103000074,2014-09-15,03,14,15,20,21,28,08,98780900,987809,363218833
103000075,2014-09-18,05,10,15,23,24,35,06,98587600,985876,399751412
103000076,2014-09-22,08,15,18,23,31,37,08,60085200,600852,33046860
103000077,2014-09-25,10,12,22,26,28,36,08,60152200,601522,53724269
103000078,2014-09-29,02,08,15,27,28,36,07,61736200,617362,70020797
103000079,2014-10-02,04,12,13,26,31,33,06,61208900,612089,90207591
103000080,2014-10-06,15,20,22,25,33,35,07,64330000,643300,108093852
103000081,2014-10-09,02,06,07,08,09,38,08,61464000,614640,129873152
103000082,2014-10-13,03,19,26,30,33,35,02,63990100,639901,149098707
103000083,2014-10-16,09,11,12,20,24,30,02,61994800,619948,171015946
103000084,2014-10-20,11,21,25,30,34,37,01,63279500,632795,193632270
103000085,2014-10-23,08,12,27,28,35,38,06,61486000,614860,215715869
103000086,2014-10-27,07,09,10,24,37,38,08,63785700,637857,237745804
103000087,2014-10-30,06,08,09,10,27,34,06,65233900,652339,259118848
103000088,2014-11-03,02,06,08,11,26,38,07,69077000,690770,282823597
103000089,2014-11-06,05,15,19,20,32,36,03,72308900,723089,306968591
103000090,2014-11-10,01,06,14,17,31,34,08,76746300,767463,332688655
103000091,2014-11-13,12,14,15,17,27,35,06,80206800,802068,361067494
103000092,2014-11-17,05,06,13,24,32,34,01,80346900,803469,359101201
103000093,2014-11-20,12,17,30,31,33,35,04,90003300,900033,393871115
103000094,2014-11-24,03,05,19,22,24,32,02,103506300,1035063,432179979
103000095,2014-11-27,01,02,21,29,33,36,08,112312100,1123121,472503933
103000096,2014-12-01,01,02,07,14,19,31,07,124625100,1246251,503667247
103000097,2014-12-04,02,05,07,11,22,36,06,134220200,1342202,552011856
103000098,2014-12-08,11,20,24,27,35,38,08,165833800,1658338,608676745
103000099,2014-12-11,07,12,13,21,24,28,06,191359300,1913593,662575803
103000100,2014-12-15,05,10,11,15,36,38,06,283662600,2836626,778525032
103000101,2014-12-18,01,05,18,20,26,29,05,304973900,3049739,885752276
103000102,2014-12-22,01,04,05,13,19,37,02,360544100,3605441,985786061
103000103,2014-12-25,03,06,10,14,23,36,01,431939500,4319395,1135449624
103000104,2014-12-29,02,04,09,10,11,37,02,555189300,5551893,1330759885
104000001,2015-01-01,01,03,05,11,17,21,02,641819400,6418194,1544684797
104000002,2015-01-05,01,06,15,23,26,34,06,953254500,9532545,1906608337
104000003,2015-01-08,03,13,17,29,36,38,07,1127114900,11271149,2325446031
104000004,2015-01-12,16,25,30,35,36,37,05,64610000,646100,35535500
104000005,2015-01-15,01,03,16,28,29,37,02,63716600,637166,56550930
104000006,2015-01-19,04,08,09,21,32,33,02,65150800,651508,75263971
104000007,2015-01-22,14,18,26,27,30,36,05,65005300,650053,95303054
104000008,2015-01-26,04,12,24,25,33,38,04,66058200,660582,116425563
104000009,2015-01-29,01,04,14,18,29,30,08,64547100,645471,135928667
104000010,2015-02-02,01,04,17,24,26,27,07,66087000,660870,158222216
104000011,2015-02-05,03,10,16,25,29,37,01,65164700,651647,180695900
104000012,2015-02-09,01,03,04,15,16,34,02,67998700,679987,191221750
104000013,2015-02-12,07,08,10,25,33,36,03,69000400,690004,212567966
104000014,2015-02-16,04,05,07,23,24,30,02,140112100,1401121,472914220
104000015,2015-02-19,04,12,13,15,23,38,04,206187000,2061870,558652169
104000016,2015-02-23,05,13,31,34,35,38,02,226402000,2264020,642058668
104000017,2015-02-26,08,21,22,26,32,37,04,244943900,2449439,706322836
104000018,2015-03-02,09,11,12,21,31,36,07,218749000,2187490,777991185
104000019,2015-03-05,02,04,08,13,24,26,02,213534900,2135349,829836091
104000020,2015-03-09,03,12,16,18,21,36,03,228437300,2284373,902373621
104000021,2015-03-12,01,02,14,22,27,30,01,216262300,2162623,963237462
104000022,2015-03-16,05,08,20,22,30,34,08,264371600,2643716,1056031826
104000023,2015-03-19,06,17,30,34,35,38,02,268358100,2683581,1136952003
104000024,2015-03-23,10,12,17,18,27,32,05,280651000,2806510,1228439900
104000025,2015-03-26,06,14,24,26,36,38,03,311454200,3114542,1337083609
104000026,2015-03-30,01,08,10,19,23,24,05,359270700,3592707,1446149089
104000027,2015-04-02,01,08,12,18,19,37,05,390288200,3902882,1571482896
104000028,2015-04-06,01,07,20,22,25,32,08,411863500,4118635,1704451530
104000029,2015-04-09,02,06,11,12,15,28,02,492201900,4922019,1891615774
104000030,2015-04-13,05,12,20,23,32,37,02,695149900,6951499,2158392918
104000031,2015-04-16,03,08,26,28,29,35,03,779704200,7797042,2385358135
104000032,2015-04-20,11,21,22,24,25,26,06,1138273300,11382733,2814494646
104000033,2015-04-23,09,11,15,25,28,38,03,1542432800,15424328,3380505101
104000034,2015-04-27,02,12,14,26,34,37,02,58030000,580300,31916500
104000035,2015-04-30,12,13,23,26,32,35,04,56064100,560641,50072755
104000036,2015-05-04,06,08,13,16,25,33,03,55809800,558098,68829344
104000037,2015-05-07,07,13,18,24,26,27,06,55431500,554315,87825968
104000038,2015-05-11,03,05,10,23,30,31,04,55319000,553190,105168717
104000039,2015-05-14,10,15,16,22,30,35,05,53180500,531805,120849791
104000040,2015-05-18,05,06,13,17,23,38,08,52403200,524032,137330550
104000041,2015-05-21,01,06,12,15,25,37,02,48814400,488144,152387569
104000042,2015-05-25,04,07,11,25,30,38,04,50013700,500137,168284603
104000043,2015-05-28,19,21,22,25,31,33,01,50810900,508109,185440197
104000044,2015-06-01,02,23,25,32,34,37,06,50704800,507048,203879536
104000045,2015-06-04,03,15,21,24,33,35,02,50490300,504903,221716700
104000046,2015-06-08,06,10,11,13,19,28,01,53515100,535151,240448304
104000047,2015-06-11,09,24,26,27,37,38,06,52677100,526771,258018908
104000048,2015-06-15,04,07,08,25,31,35,08,54542600,545426,250264808
104000049,2015-06-18,05,08,13,17,21,38,05,93552100,935521,489032762
104000050,2015-06-22,03,05,11,19,26,27,02,98065800,980658,519351751
104000051,2015-06-25,03,08,10,17,27,37,08,99156800,991568,552993990
104000052,2015-06-29,07,24,25,26,27,29,07,102167700,1021677,588076124
104000053,2015-07-02,07,23,29,31,36,37,08,104556900,1045569,621982818
104000054,2015-07-06,07,11,12,14,22,27,03,115873700,1158737,665969852
104000055,2015-07-09,03,04,15,27,32,36,05,116480100,1164801,703355906
104000056,2015-07-13,01,12,17,27,29,31,06,128411500,1284115,748005130
104000057,2015-07-16,01,02,07,24,31,38,08,145039900,1450399,800267074
104000058,2015-07-20,13,16,28,33,35,37,08,158936500,1589365,819653954
104000059,2015-07-23,02,03,11,16,18,29,04,166180500,1661805,871470113
104000060,2015-07-27,04,07,23,26,30,36,07,194150400,1941504,944334132
104000061,2015-07-30,03,09,11,16,23,24,04,206969700,2069697,999418028
104000062,2015-08-03,17,18,28,30,36,38,04,247100300,2471003,1083981684
104000063,2015-08-06,06,08,09,14,22,24,03,288473100,2884731,1197508788
104000064,2015-08-10,06,16,18,20,24,38,07,299803100,2998031,1296678592
104000065,2015-08-13,06,13,25,27,29,33,01,291146500,2911465,1365508918
104000066,2015-08-17,15,19,23,27,28,33,02,349760600,3497606,1483444750
104000067,2015-08-20,03,07,20,21,24,33,08,387356300,3873563,1605014413
104000068,2015-08-24,13,17,18,22,29,31,03,429301300,4293013,1757227627
104000069,2015-08-27,02,17,23,27,30,34,01,431760200,4317602,1874985225
104000070,2015-08-31,12,15,24,31,36,37,06,493555900,4935559,2047766499
104000071,2015-09-03,03,04,05,15,16,33,06,636025200,6360252,2267906994
104000072,2015-09-07,07,24,25,28,31,34,03,722968700,7229687,2538900178
104000073,2015-09-10,15,22,25,26,32,34,04,812200900,8122009,2833106072
104000074,2015-09-14,09,19,21,23,27,37,08,953110800,9531108,3112695985
104000075,2015-09-17,09,11,24,27,34,35,04,54358100,543581,29896955
104000076,2015-09-21,01,02,05,11,25,33,04,54999300,549993,49495369
104000077,2015-09-24,03,05,13,16,24,26,03,70326600,703266,273646723
104000078,2015-09-28,05,12,13,22,27,30,08,53460900,534609,284404692
104000079,2015-10-01,02,06,14,16,23,31,03,67786600,677866,311040121
104000080,2015-10-05,20,22,30,32,36,37,01,71594500,715945,332137511
104000081,2015-10-08,07,09,10,16,19,22,08,70178600,701786,357210640
104000082,2015-10-12,04,19,23,31,33,35,02,76143000,761430,384642589
104000083,2015-10-15,09,10,24,31,35,36,07,74497700,744977,401482898
104000084,2015-10-19,04,17,25,27,32,37,01,80592500,805925,430473572
104000085,2015-10-22,04,08,16,24,26,33,06,76959000,769590,456695321
104000086,2015-10-26,02,09,19,20,31,32,07,84859100,848591,484822825
104000087,2015-10-29,03,10,11,18,19,33,05,80978100,809781,513223679
104000088,2015-11-02,03,14,21,25,28,36,03,87017300,870173,539513993
104000089,2015-11-05,01,11,12,20,24,37,08,90089700,900897,570119127
104000090,2015-11-09,06,07,13,26,28,33,05,99085400,990854,603767496
104000091,2015-11-12,01,02,13,15,29,33,03,95665500,956655,634116320
104000092,2015-11-16,02,09,15,20,22,23,05,101644400,1016444,670860339
104000093,2015-11-19,03,05,27,28,35,37,05,96824700,968247,672384270
104000094,2015-11-23,01,05,09,15,19,22,05,104245700,1042457,705811153
104000095,2015-11-26,03,04,05,07,19,38,04,50487400,504874,31811167
104000096,2015-11-30,04,13,20,27,33,38,01,53995000,539950,50162016
104000097,2015-12-03,07,08,17,19,20,30,02,51796900,517969,68952710
104000098,2015-12-07,13,19,20,23,32,34,04,56054300,560543,89195174
104000099,2015-12-10,11,12,26,30,32,34,08,53069800,530698,107988063
104000100,2015-12-14,02,06,07,09,16,25,01,55510200,555102,113545064
104000101,2015-12-17,06,08,13,15,17,29,05,48579900,485799,129052908
104000102,2015-12-21,01,06,11,14,20,38,05,54117700,541177,147836342
104000103,2015-12-24,13,17,23,27,29,34,05,51816200,518162,164501951
104000104,2015-12-28,05,11,12,26,30,37,05,54046300,540463,183741515
104000105,2015-12-31,03,13,22,26,31,37,06,57067900,570679,202558959
105000001,2016-01-04,11,13,18,26,28,29,07,56666300,566663,220573423
105000002,2016-01-07,05,14,28,34,35,38,06,55606200,556062,238693932
105000003,2016-01-11,19,27,33,34,35,36,04,55949700,559497,243103771
105000004,2016-01-14,09,11,13,17,27,34,06,60734100,607341,265006625
105000005,2016-01-18,01,16,17,29,30,32,07,64016900,640169,288581319
105000006,2016-01-21,06,15,18,22,34,35,03,60351800,603518,309220808
105000007,2016-01-25,20,23,24,25,29,32,08,62203400,622034,331049377
105000008,2016-01-28,03,09,23,26,30,36,05,64566800,645668,341778798
105000009,2016-02-01,03,19,20,26,32,34,08,72031400,720314,366880567
105000010,2016-02-04,07,13,22,32,34,37,07,75732900,757329,390302050
105000011,2016-02-08,01,04,08,11,19,23,03,99051500,990515,429555574
105000012,2016-02-11,01,16,20,25,30,33,01,95429900,954299,453961634
105000013,2016-02-15,03,07,09,20,28,32,05,190358300,1903583,739860098
105000014,2016-02-18,08,20,23,27,36,37,04,141820800,1418208,777076337
105000015,2016-02-22,04,12,19,23,30,33,05,151222700,1512227,830177021
105000016,2016-02-25,10,15,18,28,29,33,05,135914900,1359149,850792212
105000017,2016-02-29,01,09,15,17,18,38,06,139514300,1395143,894314496
105000018,2016-03-03,03,11,12,22,24,27,06,152516500,1525165,943529121
105000019,2016-03-07,10,11,14,24,34,38,03,162430200,1624302,999810930
105000020,2016-03-10,06,16,21,32,35,38,07,151045000,1510450,1050090179
105000021,2016-03-14,03,06,07,13,17,28,03,181236700,1812367,1117733763
105000022,2016-03-17,07,09,19,26,28,31,08,53455600,534556,53696237
105000023,2016-03-21,09,10,19,25,27,32,05,53057800,530578,70461826
105000024,2016-03-24,03,08,16,24,31,38,06,47037700,470377,55556658
105000025,2016-03-28,04,08,14,16,27,34,02,55042600,550426,75195787
105000026,2016-03-31,02,07,11,25,26,28,04,52482100,524821,92848541
105000027,2016-04-04,02,08,14,16,29,37,06,50270800,502708,109086680
105000028,2016-04-07,03,06,26,29,33,36,05,53775100,537751,128627884
105000029,2016-04-11,02,15,21,23,31,36,01,54371700,543717,146935118
105000030,2016-04-14,15,22,28,29,30,38,07,48183500,481835,162224642
105000031,2016-04-18,04,08,12,17,21,35,08,53927000,539270,182483791
105000032,2016-04-21,13,15,16,23,27,30,02,52126100,521261,196977545
105000033,2016-04-25,07,08,10,21,27,34,04,53870300,538703,216283709
105000034,2016-04-28,01,06,08,15,24,37,07,51516900,515169,232414103
105000035,2016-05-02,09,15,17,18,22,28,06,54232800,542328,251695942
105000036,2016-05-05,02,09,14,16,18,19,06,53790400,537904,269853761
105000037,2016-05-09,04,14,20,30,37,38,04,56551200,565512,265340401
105000038,2016-05-12,01,12,15,19,22,32,05,56141600,561416,285205880
105000039,2016-05-16,09,11,21,27,28,38,04,57282100,572821,303972734
105000040,2016-05-19,01,10,16,23,30,32,02,58423500,584235,324524158
105000041,2016-05-23,03,11,14,15,35,38,02,46843900,468439,25764145
105000042,2016-05-26,03,05,12,24,25,28,06,45318500,453185,41546119
105000043,2016-05-30,03,12,17,27,28,38,04,46732900,467329,56948313
105000044,2016-06-02,11,16,17,33,34,38,08,43785800,437858,66483226
105000045,2016-06-06,06,13,14,24,29,38,08,48189800,481898,84136915
105000046,2016-06-09,10,12,24,27,35,38,06,79886300,798863,318881179
105000047,2016-06-13,03,10,14,21,23,36,03,63909300,639093,336946793
105000048,2016-06-16,02,09,11,19,31,35,04,62326200,623262,356721802
105000049,2016-06-20,02,06,07,09,21,32,04,66589100,665891,380788206
105000050,2016-06-23,05,08,12,15,31,33,05,66880900,668809,405101700
105000051,2016-06-27,14,18,19,26,27,29,06,73643500,736435,411842257
105000052,2016-06-30,06,16,22,23,31,34,08,76840500,768405,439192831
105000053,2016-07-04,01,21,29,31,33,34,02,79806500,798065,461710910
105000054,2016-07-07,02,05,11,17,23,27,02,81662600,816626,492131739
105000055,2016-07-11,05,10,14,31,34,38,02,81387900,813879,520313583
105000056,2016-07-14,07,25,27,31,36,37,07,93668000,936680,547348440
105000057,2016-07-18,01,09,14,26,30,37,06,95487000,954870,578907490
105000058,2016-07-21,13,20,22,23,29,38,08,95996300,959963,612212054
105000059,2016-07-25,05,06,14,26,31,38,06,101978400,1019784,648145473
105000060,2016-07-28,03,06,08,17,21,37,01,102703800,1027038,668223037
105000061,2016-08-01,01,18,22,26,35,38,02,106178100,1061781,699991791
105000062,2016-08-04,06,14,17,18,32,38,02,108580300,1085803,738600955
105000063,2016-08-08,01,02,12,16,21,35,03,123194000,1231940,777525264
105000064,2016-08-11,01,22,31,33,35,37,03,123536300,1235363,820254329
105000065,2016-08-15,05,08,14,28,30,38,05,143551200,1435512,865334583
105000066,2016-08-18,01,08,17,22,24,26,06,151665500,1516655,912518507
105000067,2016-08-22,12,16,23,26,29,33,07,159545600,1595456,957920984
105000068,2016-08-25,01,13,30,31,33,37,08,163338700,1633387,1007404655
105000069,2016-08-29,07,08,23,29,32,34,05,50707300,507073,33790106
105000070,2016-09-01,10,14,18,21,29,37,05,47888500,478885,48447180
105000071,2016-09-05,04,07,21,25,35,37,04,49085100,490851,65939984
105000072,2016-09-08,10,18,21,27,31,33,03,47927400,479274,81381353
105000073,2016-09-12,09,11,13,23,33,36,03,49354800,493548,98364892
105000074,2016-09-15,03,04,06,17,29,37,07,49998600,499986,115082621
105000075,2016-09-19,07,08,12,15,18,31,06,49041300,490413,131772435
105000076,2016-09-22,14,15,19,24,25,37,06,45657800,456578,144916724
105000077,2016-09-26,05,10,11,20,22,36,06,45728600,457286,161522753
105000078,2016-09-29,02,06,13,20,28,37,02,40412900,404129,151945098
105000079,2016-10-03,02,07,26,27,32,36,02,44123700,441237,167271432
105000080,2016-10-06,05,07,14,19,33,34,03,43034400,430344,182354651
105000081,2016-10-10,07,11,20,29,34,38,04,72573900,725739,413562795
105000082,2016-10-13,02,05,06,10,33,36,03,71820700,718207,429845292
105000083,2016-10-17,01,06,10,20,23,35,06,75647100,756471,454518240
105000084,2016-10-20,04,13,19,23,24,29,05,75785900,757859,479854084
105000085,2016-10-24,01,05,06,08,14,27,04,82948000,829480,509172583
105000086,2016-10-27,05,11,12,26,31,33,07,91107000,911070,542085033
105000087,2016-10-31,10,15,20,24,27,34,08,96088600,960886,576041762
105000088,2016-11-03,04,05,14,21,26,36,05,97444200,974442,592173869
105000089,2016-11-07,09,19,22,29,30,34,04,109983500,1099835,627804142
105000090,2016-11-10,01,04,05,15,27,29,04,44582200,445822,24520210
105000091,2016-11-14,05,06,13,15,17,30,07,49985300,499853,43804924
105000092,2016-11-17,07,08,28,29,37,38,01,48377500,483775,60726548
105000093,2016-11-21,10,14,23,28,32,36,02,49062900,490629,68793011
105000094,2016-11-24,01,07,10,15,16,28,02,46836200,468362,83715620
105000095,2016-11-28,13,18,26,30,32,36,03,49563000,495630,101600669
105000096,2016-12-01,05,12,18,27,34,38,05,48537500,485375,117410193
105000097,2016-12-05,13,23,30,32,33,35,08,52755400,527554,133833462
105000098,2016-12-08,01,08,16,18,22,30,06,50614500,506145,150689036
105000099,2016-12-12,05,11,15,20,26,31,04,53528000,535280,168987935
105000100,2016-12-15,02,04,09,13,33,36,06,50269400,502694,184793605
105000101,2016-12-19,06,09,12,23,28,34,05,52496600,524966,188043880
105000102,2016-12-22,09,10,16,29,32,38,06,50743200,507432,201882939
105000103,2016-12-26,07,11,22,24,31,36,03,54219500,542195,220904863
105000104,2016-12-29,08,11,15,17,21,31,07,51741600,517416,237961142
106000001,2017-01-02,04,07,09,21,31,34,02,57422700,574227,257692326
106000002,2017-01-05,07,13,18,24,29,37,07,58462600,584626,269448381
106000003,2017-01-09,04,08,15,24,35,36,06,65032200,650322,293273290
106000004,2017-01-12,02,07,10,17,31,32,03,65523000,655230,315300539
106000005,2017-01-16,15,16,18,20,23,24,03,70878500,708785,340769413
106000006,2017-01-19,03,07,25,26,35,36,05,72766600,727666,367478742
106000007,2017-01-23,02,05,07,08,15,24,07,106367100,1063671,409800746
106000008,2017-01-26,02,08,16,17,24,38,05,126595700,1265957,654926780
106000009,2017-01-30,03,07,08,10,18,31,04,180167000,1801670,728127629
106000010,2017-02-02,01,09,10,20,30,37,03,258470300,2584703,831752993
106000011,2017-02-06,02,15,20,21,33,34,03,245980600,2459806,872631334
106000012,2017-02-09,01,03,25,28,30,36,02,213019200,2130192,931759930
106000013,2017-02-13,04,09,21,22,25,33,07,251921400,2519214,1019132961
106000014,2017-02-16,06,12,14,15,20,24,07,66960200,669602,46553327
106000015,2017-02-20,12,16,17,24,35,38,04,61456300,614563,67423491
106000016,2017-02-23,01,02,06,11,16,29,07,54058800,540588,84914130
106000017,2017-02-27,18,20,25,32,37,38,01,63576600,635766,109408159
106000018,2017-03-02,03,08,14,19,28,34,02,59499200,594992,129565918
106000019,2017-03-06,06,07,11,23,25,26,04,62018700,620187,148652902
106000020,2017-03-09,06,07,18,20,24,32,07,55776100,557761,166017556
106000021,2017-03-13,05,13,14,23,30,32,02,60239900,602399,187942300
106000022,2017-03-16,02,08,11,15,20,21,02,54633500,546335,206180124
106000023,2017-03-20,03,04,27,29,35,38,02,59489200,594892,227058183
106000024,2017-03-23,07,08,14,15,18,29,02,55840600,558406,246510712
106000025,2017-03-27,05,12,22,34,35,38,02,60153600,601536,268611191
106000026,2017-03-30,05,10,12,16,31,37,07,59981000,599810,289939740
106000027,2017-04-03,01,13,15,22,26,33,06,60192400,601924,310464059
106000028,2017-04-06,01,02,07,33,36,37,05,65648400,656484,333522278
106000029,2017-04-10,06,08,10,12,18,38,03,71214200,712142,358735587
106000030,2017-04-13,01,07,09,19,30,37,04,67447600,674476,378855866
106000031,2017-04-17,02,11,23,24,34,35,04,74738600,747386,405175295
106000032,2017-04-20,01,14,16,19,24,35,08,69163500,691635,376652158
106000033,2017-04-24,01,06,12,24,25,35,06,73896300,738963,403666322
106000034,2017-04-27,04,06,11,18,24,26,04,67970700,679707,424513906
106000035,2017-05-01,02,04,07,16,17,23,01,78628600,786286,453790335
106000036,2017-05-04,04,09,13,14,19,37,02,78089500,780895,480457259
106000037,2017-05-08,03,07,14,17,26,38,07,84468500,844685,508948833
106000038,2017-05-11,04,06,12,28,29,37,03,84587100,845871,534679237
106000039,2017-05-15,06,11,12,14,27,31,04,87035500,870355,563433561
106000040,2017-05-18,01,04,15,17,30,32,03,89042900,890429,593956755
106000041,2017-05-22,02,05,10,11,36,38,03,95261100,952611,602463541
106000042,2017-05-25,07,15,22,24,26,34,01,93594600,935946,632893970
106000043,2017-05-29,01,08,11,13,20,37,01,56363600,563636,38134473
106000044,2017-06-01,01,05,08,31,34,35,02,48674000,486740,253965972
106000045,2017-06-05,02,04,15,16,25,36,03,51516200,515162,272793882
106000046,2017-06-08,01,08,09,11,26,29,04,51624900,516249,290103976
106000047,2017-06-12,07,09,15,20,30,31,05,52372300,523723,291983536
106000048,2017-06-15,08,13,23,28,34,35,02,46910100,469101,305164290
106000049,2017-06-19,06,09,13,21,24,30,05,56758000,567580,326578189
106000050,2017-06-22,03,06,12,18,20,35,02,57946800,579468,347420329
106000051,2017-06-26,17,19,20,27,31,37,03,61729000,617290,360801618
106000052,2017-06-29,04,07,19,20,25,36,08,61019200,610192,382145077
106000053,2017-07-03,03,07,08,11,31,32,03,65213200,652132,400140122
106000054,2017-07-06,08,12,21,30,34,35,05,68967100,689671,423122626
106000055,2017-07-10,05,14,16,21,22,28,05,81640400,816404,452832845
106000056,2017-07-13,13,16,18,19,30,33,03,80561300,805613,480264959
106000057,2017-07-17,06,10,11,25,32,38,03,87604600,876046,511805588
106000058,2017-07-20,09,10,13,15,22,35,03,92309500,923095,528977262
106000059,2017-07-24,05,19,25,29,32,34,08,100850000,1008500,562945591
106000060,2017-07-27,11,15,17,26,29,34,01,98529500,985295,596992416
106000061,2017-07-31,01,08,09,29,35,38,01,111403300,1114033,638540730
106000062,2017-08-03,01,17,18,21,25,37,01,128287600,1282876,686277709
106000063,2017-08-07,04,06,07,22,25,37,04,136493300,1364933,737475123
106000064,2017-08-10,01,05,12,22,30,32,08,154271800,1542718,794032012
106000065,2017-08-14,01,08,13,19,30,35,05,168391800,1683918,826968664
106000066,2017-08-17,09,11,12,13,24,30,04,185908700,1859087,891818648
106000067,2017-08-21,01,03,17,20,26,31,02,230600400,2306004,979568767
106000068,2017-08-24,04,12,15,17,22,30,03,301847000,3018470,1077203474
106000069,2017-08-28,04,10,15,16,17,28,01,365104500,3651045,1202205988
106000070,2017-08-31,02,05,08,09,14,18,04,428113200,4281132,1350038490
106000071,2017-09-04,08,10,14,15,18,29,02,47996100,479961,26397855
106000072,2017-09-07,02,03,07,12,14,22,04,46947600,469476,41938034
106000073,2017-09-11,01,03,21,26,32,34,02,51540900,515409,60552928
106000074,2017-09-14,05,13,22,25,26,31,05,49189900,491899,77979672
106000075,2017-09-18,02,04,08,22,26,37,01,52473500,524735,96434296
106000076,2017-09-21,04,06,11,16,18,23,04,50719000,507190,113908545
106000077,2017-09-25,03,04,15,16,24,34,04,54288500,542885,132468319
106000078,2017-09-28,01,04,18,25,34,36,01,51277200,512772,150520078
106000079,2017-10-02,03,13,17,26,34,38,08,71402700,714027,380401862
106000080,2017-10-05,06,07,08,12,28,30,01,74563300,745633,406991876
106000081,2017-10-09,15,17,19,20,24,27,08,73234500,732345,430256950
106000082,2017-10-12,04,17,20,25,27,33,06,75002700,750027,457421434
106000083,2017-10-16,02,07,09,16,17,25,07,78967700,789677,458100536
106000084,2017-10-19,06,08,10,11,12,21,06,77987300,779873,481593950
106000085,2017-10-23,10,11,17,30,33,35,08,84931100,849311,508398754
106000086,2017-10-26,05,07,24,26,34,38,03,89916600,899166,541243683
106000087,2017-10-30,13,14,19,24,32,38,01,94181900,941819,572669527
106000088,2017-11-02,02,09,19,26,29,31,01,93682100,936821,606985981
106000089,2017-11-06,01,09,16,21,27,31,05,107572300,1075723,647216245
106000090,2017-11-09,08,18,19,20,23,37,08,109769700,1097697,661610152
106000091,2017-11-13,04,15,17,20,25,28,01,120850900,1208509,703519146
106000092,2017-11-16,01,11,13,20,21,38,02,138078900,1380789,752219640
106000093,2017-11-20,09,16,18,26,30,37,05,143397700,1433977,801119374
106000094,2017-11-23,14,17,20,28,29,34,05,160520000,1605200,840461707
106000095,2017-11-27,10,13,14,17,20,21,02,174198400,1741984,904997327
106000096,2017-11-30,07,08,13,28,29,34,02,199338200,1993382,980950036
106000097,2017-12-04,17,19,20,24,26,36,03,239046800,2390468,1071652475
106000098,2017-12-07,03,04,07,17,20,22,05,291860900,2918609,1181683469
106000099,2017-12-11,03,10,15,16,23,38,03,333531900,3335319,1258564597
106000100,2017-12-14,01,06,12,24,25,30,03,57625600,576256,44251387
106000101,2017-12-18,01,03,07,17,24,28,07,52835700,528357,59297021
106000102,2017-12-21,03,08,22,23,24,36,04,50804500,508045,75653495
106000103,2017-12-25,02,10,12,15,16,21,05,53729800,537298,93615684
106000104,2017-12-28,01,14,18,23,28,29,07,51260100,512601,109709238
107000001,2018-01-01,13,15,16,30,32,37,06,53472400,534724,129380757
107000002,2018-01-04,02,12,21,24,34,37,05,51001100,510011,145532661
107000003,2018-01-08,03,06,11,26,31,38,06,49299200,492992,161795620
107000004,2018-01-11,05,08,12,19,25,38,03,51649000,516490,179203569
107000005,2018-01-15,06,13,16,26,32,33,03,56971000,569710,197789318
107000006,2018-01-18,05,11,16,17,23,38,02,55183100,551831,217202222
107000007,2018-01-22,06,09,10,13,28,38,06,57981900,579819,237030666
107000008,2018-01-25,09,14,20,29,36,38,04,55300300,553003,255465330
107000009,2018-01-29,02,08,26,32,33,37,07,56125100,561251,274592034
107000010,2018-02-01,02,13,17,19,26,36,06,57808800,578088,294094273
107000011,2018-02-05,09,10,24,25,27,33,02,78334900,783349,482951452
107000012,2018-02-08,04,06,11,14,18,24,05,82152000,821520,512811251
107000013,2018-02-12,01,06,08,17,25,33,02,114593900,1145939,551163314
107000014,2018-02-15,01,08,11,14,15,19,03,182372000,1823720,623622475
107000015,2018-02-19,05,08,12,26,30,36,04,274739100,2747391,734564880
107000016,2018-02-22,03,05,07,16,18,27,01,77898400,778984,59566661
107000017,2018-02-26,05,06,12,19,26,33,06,70176500,701765,80997235
107000018,2018-03-01,12,22,25,31,32,36,02,59589400,595894,98270004
107000019,2018-03-05,12,13,20,22,31,38,02,60738700,607387,120260088
107000020,2018-03-08,01,12,24,25,31,35,04,50901200,509012,136478647
107000021,2018-03-12,02,08,13,19,22,36,01,59028600,590286,159530776
107000022,2018-03-15,01,04,16,19,24,28,06,51350600,513506,176013205
107000023,2018-03-19,13,16,21,23,34,38,06,54756600,547566,162315631
107000024,2018-03-22,08,13,15,24,33,34,07,49681500,496815,214098782
107000025,2018-03-26,11,13,14,15,22,32,02,50154700,501547,31704766
107000026,2018-03-29,08,13,14,19,24,36,02,47332000,473320,47921765
107000027,2018-04-02,09,18,22,28,29,30,02,50908800,509088,63345405
107000028,2018-04-05,06,15,19,34,37,38,03,44054200,440542,77909814
107000029,2018-04-09,01,03,13,21,23,38,02,50723900,507239,96437458
107000030,2018-04-12,09,10,12,21,24,37,07,45762400,457624,111386677
107000031,2018-04-16,19,20,23,24,32,38,01,48437600,484376,128060456
107000032,2018-04-19,04,09,15,18,29,33,07,45461400,454614,144035225
107000033,2018-04-23,03,07,13,16,21,36,07,41271700,412717,157334459
107000034,2018-04-26,08,18,19,26,27,35,02,41399300,413993,171598473
107000035,2018-04-30,04,08,12,16,18,22,02,44397800,443978,165580084
107000036,2018-05-03,06,09,10,12,18,26,05,41359300,413593,213111922
107000037,2018-05-07,05,08,15,28,33,35,06,39607400,396074,24782691
107000038,2018-05-10,08,09,13,18,22,36,08,37675400,376754,32516791
107000039,2018-05-14,05,12,27,30,32,37,07,38546700,385467,43379575
107000040,2018-05-17,10,11,17,22,24,38,04,36730900,367309,54728269
107000041,2018-05-21,04,07,16,21,35,36,01,47131400,471314,271643538
107000042,2018-05-24,05,15,22,24,29,38,08,36432800,364328,25469301
107000043,2018-05-28,09,12,14,20,26,32,06,36543300,365433,37424715
107000044,2018-05-31,02,03,13,23,26,38,07,36510700,365107,49292199
107000045,2018-06-04,04,17,25,27,31,33,07,39140500,391405,63525873
107000046,2018-06-07,01,18,24,27,30,31,04,37910000,379100,76502172
107000047,2018-06-11,04,16,17,20,23,27,04,40034500,400345,90915747
107000048,2018-06-14,05,06,12,20,23,32,02,38236000,382360,104183546
107000049,2018-06-18,01,07,09,10,16,17,06,41085000,410850,117957696
107000050,2018-06-21,14,19,24,31,34,36,02,39432300,394323,114327274
107000051,2018-06-25,06,22,27,33,35,38,08,40817300,408173,129057388
107000052,2018-06-28,06,15,18,24,25,28,05,39952400,399524,142768007
107000053,2018-07-02,02,04,07,11,19,32,05,40442400,404424,155304526
107000054,2018-07-05,03,15,19,22,27,38,06,40539900,405399,168329270
107000055,2018-07-09,01,07,10,20,23,24,01,42717300,427173,182553184
107000056,2018-07-12,04,12,14,16,25,27,03,40597700,405977,196006218
107000057,2018-07-16,05,07,11,19,29,33,06,43517500,435175,199798578
107000058,2018-07-19,01,08,24,26,30,37,05,39920300,399203,210846269
107000059,2018-07-23,03,04,17,23,28,32,01,43323800,433238,223467758
107000060,2018-07-26,06,08,22,24,25,31,02,42288700,422887,237848742
107000061,2018-07-30,03,09,10,24,28,31,06,45322800,453228,252599581
107000062,2018-08-02,06,10,14,20,25,26,04,44606000,446060,267948480
107000063,2018-08-06,05,13,20,27,34,38,02,48459000,484590,284995930
107000064,2018-08-09,03,09,10,26,29,36,05,49728000,497280,302233229
107000065,2018-08-13,03,16,19,25,35,36,02,52660400,526604,319959249
107000066,2018-08-16,19,24,27,33,34,38,06,53173700,531737,339530883
107000067,2018-08-20,04,08,13,19,30,35,04,55398800,553988,358504522
107000068,2018-08-23,02,11,15,18,20,36,06,51500300,515003,375241586
107000069,2018-08-27,03,04,13,22,31,38,04,55219100,552191,395733990
107000070,2018-08-30,04,05,19,29,33,36,02,55788800,557888,416011429
107000071,2018-09-03,01,09,12,13,17,29,03,70950600,709506,443425058
107000072,2018-09-06,22,23,24,25,32,34,02,73289700,732897,467790792
107000073,2018-09-10,10,22,24,31,33,36,05,77718300,777183,496534956
107000074,2018-09-13,14,21,24,29,31,32,05,83193500,831935,525778380
107000075,2018-09-17,02,03,12,15,21,24,03,89646300,896463,559129144
107000076,2018-09-20,22,25,31,32,34,35,02,96531100,965311,594044648
107000077,2018-09-24,06,07,09,22,28,33,01,104461500,1044615,589431052
107000078,2018-09-27,02,04,23,24,32,38,01,111955400,1119554,628218221
107000079,2018-10-01,02,18,21,25,31,37,08,132245700,1322457,678133055
107000080,2018-10-04,06,15,24,26,28,30,03,133552100,1335521,722681609
107000081,2018-10-08,09,16,21,24,29,36,03,150157700,1501577,760152372
107000082,2018-10-11,06,12,14,16,19,21,06,164048500,1640485,812487164
107000083,2018-10-15,03,04,13,20,23,28,07,208784000,2087840,891467763
107000084,2018-10-18,04,12,20,32,35,36,01,268018500,2680185,977401670
107000085,2018-10-22,06,07,11,14,15,34,01,353704200,3537042,1110578165
107000086,2018-10-25,04,13,20,26,37,38,02,380390000,3803900,1235934962
107000087,2018-10-29,03,11,20,33,34,35,02,472671100,4726711,1414086667
107000088,2018-11-01,08,12,23,25,27,38,06,511305400,5113054,1601492636
107000089,2018-11-05,13,17,19,20,24,30,02,675350700,6753507,1863579020
107000090,2018-11-08,04,11,16,19,25,29,01,62276600,622766,234252130
107000091,2018-11-12,02,03,05,13,18,36,08,59284600,592846,254361459
107000092,2018-11-15,17,18,20,22,33,38,08,56770300,567703,268811265
107000093,2018-11-19,06,10,18,22,25,38,05,59270600,592706,290278294
107000094,2018-11-22,01,02,03,15,21,33,07,57755300,577553,308737308
107000095,2018-11-26,01,16,25,30,31,32,07,59098300,590983,329828972
107000096,2018-11-29,02,10,18,26,28,35,01,45520400,455204,33983374
107000097,2018-12-03,07,17,20,21,22,23,04,48269600,482696,51628053
107000098,2018-12-06,04,13,16,21,24,38,02,45602400,456024,65679072
107000099,2018-12-10,01,06,10,17,33,35,07,47291100,472911,80167276
107000100,2018-12-13,02,03,09,18,22,35,08,45173400,451734,96036445
107000101,2018-12-17,10,14,18,27,31,32,02,47578600,475786,112672574
107000102,2018-12-20,07,12,13,27,28,37,06,47045800,470458,129959963
107000103,2018-12-24,03,12,13,19,22,23,01,50152300,501523,146890627
107000104,2018-12-27,03,19,24,25,31,37,06,48814900,488149,164123421
107000105,2018-12-31,09,11,12,23,28,36,04,52768600,527686,184050550
108000001,2019-01-03,03,21,23,24,26,32,03,51002900,510029,199798544
108000002,2019-01-07,10,11,17,25,28,38,03,56109400,561094,219054613
108000003,2019-01-10,02,03,05,17,36,37,05,52610000,526100,236496512
108000004,2019-01-14,02,11,12,19,26,28,07,57512100,575121,256081467
108000005,2019-01-17,07,08,12,13,15,30,08,51569100,515691,237605313
108000006,2019-01-21,02,04,05,15,27,35,03,50034000,500340,29284167
108000007,2019-01-24,08,17,20,22,25,37,02,47428700,474287,45325352
108000008,2019-01-28,20,22,25,29,31,32,03,62387300,623873,263477856
108000009,2019-01-31,17,19,20,26,29,36,01,62725200,627252,286157715
108000010,2019-02-04,06,07,13,15,28,37,03,90342600,903426,323880644
108000011,2019-02-07,01,09,21,26,27,36,08,106246700,1062467,363158528
108000012,2019-02-11,02,13,16,17,29,36,01,118821100,1188211,406915332
108000013,2019-02-14,05,09,14,23,27,29,02,102620400,1026204,440244351
108000014,2019-02-18,03,04,07,19,24,28,04,110047800,1100478,478757140
108000015,2019-02-21,05,06,13,33,34,37,04,102578300,1025783,484368056
108000016,2019-02-25,02,04,08,10,24,30,07,108101200,1081012,523120915
108000017,2019-02-28,03,04,19,23,26,27,08,104028100,1040281,554775269
108000018,2019-03-04,02,17,19,21,27,30,02,54092600,540926,41292017
108000019,2019-03-07,07,14,19,28,31,34,05,44014800,440148,54934556
108000020,2019-03-11,11,15,21,27,28,33,06,52546000,525460,74320455
108000021,2019-03-14,04,09,21,23,33,36,04,50448300,504483,90444420
108000022,2019-03-18,02,10,11,21,22,28,07,52533400,525334,107677089
108000023,2019-03-21,06,10,19,20,22,36,06,49361500,493615,123638613
108000024,2019-03-25,03,06,07,20,24,27,04,49109300,491093,140285227
108000025,2019-03-28,04,21,22,31,34,36,02,48747100,487471,157087631
108000026,2019-04-01,01,10,11,15,28,36,08,50462400,504624,174655350
108000027,2019-04-04,04,05,12,21,24,38,03,46566000,465660,189712249
108000028,2019-04-08,03,05,12,31,35,36,01,52396800,523968,205415189
108000029,2019-04-11,02,13,20,21,22,26,01,48084200,480842,221021498
108000030,2019-04-15,04,15,16,26,27,35,04,49407600,494076,205026897
108000031,2019-04-18,01,04,22,23,28,30,02,48081100,480811,221331601
108000032,2019-04-22,02,03,15,16,31,36,04,49070900,490709,234119049
108000033,2019-04-25,02,03,16,25,37,38,07,47212700,472127,250575933
108000034,2019-04-29,03,06,27,28,29,38,01,54622700,546227,270481017
108000035,2019-05-02,04,07,16,21,27,34,04,47151900,471519,286203461
108000036,2019-05-06,01,15,18,24,36,38,06,52633400,526334,304013130
108000037,2019-05-09,07,08,10,15,17,23,03,54124600,541246,321948159
108000038,2019-05-13,05,06,13,17,23,33,02,61564300,615643,343969923
108000039,2019-05-16,05,07,08,09,12,25,06,59972200,599722,364205732
108000040,2019-05-20,03,15,18,19,22,26,02,59245900,592459,382988676
108000041,2019-05-23,03,09,23,27,29,30,01,62444000,624440,403858775
108000042,2019-05-27,04,10,13,15,31,35,01,73150700,731507,432104360
108000043,2019-05-30,04,06,10,13,36,37,08,79769900,797699,461799104
108000044,2019-06-03,20,23,24,29,35,38,01,94717400,947174,497610973
108000045,2019-06-06,07,09,14,16,19,21,05,102909100,1029091,536044277
108000046,2019-06-10,07,14,29,32,36,38,05,114043000,1140430,573901726
108000047,2019-06-13,11,21,26,33,35,37,04,109468000,1094680,611918925
108000048,2019-06-17,11,13,19,33,34,36,01,130422800,1304228,659601565
108000049,2019-06-20,03,14,16,19,21,30,02,137635600,1376356,710768444
108000050,2019-06-24,14,23,27,34,35,36,03,136835100,1368351,758035348
108000051,2019-06-27,02,05,11,17,29,34,05,151317700,1513177,755212737
108000052,2019-07-01,02,14,16,17,27,28,01,156276700,1562767,808257721
108000053,2019-07-04,22,23,24,33,34,38,04,164983100,1649831,856840884
108000054,2019-07-08,05,06,18,24,25,35,02,178393000,1783930,919263433
108000055,2019-07-11,04,06,16,18,19,28,02,198093700,1980937,978830123
108000056,2019-07-15,10,18,26,29,30,34,05,237360400,2373604,1069639142
108000057,2019-07-18,02,03,14,17,20,38,03,260628700,2606287,1148064049
108000058,2019-07-22,02,03,06,08,13,21,07,304818000,3048180,1250011038
108000059,2019-07-25,01,19,23,25,32,37,02,342201500,3422015,1360261357
108000060,2019-07-29,04,07,11,14,29,36,04,378225400,3782254,1483527323
108000061,2019-08-01,11,24,25,31,32,37,08,431905100,4319051,1610270014
108000062,2019-08-05,01,07,14,16,20,30,04,490145300,4901453,1795121928
108000063,2019-08-08,07,08,15,19,34,38,08,558685500,5586855,1970081223
108000064,2019-08-12,02,06,29,31,36,37,08,739496500,7394965,2239573397
108000065,2019-08-15,03,05,17,23,27,31,01,60943000,609430,81011875
108000066,2019-08-19,06,10,18,19,29,31,06,56178200,561782,98327184
108000067,2019-08-22,02,03,07,09,25,27,05,56101800,561018,116051773
108000068,2019-08-26,03,07,18,22,28,35,05,56403300,564033,133397987
108000069,2019-08-29,01,08,14,16,21,23,01,54015000,540150,151615336
108000070,2019-09-02,02,08,11,12,25,28,08,71048200,710482,379381845
108000071,2019-09-05,01,08,13,21,26,32,01,68895600,688956,400430524
108000072,2019-09-09,13,19,25,26,34,36,06,77872000,778720,430031023
108000073,2019-09-12,02,13,20,28,29,34,02,81438200,814382,459258533
108000074,2019-09-16,02,04,11,16,21,29,03,78100100,781001,417097181
108000075,2019-09-19,08,12,24,26,27,31,01,74506400,745064,441579800
108000076,2019-09-23,21,23,27,30,32,36,03,77068800,770688,468738939
108000077,2019-09-26,13,14,17,20,22,23,08,77038800,770388,496639078
108000078,2019-09-30,03,18,21,27,33,34,05,71442400,714424,509242034
108000079,2019-10-03,11,13,19,28,30,34,04,80831900,808319,538580678
108000080,2019-10-07,05,15,27,29,31,36,04,90357800,903578,571298467
108000081,2019-10-10,06,08,14,20,27,30,03,82816500,828165,599160041
108000082,2019-10-14,13,14,15,16,31,33,04,94345300,943453,633034555
108000083,2019-10-17,02,04,20,22,35,38,08,93796500,937965,667678729
108000084,2019-10-21,05,07,13,20,23,27,08,110831500,1108315,708572253
108000085,2019-10-24,06,08,19,22,30,32,02,50138800,501388,51320303
108000086,2019-10-28,05,18,20,21,26,32,05,52844400,528444,69550422
108000087,2019-10-31,02,04,06,12,26,29,06,48808600,488086,57628280
108000088,2019-11-04,07,08,13,15,26,30,04,52163000,521630,74614129
108000089,2019-11-07,02,18,22,31,32,38,03,50942700,509427,91174613
108000090,2019-11-11,09,16,22,25,26,29,04,53781600,537816,104754817
108000091,2019-11-14,07,09,15,17,22,28,01,49947300,499473,121942731
108000092,2019-11-18,06,08,19,28,29,32,02,51396500,513965,139838105
108000093,2019-11-21,03,05,20,26,31,37,04,48800300,488003,154985969
108000094,2019-11-25,06,16,17,24,28,31,05,50917300,509173,172387583
108000095,2019-11-28,08,21,27,31,33,36,07,48277000,482770,178386233
108000096,2019-12-02,02,08,11,24,25,30,06,50073400,500734,194249902
108000097,2019-12-05,03,05,15,21,26,28,06,42211100,422111,206267006
108000098,2019-12-09,01,14,16,21,25,34,06,53757200,537572,226927265
108000099,2019-12-12,09,12,13,21,30,32,07,54681500,546815,239992585
108000100,2019-12-16,06,14,19,29,30,31,01,58676900,586769,259722979
108000101,2019-12-19,01,17,23,27,28,33,06,56895800,568958,279212468
108000102,2019-12-23,12,13,25,28,30,35,03,62149600,621496,295896446
108000103,2019-12-26,05,12,13,19,27,38,05,64461700,644617,318719580
108000104,2019-12-30,11,13,15,19,26,31,07,74296800,742968,345004119
109000001,2020-01-02,03,07,12,16,20,30,08,75534400,755344,363930947
109000002,2020-01-06,06,14,19,20,23,31,07,55692500,556925,30630875
109000003,2020-01-09,01,07,08,15,21,24,03,52020900,520209,46123112
109000004,2020-01-13,12,13,18,19,27,28,03,54101900,541019,64019456
109000005,2020-01-16,01,09,27,32,35,38,04,53360000,533600,81778955
109000006,2020-01-20,12,20,27,29,33,36,01,71314500,713145,304267480
109000007,2020-01-23,18,25,26,31,32,35,04,74840100,748401,330884934
109000008,2020-01-27,02,14,28,29,33,37,03,111805100,1118051,378478038
109000009,2020-01-30,16,17,18,31,34,36,04,99669700,996697,410462972
109000010,2020-02-03,10,18,24,29,34,35,02,100602900,1006029,445198266
109000011,2020-02-06,05,09,16,24,26,29,04,89820600,898206,473204395
109000012,2020-02-10,04,12,14,16,19,21,08,104260700,1042607,512251379
109000013,2020-02-13,05,07,10,17,19,28,01,54038400,540384,29721120
109000014,2020-02-17,09,10,21,22,24,36,01,51797400,517974,46865989
109000015,2020-02-20,03,08,10,11,17,33,03,50418800,504188,60772025
109000016,2020-02-24,01,06,08,14,24,30,03,54169500,541695,77093190
109000017,2020-02-27,03,10,15,20,22,31,04,50531700,505317,92374224
109000018,2020-03-02,13,25,30,31,33,38,08,52080100,520801,109793978
109000019,2020-03-05,03,04,09,24,34,38,01,48777100,487771,126173382
109000020,2020-03-09,18,19,22,27,30,35,01,52394500,523945,145374856
109000021,2020-03-12,02,07,10,16,26,33,05,49617700,496177,162310090
109000022,2020-03-16,04,11,13,19,31,34,07,50182200,501822,167317354
109000023,2020-03-19,04,16,23,27,30,33,06,45267500,452675,180910778
109000024,2020-03-23,04,16,25,30,34,37,02,47867900,478679,197438322
109000025,2020-03-26,10,14,15,31,33,35,04,45430600,454306,213400651
109000026,2020-03-30,09,11,12,31,33,36,05,46521400,465214,229479120
109000027,2020-04-02,16,17,19,23,26,37,08,45311400,453114,244319289
109000028,2020-04-06,01,14,28,30,31,33,02,48686800,486868,262241128
109000029,2020-04-09,01,03,12,16,33,35,01,51577200,515772,281291587
109000030,2020-04-13,10,11,18,19,22,37,01,53858000,538580,300832486
109000031,2020-04-16,03,06,17,20,25,30,05,54485800,544858,318819276
109000032,2020-04-20,05,12,17,20,23,38,07,57289100,572891,338578280
109000033,2020-04-23,10,15,16,17,18,26,06,57053700,570537,336881376
109000034,2020-04-27,01,03,13,15,17,33,01,63276000,632760,359397975
109000035,2020-04-30,07,11,12,15,30,31,06,64912100,649121,383119530
109000036,2020-05-04,02,19,23,31,32,35,07,66581000,665810,399317854
109000037,2020-05-07,05,20,21,23,25,36,03,74297500,742975,427258578
109000038,2020-05-11,14,15,25,28,32,34,08,78337600,783376,454080157
109000039,2020-05-14,12,17,24,30,34,35,02,86687200,866872,486350916
109000040,2020-05-18,04,11,25,27,35,36,08,85833300,858333,515053130
109000041,2020-05-21,04,07,24,27,33,35,08,90246700,902467,548214814
109000042,2020-05-25,03,04,14,18,28,29,04,112130700,1121307,591682298
109000043,2020-05-28,02,04,07,08,18,35,06,112057400,1120574,605799091
109000044,2020-06-01,01,04,13,19,21,25,08,119719800,1197198,649231280
109000045,2020-06-04,04,06,18,26,37,38,01,122284100,1222841,683551476
109000046,2020-06-08,01,08,15,16,28,33,06,136101000,1361010,731663525
109000047,2020-06-11,06,17,22,26,27,38,04,157290400,1572904,789520644
109000048,2020-06-15,14,16,20,23,28,32,07,179524400,1795244,857029263
109000049,2020-06-18,06,12,20,25,27,37,05,201210100,2012101,930713417
109000050,2020-06-22,07,10,21,23,24,27,01,246841200,2468412,991142849
109000051,2020-06-25,15,17,22,24,27,36,06,262497700,2624977,1076801277
109000052,2020-06-29,01,08,19,26,27,38,08,309828300,3098283,1181584966
109000053,2020-07-02,02,05,07,28,30,38,05,335060900,3350609,1285312636
109000054,2020-07-06,15,24,30,31,32,35,08,402099700,4020997,1422895570
109000055,2020-07-09,03,12,17,24,29,35,04,468408700,4684087,1587603426
109000056,2020-07-13,02,03,11,18,26,31,03,570774100,5707741,1784827338
109000057,2020-07-16,06,13,14,31,33,35,08,668577400,6685774,2006648709
109000058,2020-07-20,04,15,20,22,26,37,01,948493100,9484931,2366660101
109000059,2020-07-23,01,09,17,18,31,35,02,1320117600,13201176,2855769653
109000060,2020-07-27,05,08,19,21,27,37,02,1999389700,19993897,3633111827
109000061,2020-07-30,11,12,14,16,22,26,04,80594400,805944,244326920
109000062,2020-08-03,01,04,14,21,24,31,08,70584900,705849,262936084
109000063,2020-08-06,01,10,16,19,26,34,01,74723500,747235,289504608
109000064,2020-08-10,04,05,06,15,19,22,03,76958300,769583,317361772
109000065,2020-08-13,06,10,12,23,32,34,06,78314200,783142,344470081
109000066,2020-08-17,06,22,24,34,36,38,07,85733600,857336,375294760
109000067,2020-08-20,11,27,34,35,37,38,02,85512400,855124,403742579
109000068,2020-08-24,05,24,28,29,31,33,07,89832100,898321,436270633
109000069,2020-08-27,18,19,20,27,33,36,08,79853100,798531,461798437
109000070,2020-08-31,01,12,14,16,17,30,06,91835700,918357,496164371
109000071,2020-09-03,16,18,22,24,25,30,01,91444200,914442,527330080
109000072,2020-09-07,09,15,22,31,33,38,02,104148500,1041485,567442254
109000073,2020-09-10,02,16,20,25,35,38,05,102722400,1027224,602713873
109000074,2020-09-14,06,22,26,33,37,38,02,110393300,1103933,641633587
109000075,2020-09-17,09,26,27,28,32,37,02,111913700,1119137,680712721
109000076,2020-09-21,08,09,15,19,21,34,05,63236700,632367,82652712
109000077,2020-09-24,06,13,14,27,32,33,07,61079200,610792,101934771
109000078,2020-09-28,08,09,11,18,26,37,02,61514700,615147,123892955
109000079,2020-10-01,11,13,15,19,25,33,01,65183500,651835,146871679
109000080,2020-10-05,01,14,19,26,32,35,02,66465800,664658,170788768
109000081,2020-10-08,03,04,05,06,13,14,05,65676100,656761,194263122
109000082,2020-10-12,03,15,16,20,24,25,04,67371700,673717,216714956
109000083,2020-10-15,01,02,04,06,21,38,07,64758000,647580,237750655
109000084,2020-10-19,05,07,10,19,30,38,07,66775700,667757,260764990
109000085,2020-10-22,08,15,21,24,26,30,07,62218300,622183,280651654
109000086,2020-10-26,11,20,24,26,36,37,01,69555700,695557,306776588
109000087,2020-10-29,03,07,12,21,30,32,02,68202000,682020,330970587
109000088,2020-11-02,04,12,15,32,37,38,04,74772600,747726,357225417
109000089,2020-11-05,01,02,12,24,29,37,04,74762100,747621,383254571
109000090,2020-11-09,06,10,29,31,34,36,05,77698500,776985,411012945
109000091,2020-11-12,04,15,24,29,33,37,01,71728800,717288,347610957
109000092,2020-11-16,01,20,24,26,31,32,03,76751900,767519,376162701
109000093,2020-11-19,09,14,18,22,29,35,06,74304100,743041,400252255
109000094,2020-11-23,11,13,16,24,26,35,06,52059000,520590,28632450
109000095,2020-11-26,01,09,14,28,29,36,06,50058600,500586,46430279
109000096,2020-11-30,02,04,14,15,17,21,05,51196800,511968,61053511
109000097,2020-12-03,05,07,29,33,34,35,08,47370400,473704,76647530
109000098,2020-12-07,03,06,12,15,28,35,08,51604500,516045,94923904
109000099,2020-12-10,15,21,29,30,32,34,08,49328100,493281,110311558
109000100,2020-12-14,04,06,17,23,30,35,03,54140400,541404,130818277
109000101,2020-12-17,02,06,11,16,25,38,04,50919000,509190,137981134
109000102,2020-12-21,02,06,12,22,32,33,02,54497900,544979,156905978
109000103,2020-12-24,03,08,23,25,35,36,03,52953700,529537,169638250
109000104,2020-12-28,12,15,18,22,31,38,05,57640900,576409,190341244
109000105,2020-12-31,02,09,13,20,25,27,07,57297700,572977,210245178
110000001,2021-01-04,07,14,20,31,34,38,03,59910100,599101,230108932
110000002,2021-01-07,04,09,12,20,32,35,03,55080900,550809,248447926
110000003,2021-01-11,06,14,15,18,19,33,05,57991900,579919,269630270
110000004,2021-01-14,01,20,21,29,30,36,05,61306700,613067,292040754
110000005,2021-01-18,02,03,17,18,20,31,08,65070300,650703,315005818
110000006,2021-01-21,05,07,16,28,32,38,04,64046900,640469,335867312
110000007,2021-01-25,04,11,13,22,29,31,01,70413300,704133,360723926
110000008,2021-01-28,01,09,19,30,34,36,08,67817900,678179,382947870
110000009,2021-02-01,01,13,17,34,36,38,02,76358300,763583,411379434
110000010,2021-02-04,07,08,09,14,22,29,02,75913900,759139,437821678
110000011,2021-02-08,03,06,07,11,32,37,07,94357400,943574,472862947
110000012,2021-02-11,03,09,11,13,14,32,08,119941400,1199414,519328716
110000013,2021-02-15,02,12,13,16,22,32,07,212058200,2120582,610232725
110000014,2021-02-18,04,21,24,26,34,35,08,226473400,2264734,645145396
110000015,2021-02-22,07,13,14,17,21,27,06,227332700,2273327,723538680
110000016,2021-02-25,03,04,06,16,32,34,03,247056000,2470560,793716957
110000017,2021-03-01,05,09,10,21,32,38,07,281625300,2816253,897363172
110000018,2021-03-04,02,11,18,30,31,32,06,325942500,3259425,1018288346
110000019,2021-03-08,03,09,19,23,25,31,01,80966800,809668,244531740
110000020,2021-03-11,07,17,21,27,30,31,05,75755400,757554,269675609
110000021,2021-03-15,03,07,14,19,26,33,02,81211500,812115,298723133
110000022,2021-03-18,02,14,17,18,19,28,04,76487100,764871,322976537
110000023,2021-03-22,07,14,27,31,33,36,02,76319600,763196,349060516
110000024,2021-03-25,04,05,12,17,29,32,07,78928500,789285,377702790
110000025,2021-03-29,02,11,18,23,26,37,02,87173000,871730,407962939
110000026,2021-04-01,05,11,16,17,22,26,04,59326500,593265,53477018
110000027,2021-04-05,02,04,05,11,24,32,01,57469100,574691,72595222
110000028,2021-04-08,05,06,11,14,34,37,02,59668000,596680,92982221
110000029,2021-04-12,15,16,19,21,24,27,02,65104400,651044,117365741
110000030,2021-04-15,13,16,27,30,31,36,03,60917800,609178,137743130
110000031,2021-04-19,02,08,18,22,26,32,01,63665900,636659,160347574
110000032,2021-04-22,01,04,06,24,27,37,04,59685400,596854,180224043
110000033,2021-04-26,01,12,24,25,31,34,06,63211500,632115,201664467
110000034,2021-04-29,05,13,16,18,29,34,04,57709000,577090,220240816
110000035,2021-05-03,08,16,21,26,31,37,07,62930600,629306,243975345
110000036,2021-05-06,06,09,11,23,26,35,08,60227500,602275,264408669
110000037,2021-05-10,03,14,22,25,28,30,08,64067800,640678,283331958
110000038,2021-05-13,05,06,07,13,19,28,04,59237500,592375,301612082
110000039,2021-05-17,01,04,07,12,25,26,06,56945800,569458,320389271
110000040,2021-05-20,03,14,15,22,25,36,04,52319600,523196,336430050
110000041,2021-05-24,05,11,14,19,33,38,02,51050800,510508,353913489
110000042,2021-05-27,04,07,11,23,24,34,06,52223200,522232,371077448
110000043,2021-05-31,02,05,07,10,16,36,01,50548000,505480,388769247
110000044,2021-06-03,07,13,20,25,32,37,07,55319300,553193,408860562
110000045,2021-06-07,05,07,10,23,28,30,07,57259000,572590,428567511
110000046,2021-06-10,02,18,20,28,31,32,05,61234100,612341,450680665
110000047,2021-06-14,06,08,16,27,28,38,04,61151300,611513,470989779
110000048,2021-06-17,04,14,18,32,35,38,01,65161900,651619,494210323
110000049,2021-06-21,02,08,10,24,37,38,02,67074200,670742,519226932
110000050,2021-06-24,07,11,15,23,31,34,01,70944800,709448,543490271
110000051,2021-06-28,02,06,13,16,26,28,03,78416100,784161,572623325
110000052,2021-07-01,08,16,19,29,34,35,03,87081400,870814,601932894
110000053,2021-07-05,04,10,11,17,18,24,01,91008000,910080,552531902
110000054,2021-07-08,01,04,13,14,31,38,03,101395400,1013954,589537972
110000055,2021-07-12,07,15,21,22,29,36,05,108397500,1083975,621467733
110000056,2021-07-15,19,20,27,29,31,37,01,150274100,1502741,673927379
110000057,2021-07-19,01,07,09,11,12,15,06,171308200,1713082,740805388
110000058,2021-07-22,04,05,10,19,29,31,01,212510200,2125102,817264197
110000059,2021-07-26,12,19,20,26,27,34,08,262884700,2628847,895207449
110000060,2021-07-29,10,14,22,23,32,35,03,304357000,3043570,996246153
110000061,2021-08-02,10,11,23,25,30,37,05,364451300,3644513,1123440927
110000062,2021-08-05,01,03,04,07,26,28,08,407304800,4073048,1271102166
110000063,2021-08-09,06,10,23,29,35,38,01,508533400,5085334,1432049721
110000064,2021-08-12,10,22,28,32,34,36,01,629160200,6291602,1653838007
110000065,2021-08-16,02,14,16,24,27,29,07,898921300,8989213,2003868427
110000066,2021-08-19,03,10,13,29,37,38,02,1245749000,12457490,2466452103
110000067,2021-08-23,08,09,19,23,24,35,01,1816188200,18161882,3158795257
110000068,2021-08-26,18,22,25,27,31,35,01,61333200,613332,33733260
110000069,2021-08-30,03,06,11,14,17,30,08,57026400,570264,53865479
110000070,2021-09-02,09,12,13,19,27,38,06,55292500,552925,70926553
110000071,2021-09-06,02,06,12,15,26,28,08,62237700,622377,293625887
110000072,2021-09-09,01,02,05,26,29,33,04,64955900,649559,307498805
110000073,2021-09-13,02,03,14,33,37,38,02,67478400,674784,330559024
110000074,2021-09-16,08,14,16,22,29,38,03,68964300,689643,355327188
110000075,2021-09-20,04,13,20,24,26,31,02,75254900,752549,382119782
110000076,2021-09-23,02,20,21,35,36,37,03,74482300,744823,406391646
110000077,2021-09-27,01,14,16,20,28,33,01,77989400,779894,435211015
110000078,2021-09-30,02,10,16,21,27,28,07,80573100,805731,464682119
110000079,2021-10-04,03,05,08,10,14,34,06,84980500,849805,495489793
110000080,2021-10-07,05,07,12,13,15,31,02,84499400,844994,501329216
110000081,2021-10-11,05,12,15,24,33,38,02,82484100,824841,528869870
110000082,2021-10-14,01,16,20,22,31,33,08,89820700,898207,562162154
110000083,2021-10-18,01,02,05,13,24,33,03,98533100,985331,589619903
110000084,2021-10-21,11,12,14,22,33,35,02,100319400,1003194,625342472
110000085,2021-10-25,06,10,13,16,29,33,03,57145900,571459,38949456
110000086,2021-10-28,03,10,14,18,27,32,07,56520600,565206,57312485
110000087,2021-11-01,10,16,19,22,32,37,06,58842000,588420,65157352
110000088,2021-11-04,05,09,11,35,37,38,04,56290500,562905,85245927
110000089,2021-11-08,06,08,18,22,30,33,04,57730600,577306,100621764
110000090,2021-11-11,01,02,08,12,33,37,02,56774700,567747,119708348
110000091,2021-11-15,06,09,19,21,29,32,08,59070500,590705,136023776
110000092,2021-11-18,13,21,27,30,33,38,06,55437600,554376,154868655
110000093,2021-11-22,09,13,17,18,19,21,04,57611900,576119,175163199
110000094,2021-11-25,03,06,13,15,18,19,04,56007700,560077,195096133
110000095,2021-11-29,20,21,22,25,30,35,04,57960500,579605,216821207
110000096,2021-12-02,04,08,16,17,25,35,08,56651800,566518,238060896
110000097,2021-12-06,01,02,15,22,23,36,03,62089600,620896,247145735
110000098,2021-12-09,03,05,09,19,26,36,01,62423900,624239,268791679
110000099,2021-12-13,03,10,14,18,28,38,08,66112500,661125,292145253
110000100,2021-12-16,02,03,10,12,15,21,06,66062000,660620,307127688
110000101,2021-12-20,04,06,29,32,34,36,02,70290600,702906,331085618
110000102,2021-12-23,06,08,14,22,26,34,03,69375300,693753,349974045
110000103,2021-12-27,03,15,24,25,33,34,06,73568100,735681,376475399
110000104,2021-12-30,07,18,19,25,28,38,04,79227000,792270,405986448
111000001,2022-01-03,08,14,18,27,30,35,01,91185900,911859,439936492
111000002,2022-01-06,03,05,08,12,30,31,02,82566500,825665,455938182
111000003,2022-01-10,01,06,14,15,28,34,06,94129200,941292,488737441
111000004,2022-01-13,01,08,17,18,26,31,07,89257600,892576,512612477
111000005,2022-01-17,13,15,21,22,23,28,04,98215900,982159,544614570
111000006,2022-01-20,02,05,09,23,29,38,02,104484400,1044844,578718513
111000007,2022-01-24,06,11,14,28,31,37,07,120672600,1206726,617935529
111000008,2022-01-27,12,16,19,24,25,38,08,147815500,1478155,675292553
111000009,2022-01-31,03,07,18,21,23,37,06,243849500,2438495,777287977
111000010,2022-02-03,11,13,19,22,27,28,03,336817400,3368174,910260246
111000011,2022-02-07,09,13,21,27,35,38,02,486181100,4861811,1105310950
111000012,2022-02-10,06,10,22,23,30,34,01,410087800,4100878,1177404786
111000013,2022-02-14,04,08,19,29,30,36,04,463929500,4639295,1329326941
111000014,2022-02-17,08,19,21,27,28,37,02,91501600,915016,267625747
111000015,2022-02-21,05,13,16,28,36,37,01,77918400,779184,286712266
111000016,2022-02-24,01,04,18,24,25,32,05,77013700,770137,315077900
111000017,2022-02-28,07,14,27,28,30,32,06,83414400,834144,339535519
111000018,2022-03-03,16,18,21,22,23,30,04,80282600,802826,367253648
111000019,2022-03-07,03,12,19,26,28,31,02,83905800,839058,397712437
111000020,2022-03-10,05,21,25,27,30,35,04,86727000,867270,422565286
111000021,2022-03-14,04,08,12,14,15,17,03,92219400,922194,457276955
111000022,2022-03-17,06,08,12,21,29,32,03,90246700,902467,485420539
111000023,2022-03-21,01,10,11,20,23,24,04,95553400,955534,519542408
111000024,2022-03-24,08,12,15,20,29,34,04,89706400,897064,546268227
111000025,2022-03-28,03,04,12,21,25,30,07,94390100,943901,581027881
111000026,2022-03-31,08,11,29,31,36,38,07,105535800,1055358,562982647
111000027,2022-04-04,10,13,19,25,26,38,02,120872200,1208722,603689592
111000028,2022-04-07,01,15,21,31,37,38,05,148356300,1483563,655517910
111000029,2022-04-11,01,04,05,26,35,38,04,170225700,1702257,712391546
111000030,2022-04-14,09,12,27,28,31,33,02,193374100,1933741,784267600
111000031,2022-04-18,01,05,08,09,22,38,03,224715400,2247154,865383369
111000032,2022-04-21,01,18,28,31,33,35,03,241516900,2415169,947276963
111000033,2022-04-25,02,03,25,26,36,38,01,271556500,2715565,1049209837
111000034,2022-04-28,03,12,22,23,29,36,06,64795700,647957,76741446
111000035,2022-05-02,03,12,20,25,28,35,02,53563500,535635,92346370
111000036,2022-05-05,06,10,19,23,34,38,03,60627800,606278,114483459
111000037,2022-05-09,03,12,16,17,21,34,06,60026700,600267,134068443
111000038,2022-05-12,01,02,13,21,26,34,06,54037600,540376,153012022
111000039,2022-05-16,03,05,15,17,29,31,06,57229500,572295,374625046
111000040,2022-05-19,17,19,20,26,27,38,05,72172000,721720,402426445
111000041,2022-05-23,14,15,17,24,27,31,02,77252900,772529,429941840
111000042,2022-05-26,09,13,17,25,32,35,01,67014600,670146,451318169
111000043,2022-05-30,01,02,08,27,32,33,05,80002600,800026,418978511
111000044,2022-06-02,02,14,16,34,36,37,08,84851300,848513,449746725
111000045,2022-06-06,04,12,13,27,29,32,07,88745900,887459,480002869
111000046,2022-06-09,03,06,11,12,22,28,05,86340700,863407,507681053
111000047,2022-06-13,12,17,24,31,35,36,03,103756300,1037563,544097217
111000048,2022-06-16,07,16,17,22,25,32,07,105825700,1058257,580348251
111000049,2022-06-20,03,04,11,17,19,26,05,127540600,1275406,608432889
111000050,2022-06-23,01,02,17,32,33,35,04,145066400,1450664,660336408
111000051,2022-06-27,04,08,21,29,30,32,06,57669900,576699,41806759
111000052,2022-06-30,01,07,12,17,19,31,07,55179300,551793,60327873
111000053,2022-07-04,02,05,08,10,20,25,07,55660100,556601,229453051
111000054,2022-07-07,01,03,07,20,28,37,01,53869000,538690,29627950
111000055,2022-07-11,05,11,17,19,23,37,07,57620200,576202,48108450
111000056,2022-07-14,01,06,07,08,10,30,07,56674600,566746,67157079
111000057,2022-07-18,07,10,15,17,30,33,08,58943600,589436,85886758
111000058,2022-07-21,06,11,15,23,27,37,06,57575200,575752,105536017
111000059,2022-07-25,08,09,14,17,25,29,01,59994100,599941,126760571
111000060,2022-07-28,13,15,17,20,31,35,05,56603200,566032,134126637
111000061,2022-08-01,05,07,10,21,25,31,02,60342300,603423,156345301
111000062,2022-08-04,11,20,24,29,33,35,06,56225700,562257,172358535
111000063,2022-08-08,02,08,12,17,32,36,03,62831000,628310,196423284
111000064,2022-08-11,05,14,16,33,35,38,04,59908100,599081,212500538
111000065,2022-08-15,07,10,12,16,18,28,01,63176800,631768,223418022
111000066,2022-08-18,04,05,16,28,29,35,04,60969900,609699,240440629
111000067,2022-08-22,02,04,09,19,22,30,02,65934200,659342,264493038
111000068,2022-08-25,08,11,13,27,28,38,05,63587900,635879,284331782
111000069,2022-08-29,04,10,12,21,27,29,04,83271000,832710,514582631
111000070,2022-09-01,03,09,16,21,23,24,03,92365700,923657,546850165
111000071,2022-09-05,07,17,21,25,31,38,03,106230700,1062307,584921349
111000072,2022-09-08,02,06,18,21,30,38,04,132412500,1324125,618711357
111000073,2022-09-12,02,04,14,16,23,29,04,151095000,1510950,675519206
111000074,2022-09-15,02,09,28,29,31,36,01,179119000,1791190,731981827
111000075,2022-09-19,07,13,25,27,31,38,03,63526900,635269,34939795
111000076,2022-09-22,16,19,26,30,31,36,02,58931800,589318,54172884
111000077,2022-09-26,03,10,14,16,17,20,05,60154800,601548,75576323
111000078,2022-09-29,01,10,17,22,27,35,01,58192600,581926,88133089
111000079,2022-10-03,01,07,17,18,23,28,05,60049400,600494,110225458
111000080,2022-10-06,10,15,21,23,26,36,04,57721100,577211,129325862
111000081,2022-10-10,06,13,21,24,27,33,01,57059200,570592,149411621
111000082,2022-10-13,01,09,17,19,21,24,05,56997300,569973,169733335
111000083,2022-10-17,01,13,18,27,32,33,06,54704400,547044,188942654
111000084,2022-10-20,02,06,09,10,24,33,02,55929700,559297,209295288
111000085,2022-10-24,07,09,15,27,29,30,04,56709400,567094,228630557
111000086,2022-10-27,12,16,20,22,29,36,05,56812200,568122,248702566
111000087,2022-10-31,02,10,20,25,29,36,06,47821300,478213,46142115
111000088,2022-11-03,01,06,11,16,29,35,01,51356200,513562,65334524
111000089,2022-11-07,07,09,10,17,18,22,08,57872500,578725,86636198
111000090,2022-11-10,09,12,19,31,32,35,08,55282800,552828,102869637
111000091,2022-11-14,10,15,17,21,29,30,05,57449000,574490,123345686
111000092,2022-11-17,03,12,20,28,32,34,08,54335400,543354,139986955
111000093,2022-11-21,15,19,23,25,26,35,02,56992700,569927,160333739
111000094,2022-11-24,08,10,11,23,32,37,06,52491200,524912,178014198
111000095,2022-11-28,04,07,09,13,19,36,07,57489800,574898,198696987
111000096,2022-12-01,05,06,12,15,17,20,08,55648000,556480,214950186
111000097,2022-12-05,14,16,22,26,30,35,02,61208800,612088,235486626
111000098,2022-12-08,08,12,14,15,21,25,04,60035300,600353,255525240
111000099,2022-12-12,06,12,20,24,25,26,04,62406100,624061,276055794
111000100,2022-12-15,07,16,21,23,29,34,03,57923800,579238,247783836
111000101,2022-12-19,01,03,07,11,13,20,05,63142800,631428,268687975
111000102,2022-12-22,13,19,23,33,36,37,04,64548100,645481,290350829
111000103,2022-12-26,04,09,14,21,29,31,06,69290600,692906,309172574
111000104,2022-12-29,02,19,21,28,29,35,04,72985400,729854,331903737
112000001,2023-01-02,03,04,05,27,28,35,08,82227200,822272,362507896
112000002,2023-01-05,04,11,15,18,25,36,05,96029100,960291,398838700
112000003,2023-01-09,09,10,17,24,31,37,03,132969800,1329698,451582789
112000004,2023-01-12,04,08,20,22,34,36,03,164301800,1643018,513395578
112000005,2023-01-16,03,11,13,17,23,38,08,203485400,2034854,592321247
112000006,2023-01-19,03,10,14,15,25,33,08,92127000,921270,278988629
112000007,2023-01-23,07,15,17,23,33,38,01,147851900,1478519,341919373
112000008,2023-01-26,03,11,22,23,28,36,07,155941300,1559413,396021487
112000009,2023-01-30,10,11,23,27,28,34,03,162376700,1623767,451861471
112000010,2023-02-02,09,14,15,20,35,38,05,143579300,1435793,497282285
112000011,2023-02-06,04,06,09,11,23,26,05,174021600,1740216,562937664
112000012,2023-02-09,01,02,24,27,33,37,02,177626500,1776265,560938586
112000013,2023-02-13,08,10,15,18,23,28,05,208558500,2085585,637044560
112000014,2023-02-16,05,06,18,25,32,38,01,210402400,2104024,706230179
112000015,2023-02-20,02,08,16,22,24,27,08,250738200,2507382,779054317
112000016,2023-02-23,10,19,26,30,33,34,04,296221300,2962213,884803731
112000017,2023-02-27,01,03,06,10,17,20,08,313309400,3133094,975693960
112000018,2023-03-02,03,12,18,26,27,34,04,400337200,4003372,1116582290
112000019,2023-03-06,02,13,17,20,25,28,06,482570700,4825707,1296649574
112000020,2023-03-09,17,25,29,35,37,38,07,78872600,788726,76033610
112000021,2023-03-13,10,11,16,21,30,34,03,70840300,708403,63030016
112000022,2023-03-16,03,06,16,21,22,23,01,65873300,658733,80738052
112000023,2023-03-20,06,09,20,29,36,38,03,69638900,696389,105720946
112000024,2023-03-23,02,10,11,12,33,36,06,64384500,643845,126780120
112000025,2023-03-27,09,12,18,22,28,30,05,62707900,627079,147247064
112000026,2023-03-30,01,12,17,26,33,38,05,61040300,610403,166903928
112000027,2023-04-03,17,19,22,26,34,35,05,63052500,630525,188597702
112000028,2023-04-06,05,08,15,21,24,26,05,63942400,639424,211468721
112000029,2023-04-10,04,06,19,23,29,34,07,67701500,677015,235294745
112000030,2023-04-13,04,12,24,26,28,34,07,64868000,648680,257004644
112000031,2023-04-17,09,15,25,29,30,36,08,71547700,715477,261930359
112000032,2023-04-20,03,15,19,32,37,38,03,52644500,526445,31681158
112000033,2023-04-24,02,13,14,17,20,28,07,57754800,577548,52164397
112000034,2023-04-27,07,15,25,33,36,38,07,55178200,551782,70851106
112000035,2023-05-01,01,07,14,25,29,32,03,56711400,567114,82272573
112000036,2023-05-04,02,05,15,22,33,36,05,56894900,568949,102810367
112000037,2023-05-08,03,05,16,17,26,29,02,57270900,572709,121231461
112000038,2023-05-11,07,11,13,23,25,34,03,55983600,559836,139143940
112000039,2023-05-15,02,03,04,07,20,29,01,59258200,592582,159351849
112000040,2023-05-18,07,12,14,24,26,31,04,55695900,556959,177921693
112000041,2023-05-22,15,18,19,30,31,38,02,58053200,580532,196643452
112000042,2023-05-25,06,09,12,19,20,38,02,57401500,574015,216443576
112000043,2023-05-29,01,02,09,18,24,25,03,59568400,595684,236643495
112000044,2023-06-01,10,18,25,29,36,37,02,58183800,581838,256008384
112000045,2023-06-05,04,11,28,32,34,35,01,91554200,915542,495353193
112000046,2023-06-08,03,08,12,18,35,38,03,118054900,1180549,540349287
112000047,2023-06-12,01,02,16,18,35,38,01,135276700,1352767,588823271
112000048,2023-06-15,02,24,25,26,34,36,08,149995300,1499953,610822505
112000049,2023-06-19,04,08,12,20,27,36,01,169112500,1691125,672692879
112000050,2023-06-22,01,04,07,17,24,28,08,191090400,1910904,730831206
112000051,2023-06-26,01,15,16,17,24,35,06,62510800,625108,34380940
112000052,2023-06-29,01,08,26,27,29,36,02,55685200,556852,52234099
112000053,2023-07-03,05,07,10,21,25,29,04,58930900,589309,73386193
112000054,2023-07-06,07,21,25,26,30,36,04,56462300,564623,84826724
112000055,2023-07-10,14,17,18,21,32,35,02,59870700,598707,104343871
112000056,2023-07-13,01,18,19,20,23,29,06,58113000,581130,124849720
112000057,2023-07-17,03,16,19,24,25,37,08,57902900,579029,141076910
112000058,2023-07-20,05,10,17,27,34,35,05,53949200,539492,158669769
112000059,2023-07-24,05,08,17,30,32,38,04,57367800,573678,176741158
112000060,2023-07-27,06,07,16,25,32,33,02,49579400,495794,192654727
112000061,2023-07-31,23,24,26,33,35,37,01,55348100,553481,205044329
112000062,2023-08-03,17,18,21,25,27,33,04,51522800,515228,220342543
112000063,2023-08-07,03,27,29,31,33,37,02,65509900,655099,246341387
112000064,2023-08-10,03,11,21,29,30,38,03,61453700,614537,266840321
112000065,2023-08-14,02,03,04,10,17,26,02,68467300,684673,290863135
112000066,2023-08-17,04,18,21,23,28,37,06,67164000,671640,313508834
112000067,2023-08-21,01,12,14,19,33,34,04,85843000,858430,347897584
112000068,2023-08-24,03,10,17,21,23,38,03,95182700,951827,381849768
112000069,2023-08-28,03,06,08,15,24,38,05,99596900,995969,415065362
112000070,2023-08-31,04,22,23,27,30,34,07,114198100,1141981,453746416
112000071,2023-09-04,01,03,12,24,27,30,08,111261600,1112616,490228495
112000072,2023-09-07,11,15,18,20,22,33,07,133784600,1337846,539659724
112000073,2023-09-11,11,12,20,27,28,31,01,164149100,1641491,602444928
112000074,2023-09-14,02,14,24,26,28,29,07,187474100,1874741,630125490
112000075,2023-09-18,01,04,11,14,21,22,01,207845500,2078455,700598468
112000076,2023-09-21,03,07,12,13,28,34,05,248448500,2484485,787317991
112000077,2023-09-25,20,25,26,30,32,35,03,282611500,2826115,878970672
112000078,2023-09-28,09,16,17,25,29,33,07,334877600,3348776,994564495
112000079,2023-10-02,03,07,13,25,28,32,03,76950400,769504,242322720
112000080,2023-10-05,04,15,20,25,29,30,02,64358700,643587,261221804
112000081,2023-10-09,06,07,08,17,20,22,08,72257300,722573,287529518
112000082,2023-10-12,08,14,20,23,27,35,08,75611000,756110,313082667
112000083,2023-10-16,05,07,20,25,31,32,08,84461600,844616,344025446
112000084,2023-10-19,04,07,19,22,26,28,01,84570900,845709,373661340
112000085,2023-10-23,06,10,11,30,32,35,08,91607900,916079,406527984
112000086,2023-10-26,27,28,30,31,36,38,08,96098700,960987,440989168
112000087,2023-10-30,03,07,10,11,30,33,06,103934600,1039346,480408797
112000088,2023-11-02,09,15,20,28,36,37,07,107553300,1075533,515269111
112000089,2023-11-06,11,15,22,30,33,38,05,127600800,1276008,564188150
112000090,2023-11-09,03,05,08,23,24,26,05,139979600,1399796,612060429
112000091,2023-11-13,01,12,16,23,25,28,07,199020200,1990202,890459938
112000092,2023-11-16,01,04,07,28,35,37,02,227114000,2271140,971956737
112000093,2023-11-20,07,11,13,15,30,38,07,275695100,2756951,1019998403
112000094,2023-11-23,06,08,13,22,25,37,07,65619600,656196,46062544
112000095,2023-11-27,02,11,23,24,25,29,01,64021400,640214,68192613
112000096,2023-11-30,02,13,21,28,33,35,02,59353300,593533,88809927
112000097,2023-12-04,02,09,14,20,22,31,05,60479700,604797,110707561
112000098,2023-12-07,04,09,16,17,18,33,01,63623200,636232,133766120
112000099,2023-12-11,09,19,21,23,26,32,05,68112000,681120,159167219
112000100,2023-12-14,04,16,17,19,32,35,05,65429500,654295,156437898
112000101,2023-12-18,05,18,20,24,31,36,02,65135700,651357,180320932
112000102,2023-12-21,03,10,13,34,37,38,04,58138100,581381,198128286
112000103,2023-12-25,05,07,16,19,20,32,02,64423800,644238,218121275
112000104,2023-12-28,07,08,18,20,23,31,08,117767300,1177673,269906589
113000001,2024-01-01,11,16,17,18,28,35,04,55550700,555507,30552885
113000002,2024-01-04,02,03,06,12,24,28,05,64923400,649234,53776814
113000003,2024-01-08,01,03,16,20,29,33,01,70106200,701062,77441623
113000004,2024-01-11,04,10,16,17,22,34,05,66086300,660863,98945887
113000005,2024-01-15,10,15,21,27,29,35,08,68574100,685741,121727541
113000006,2024-01-18,02,04,06,14,31,34,03,65073400,650734,133751407
113000007,2024-01-22,09,12,14,17,27,31,06,66303300,663033,216439933
113000008,2024-01-25,03,10,11,17,26,29,01,58108800,581088,34435072
113000009,2024-01-29,06,15,22,25,32,36,03,68305000,683050,59959821
113000010,2024-02-01,04,13,21,23,25,29,07,64931600,649316,74786040
113000011,2024-02-05,01,16,18,21,30,38,06,84036400,840364,304835125
113000012,2024-02-08,10,15,20,24,25,34,02,87108900,871089,335985419
113000013,2024-02-12,02,18,21,28,30,35,08,162079900,1620799,400592577
113000014,2024-02-15,02,07,17,22,32,33,04,154509500,1545095,445641002
113000015,2024-02-19,05,06,18,26,33,38,05,145097900,1450979,487588720
113000016,2024-02-22,04,13,14,17,24,25,04,125099000,1250990,517803841
113000017,2024-02-26,04,07,11,12,35,37,08,158498300,1584983,573648997
113000018,2024-02-29,01,02,11,17,24,29,04,70475500,704755,44673823
113000019,2024-03-04,03,05,10,24,37,38,07,70965200,709652,67950282
113000020,2024-03-07,03,11,13,17,20,27,02,63611800,636118,87480171
113000021,2024-03-11,05,11,14,26,30,33,03,66976000,669760,111145570
113000022,2024-03-14,02,11,12,15,21,30,06,63470200,634702,131329980
113000023,2024-03-18,02,10,11,19,23,35,01,66775000,667750,154344329
113000024,2024-03-21,01,08,16,17,26,38,07,62570600,625706,174168658
113000025,2024-03-25,02,15,16,23,24,38,05,63997300,639973,196661072
113000026,2024-03-28,02,09,15,19,24,31,04,59911200,599112,215744031
113000027,2024-04-01,03,09,27,35,36,37,02,62021300,620213,237458245
113000028,2024-04-04,03,14,17,22,24,33,01,58114500,581145,256405419
113000029,2024-04-08,05,06,08,11,18,23,05,68663000,686630,282616768
113000030,2024-04-11,11,12,14,25,30,36,03,69181900,691819,304392412
113000031,2024-04-15,06,07,08,14,27,36,07,77744300,777443,332397176
113000032,2024-04-18,02,16,18,21,34,37,05,56859600,568596,71298677
113000033,2024-04-22,02,14,19,22,31,35,01,61647600,616476,93440356
113000034,2024-04-25,03,20,31,34,36,37,07,53316600,533166,110437285
113000035,2024-04-29,08,19,25,30,31,35,07,62905500,629055,135102209
113000036,2024-05-02,13,17,24,26,33,35,06,61291700,612917,157311943
113000037,2024-05-06,04,13,25,30,31,34,07,65399000,653990,180078392
113000038,2024-05-09,10,14,22,29,35,37,07,62094700,620947,202175076
113000039,2024-05-13,15,20,23,26,33,35,07,64464800,644648,225820115
113000040,2024-05-16,01,02,10,13,18,30,01,62902500,629025,248270889
113000041,2024-05-20,01,05,07,19,32,33,03,65685100,656851,271754993
113000042,2024-05-23,04,08,14,21,25,37,03,61283200,612832,291774352
113000043,2024-05-27,01,04,20,26,29,33,04,67972600,679726,316199081
113000044,2024-05-30,06,07,16,21,27,31,06,69124200,691242,340601290
113000045,2024-06-03,03,04,11,22,35,36,03,73819400,738194,366851559
113000046,2024-06-06,05,13,17,25,33,38,01,74842900,748429,391790653
113000047,2024-06-10,05,11,15,26,28,29,07,91292600,912926,424779282
113000048,2024-06-13,02,05,15,18,32,35,03,88123900,881239,453611626
113000049,2024-06-17,05,22,28,29,30,31,08,65175700,651757,119382456
113000050,2024-06-20,10,11,24,27,30,36,07,61073600,610736,138807735
113000051,2024-06-24,07,13,16,22,25,26,08,62099000,620990,160991084
113000052,2024-06-27,02,11,14,15,17,29,01,62297500,622975,182579308
113000053,2024-07-01,02,03,12,17,30,33,05,66119100,661191,206382912
113000054,2024-07-04,21,23,24,25,30,38,01,63636800,636368,226155251
113000055,2024-07-08,10,11,13,30,32,37,05,67477600,674776,252304430
113000056,2024-07-11,09,10,12,15,29,36,04,67807900,678079,275716874
113000057,2024-07-15,01,04,11,19,25,33,02,69396000,693960,298827673
113000058,2024-07-18,08,12,19,23,28,31,05,65660300,656603,317518438
113000059,2024-07-22,11,14,17,31,32,38,08,76829100,768291,346170242
113000060,2024-07-25,04,11,23,27,32,38,07,51493300,514933,358809956
113000061,2024-07-29,03,06,11,27,28,30,01,75333300,753333,276560582
113000062,2024-08-01,03,13,25,26,31,34,05,55794700,557947,33460318
113000063,2024-08-05,02,07,14,15,29,35,03,59935500,599355,54437642
113000064,2024-08-08,02,03,21,29,34,37,08,60136700,601367,71483526
113000065,2024-08-12,02,09,10,17,20,30,04,61711100,617111,93131630
113000066,2024-08-15,04,06,14,16,20,24,02,55764500,557645,109874404
113000067,2024-08-19,06,10,17,21,22,29,06,58762900,587629,129597098
113000068,2024-08-22,05,15,19,20,31,34,02,57939500,579395,147718522
113000069,2024-08-26,15,18,25,26,29,30,01,61410900,614109,170654116
113000070,2024-08-29,09,24,25,31,32,38,03,56759100,567591,189937920
113000071,2024-09-02,09,16,24,27,31,37,04,58997300,589973,210709734
113000072,2024-09-05,10,14,16,25,28,38,04,57146700,571467,230390918
113000073,2024-09-09,07,21,22,27,31,36,07,62356400,623564,253624537
113000074,2024-09-12,10,12,21,27,33,38,08,63479000,634790,274896686
113000075,2024-09-16,08,14,17,23,25,26,04,74089000,740890,301715235
113000076,2024-09-19,03,08,16,24,26,30,04,70742700,707427,323471819
113000077,2024-09-23,04,13,14,23,24,29,08,69474100,694741,347786373
113000078,2024-09-26,03,06,09,11,18,29,03,77751100,777511,376621177
113000079,2024-09-30,03,09,13,14,17,33,05,83568200,835682,404347686
113000080,2024-10-03,11,17,18,19,30,36,08,61513000,615130,419864735
113000081,2024-10-07,09,21,22,27,29,36,05,98474900,984749,461713929
113000082,2024-10-10,02,08,14,20,23,37,08,99347600,993476,496760508
113000083,2024-10-14,06,10,22,23,25,27,08,113662200,1136622,483512051
113000084,2024-10-17,02,03,05,10,25,30,06,125997900,1259979,529115595
113000085,2024-10-21,04,06,13,19,23,38,07,145620100,1456201,580389049
113000086,2024-10-24,08,10,20,28,29,33,02,144021400,1440214,615531724
113000087,2024-10-28,09,11,23,33,35,37,02,170355300,1703553,672320869
113000088,2024-10-31,04,08,12,14,17,37,04,42501400,425014,29881215
113000089,2024-11-04,01,07,14,20,22,23,01,61016100,610161,54123569
113000090,2024-11-07,05,21,26,28,34,38,06,56379200,563792,71736028
113000091,2024-11-11,03,08,09,17,28,33,02,59381600,593816,92722007
113000092,2024-11-14,06,15,22,23,31,37,05,55821000,558210,110674856
113000093,2024-11-18,08,09,13,21,36,38,08,57447900,574479,129942900
113000094,2024-11-21,08,12,13,16,18,27,06,54928400,549284,146024519
113000095,2024-11-25,07,14,19,25,33,37,03,61761800,617618,169107108
113000096,2024-11-28,20,25,32,33,34,36,07,57087800,570878,186000397
113000097,2024-12-02,08,21,22,36,37,38,05,62542800,625428,209210836
113000098,2024-12-05,10,14,19,30,33,38,03,60330600,603306,228843865
113000099,2024-12-09,13,18,26,30,31,36,05,63747200,637472,251896824
113000100,2024-12-12,11,14,17,23,25,30,08,63210400,632104,274512143
113000101,2024-12-16,03,19,27,30,36,37,07,69720200,697202,296946552
113000102,2024-12-19,06,08,09,18,23,38,05,66185800,661858,319971441
113000103,2024-12-23,15,16,18,25,34,37,04,70905900,709059,341629785
113000104,2024-12-26,13,15,18,28,35,37,04,84013500,840135,373596409
113000105,2024-12-30,06,08,12,16,23,31,01,92570700,925707,408093393
114000001,2025-01-02,04,12,13,22,27,32,05,94719700,947197,438942927
114000002,2025-01-06,04,14,17,29,31,38,07,104988100,1049881,425437513
114000003,2025-01-09,01,04,15,16,31,34,04,105145400,1051454,457794764
114000004,2025-01-13,03,13,22,26,28,33,02,116853000,1168530,497744998
114000005,2025-01-16,10,16,19,21,31,37,03,121701800,1217018,536576087
114000006,2025-01-20,08,11,13,27,29,37,02,142520400,1425204,589215306
114000007,2025-01-23,07,10,13,22,25,29,02,146242300,1462423,625910414
114000008,2025-01-27,02,10,15,18,25,35,08,175482000,1754820,693169513
114000009,2025-01-30,03,17,20,21,24,37,06,298200200,2982002,820214423
114000010,2025-02-03,04,07,15,31,33,36,06,380006600,3800066,940111348
114000011,2025-02-06,06,18,21,32,33,37,01,365877600,3658776,1049316951
114000012,2025-02-10,06,07,08,13,14,24,04,445095000,4450950,1220875200
114000013,2025-02-13,02,03,11,18,30,36,07,488575800,4885758,1362213147
114000014,2025-02-17,01,17,21,23,31,34,01,607792500,6077925,1571230298
114000015,2025-02-20,05,06,15,19,32,37,08,813457100,8134571,1876060705
114000016,2025-02-24,07,15,16,23,24,35,02,1110966000,11109660,2286939279
114000017,2025-02-27,01,07,08,24,26,34,02,86350800,863508,47492940
114000018,2025-03-03,12,15,20,23,26,32,05,80301600,803016,74192919
114000019,2025-03-06,05,09,15,17,18,29,04,65057800,650578,86552836
114000020,2025-03-10,13,16,17,20,27,31,02,73658100,736581,113754890
114000021,2025-03-13,03,04,13,16,24,25,07,62296700,622967,134015874
114000022,2025-03-17,01,02,03,12,18,28,04,64827200,648272,156255333
114000023,2025-03-20,01,03,12,18,31,38,08,62910300,629103,176677397
114000024,2025-03-24,03,17,22,24,25,33,03,66125100,661251,199421101
114000025,2025-03-27,07,08,21,26,32,35,02,59378800,593788,201423055
114000026,2025-03-31,02,06,07,09,12,20,04,57814000,578140,218298014
114000027,2025-04-03,02,09,15,21,29,36,07,60283300,602833,238141429
114000028,2025-04-07,13,21,24,25,31,36,04,71272800,712728,264664868
114000029,2025-04-10,09,16,20,23,29,34,04,66421800,664218,287164757
114000030,2025-04-14,01,05,09,20,29,38,02,75816800,758168,316515596
114000031,2025-04-17,01,02,03,05,17,27,08,74700600,747006,329318503
114000032,2025-04-21,05,09,20,29,35,36,08,83019400,830194,358716872
114000033,2025-04-24,07,17,25,29,36,37,05,79981600,799816,384789651
114000034,2025-04-28,02,14,17,19,29,32,05,90255500,902555,417778175
114000035,2025-05-01,14,19,20,25,27,30,04,98971200,989712,454335134
114000036,2025-05-05,07,08,09,11,19,35,04,111962800,1119628,496610173
114000037,2025-05-08,05,08,09,17,31,37,01,117378500,1173785,536620547
114000038,2025-05-12,02,08,26,34,35,38,04,134852600,1348526,584908776
114000039,2025-05-15,01,02,08,21,23,26,01,138277800,1382778,634636365
114000040,2025-05-19,10,15,22,27,29,37,03,171414500,1714145,666882520
114000041,2025-05-22,06,12,21,25,34,38,03,164680800,1646808,721009159
114000042,2025-05-26,13,14,17,23,24,37,06,186683100,1866831,775637730
114000043,2025-05-29,05,06,09,20,22,35,07,188952000,1889520,836708029
114000044,2025-06-02,01,05,16,18,21,31,02,236427900,2364279,924007074
114000045,2025-06-05,12,16,20,22,34,35,05,263329400,2633294,996605453
114000046,2025-06-09,03,07,09,19,24,31,02,344377300,3443773,1132083967
114000047,2025-06-12,05,12,13,15,26,38,05,367706400,3677064,1233678335
114000048,2025-06-16,04,11,12,18,21,26,03,413018600,4130186,1368178998
114000049,2025-06-19,01,07,20,21,36,38,06,458584800,4585848,1531827637
114000050,2025-06-23,06,11,20,31,32,33,06,509251500,5092515,1685211895
114000051,2025-06-26,01,07,15,23,26,38,04,589275000,5892750,1888767666
114000052,2025-06-30,01,03,09,15,22,27,05,67824100,678241,37303255
114000053,2025-07-03,11,14,20,27,30,38,06,59864300,598643,55293219
114000054,2025-07-07,07,09,14,23,37,38,03,55619900,556199,73840463
114000055,2025-07-10,01,02,07,14,28,31,02,54269300,542693,91813477
114000056,2025-07-14,03,06,19,22,37,38,04,59962700,599627,104413802
114000057,2025-07-17,01,04,06,21,25,28,02,55660800,556608,122170341
114000058,2025-07-21,10,18,20,24,36,38,04,54831900,548319,141669585
114000059,2025-07-24,03,04,07,10,33,38,05,54785000,547850,160831234
114000060,2025-07-28,12,16,18,22,24,36,05,54023500,540235,178547958
114000061,2025-07-31,04,09,18,20,29,31,03,53504700,535047,197243242
114000062,2025-08-04,15,16,22,27,30,32,01,55098200,550982,216875051
114000063,2025-08-07,02,04,07,08,18,25,07,61866600,618666,240547180
114000064,2025-08-11,03,05,09,16,18,19,02,67622900,676229,262566574
114000065,2025-08-14,01,11,14,17,19,36,03,63527900,635279,283010218
114000066,2025-08-18,02,05,08,17,20,26,06,70622600,706226,287114144
114000067,2025-08-21,02,04,11,12,16,19,02,55559900,555599,33108892
114000068,2025-08-25,01,12,14,21,36,37,03,59167600,591676,52946171
114000069,2025-08-28,09,13,14,17,23,30,05,56115100,561151,72278075
114000070,2025-09-01,02,07,16,18,28,29,04,59348100,593481,92828229
114000071,2025-09-04,06,07,09,11,21,38,08,55655100,556551,111125033
114000072,2025-09-08,07,08,14,15,25,36,06,58746000,587460,129124632
114000073,2025-09-11,11,18,21,27,31,35,06,56476600,564766,147614462
114000074,2025-09-15,04,16,20,33,34,38,02,59234400,592344,169205281
114000075,2025-09-18,10,20,25,28,32,36,02,56619500,566195,188907305
114000076,2025-09-22,10,11,14,22,31,33,02,59277900,592779,210473649
114000077,2025-09-25,08,12,14,24,28,35,03,56880200,568802,229993458
114000078,2025-09-29,12,16,17,20,27,36,03,59048100,590481,249648012
114000079,2025-10-02,03,05,12,24,27,30,07,62149000,621490,243833793
114000080,2025-10-06,05,06,09,14,15,37,05,62422600,624226,36489744
114000081,2025-10-09,01,06,11,20,34,35,08,57487800,574878,54002833
114000082,2025-10-13,04,06,08,18,24,28,01,58587800,585878,74611322
114000083,2025-10-16,08,09,13,16,26,35,02,54461600,544616,91278401
114000084,2025-10-20,08,12,19,22,24,32,05,52180600,521806,97965261
114000085,2025-10-23,05,09,11,21,32,35,08,50552200,505522,112477436
114000086,2025-10-27,01,11,16,20,27,36,06,55325100,553251,215679118
114000087,2025-10-30,13,14,17,20,21,24,02,50652500,506525,31746892
114000088,2025-11-03,04,18,20,30,32,35,04,53591700,535917,50991226
114000089,2025-11-06,11,18,20,25,29,37,08,51999100,519991,61122961
114000090,2025-11-10,06,12,28,29,31,32,04,52760900,527609,79768255
114000091,2025-11-13,02,09,11,15,26,34,04,49644200,496442,92586351
114000092,2025-11-17,17,18,19,28,34,36,06,56519300,565193,112419165
114000093,2025-11-20,03,08,17,20,31,35,07,54229600,542296,131648644
114000094,2025-11-24,07,09,19,20,33,34,07,59688000,596880,153037643
114000095,2025-11-27,04,09,16,26,33,35,02,54963400,549634,171631513
114000096,2025-12-01,05,07,08,11,32,37,02,59636000,596360,193861112
114000097,2025-12-04,03,06,07,10,29,33,01,57179900,571799,211751357
114000098,2025-12-08,05,14,15,20,32,37,02,61830900,618309,234072351
114000099,2025-12-11,05,06,11,15,22,37,07,60592000,605920,254783950
114000100,2025-12-15,19,26,28,31,32,34,06,64930100,649301,277608505
114000101,2025-12-18,08,15,16,21,29,37,05,67827300,678273,302661819
114000102,2025-12-22,05,16,21,25,32,34,08,80973900,809739,332308163
114000103,2025-12-25,06,12,21,22,28,34,08,77778600,777786,358374192
114000104,2025-12-29,01,03,09,11,18,32,06,94221600,942216,393894871
115000001,2026-01-01,07,14,22,23,31,35,01,97678700,976787,427204455
115000002,2026-01-05,11,14,19,25,34,37,04,116182300,1161823,470513919
115000003,2026-01-08,07,17,25,26,27,33,03,116373300,1163733,509627133
115000004,2026-01-12,01,09,14,17,33,38,03,136942500,1369425,513266465
115000005,2026-01-15,08,10,16,26,31,38,05,148826700,1488267,565792949
115000006,2026-01-19,10,16,20,23,35,37,05,176491100,1764911,630430853
115000007,2026-01-22,11,17,29,30,34,35,06,177645600,1776456,693942032
115000008,2026-01-26,03,08,12,26,32,38,04,229275700,2292757,785564566
115000009,2026-01-29,05,10,15,17,23,25,05,257143500,2571435,875971690
115000010,2026-02-02,01,12,14,15,27,29,05,306515600,3065156,989511369
115000011,2026-02-05,07,22,28,34,36,37,07,392078200,3920782,1088594426
115000012,2026-02-09,13,14,16,33,34,37,02,537498900,5374989,1284128791
115000013,2026-02-12,06,10,22,25,32,35,03,662453200,6624532,1540265250
115000014,2026-02-16,02,06,19,33,36,38,03,124708000,1247080,113978155
115000015,2026-02-19,02,03,06,12,23,27,04,130558100,1305581,160573810
115000016,2026-02-23,04,10,13,24,31,35,02,120331900,1203319,142375671
115000017,2026-02-26,03,19,27,30,37,38,02,80257800,802578,161748160
115000018,2026-03-02,07,09,11,23,25,29,05,78980700,789807,222447503
115000019,2026-03-05,07,11,14,32,36,38,02,72675000,726750,42565752
115000020,2026-03-09,01,11,14,17,29,32,08,71605400,716054,62271233
115000021,2026-03-12,04,09,15,25,27,31,08,65652200,656522,83445242
115000022,2026-03-16,14,26,28,31,32,34,01,69727000,697270,107468791
115000023,2026-03-19,09,13,14,18,31,34,01,63063800,630638,127342280
115000024,2026-03-23,01,09,18,28,33,38,05,67418300,674183,152532944
115000025,2026-03-26,13,14,22,28,35,38,05,60802400,608024,171345063
115000026,2026-03-30,02,13,21,22,29,34,01,64174300,641743,193068827
115000027,2026-04-02,05,15,17,23,25,34,06,60377300,603773,197577178
115000028,2026-04-06,05,08,22,27,35,38,04,58547600,585476,215982257
115000029,2026-04-09,04,09,13,27,29,34,03,62334600,623346,236754886
115000030,2026-04-13,03,10,11,16,19,24,05,69108000,691080,260906685
115000031,2026-04-16,04,11,16,22,30,38,06,65958900,659589,271490634
115000032,2026-04-20,07,13,19,34,35,37,08,73790800,737908,299393573
115000033,2026-04-23,10,14,15,16,27,33,05,73952000,739520,318905731
115000034,2026-04-27,06,08,27,33,35,38,02,87103100,871031,350606636
115000035,2026-04-30,01,04,13,19,27,30,08,83520300,835203,371171603
115000036,2026-05-04,09,21,29,32,36,38,02,98126600,981266,409134732
115000037,2026-05-07,03,14,15,24,34,38,03,101822400,1018224,445654051
115000038,2026-05-11,15,19,23,26,31,38,05,118308500,1183085,474408878
115000039,2026-05-14,06,08,09,17,21,29,08,112634400,1126344,511495897
115000040,2026-05-18,06,07,14,25,29,34,04,136966900,1369669,553107542
115000041,2026-05-21,06,14,22,28,35,38,01,137601500,1376015,599548366
115000042,2026-05-25,09,17,21,24,31,33,03,154707700,1547077,645061038
115000043,2026-05-28,01,02,24,31,34,38,03,156666100,1566661,697769492
115000044,2026-06-01,03,08,09,15,24,35,04,189245500,1892455,760047323
115000045,2026-06-04,09,12,17,20,28,35,02,179846700,1798467,818517007
115000046,2026-06-08,05,07,14,25,28,38,05,205128700,2051287,894143591
115000047,2026-06-11,07,22,23,24,26,33,08,214828900,2148289,961052985
115000048,2026-06-15,04,17,19,25,28,29,06,234029600,2340296,1045176264
115000049,2026-06-18,02,08,09,15,18,23,04,276456100,2764561,1110364725
115000050,2026-06-22,11,13,18,19,21,24,07,68817800,688178,37849790
115000051,2026-06-25,06,10,20,25,28,32,01,51812300,518123,51108554
115000052,2026-06-29,05,06,09,15,16,33,05,55017800,550178,70266343
115000053,2026-07-02,02,11,13,21,22,35,03,52974600,529746,86800672
115000054,2026-07-06,04,12,15,24,30,31,01,54589600,545896,105504851
115000055,2026-07-09,10,22,24,29,35,37,06,52528700,525287,123246535
115000056,2026-07-13,11,24,29,32,35,38,06,48546800,485468,127311891
115000057,2026-07-16,17,23,25,29,34,36,07,50694600,506946,145322920
115000058,2026-07-20,06,12,13,23,29,31,02,52866900,528669,163306614
115000059,2026-07-23,08,10,13,21,29,31,07,50155800,501558,179249603
115000060,2026-07-27,19,22,28,31,33,35,07,50372000,503720,196922902
115000061,2026-07-30,08,14,17,19,21,23,07,50776400,507764,215436222
115000062,2026-08-03,04,15,22,26,34,36,07,55456500,554565,224004349
115000063,2026-08-06,02,07,08,20,26,33,04,56156600,561566,244171978
115000064,2026-08-10,11,25,28,30,31,36,03,59897500,598975,265270702
115000065,2026-08-13,01,03,04,07,10,19,06,61051500,610515,286438226
115000066,2026-08-17,05,11,18,19,35,38,08,65466300,654663,309116790
115000067,2026-08-20,01,02,09,11,29,35,02,61434300,614343,327625054
115000068,2026-08-24,06,07,09,23,26,36,07,63481700,634817,348665788
115000069,2026-08-27,02,07,09,11,24,36,01,71033600,710336,358871223
115000070,2026-08-31,04,08,12,19,32,37,02,76124300,761243,384569487
115000071,2026-09-03,01,06,07,19,30,33,08,70620900,,406814081
115000072,2026-09-07,07,14,17,22,29,35,02,88481800,,441537270
115000073,2026-09-10,08,17,18,29,33,38,02,53610000,,212692268
